date,open,high,low,hourly_last_price,volume,returned_trade_count
2021-10-02 09:00:00,10590.0,11000.0,10590.0,11000.0,13458260,1845
2021-10-02 10:00:00,11000.0,11000.0,10830.0,10890.0,13143162,1692
2021-10-02 11:00:00,10890.0,10920.0,10850.0,10860.0,5968938,1194
2021-10-02 12:00:00,10860.0,10880.0,10850.0,10870.0,6217937,749
2021-10-03 09:00:00,10870.0,11020.0,10700.0,10730.0,8190414,1405
2021-10-03 10:00:00,10730.0,10860.0,10700.0,10800.0,6045409,972
2021-10-03 11:00:00,10800.0,10960.0,10800.0,10880.0,4875491,890
2021-10-03 12:00:00,10880.0,10920.0,10760.0,10890.0,5649983,596
2021-10-03 13:00:00,10900.0,10900.0,10900.0,10900.0,94464,1
2021-10-04 09:00:00,10890.0,10960.0,10720.0,10860.0,5718986,998
2021-10-04 10:00:00,10860.0,10910.0,10750.0,10780.0,4117100,845
2021-10-04 11:00:00,10780.0,10850.0,10750.0,10820.0,3933082,869
2021-10-04 12:00:00,10820.0,10830.0,10770.0,10790.0,2381634,518
2021-10-06 09:00:00,10820.0,10840.0,10660.0,10700.0,8966990,1408
2021-10-06 10:00:00,10690.0,10780.0,10670.0,10700.0,5859551,950
2021-10-06 11:00:00,10700.0,10710.0,10620.0,10630.0,5903473,1050
2021-10-06 12:00:00,10640.0,10650.0,10600.0,10620.0,4917383,733
2021-10-09 09:00:00,10620.0,10720.0,10350.0,10370.0,4914807,1136
2021-10-09 10:00:00,10360.0,10430.0,10340.0,10340.0,4885351,1106
2021-10-09 11:00:00,10340.0,10350.0,10260.0,10290.0,5120749,1033
2021-10-09 12:00:00,10280.0,10440.0,10280.0,10350.0,8705559,651
2021-10-10 09:00:00,10230.0,10400.0,10140.0,10210.0,7268427,1276
2021-10-10 10:00:00,10210.0,10410.0,10200.0,10260.0,4313038,843
2021-10-10 11:00:00,10260.0,10360.0,10260.0,10310.0,2584695,651
2021-10-10 12:00:00,10310.0,10380.0,10290.0,10310.0,3523404,449
2021-10-11 09:00:00,10300.0,10400.0,10300.0,10350.0,6335301,996
2021-10-11 10:00:00,10360.0,10400.0,10250.0,10260.0,4501801,826
2021-10-11 11:00:00,10270.0,10380.0,10260.0,10330.0,3239306,765
2021-10-11 12:00:00,10330.0,10340.0,10210.0,10210.0,2857726,529
2021-10-12 09:00:00,10150.0,10200.0,9990.0,10010.0,9458023,1439
2021-10-12 10:00:00,10000.0,10140.0,9990.0,10120.0,7237611,1072
2021-10-12 11:00:00,10120.0,10250.0,10070.0,10080.0,6751432,1009
2021-10-12 12:00:00,10070.0,10080.0,10020.0,10080.0,3580527,590
2021-10-13 09:00:00,10020.0,10200.0,9980.0,9990.0,6713003,1304
2021-10-13 10:00:00,9990.0,10050.0,9970.0,10000.0,7335620,1062
2021-10-13 11:00:00,10010.0,10060.0,10000.0,10030.0,4877041,907
2021-10-13 12:00:00,10030.0,10200.0,10020.0,10180.0,5652135,779
2021-10-16 09:00:00,10400.0,10550.0,10400.0,10550.0,13993540,1248
2021-10-16 10:00:00,10550.0,10550.0,10550.0,10550.0,4222716,582
2021-10-16 11:00:00,10550.0,10550.0,10550.0,10550.0,10106442,585
2021-10-16 12:00:00,10550.0,10550.0,10550.0,10550.0,7523803,378
2021-10-17 09:00:00,10710.0,10920.0,10500.0,10590.0,12988864,1847
2021-10-17 10:00:00,10590.0,10640.0,10550.0,10590.0,7142621,1134
2021-10-17 11:00:00,10570.0,10580.0,10510.0,10530.0,10034921,1098
2021-10-17 12:00:00,10540.0,10540.0,10510.0,10540.0,5685561,649
2021-10-18 09:00:00,10500.0,10620.0,10400.0,10610.0,6974748,1220
2021-10-18 10:00:00,10610.0,10760.0,10600.0,10640.0,10266050,1114
2021-10-18 11:00:00,10650.0,10710.0,10610.0,10640.0,6870387,819
2021-10-18 12:00:00,10640.0,10730.0,10620.0,10690.0,3378866,510
2021-10-19 09:00:00,10800.0,10860.0,10700.0,10780.0,4312318,1045
2021-10-19 10:00:00,10770.0,10860.0,10740.0,10740.0,5080069,843
2021-10-19 11:00:00,10750.0,10850.0,10740.0,10800.0,5924185,774
2021-10-19 12:00:00,10810.0,10810.0,10620.0,10630.0,6028229,588
2021-10-20 09:00:00,10620.0,10660.0,10520.0,10560.0,4035200,864
2021-10-20 10:00:00,10560.0,10610.0,10520.0,10590.0,4345096,688
2021-10-20 11:00:00,10590.0,10600.0,10510.0,10530.0,7910760,748
2021-10-20 12:00:00,10520.0,10540.0,10430.0,10470.0,3546434,524
2021-10-23 09:00:00,11070.0,11070.0,10810.0,10960.0,23697290,2573
2021-10-23 10:00:00,10960.0,11000.0,10880.0,10900.0,13570497,1617
2021-10-23 11:00:00,10900.0,10950.0,10800.0,10930.0,9991419,1389
2021-10-23 12:00:00,10930.0,11000.0,10910.0,10930.0,8954715,863
2021-10-25 09:00:00,10990.0,11160.0,10820.0,10930.0,12215711,1714
2021-10-25 10:00:00,10940.0,11110.0,10880.0,10910.0,9497715,1185
2021-10-25 11:00:00,10920.0,11010.0,10910.0,10950.0,6543384,973
2021-10-25 12:00:00,10950.0,10960.0,10850.0,10870.0,4683956,678
2021-10-26 09:00:00,10800.0,11180.0,10770.0,11080.0,13320905,1530
2021-10-26 10:00:00,11070.0,11130.0,10970.0,11080.0,10437745,1140
2021-10-26 11:00:00,11090.0,11100.0,11030.0,11060.0,6731944,905
2021-10-26 12:00:00,11050.0,11080.0,11050.0,11070.0,3715737,626
2021-10-27 09:00:00,11070.0,11220.0,11040.0,11050.0,5521035,1146
2021-10-27 10:00:00,11060.0,11600.0,11050.0,11600.0,21996938,1902
2021-10-27 11:00:00,11600.0,11600.0,11480.0,11500.0,10409606,1588
2021-10-27 12:00:00,11490.0,11600.0,11470.0,11600.0,4066926,847
2021-10-27 14:00:00,11600.0,11600.0,11600.0,11600.0,200000,13
2021-10-27 18:00:00,11600.0,11600.0,11600.0,11600.0,520,1
2021-10-30 09:00:00,11700.0,11730.0,11310.0,11440.0,9551740,1829
2021-10-30 10:00:00,11430.0,11440.0,11160.0,11160.0,9671295,1498
2021-10-30 11:00:00,11160.0,11240.0,11130.0,11200.0,8202817,1322
2021-10-30 12:00:00,11200.0,11300.0,11200.0,11290.0,5155343,739
2021-10-30 15:00:00,11190.0,11700.0,11190.0,11700.0,140412,4
2021-10-31 09:00:00,11320.0,11440.0,10940.0,10940.0,17032984,1796
2021-10-31 10:00:00,10950.0,10980.0,10790.0,10830.0,11226888,1492
2021-10-31 11:00:00,10840.0,10900.0,10820.0,10820.0,8023777,1127
2021-10-31 12:00:00,10830.0,10960.0,10770.0,10920.0,7560932,760
2021-11-01 09:00:00,11200.0,11520.0,11200.0,11370.0,14674905,1891
2021-11-01 10:00:00,11380.0,11390.0,11330.0,11350.0,5289921,1072
2021-11-01 11:00:00,11360.0,11410.0,11310.0,11310.0,4910008,882
2021-11-01 12:00:00,11310.0,11400.0,11300.0,11380.0,2937712,557
2021-11-02 10:00:00,11680.0,11840.0,11530.0,11570.0,11705044,1495
2021-11-02 11:00:00,11570.0,11620.0,11510.0,11550.0,3982576,985
2021-11-02 12:00:00,11550.0,11810.0,11540.0,11800.0,8110303,761
2021-11-03 10:00:00,11810.0,11990.0,11750.0,11780.0,8290677,1586
2021-11-03 11:00:00,11790.0,12000.0,11750.0,12000.0,10077196,1431
2021-11-03 12:00:00,12000.0,12110.0,11980.0,12040.0,7965612,1059
2021-11-06 09:00:00,12050.0,12480.0,12030.0,12370.0,15642268,2195
2021-11-06 10:00:00,12370.0,12440.0,12320.0,12420.0,9785732,1718
2021-11-06 11:00:00,12420.0,12450.0,12250.0,12250.0,9778785,1513
2021-11-06 12:00:00,12250.0,12270.0,12110.0,12130.0,7063267,1129
2021-11-07 09:00:00,12050.0,12320.0,11940.0,12110.0,13993362,2043
2021-11-07 10:00:00,12110.0,12200.0,11790.0,11830.0,13956153,1878
2021-11-07 11:00:00,11830.0,11890.0,11680.0,11700.0,12242205,1746
2021-11-07 12:00:00,11700.0,11800.0,11690.0,11700.0,4845183,780
2021-11-08 09:00:00,11710.0,12140.0,11620.0,12000.0,9741746,1618
2021-11-08 10:00:00,12000.0,12150.0,11900.0,11900.0,10104947,1297
2021-11-08 11:00:00,11900.0,12010.0,11800.0,12010.0,4664070,892
2021-11-08 12:00:00,12000.0,12010.0,11870.0,12000.0,5288017,619
2021-11-09 09:00:00,12030.0,12200.0,12000.0,12100.0,8550787,1423
2021-11-09 10:00:00,12100.0,12100.0,11920.0,11950.0,5986837,1180
2021-11-09 11:00:00,11950.0,11990.0,11880.0,11900.0,5774021,1066
2021-11-09 12:00:00,11910.0,11960.0,11880.0,11940.0,4440418,627
2021-11-10 09:00:00,11940.0,12080.0,11800.0,11960.0,6432486,1297
2021-11-10 10:00:00,11960.0,12060.0,11940.0,12000.0,8507889,1116
2021-11-10 11:00:00,12010.0,12050.0,11930.0,11950.0,8029948,1074
2021-11-10 12:00:00,11950.0,12020.0,11900.0,12020.0,5540949,693
2021-11-13 09:00:00,11800.0,11880.0,11510.0,11880.0,8148376,1448
2021-11-13 10:00:00,11880.0,11950.0,11730.0,11760.0,5528026,983
2021-11-13 11:00:00,11760.0,11910.0,11670.0,11670.0,5382574,893
2021-11-13 12:00:00,11670.0,11710.0,11600.0,11690.0,3673926,605
2021-11-13 16:00:00,11530.0,11530.0,11530.0,11530.0,9465,2
2021-11-14 09:00:00,11750.0,11930.0,11740.0,11770.0,8075803,1198
2021-11-14 10:00:00,11760.0,11930.0,11670.0,11690.0,7970121,993
2021-11-14 11:00:00,11700.0,11730.0,11610.0,11640.0,3802526,864
2021-11-14 12:00:00,11640.0,11670.0,11600.0,11650.0,3761199,528
2021-11-14 13:00:00,11760.0,11780.0,11760.0,11780.0,51333,2
2021-11-14 16:00:00,11790.0,11790.0,11640.0,11640.0,16082,2
2021-11-15 09:00:00,11650.0,11660.0,11300.0,11330.0,5732610,1221
2021-11-15 10:00:00,11340.0,11340.0,11200.0,11270.0,6620044,1111
2021-11-15 11:00:00,11280.0,11290.0,11230.0,11260.0,5426923,938
2021-11-15 12:00:00,11250.0,11260.0,11160.0,11250.0,7963767,731
2021-11-15 13:00:00,11270.0,11270.0,11270.0,11270.0,17957,1
2021-11-16 09:00:00,11060.0,11390.0,11060.0,11200.0,6378551,1170
2021-11-16 10:00:00,11200.0,11310.0,11170.0,11200.0,4130748,775
2021-11-16 11:00:00,11210.0,11310.0,11150.0,11180.0,3128676,566
2021-11-16 12:00:00,11190.0,11200.0,11150.0,11150.0,2458602,439
2021-11-17 09:00:00,11150.0,11340.0,11120.0,11180.0,7016997,1067
2021-11-17 10:00:00,11180.0,11180.0,11100.0,11140.0,4886292,857
2021-11-17 11:00:00,11130.0,11150.0,11050.0,11070.0,4074761,892
2021-11-17 12:00:00,11070.0,11230.0,11060.0,11200.0,4810459,656
2021-11-20 09:00:00,11020.0,11190.0,10730.0,10730.0,9573865,1461
2021-11-20 10:00:00,10730.0,10760.0,10610.0,10620.0,12000396,1686
2021-11-20 11:00:00,10610.0,10680.0,10610.0,10640.0,6803525,1114
2021-11-20 12:00:00,10650.0,10700.0,10610.0,10690.0,8833268,857
2021-11-21 09:00:00,10700.0,10910.0,10620.0,10680.0,7781624,1536
2021-11-21 10:00:00,10690.0,10740.0,10570.0,10710.0,5186917,990
2021-11-21 11:00:00,10720.0,11170.0,10680.0,11000.0,11738143,1527
2021-11-21 12:00:00,11020.0,11120.0,10980.0,11040.0,5297468,790
2021-11-22 09:00:00,11180.0,11210.0,11100.0,11150.0,8186775,1348
2021-11-22 10:00:00,11150.0,11290.0,11110.0,11140.0,7631348,1224
2021-11-22 11:00:00,11140.0,11160.0,10950.0,11020.0,6043601,1117
2021-11-22 12:00:00,11010.0,11080.0,11000.0,11080.0,2396596,572
2021-11-22 16:00:00,11170.0,11170.0,11170.0,11170.0,9465,1
2021-11-23 09:00:00,11120.0,11130.0,10810.0,10830.0,5689767,1319
2021-11-23 10:00:00,10830.0,10990.0,10800.0,10940.0,4620121,970
2021-11-23 11:00:00,10960.0,10960.0,10840.0,10870.0,4044286,824
2021-11-23 12:00:00,10860.0,10880.0,10810.0,10820.0,2554202,512
2021-11-24 09:00:00,10800.0,10900.0,10690.0,10700.0,7667028,1134
2021-11-24 10:00:00,10700.0,10800.0,10690.0,10780.0,4140471,847
2021-11-24 11:00:00,10790.0,10940.0,10730.0,10750.0,4505123,896
2021-11-24 12:00:00,10760.0,10820.0,10720.0,10740.0,5441583,608
2021-11-24 13:00:00,10830.0,10830.0,10830.0,10830.0,5000,1
2021-11-27 09:00:00,10350.0,10550.0,10240.0,10300.0,10910145,1571
2021-11-27 10:00:00,10300.0,10340.0,10240.0,10260.0,7926842,1243
2021-11-27 11:00:00,10260.0,10270.0,10240.0,10240.0,8410670,1456
2021-11-27 12:00:00,10240.0,10260.0,10240.0,10240.0,4926836,748
2021-11-28 09:00:00,10110.0,10450.0,10110.0,10340.0,10056508,1355
2021-11-28 10:00:00,10330.0,10450.0,10290.0,10290.0,6507786,906
2021-11-28 11:00:00,10290.0,10330.0,10200.0,10250.0,5092873,841
2021-11-28 12:00:00,10250.0,10280.0,10160.0,10200.0,4269425,633
2021-11-29 09:00:00,10300.0,10400.0,10240.0,10240.0,5963341,1073
2021-11-29 10:00:00,10240.0,10240.0,10180.0,10200.0,7079155,958
2021-11-29 11:00:00,10200.0,10210.0,10130.0,10140.0,6657839,951
2021-11-29 12:00:00,10130.0,10170.0,10120.0,10160.0,2875582,600
2021-11-30 09:00:00,10250.0,10250.0,10080.0,10130.0,6032899,1072
2021-11-30 10:00:00,10130.0,10170.0,10100.0,10120.0,4303923,834
2021-11-30 11:00:00,10120.0,10150.0,10050.0,10150.0,6169525,923
2021-11-30 12:00:00,10070.0,10140.0,10020.0,10020.0,4086266,730
2021-12-01 09:00:00,10080.0,10190.0,10000.0,10040.0,5868697,1082
2021-12-01 10:00:00,10040.0,10060.0,9980.0,10030.0,6811044,1109
2021-12-01 11:00:00,10030.0,10170.0,10000.0,10150.0,6947392,911
2021-12-01 12:00:00,10140.0,10150.0,10080.0,10130.0,3813789,529
2021-12-04 09:00:00,10400.0,10420.0,10070.0,10080.0,6238624,1148
2021-12-04 10:00:00,10080.0,10110.0,9990.0,10080.0,6127893,1113
2021-12-04 11:00:00,10080.0,10110.0,10000.0,10020.0,4053133,809
2021-12-04 12:00:00,10020.0,10240.0,10000.0,10230.0,5227757,642
2021-12-05 09:00:00,10270.0,10470.0,10210.0,10360.0,7415414,1308
2021-12-05 10:00:00,10360.0,10380.0,10300.0,10350.0,7519218,844
2021-12-05 11:00:00,10340.0,10370.0,10310.0,10310.0,5414643,736
2021-12-05 12:00:00,10310.0,10320.0,10210.0,10300.0,3943462,547
2021-12-06 09:00:00,10350.0,10380.0,10170.0,10320.0,5906363,908
2021-12-06 10:00:00,10320.0,10330.0,10250.0,10270.0,3314462,682
2021-12-06 11:00:00,10280.0,10310.0,10250.0,10260.0,3321020,630
2021-12-06 12:00:00,10260.0,10280.0,10160.0,10190.0,3175797,442
2021-12-07 09:00:00,10170.0,10270.0,10130.0,10220.0,3860378,743
2021-12-07 10:00:00,10230.0,10260.0,10210.0,10240.0,2879821,583
2021-12-07 11:00:00,10240.0,10370.0,10230.0,10260.0,6253861,793
2021-12-07 12:00:00,10260.0,10280.0,10250.0,10280.0,3076284,379
2021-12-08 09:00:00,10260.0,10340.0,10260.0,10300.0,4117116,703
2021-12-08 10:00:00,10300.0,10650.0,10290.0,10580.0,6731295,937
2021-12-08 11:00:00,10580.0,10600.0,10490.0,10560.0,5873740,824
2021-12-08 12:00:00,10560.0,10570.0,10450.0,10480.0,3394941,457
2021-12-11 09:00:00,10540.0,10600.0,10320.0,10360.0,5254858,942
2021-12-11 10:00:00,10360.0,10600.0,10330.0,10400.0,4857867,637
2021-12-11 11:00:00,10420.0,10420.0,10340.0,10360.0,3129025,539
2021-12-11 12:00:00,10350.0,10370.0,10320.0,10350.0,2658467,346
2021-12-12 09:00:00,10300.0,10300.0,10060.0,10090.0,7034149,969
2021-12-12 10:00:00,10090.0,10170.0,10050.0,10130.0,5119027,730
2021-12-12 11:00:00,10120.0,10120.0,10050.0,10090.0,5887561,467
2021-12-12 12:00:00,10080.0,10140.0,10070.0,10120.0,4047395,168
2021-12-13 09:00:00,10090.0,10190.0,10000.0,10000.0,7459871,1000
2021-12-13 10:00:00,10000.0,10020.0,9910.0,9910.0,8096081,1122
2021-12-13 11:00:00,9910.0,9920.0,9620.0,9620.0,16147474,1933
2021-12-13 12:00:00,9620.0,10000.0,9620.0,9620.0,5917861,810
2021-12-14 09:00:00,9670.0,9890.0,9630.0,9780.0,10304042,1320
2021-12-14 10:00:00,9770.0,10020.0,9750.0,9920.0,8166103,926
2021-12-14 11:00:00,9920.0,9990.0,9800.0,9830.0,4323346,657
2021-12-14 12:00:00,9800.0,9930.0,9780.0,9900.0,2607037,336
2021-12-15 09:00:00,9850.0,10100.0,9850.0,9930.0,3762912,701
2021-12-15 10:00:00,9930.0,9980.0,9820.0,9830.0,4023938,1079
2021-12-15 11:00:00,9820.0,9870.0,9770.0,9800.0,5115686,665
2021-12-15 12:00:00,9800.0,9890.0,9790.0,9840.0,2420692,373
2021-12-18 09:00:00,9910.0,10070.0,9900.0,9920.0,7101207,1059
2021-12-18 10:00:00,9900.0,9940.0,9880.0,9920.0,3691924,705
2021-12-18 11:00:00,9920.0,9950.0,9890.0,9940.0,3887449,610
2021-12-18 12:00:00,9940.0,9960.0,9900.0,9930.0,2500524,384
2021-12-19 09:00:00,9910.0,9990.0,9710.0,9760.0,4290449,775
2021-12-19 10:00:00,9760.0,9770.0,9600.0,9660.0,4935043,803
2021-12-19 11:00:00,9650.0,9700.0,9600.0,9600.0,5410214,760
2021-12-19 12:00:00,9610.0,9700.0,9590.0,9680.0,2528242,386
2021-12-20 09:00:00,9920.0,10060.0,9830.0,9880.0,9157395,1045
2021-12-20 10:00:00,9870.0,10000.0,9870.0,9920.0,4224918,594
2021-12-20 11:00:00,9930.0,10000.0,9910.0,9950.0,5426410,589
2021-12-20 12:00:00,9950.0,9980.0,9920.0,9960.0,4274249,415
2021-12-21 09:00:00,9960.0,10180.0,9960.0,10170.0,8498423,790
2021-12-21 10:00:00,10180.0,10230.0,10100.0,10110.0,8946032,788
2021-12-21 11:00:00,10110.0,10220.0,10090.0,10180.0,7435454,654
2021-12-21 12:00:00,10190.0,10190.0,10110.0,10170.0,6177957,474
2021-12-22 09:00:00,10300.0,10570.0,10210.0,10380.0,10473287,1225
2021-12-22 10:00:00,10380.0,10620.0,10360.0,10620.0,20985132,1351
2021-12-22 11:00:00,10620.0,10620.0,10620.0,10620.0,4254541,606
2021-12-22 12:00:00,10620.0,10620.0,10620.0,10620.0,1123566,223
2021-12-22 13:00:00,10620.0,10620.0,10620.0,10620.0,12000,1
2021-12-25 09:00:00,10800.0,11060.0,10660.0,10890.0,13513249,1830
2021-12-25 10:00:00,10890.0,10890.0,10650.0,10660.0,8507741,1303
2021-12-25 11:00:00,10660.0,10690.0,10600.0,10670.0,6245646,1087
2021-12-25 12:00:00,10660.0,10670.0,10580.0,10630.0,4120861,579
2021-12-26 09:00:00,10590.0,10650.0,10450.0,10540.0,6874953,1108
2021-12-26 10:00:00,10540.0,10700.0,10520.0,10610.0,5119634,784
2021-12-26 11:00:00,10650.0,10850.0,10650.0,10820.0,8461229,935
2021-12-26 12:00:00,10820.0,10950.0,10800.0,10910.0,6191970,627
2021-12-26 17:00:00,10570.0,10570.0,10570.0,10570.0,1528,1
2021-12-27 09:00:00,11000.0,11240.0,10900.0,11010.0,16841790,1627
2021-12-27 10:00:00,11010.0,11090.0,10930.0,10980.0,4780295,937
2021-12-27 11:00:00,10990.0,11000.0,10870.0,10900.0,4871043,835
2021-12-27 12:00:00,10900.0,10970.0,10890.0,10960.0,2971731,526
2021-12-28 09:00:00,11090.0,11090.0,10820.0,10890.0,5756765,1023
2021-12-28 10:00:00,10900.0,11040.0,10880.0,10980.0,6719034,874
2021-12-28 11:00:00,10970.0,11000.0,10970.0,10980.0,6160600,833
2021-12-28 12:00:00,10990.0,11000.0,10950.0,10970.0,3814918,484
2021-12-29 09:00:00,10940.0,11070.0,10870.0,10880.0,5177898,819
2021-12-29 10:00:00,10880.0,10940.0,10880.0,10900.0,5364569,747
2021-12-29 11:00:00,10900.0,10900.0,10720.0,10740.0,8755034,928
2021-12-29 12:00:00,10730.0,10790.0,10680.0,10680.0,4961303,573
2022-01-01 09:00:00,10680.0,10680.0,10510.0,10510.0,6289597,967
2022-01-01 10:00:00,10510.0,10510.0,10450.0,10470.0,6020321,836
2022-01-01 11:00:00,10470.0,10560.0,10450.0,10490.0,3289578,629
2022-01-01 12:00:00,10490.0,10610.0,10470.0,10480.0,4387162,434
2022-01-02 09:00:00,10540.0,10670.0,10500.0,10600.0,4176074,797
2022-01-02 10:00:00,10610.0,10640.0,10530.0,10570.0,3300856,520
2022-01-02 11:00:00,10560.0,10580.0,10480.0,10520.0,5326066,623
2022-01-02 12:00:00,10510.0,10680.0,10500.0,10680.0,2043031,340
2022-01-03 09:00:00,10690.0,10720.0,10590.0,10590.0,2815723,514
2022-01-03 10:00:00,10600.0,10640.0,10520.0,10550.0,5641077,578
2022-01-03 11:00:00,10550.0,10560.0,10490.0,10490.0,2885720,519
2022-01-03 12:00:00,10500.0,10570.0,10490.0,10510.0,2560571,350
2022-01-04 09:00:00,10440.0,10500.0,10360.0,10430.0,6248078,751
2022-01-04 10:00:00,10430.0,10430.0,10360.0,10370.0,6541073,720
2022-01-04 11:00:00,10370.0,10400.0,10360.0,10380.0,2983739,535
2022-01-04 12:00:00,10380.0,10390.0,10370.0,10380.0,3226270,390
2022-01-05 09:00:00,10390.0,10480.0,10330.0,10350.0,5643966,616
2022-01-05 10:00:00,10350.0,10430.0,10340.0,10410.0,3693608,581
2022-01-05 11:00:00,10400.0,10490.0,10390.0,10410.0,3091033,485
2022-01-05 12:00:00,10420.0,10440.0,10410.0,10430.0,2134465,373
2022-01-05 16:00:00,10420.0,10420.0,10420.0,10420.0,4403,1
2022-01-08 09:00:00,10400.0,10550.0,10370.0,10430.0,3353472,707
2022-01-08 10:00:00,10430.0,10430.0,10300.0,10310.0,3712862,637
2022-01-08 11:00:00,10310.0,10310.0,10240.0,10240.0,4251997,691
2022-01-08 12:00:00,10240.0,10440.0,10240.0,10410.0,5558239,475
2022-01-09 09:00:00,10230.0,10300.0,10050.0,10060.0,6899802,882
2022-01-09 10:00:00,10060.0,10070.0,9970.0,10020.0,10487933,1053
2022-01-09 11:00:00,10030.0,10070.0,10010.0,10040.0,3304922,568
2022-01-09 12:00:00,10040.0,10110.0,10000.0,10070.0,2722828,422
2022-01-10 09:00:00,10020.0,10060.0,9960.0,10020.0,7680452,934
2022-01-10 10:00:00,10020.0,10050.0,9990.0,10020.0,3874074,631
2022-01-10 11:00:00,10010.0,10180.0,10010.0,10110.0,4725814,736
2022-01-10 12:00:00,10100.0,10110.0,10050.0,10060.0,3094046,466
2022-01-11 09:00:00,10180.0,10270.0,10060.0,10150.0,3688280,779
2022-01-11 10:00:00,10150.0,10160.0,10080.0,10080.0,2798378,479
2022-01-11 11:00:00,10090.0,10090.0,10060.0,10080.0,1808870,397
2022-01-11 12:00:00,10070.0,10080.0,10040.0,10050.0,2849423,370
2022-01-12 09:00:00,10020.0,10180.0,10010.0,10130.0,4142073,687
2022-01-12 10:00:00,10130.0,10160.0,10100.0,10100.0,3011553,474
2022-01-12 11:00:00,10100.0,10180.0,10040.0,10060.0,2791484,541
2022-01-12 12:00:00,10050.0,10150.0,10010.0,10040.0,2195209,337
2022-01-15 09:00:00,10100.0,10200.0,10040.0,10120.0,6090684,726
2022-01-15 10:00:00,10120.0,10120.0,10010.0,10010.0,4927488,677
2022-01-15 11:00:00,10020.0,10030.0,9990.0,10000.0,5030719,738
2022-01-15 12:00:00,9990.0,10020.0,9970.0,10000.0,5104915,476
2022-01-16 09:00:00,10060.0,10100.0,9900.0,9910.0,8897351,1074
2022-01-16 10:00:00,9910.0,9970.0,9890.0,9930.0,2232322,569
2022-01-16 11:00:00,9930.0,9990.0,9930.0,9970.0,2450662,595
2022-01-16 12:00:00,9980.0,10040.0,9980.0,10030.0,2661447,344
2022-01-17 09:00:00,10010.0,10100.0,10010.0,10030.0,4598819,605
2022-01-17 10:00:00,10020.0,10030.0,9950.0,9970.0,1970148,490
2022-01-17 11:00:00,9970.0,9970.0,9860.0,9870.0,5229775,684
2022-01-17 12:00:00,9860.0,9950.0,9820.0,9940.0,4394157,492
2022-01-18 09:00:00,9820.0,9830.0,9620.0,9660.0,8301541,1071
2022-01-18 10:00:00,9650.0,9660.0,9440.0,9470.0,12374773,1245
2022-01-18 11:00:00,9460.0,9580.0,9450.0,9510.0,5725415,943
2022-01-18 12:00:00,9500.0,9560.0,9500.0,9540.0,3733161,403
2022-01-19 09:00:00,9620.0,9740.0,9580.0,9730.0,7159477,1046
2022-01-19 10:00:00,9720.0,9760.0,9600.0,9600.0,4467571,688
2022-01-19 11:00:00,9600.0,9610.0,9580.0,9600.0,4223720,613
2022-01-19 12:00:00,9600.0,9620.0,9580.0,9620.0,4933661,472
2022-01-22 09:00:00,9900.0,10100.0,9840.0,9980.0,9447454,1242
2022-01-22 10:00:00,9990.0,9990.0,9870.0,9900.0,3948428,683
2022-01-22 11:00:00,9890.0,9910.0,9850.0,9890.0,2880823,708
2022-01-22 12:00:00,9890.0,9900.0,9850.0,9900.0,2308594,431
2022-01-23 09:00:00,9900.0,9900.0,9730.0,9820.0,5251427,778
2022-01-23 10:00:00,9820.0,9880.0,9770.0,9780.0,4142123,543
2022-01-23 11:00:00,9780.0,9790.0,9550.0,9550.0,7177938,729
2022-01-23 12:00:00,9560.0,9660.0,9550.0,9650.0,3787144,399
2022-01-24 09:00:00,9600.0,9690.0,9440.0,9570.0,7377436,839
2022-01-24 10:00:00,9570.0,9760.0,9570.0,9590.0,4200601,733
2022-01-24 11:00:00,9590.0,9600.0,9530.0,9560.0,4173263,533
2022-01-24 12:00:00,9560.0,9570.0,9430.0,9480.0,3329826,456
2022-01-25 09:00:00,9430.0,9580.0,9200.0,9200.0,9435026,929
2022-01-25 10:00:00,9210.0,9570.0,9100.0,9320.0,46386977,1534
2022-01-25 11:00:00,9320.0,9600.0,9300.0,9600.0,27489301,1485
2022-01-25 12:00:00,9600.0,9650.0,9590.0,9640.0,13730992,981
2022-01-25 17:00:00,9410.0,9620.0,9400.0,9430.0,15180190,109
2022-01-25 18:00:00,9430.0,9610.0,9430.0,9610.0,13305586,110
2022-01-26 09:00:00,9920.0,9950.0,9800.0,9950.0,13851837,1600
2022-01-26 10:00:00,9950.0,9950.0,9720.0,9840.0,5403675,770
2022-01-26 11:00:00,9850.0,9950.0,9820.0,9950.0,9950015,740
2022-01-26 12:00:00,9950.0,9950.0,9950.0,9950.0,1384772,150
2022-01-29 09:00:00,10240.0,10410.0,10100.0,10410.0,15340148,1462
2022-01-29 10:00:00,10410.0,10410.0,10410.0,10410.0,5888751,481
2022-01-29 11:00:00,10410.0,10410.0,10410.0,10410.0,9922828,439
2022-01-29 12:00:00,10410.0,10410.0,10410.0,10410.0,2156531,175
2022-01-30 09:00:00,10610.0,10770.0,10520.0,10660.0,15910896,1738
2022-01-30 10:00:00,10660.0,10690.0,10650.0,10650.0,13225565,1187
2022-01-30 11:00:00,10650.0,10800.0,10570.0,10740.0,25854753,1592
2022-01-30 12:00:00,10730.0,10760.0,10670.0,10710.0,5021450,617
2022-01-30 16:00:00,10750.0,10790.0,10620.0,10650.0,11624319,101
2022-01-30 18:00:00,10620.0,10750.0,10580.0,10600.0,6359214,62
2022-01-31 09:00:00,10710.0,10800.0,10680.0,10710.0,8593791,1170
2022-01-31 10:00:00,10710.0,10900.0,10700.0,10730.0,8388169,1078
2022-01-31 11:00:00,10720.0,10800.0,10700.0,10770.0,6266905,907
2022-01-31 12:00:00,10770.0,10800.0,10710.0,10760.0,4251534,496
2022-02-01 09:00:00,10850.0,10850.0,10750.0,10770.0,13596566,1190
2022-02-01 10:00:00,10770.0,10780.0,10740.0,10740.0,11929388,923
2022-02-01 11:00:00,10740.0,10780.0,10740.0,10760.0,20539940,1037
2022-02-01 12:00:00,10760.0,10780.0,10750.0,10750.0,10957383,612
2022-02-01 14:00:00,10770.0,10770.0,10770.0,10770.0,3750221,25
2022-02-01 15:00:00,10770.0,10770.0,10740.0,10750.0,3698589,27
2022-02-02 09:00:00,10760.0,10790.0,10760.0,10780.0,18017240,1206
2022-02-02 10:00:00,10790.0,10810.0,10780.0,10810.0,12540094,993
2022-02-02 11:00:00,10820.0,10820.0,10790.0,10810.0,7782900,779
2022-02-02 12:00:00,10810.0,10830.0,10760.0,10760.0,14032791,604
2022-02-02 16:00:00,10760.0,10810.0,10760.0,10760.0,2863562,22
2022-02-05 09:00:00,10800.0,10840.0,10790.0,10790.0,11350990,1043
2022-02-05 10:00:00,10790.0,10810.0,10790.0,10800.0,13219585,938
2022-02-05 11:00:00,10800.0,10820.0,10800.0,10810.0,12679299,922
2022-02-05 12:00:00,10810.0,10840.0,10810.0,10830.0,13202293,695
2022-02-05 17:00:00,10830.0,10830.0,10790.0,10790.0,5775097,39
2022-02-06 09:00:00,10810.0,10820.0,10400.0,10600.0,51551117,2069
2022-02-06 10:00:00,10610.0,10620.0,10440.0,10460.0,29893524,1655
2022-02-06 11:00:00,10450.0,10810.0,10450.0,10480.0,47467147,1137
2022-02-06 12:00:00,10490.0,10600.0,10320.0,10550.0,10988875,643
2022-02-06 15:00:00,10580.0,10590.0,10450.0,10570.0,5141851,38
2022-02-07 09:00:00,10340.0,10540.0,10340.0,10480.0,12464162,993
2022-02-07 10:00:00,10480.0,10520.0,10430.0,10460.0,5921192,662
2022-02-07 11:00:00,10460.0,10470.0,10430.0,10440.0,3561071,303
2022-02-08 10:00:00,10450.0,10500.0,10380.0,10410.0,15835674,835
2022-02-08 11:00:00,10420.0,10450.0,10230.0,10300.0,8510795,788
2022-02-08 12:00:00,10290.0,10290.0,10210.0,10280.0,2338419,425
2022-02-09 09:00:00,10310.0,10310.0,10080.0,10170.0,5502892,1121
2022-02-09 10:00:00,10130.0,10240.0,10120.0,10240.0,4923340,893
2022-02-09 11:00:00,10230.0,10480.0,10220.0,10480.0,8300266,1071
2022-02-09 12:00:00,10480.0,10490.0,10420.0,10480.0,5613428,463
2022-02-12 09:00:00,10410.0,10500.0,10260.0,10310.0,2730974,615
2022-02-12 10:00:00,10310.0,10320.0,10220.0,10230.0,3042404,555
2022-02-12 11:00:00,10240.0,10300.0,10160.0,10260.0,4627733,513
2022-02-12 12:00:00,10270.0,10280.0,10140.0,10210.0,2948603,400
2022-02-13 09:00:00,10140.0,10260.0,10100.0,10260.0,8352893,678
2022-02-13 10:00:00,10250.0,10260.0,10180.0,10220.0,8767021,542
2022-02-13 11:00:00,10220.0,10240.0,10210.0,10220.0,5253160,526
2022-02-13 12:00:00,10220.0,10240.0,10200.0,10210.0,6031898,435
2022-02-14 09:00:00,10380.0,10490.0,10300.0,10460.0,9718278,943
2022-02-14 10:00:00,10460.0,10470.0,10430.0,10470.0,6872573,711
2022-02-14 11:00:00,10470.0,10580.0,10460.0,10550.0,11156224,867
2022-02-14 12:00:00,10550.0,10580.0,10540.0,10560.0,3231482,416
2022-02-14 15:00:00,10460.0,10490.0,10350.0,10450.0,1478416,34
2022-02-16 09:00:00,10540.0,10610.0,10480.0,10480.0,6072323,805
2022-02-16 10:00:00,10480.0,10500.0,10480.0,10480.0,5899123,705
2022-02-16 11:00:00,10480.0,10500.0,10470.0,10480.0,7506776,771
2022-02-16 12:00:00,10480.0,10490.0,10470.0,10490.0,9714325,528
2022-02-19 09:00:00,10490.0,10500.0,10470.0,10490.0,17316361,1080
2022-02-19 10:00:00,10500.0,10500.0,10480.0,10490.0,11140487,833
2022-02-19 11:00:00,10490.0,10500.0,10480.0,10500.0,9389193,793
2022-02-19 12:00:00,10490.0,10500.0,10470.0,10490.0,9436055,479
2022-02-20 09:00:00,10500.0,10510.0,10480.0,10500.0,10650105,803
2022-02-20 10:00:00,10500.0,10510.0,10480.0,10480.0,5053056,610
2022-02-20 11:00:00,10480.0,10500.0,10480.0,10490.0,7324275,618
2022-02-20 12:00:00,10490.0,10500.0,10480.0,10500.0,6351115,432
2022-02-21 09:00:00,10490.0,10490.0,10350.0,10380.0,4692669,835
2022-02-21 10:00:00,10380.0,10430.0,10350.0,10360.0,4333598,651
2022-02-21 11:00:00,10350.0,10360.0,10310.0,10330.0,4040560,656
2022-02-21 12:00:00,10320.0,10320.0,10260.0,10300.0,3558371,501
2022-02-22 09:00:00,10410.0,10420.0,10330.0,10390.0,8657006,723
2022-02-22 10:00:00,10400.0,10400.0,10360.0,10390.0,8847195,999
2022-02-22 11:00:00,10390.0,10460.0,10390.0,10430.0,6141405,593
2022-02-22 12:00:00,10420.0,10450.0,10390.0,10450.0,5291947,580
2022-02-23 09:00:00,10400.0,10470.0,10390.0,10400.0,5476786,695
2022-02-23 10:00:00,10400.0,10410.0,10390.0,10400.0,5687281,530
2022-02-23 11:00:00,10400.0,10410.0,10390.0,10400.0,7556937,576
2022-02-23 12:00:00,10400.0,10410.0,10390.0,10410.0,3875354,327
2022-02-26 09:00:00,10400.0,10410.0,10200.0,10200.0,7146274,807
2022-02-26 10:00:00,10200.0,10240.0,10140.0,10190.0,3691139,668
2022-02-26 11:00:00,10200.0,10200.0,10070.0,10100.0,3882923,593
2022-02-26 12:00:00,10090.0,10240.0,10080.0,10130.0,3059188,411
2022-02-27 09:00:00,10100.0,10190.0,10050.0,10060.0,3845128,729
2022-02-27 10:00:00,10050.0,10050.0,10010.0,10020.0,4507583,797
2022-02-27 11:00:00,10030.0,10130.0,10000.0,10100.0,4119989,675
2022-02-27 12:00:00,10110.0,10120.0,10060.0,10080.0,981424,301
2022-02-28 09:00:00,10010.0,10140.0,10010.0,10030.0,2943069,607
2022-02-28 10:00:00,10030.0,10210.0,10020.0,10160.0,5547324,818
2022-02-28 11:00:00,10160.0,10180.0,10090.0,10090.0,3939554,580
2022-02-28 12:00:00,10100.0,10120.0,10060.0,10100.0,4274740,427
2022-03-02 09:00:00,10160.0,10180.0,10040.0,10040.0,3634306,678
2022-03-02 10:00:00,10040.0,10090.0,10020.0,10040.0,3729776,533
2022-03-02 11:00:00,10050.0,10080.0,10040.0,10050.0,2489896,478
2022-03-02 12:00:00,10040.0,10060.0,10020.0,10040.0,1993832,403
2022-03-05 09:00:00,10100.0,10290.0,10100.0,10150.0,7752067,959
2022-03-05 10:00:00,10150.0,10160.0,10070.0,10090.0,4134112,663
2022-03-05 11:00:00,10080.0,10170.0,10070.0,10140.0,4643690,569
2022-03-05 12:00:00,10140.0,10360.0,10110.0,10330.0,8859873,778
2022-03-06 09:00:00,10350.0,10430.0,10320.0,10360.0,8034450,1023
2022-03-06 10:00:00,10360.0,10550.0,10350.0,10550.0,8383499,953
2022-03-06 11:00:00,10550.0,10670.0,10490.0,10660.0,27527003,1648
2022-03-06 12:00:00,10670.0,10670.0,10640.0,10670.0,10707074,727
2022-03-07 09:00:00,10710.0,10960.0,10670.0,10790.0,9406353,1374
2022-03-07 10:00:00,10780.0,10810.0,10740.0,10770.0,5846776,842
2022-03-07 11:00:00,10770.0,10780.0,10590.0,10590.0,7451739,860
2022-03-07 12:00:00,10590.0,10660.0,10560.0,10650.0,5635980,578
2022-03-08 09:00:00,10620.0,10650.0,10450.0,10550.0,7446830,847
2022-03-08 10:00:00,10540.0,10570.0,10420.0,10510.0,5500401,634
2022-03-08 11:00:00,10510.0,10640.0,10490.0,10540.0,6012326,675
2022-03-08 12:00:00,10540.0,10570.0,10510.0,10550.0,3110465,352
2022-03-09 09:00:00,10470.0,10790.0,10470.0,10600.0,7048795,720
2022-03-09 10:00:00,10600.0,10670.0,10520.0,10630.0,7194089,713
2022-03-09 11:00:00,10630.0,10640.0,10480.0,10510.0,6488220,736
2022-03-09 12:00:00,10510.0,10570.0,10500.0,10550.0,3388442,436
2022-03-09 13:00:00,10560.0,10560.0,10560.0,10560.0,1000,1
2022-03-12 09:00:00,10540.0,10540.0,10360.0,10400.0,7228654,884
2022-03-12 10:00:00,10400.0,10450.0,10370.0,10440.0,4756288,598
2022-03-12 11:00:00,10430.0,10610.0,10420.0,10510.0,7454377,776
2022-03-12 12:00:00,10520.0,10520.0,10430.0,10440.0,3325108,408
2022-03-13 09:00:00,10340.0,10550.0,10310.0,10510.0,6562490,772
2022-03-13 10:00:00,10510.0,10630.0,10500.0,10510.0,6326052,751
2022-03-13 11:00:00,10510.0,10540.0,10500.0,10500.0,4341161,522
2022-03-13 12:00:00,10500.0,10510.0,10470.0,10470.0,4753800,379
2022-03-14 09:00:00,10460.0,10580.0,10460.0,10540.0,4764961,587
2022-03-14 10:00:00,10520.0,10540.0,10500.0,10510.0,4907622,543
2022-03-14 11:00:00,10520.0,10550.0,10510.0,10510.0,5769858,548
2022-03-14 12:00:00,10510.0,10530.0,10510.0,10520.0,3868090,453
2022-03-15 09:00:00,10520.0,10590.0,10450.0,10540.0,2875874,484
2022-03-15 10:00:00,10550.0,10550.0,10500.0,10500.0,6317333,621
2022-03-15 11:00:00,10500.0,10530.0,10490.0,10510.0,5162358,503
2022-03-15 12:00:00,10510.0,10530.0,10500.0,10520.0,3774319,304
2022-03-16 09:00:00,10520.0,10720.0,10500.0,10670.0,3602118,645
2022-03-16 10:00:00,10660.0,10670.0,10600.0,10670.0,2656477,394
2022-03-16 11:00:00,10660.0,10750.0,10660.0,10700.0,3887872,614
2022-03-16 12:00:00,10690.0,10700.0,10670.0,10700.0,2979108,336
2022-03-19 09:00:00,10780.0,10950.0,10770.0,10830.0,4447463,696
2022-03-19 10:00:00,10830.0,10950.0,10800.0,10940.0,3996200,637
2022-03-19 11:00:00,10930.0,11060.0,10920.0,10980.0,6292303,807
2022-03-19 12:00:00,10990.0,11040.0,10980.0,11020.0,6778195,647
2022-03-19 13:00:00,11020.0,11020.0,10780.0,10780.0,69418,3
2022-03-26 09:00:00,11400.0,11400.0,11100.0,11250.0,6081850,913
2022-03-26 10:00:00,11240.0,11480.0,11220.0,11480.0,19011727,1262
2022-03-26 11:00:00,11480.0,11480.0,11480.0,11480.0,9563986,698
2022-03-26 12:00:00,11480.0,11480.0,11480.0,11480.0,3077449,349
2022-03-27 09:00:00,11570.0,11660.0,11480.0,11510.0,9328186,1387
2022-03-27 10:00:00,11510.0,11800.0,11460.0,11720.0,6704621,1023
2022-03-27 11:00:00,11720.0,11850.0,11660.0,11730.0,10230317,1068
2022-03-27 12:00:00,11730.0,11760.0,11670.0,11720.0,4525530,520
2022-03-28 09:00:00,11750.0,11800.0,11620.0,11710.0,7123315,1150
2022-03-28 10:00:00,11710.0,11750.0,11630.0,11720.0,6095567,933
2022-03-28 11:00:00,11720.0,11940.0,11700.0,11920.0,8253464,979
2022-03-28 12:00:00,11910.0,11920.0,11770.0,11790.0,3485762,541
2022-03-29 09:00:00,11850.0,11850.0,11440.0,11510.0,7941640,1287
2022-03-29 10:00:00,11490.0,11690.0,11460.0,11500.0,6691491,837
2022-03-29 11:00:00,11510.0,11510.0,11440.0,11440.0,6657265,908
2022-03-29 12:00:00,11440.0,11450.0,11410.0,11420.0,5224913,575
2022-03-30 09:00:00,11420.0,11620.0,11310.0,11610.0,3102210,759
2022-03-30 10:00:00,11610.0,11650.0,11590.0,11630.0,3643247,710
2022-03-30 11:00:00,11630.0,11700.0,11610.0,11650.0,4002892,608
2022-03-30 12:00:00,11650.0,11690.0,11640.0,11680.0,3480328,445
2022-04-03 09:00:00,11780.0,12190.0,11660.0,12190.0,16273785,1571
2022-04-03 10:00:00,12190.0,12190.0,12190.0,12190.0,11193824,842
2022-04-03 11:00:00,12190.0,12190.0,12190.0,12190.0,6276395,652
2022-04-03 12:00:00,12190.0,12190.0,12190.0,12190.0,4517026,386
2022-04-04 09:00:00,12670.0,12670.0,12200.0,12310.0,19521153,2198
2022-04-04 10:00:00,12300.0,12310.0,12020.0,12200.0,15500980,1630
2022-04-04 11:00:00,12200.0,12240.0,12110.0,12130.0,10054343,1224
2022-04-04 12:00:00,12130.0,12220.0,12110.0,12150.0,11851397,775
2022-04-05 09:00:00,12200.0,12340.0,12010.0,12200.0,11915838,1365
2022-04-05 10:00:00,12190.0,12400.0,12190.0,12340.0,7857937,1136
2022-04-05 11:00:00,12350.0,12420.0,12320.0,12320.0,13170489,1125
2022-04-05 12:00:00,12320.0,12340.0,12270.0,12280.0,4849259,580
2022-04-06 09:00:00,12280.0,12350.0,12120.0,12120.0,6300992,1012
2022-04-06 10:00:00,12140.0,12170.0,12020.0,12020.0,7232028,992
2022-04-06 11:00:00,12020.0,12130.0,11970.0,12020.0,8849440,1094
2022-04-06 12:00:00,12020.0,12030.0,11940.0,11960.0,5847710,759
2022-04-09 09:00:00,11850.0,12000.0,11670.0,11930.0,5876982,1012
2022-04-09 10:00:00,11920.0,12100.0,11910.0,12030.0,4892507,848
2022-04-09 11:00:00,12040.0,12100.0,12010.0,12020.0,6207653,787
2022-04-09 12:00:00,12020.0,12050.0,11990.0,12000.0,2672394,442
2022-04-10 09:00:00,12060.0,12330.0,12060.0,12280.0,9089959,901
2022-04-10 10:00:00,12260.0,12270.0,12100.0,12200.0,8472451,950
2022-04-10 11:00:00,12200.0,12250.0,12170.0,12170.0,5891536,758
2022-04-10 12:00:00,12180.0,12210.0,12160.0,12160.0,2926418,461
2022-04-11 09:00:00,12230.0,12300.0,12220.0,12240.0,5575032,841
2022-04-11 10:00:00,12240.0,12260.0,12210.0,12250.0,5718193,798
2022-04-11 11:00:00,12250.0,12330.0,12240.0,12270.0,6198357,840
2022-04-11 12:00:00,12270.0,12330.0,12250.0,12330.0,3712218,469
2022-04-11 16:00:00,12260.0,12260.0,12260.0,12260.0,6966,1
2022-04-12 09:00:00,11800.0,11930.0,11650.0,11650.0,17576314,1732
2022-04-12 10:00:00,11650.0,11680.0,11650.0,11650.0,12566122,1440
2022-04-12 11:00:00,11650.0,11670.0,11650.0,11650.0,15008889,1099
2022-04-12 12:00:00,11650.0,11650.0,11650.0,11650.0,10941406,467
2022-04-13 09:00:00,11570.0,11950.0,11570.0,11900.0,7707162,1137
2022-04-13 10:00:00,11890.0,11920.0,11790.0,11820.0,5027461,731
2022-04-13 11:00:00,11810.0,11920.0,11790.0,11900.0,5995744,655
2022-04-13 12:00:00,11910.0,11970.0,11890.0,11950.0,3102301,459
2022-04-13 16:00:00,11900.0,11900.0,11900.0,11900.0,6873,1
2022-04-16 09:00:00,11900.0,12080.0,11870.0,12010.0,9361042,1027
2022-04-16 10:00:00,12010.0,12020.0,11960.0,11990.0,6574110,845
2022-04-16 11:00:00,11990.0,12010.0,11970.0,11980.0,5310304,723
2022-04-16 12:00:00,11980.0,12020.0,11980.0,12010.0,4870886,443
2022-04-16 16:00:00,11960.0,11960.0,11960.0,11960.0,6838,1
2022-04-17 09:00:00,12000.0,12050.0,11800.0,11980.0,9459390,996
2022-04-17 10:00:00,11980.0,11990.0,11950.0,11980.0,4548148,679
2022-04-17 11:00:00,11980.0,12030.0,11950.0,12020.0,10259009,1099
2022-04-17 12:00:00,12020.0,12070.0,11960.0,11960.0,7321015,666
2022-04-20 11:00:00,12100.0,12140.0,12000.0,12100.0,4865945,742
2022-04-20 12:00:00,12100.0,12130.0,12000.0,12130.0,6608066,590
2022-04-24 09:00:00,12240.0,12240.0,11850.0,11860.0,5105061,1077
2022-04-24 10:00:00,11870.0,11920.0,11830.0,11840.0,4025500,748
2022-04-24 11:00:00,11830.0,11960.0,11790.0,11940.0,5753393,836
2022-04-24 12:00:00,11950.0,12080.0,11930.0,12000.0,5383498,488
2022-04-25 09:00:00,11840.0,11950.0,11820.0,11940.0,3133582,703
2022-04-25 10:00:00,11950.0,12000.0,11900.0,11970.0,4230960,639
2022-04-25 11:00:00,11990.0,12070.0,11970.0,12050.0,6381757,833
2022-04-25 12:00:00,12040.0,12200.0,11990.0,12100.0,7052188,599
2022-04-25 16:00:00,12020.0,12020.0,12020.0,12020.0,2,1
2022-04-26 09:00:00,12060.0,12200.0,12050.0,12060.0,7524792,1020
2022-04-26 10:00:00,12060.0,12140.0,12050.0,12080.0,6338736,894
2022-04-26 11:00:00,12080.0,12160.0,12070.0,12110.0,7675391,963
2022-04-26 12:00:00,12110.0,12110.0,12010.0,12090.0,4656637,497
2022-04-27 09:00:00,12100.0,12150.0,11980.0,12130.0,8109988,1115
2022-04-27 10:00:00,12130.0,12140.0,12070.0,12070.0,9353445,892
2022-04-27 11:00:00,12080.0,12110.0,11980.0,12110.0,6069730,957
2022-04-27 12:00:00,12110.0,12120.0,12070.0,12100.0,4538251,614
2022-04-27 17:00:00,12130.0,12130.0,12130.0,12130.0,2,1
2022-04-30 09:00:00,12070.0,12070.0,11910.0,12000.0,5840403,957
2022-04-30 10:00:00,12000.0,12000.0,11950.0,11950.0,7413926,968
2022-04-30 11:00:00,11950.0,11960.0,11910.0,11940.0,5808245,862
2022-04-30 12:00:00,11930.0,11970.0,11900.0,11930.0,4237663,517
2022-04-30 17:00:00,12000.0,12000.0,12000.0,12000.0,6999,2
2022-05-01 09:00:00,11900.0,11990.0,11790.0,11890.0,7142613,999
2022-05-01 10:00:00,11910.0,11950.0,11840.0,11880.0,5635868,711
2022-05-01 11:00:00,11880.0,11970.0,11800.0,11900.0,5983427,668
2022-05-01 12:00:00,11900.0,11900.0,11860.0,11900.0,2760404,403
2022-05-01 16:00:00,11820.0,11820.0,11820.0,11820.0,6999,3
2022-05-02 09:00:00,11810.0,11880.0,11750.0,11750.0,4476277,783
2022-05-02 10:00:00,11750.0,11780.0,11740.0,11760.0,6415239,830
2022-05-02 11:00:00,11770.0,11790.0,11740.0,11780.0,6152382,919
2022-05-02 12:00:00,11780.0,11800.0,11750.0,11790.0,6370231,586
2022-05-02 16:00:00,11790.0,11790.0,11770.0,11770.0,7001,2
2022-05-07 09:00:00,11780.0,11850.0,11760.0,11790.0,9879924,1257
2022-05-07 10:00:00,11790.0,11970.0,11750.0,11900.0,7034890,968
2022-05-07 11:00:00,11890.0,11940.0,11810.0,11820.0,4692083,756
2022-05-07 12:00:00,11820.0,11860.0,11790.0,11850.0,4569601,501
2022-05-07 17:00:00,11800.0,11800.0,11800.0,11800.0,7000,3
2022-05-08 09:00:00,11820.0,12180.0,11820.0,12050.0,7933387,1307
2022-05-08 10:00:00,12060.0,12120.0,11890.0,11990.0,7035490,903
2022-05-08 11:00:00,11980.0,12080.0,11980.0,12020.0,5724781,837
2022-05-08 12:00:00,12030.0,12170.0,12030.0,12170.0,5855240,677
2022-05-08 17:00:00,12050.0,12050.0,12050.0,12050.0,6999,1
2022-05-09 09:00:00,12180.0,12180.0,11850.0,11930.0,12281084,1264
2022-05-09 10:00:00,11930.0,11930.0,11850.0,11880.0,6481137,843
2022-05-09 11:00:00,11870.0,11890.0,11780.0,11790.0,5263377,835
2022-05-09 12:00:00,11790.0,11970.0,11780.0,11940.0,9149929,598
2022-05-10 09:00:00,11940.0,11950.0,11820.0,11890.0,6135383,926
2022-05-10 10:00:00,11880.0,11970.0,11840.0,11950.0,4405604,751
2022-05-10 11:00:00,11940.0,11960.0,11890.0,11910.0,3288114,577
2022-05-10 12:00:00,11900.0,11900.0,11830.0,11830.0,2945771,411
2022-05-11 09:00:00,11890.0,12240.0,11850.0,12150.0,12440233,1180
2022-05-11 10:00:00,12150.0,12210.0,12100.0,12130.0,6402523,822
2022-05-11 11:00:00,12130.0,12140.0,12030.0,12080.0,5315973,733
2022-05-11 12:00:00,12080.0,12120.0,12050.0,12090.0,4163759,504
2022-05-14 09:00:00,12220.0,12460.0,12050.0,12180.0,9289637,1472
2022-05-14 10:00:00,12170.0,12180.0,12070.0,12090.0,4924888,907
2022-05-14 11:00:00,12090.0,12140.0,12080.0,12090.0,10142429,948
2022-05-14 12:00:00,12090.0,12130.0,12070.0,12130.0,4369663,518
2022-05-14 16:00:00,12320.0,12320.0,12320.0,12320.0,7000,1
2022-05-15 09:00:00,12190.0,12230.0,11910.0,11930.0,7454677,1174
2022-05-15 10:00:00,11940.0,12080.0,11940.0,12010.0,4345161,815
2022-05-15 11:00:00,12010.0,12240.0,12000.0,12190.0,5902984,766
2022-05-15 12:00:00,12200.0,12200.0,12110.0,12180.0,3286792,522
2022-05-16 09:00:00,12100.0,12290.0,12100.0,12130.0,7144490,1369
2022-05-16 10:00:00,12130.0,12210.0,12090.0,12200.0,9727383,1360
2022-05-16 11:00:00,12200.0,12620.0,12190.0,12560.0,18225111,1737
2022-05-16 12:00:00,12560.0,12560.0,12470.0,12500.0,6816000,891
2022-05-16 17:00:00,12220.0,12220.0,12220.0,12220.0,7000,2
2022-05-17 09:00:00,12700.0,12890.0,12650.0,12850.0,18241175,2171
2022-05-17 10:00:00,12840.0,12850.0,12700.0,12790.0,10995653,1438
2022-05-17 11:00:00,12790.0,12810.0,12610.0,12620.0,8630679,1297
2022-05-17 12:00:00,12610.0,12650.0,12550.0,12590.0,4970777,740
2022-05-18 09:00:00,12630.0,12830.0,12510.0,12690.0,11116394,1403
2022-05-18 10:00:00,12690.0,12710.0,12630.0,12660.0,5162907,961
2022-05-18 11:00:00,12660.0,12730.0,12560.0,12720.0,4938226,839
2022-05-18 12:00:00,12710.0,12750.0,12670.0,12750.0,3674953,515
2022-05-18 13:00:00,12700.0,12710.0,12700.0,12710.0,135677,5
2022-05-18 14:00:00,12720.0,12720.0,12720.0,12720.0,30609,1
2022-05-21 09:00:00,12590.0,12660.0,12250.0,12620.0,9698170,1223
2022-05-21 10:00:00,12630.0,12650.0,12560.0,12570.0,5813138,799
2022-05-21 11:00:00,12570.0,12580.0,12520.0,12550.0,6941026,748
2022-05-21 12:00:00,12560.0,12570.0,12510.0,12540.0,4285610,505
2022-05-21 16:00:00,12640.0,12640.0,12640.0,12640.0,1401,1
2022-05-22 09:00:00,12560.0,12600.0,12400.0,12520.0,9883823,1005
2022-05-22 10:00:00,12510.0,12580.0,12510.0,12560.0,9313706,832
2022-05-22 11:00:00,12570.0,12570.0,12540.0,12540.0,7545749,778
2022-05-22 12:00:00,12550.0,12570.0,12490.0,12560.0,7750099,517
2022-05-23 09:00:00,12550.0,12580.0,12320.0,12380.0,12346291,1055
2022-05-23 10:00:00,12370.0,12500.0,12270.0,12350.0,17031680,1418
2022-05-23 11:00:00,12340.0,12450.0,12280.0,12310.0,8234061,844
2022-05-23 12:00:00,12310.0,12450.0,12300.0,12330.0,4571107,441
2022-05-24 09:00:00,12390.0,12390.0,12250.0,12310.0,8184024,1013
2022-05-24 10:00:00,12310.0,12320.0,12190.0,12220.0,7922964,780
2022-05-24 11:00:00,12210.0,12280.0,12180.0,12270.0,10066176,770
2022-05-24 12:00:00,12260.0,12300.0,12260.0,12290.0,8091414,530
2022-05-25 09:00:00,12260.0,12270.0,12080.0,12110.0,7823230,1094
2022-05-25 10:00:00,12110.0,12140.0,11950.0,12000.0,10122347,1236
2022-05-25 11:00:00,12000.0,12200.0,12000.0,12200.0,7270250,896
2022-05-25 12:00:00,12180.0,12230.0,12100.0,12120.0,4252474,521
2022-05-28 09:00:00,12120.0,12250.0,11750.0,11860.0,7945121,1232
2022-05-28 10:00:00,11870.0,12010.0,11820.0,11990.0,7251190,808
2022-05-28 11:00:00,11990.0,12000.0,11950.0,11980.0,8266497,840
2022-05-28 12:00:00,11980.0,11990.0,11970.0,11980.0,3740991,498
2022-05-29 09:00:00,11820.0,11890.0,11580.0,11670.0,9208418,1135
2022-05-29 10:00:00,11670.0,11840.0,11630.0,11780.0,5461732,768
2022-05-29 11:00:00,11800.0,11810.0,11720.0,11770.0,6943220,652
2022-05-29 12:00:00,11770.0,11880.0,11750.0,11780.0,3552514,395
2022-05-29 13:00:00,11670.0,11670.0,11670.0,11670.0,19578,1
2022-05-30 09:00:00,11800.0,11930.0,11680.0,11720.0,4012163,872
2022-05-30 10:00:00,11720.0,11750.0,11710.0,11720.0,3728325,690
2022-05-30 11:00:00,11730.0,11800.0,11720.0,11770.0,10140894,816
2022-05-30 12:00:00,11760.0,11780.0,11740.0,11760.0,5857708,499
2022-05-31 09:00:00,11770.0,11900.0,11600.0,11820.0,3083675,698
2022-05-31 10:00:00,11820.0,11870.0,11780.0,11780.0,3291921,624
2022-05-31 11:00:00,11780.0,11800.0,11700.0,11720.0,3172068,618
2022-05-31 12:00:00,11720.0,11720.0,11660.0,11700.0,2363422,401
2022-05-31 13:00:00,11800.0,11800.0,11800.0,11800.0,647,1
2022-06-06 09:00:00,11480.0,11480.0,11480.0,11480.0,1,1
2022-06-06 10:00:00,11470.0,11470.0,11020.0,11180.0,4460781,497
2022-06-06 11:00:00,11190.0,11370.0,11180.0,11330.0,10895787,1197
2022-06-06 12:00:00,11330.0,11480.0,11220.0,11480.0,4926905,577
2022-06-07 09:00:00,11340.0,11340.0,11150.0,11270.0,5817482,1015
2022-06-07 10:00:00,11270.0,11310.0,11250.0,11300.0,7959544,829
2022-06-07 11:00:00,11300.0,11310.0,11260.0,11280.0,8634123,723
2022-06-07 12:00:00,11290.0,11290.0,11240.0,11270.0,8104861,534
2022-06-08 10:00:00,11360.0,11360.0,11260.0,11280.0,4660439,654
2022-06-08 11:00:00,11280.0,11320.0,11250.0,11310.0,7753128,726
2022-06-08 12:00:00,11300.0,11320.0,11280.0,11310.0,7337402,523
2022-06-11 09:00:00,11260.0,11290.0,11150.0,11220.0,4286256,864
2022-06-11 10:00:00,11220.0,11330.0,11200.0,11310.0,7297868,778
2022-06-11 11:00:00,11310.0,11340.0,11290.0,11310.0,7438769,693
2022-06-11 12:00:00,11310.0,11320.0,11280.0,11310.0,5060559,457
2022-06-12 09:00:00,11300.0,11330.0,11200.0,11300.0,4764123,745
2022-06-12 10:00:00,11300.0,11700.0,11290.0,11680.0,7068852,859
2022-06-12 11:00:00,11680.0,11690.0,11440.0,11520.0,8603802,836
2022-06-12 12:00:00,11530.0,11560.0,11440.0,11540.0,7982221,510
2022-06-13 09:00:00,11600.0,12100.0,11600.0,11960.0,11676452,1333
2022-06-13 10:00:00,11950.0,11970.0,11810.0,11830.0,6236281,854
2022-06-13 11:00:00,11830.0,11910.0,11700.0,11700.0,8034896,855
2022-06-13 12:00:00,11720.0,11730.0,11630.0,11660.0,10861621,698
2022-06-14 09:00:00,11750.0,11910.0,11640.0,11810.0,10671570,981
2022-06-14 10:00:00,11840.0,11870.0,11760.0,11820.0,6839495,643
2022-06-14 11:00:00,11820.0,11850.0,11760.0,11830.0,4697792,544
2022-06-14 12:00:00,11830.0,11840.0,11780.0,11820.0,4596232,393
2022-06-15 09:00:00,11730.0,11800.0,11580.0,11610.0,2695077,602
2022-06-15 10:00:00,11610.0,11620.0,11600.0,11600.0,3532823,561
2022-06-15 11:00:00,11600.0,11990.0,11600.0,11810.0,6608492,724
2022-06-15 12:00:00,11810.0,11820.0,11780.0,11820.0,4282306,467
2022-06-18 09:00:00,11650.0,11750.0,11550.0,11570.0,4019993,750
2022-06-18 10:00:00,11560.0,11630.0,11550.0,11610.0,7779280,715
2022-06-18 11:00:00,11610.0,11620.0,11600.0,11610.0,7921162,739
2022-06-18 12:00:00,11610.0,11720.0,11600.0,11610.0,3910657,498
2022-06-19 09:00:00,11660.0,11740.0,11580.0,11610.0,5819011,768
2022-06-19 10:00:00,11610.0,11650.0,11580.0,11590.0,5110052,666
2022-06-19 11:00:00,11580.0,11600.0,11560.0,11580.0,5587829,553
2022-06-19 12:00:00,11580.0,11620.0,11570.0,11610.0,4203345,379
2022-06-20 09:00:00,11590.0,11740.0,11590.0,11650.0,5067529,638
2022-06-20 10:00:00,11650.0,11660.0,11590.0,11610.0,6697203,563
2022-06-20 11:00:00,11620.0,11620.0,11590.0,11600.0,5124870,603
2022-06-20 12:00:00,11590.0,11610.0,11580.0,11610.0,3778710,371
2022-06-20 13:00:00,11720.0,11720.0,11720.0,11720.0,30430,1
2022-06-21 09:00:00,11580.0,11610.0,11500.0,11550.0,4675464,564
2022-06-21 10:00:00,11560.0,11610.0,11540.0,11600.0,5484772,487
2022-06-21 11:00:00,11600.0,11610.0,11510.0,11510.0,2722001,452
2022-06-21 12:00:00,11510.0,11530.0,11460.0,11530.0,2555102,327
2022-06-22 09:00:00,11460.0,11470.0,11310.0,11420.0,3122200,647
2022-06-22 10:00:00,11420.0,11460.0,11360.0,11450.0,4277857,537
2022-06-22 11:00:00,11450.0,11550.0,11430.0,11450.0,5492116,531
2022-06-22 12:00:00,11440.0,11500.0,11440.0,11470.0,5720582,347
2022-06-25 09:00:00,11320.0,11320.0,11170.0,11170.0,10287737,1136
2022-06-25 10:00:00,11180.0,11180.0,11080.0,11120.0,7487492,854
2022-06-25 11:00:00,11120.0,11160.0,11080.0,11100.0,7174737,856
2022-06-25 12:00:00,11100.0,11120.0,11070.0,11080.0,7126752,563
2022-06-26 09:00:00,11110.0,11120.0,10850.0,10940.0,11729499,972
2022-06-26 10:00:00,10940.0,10960.0,10770.0,10780.0,5486458,573
2022-06-26 11:00:00,10780.0,10910.0,10780.0,10880.0,6243521,610
2022-06-26 12:00:00,10880.0,10890.0,10750.0,10790.0,5285118,495
2022-06-27 09:00:00,10800.0,10950.0,10780.0,10890.0,11168185,986
2022-06-27 10:00:00,10890.0,10920.0,10880.0,10900.0,10597333,742
2022-06-27 11:00:00,10900.0,10910.0,10870.0,10880.0,7439420,690
2022-06-27 12:00:00,10880.0,10900.0,10860.0,10900.0,3728951,468
2022-06-28 09:00:00,10910.0,11050.0,10880.0,10990.0,5873329,838
2022-06-28 10:00:00,10990.0,10990.0,10910.0,10910.0,4467581,573
2022-06-28 11:00:00,10920.0,10930.0,10900.0,10910.0,5267022,461
2022-06-28 12:00:00,10910.0,10940.0,10900.0,10920.0,3347781,304
2022-06-29 09:00:00,10920.0,10960.0,10920.0,10940.0,4687723,580
2022-06-29 10:00:00,10940.0,10970.0,10900.0,10950.0,5101025,517
2022-06-29 11:00:00,10950.0,10960.0,10930.0,10940.0,2796959,447
2022-06-29 12:00:00,10930.0,10950.0,10920.0,10930.0,2435943,308
2022-07-02 09:00:00,10900.0,10930.0,10800.0,10870.0,5816303,673
2022-07-02 10:00:00,10860.0,10880.0,10820.0,10840.0,3837492,576
2022-07-02 11:00:00,10830.0,10850.0,10790.0,10800.0,2975021,511
2022-07-02 12:00:00,10810.0,10820.0,10660.0,10710.0,2998422,382
2022-07-03 09:00:00,10820.0,10820.0,10630.0,10810.0,4211893,694
2022-07-03 10:00:00,10810.0,10820.0,10800.0,10820.0,2593546,566
2022-07-03 11:00:00,10820.0,10840.0,10810.0,10830.0,3939569,597
2022-07-03 12:00:00,10820.0,10840.0,10810.0,10840.0,3335526,355
2022-07-04 09:00:00,10830.0,10900.0,10820.0,10830.0,2054698,495
2022-07-04 10:00:00,10820.0,10840.0,10790.0,10790.0,3427861,533
2022-07-04 11:00:00,10800.0,10800.0,10780.0,10780.0,3412093,489
2022-07-04 12:00:00,10790.0,10790.0,10760.0,10790.0,3826120,318
2022-07-05 09:00:00,10830.0,11050.0,10790.0,11040.0,6075523,798
2022-07-05 10:00:00,11040.0,11100.0,10940.0,10960.0,9683412,920
2022-07-05 11:00:00,10950.0,11050.0,10890.0,11050.0,4900635,577
2022-07-05 12:00:00,11050.0,11090.0,10980.0,10990.0,3117777,466
2022-07-06 09:00:00,10960.0,11220.0,10950.0,11040.0,12385997,1084
2022-07-06 10:00:00,11040.0,11050.0,10970.0,10980.0,4376802,601
2022-07-06 11:00:00,10980.0,11000.0,10960.0,10990.0,6138010,647
2022-07-06 12:00:00,10990.0,11000.0,10930.0,10930.0,6078790,466
2022-07-09 09:00:00,10990.0,11300.0,10990.0,11040.0,12802741,952
2022-07-09 10:00:00,11050.0,11050.0,11000.0,11010.0,7215874,703
2022-07-09 11:00:00,11000.0,11010.0,10950.0,10970.0,6010512,640
2022-07-09 12:00:00,10960.0,11000.0,10960.0,10990.0,2224349,364
2022-07-11 09:00:00,11280.0,11660.0,11210.0,11520.0,15846718,1902
2022-07-11 10:00:00,11530.0,11540.0,11300.0,11310.0,9091335,1196
2022-07-11 11:00:00,11310.0,11350.0,11250.0,11320.0,6949278,1009
2022-07-11 12:00:00,11320.0,11330.0,11240.0,11300.0,6145571,695
2022-07-12 09:00:00,11300.0,11410.0,11200.0,11360.0,6946186,970
2022-07-12 10:00:00,11360.0,11440.0,11320.0,11410.0,6984304,720
2022-07-12 11:00:00,11410.0,11460.0,11380.0,11400.0,9338769,793
2022-07-12 12:00:00,11410.0,11410.0,11350.0,11370.0,5357930,472
2022-07-13 09:00:00,11400.0,11500.0,11300.0,11310.0,5922235,881
2022-07-13 10:00:00,11310.0,11320.0,11200.0,11240.0,4601361,862
2022-07-13 11:00:00,11230.0,11330.0,11210.0,11320.0,4131135,594
2022-07-13 12:00:00,11330.0,11380.0,11320.0,11370.0,3337326,431
2022-07-16 09:00:00,11370.0,11370.0,11160.0,11190.0,6000139,785
2022-07-16 10:00:00,11190.0,11190.0,10910.0,10960.0,4545279,767
2022-07-16 11:00:00,10950.0,11100.0,10920.0,11000.0,4511382,731
2022-07-16 12:00:00,11000.0,11040.0,10970.0,11030.0,3745974,390
2022-07-17 09:00:00,11090.0,11090.0,10910.0,11020.0,4990375,801
2022-07-17 10:00:00,11030.0,11060.0,10990.0,11000.0,5216879,626
2022-07-17 11:00:00,11010.0,11020.0,10990.0,10990.0,5424357,736
2022-07-17 12:00:00,11000.0,11000.0,10960.0,10990.0,5019803,580
2022-07-24 12:00:00,10990.0,10990.0,10710.0,10830.0,2849555,331
2022-07-25 09:00:00,10890.0,10930.0,10760.0,10800.0,9943888,1105
2022-07-25 10:00:00,10800.0,10810.0,10660.0,10660.0,6205317,773
2022-07-25 11:00:00,10650.0,10660.0,10540.0,10550.0,5465405,711
2022-07-25 12:00:00,10550.0,10560.0,10500.0,10540.0,5342894,572
2022-07-26 09:00:00,10600.0,10760.0,10600.0,10700.0,8527607,833
2022-07-26 10:00:00,10690.0,10710.0,10680.0,10690.0,3869608,574
2022-07-26 11:00:00,10700.0,10720.0,10680.0,10680.0,3744477,583
2022-07-26 12:00:00,10680.0,10690.0,10620.0,10680.0,4636780,391
2022-07-27 09:00:00,10700.0,11020.0,10680.0,10850.0,3894636,732
2022-07-27 10:00:00,10860.0,10920.0,10820.0,10920.0,3275973,478
2022-07-27 11:00:00,10910.0,11090.0,10900.0,10960.0,6626346,728
2022-07-27 12:00:00,10960.0,10970.0,10810.0,10930.0,3650760,422
2022-07-30 09:00:00,10980.0,11170.0,10970.0,11130.0,6587247,964
2022-07-30 10:00:00,11120.0,11140.0,11040.0,11050.0,3960065,617
2022-07-30 11:00:00,11050.0,11060.0,10970.0,10980.0,5930371,627
2022-07-30 12:00:00,10970.0,11000.0,10840.0,10890.0,4584266,477
2022-07-31 09:00:00,10830.0,10910.0,10690.0,10900.0,4558020,797
2022-07-31 10:00:00,10880.0,11120.0,10840.0,11110.0,11971417,1172
2022-07-31 11:00:00,11110.0,11280.0,11090.0,11220.0,16498392,1700
2022-07-31 12:00:00,11210.0,11370.0,11210.0,11350.0,11198641,977
2022-07-31 16:00:00,11250.0,11250.0,11250.0,11250.0,6144,4
2022-08-09 11:00:00,5470.0,5490.0,5390.0,5440.0,11751390,567
2022-08-09 12:00:00,5430.0,5500.0,5430.0,5500.0,14545307,1073
2022-08-10 09:00:00,5590.0,5600.0,5480.0,5510.0,13729183,1375
2022-08-10 10:00:00,5510.0,5540.0,5480.0,5520.0,9276717,848
2022-08-10 11:00:00,5520.0,5540.0,5500.0,5520.0,6933674,667
2022-08-10 12:00:00,5520.0,5540.0,5500.0,5520.0,6490326,468
2022-08-10 18:00:00,5500.0,5500.0,5500.0,5500.0,10000,1
2022-08-13 09:00:00,5520.0,5780.0,5500.0,5740.0,14009695,1156
2022-08-13 10:00:00,5730.0,5810.0,5700.0,5800.0,10318213,827
2022-08-13 11:00:00,5790.0,5850.0,5790.0,5830.0,16245172,1215
2022-08-13 12:00:00,5830.0,5850.0,5790.0,5810.0,13220450,679
2022-08-14 09:00:00,5850.0,5850.0,5720.0,5740.0,9422556,953
2022-08-14 10:00:00,5740.0,5750.0,5650.0,5710.0,7649121,676
2022-08-14 11:00:00,5720.0,5760.0,5690.0,5700.0,5232902,492
2022-08-14 12:00:00,5700.0,5740.0,5680.0,5720.0,3548249,323
2022-08-15 09:00:00,5720.0,5720.0,5610.0,5690.0,6048702,624
2022-08-15 10:00:00,5700.0,5720.0,5620.0,5630.0,7330895,563
2022-08-15 11:00:00,5630.0,5750.0,5600.0,5710.0,9603441,727
2022-08-15 12:00:00,5710.0,5710.0,5670.0,5690.0,3599666,319
2022-08-16 09:00:00,5730.0,5730.0,5620.0,5650.0,6523711,703
2022-08-16 10:00:00,5660.0,5660.0,5560.0,5570.0,5423044,593
2022-08-16 11:00:00,5580.0,5610.0,5510.0,5590.0,6449646,581
2022-08-16 12:00:00,5590.0,5610.0,5550.0,5590.0,3885688,301
2022-08-17 09:00:00,5600.0,5600.0,5500.0,5580.0,5189831,588
2022-08-17 10:00:00,5570.0,5630.0,5520.0,5620.0,12974998,637
2022-08-17 11:00:00,5620.0,5650.0,5500.0,5530.0,6056402,539
2022-08-17 12:00:00,5530.0,5570.0,5520.0,5540.0,4810029,321
2022-08-21 12:00:00,5420.0,5450.0,5400.0,5430.0,9406784,336
2022-08-22 09:00:00,5420.0,5420.0,5300.0,5350.0,12500276,1129
2022-08-22 10:00:00,5340.0,5350.0,5290.0,5300.0,11713383,790
2022-08-22 11:00:00,5300.0,5330.0,5280.0,5280.0,15415078,782
2022-08-22 12:00:00,5290.0,5290.0,5240.0,5290.0,8422662,602
2022-08-23 09:00:00,5230.0,5340.0,5220.0,5280.0,7057294,837
2022-08-23 10:00:00,5290.0,5310.0,5270.0,5310.0,6124198,716
2022-08-23 11:00:00,5300.0,5310.0,5240.0,5240.0,7884657,754
2022-08-23 12:00:00,5250.0,5290.0,5240.0,5280.0,4906377,498
2022-08-24 09:00:00,5330.0,5370.0,5280.0,5320.0,8788876,788
2022-08-24 10:00:00,5330.0,5340.0,5300.0,5330.0,5425896,580
2022-08-24 11:00:00,5320.0,5350.0,5310.0,5350.0,8697894,580
2022-08-24 12:00:00,5350.0,5350.0,5310.0,5330.0,9069218,460
2022-08-27 09:00:00,5380.0,5380.0,5310.0,5330.0,7385201,775
2022-08-27 10:00:00,5330.0,5350.0,5320.0,5320.0,7113644,699
2022-08-27 11:00:00,5330.0,5340.0,5300.0,5310.0,4858309,526
2022-08-27 12:00:00,5310.0,5320.0,5300.0,5320.0,3448998,315
2022-08-28 09:00:00,5350.0,5350.0,5280.0,5290.0,5101673,520
2022-08-28 10:00:00,5290.0,5300.0,5280.0,5290.0,4150554,426
2022-08-28 11:00:00,5280.0,5300.0,5240.0,5260.0,8902046,454
2022-08-28 12:00:00,5260.0,5270.0,5240.0,5260.0,4219923,304
2022-08-29 09:00:00,5270.0,5280.0,5230.0,5260.0,4828911,516
2022-08-29 10:00:00,5260.0,5260.0,5230.0,5230.0,5338332,560
2022-08-29 11:00:00,5240.0,5240.0,5210.0,5220.0,5536873,613
2022-08-29 12:00:00,5220.0,5230.0,5200.0,5210.0,4427646,379
2022-08-30 09:00:00,5200.0,5280.0,5180.0,5180.0,4292364,515
2022-08-30 10:00:00,5190.0,5200.0,5160.0,5170.0,5409143,563
2022-08-30 11:00:00,5170.0,5190.0,5150.0,5170.0,4435815,496
2022-08-30 12:00:00,5160.0,5170.0,5130.0,5130.0,3688013,380
2022-08-31 09:00:00,5160.0,5180.0,5120.0,5140.0,3341572,471
2022-08-31 10:00:00,5140.0,5170.0,5130.0,5150.0,3987739,409
2022-08-31 11:00:00,5150.0,5150.0,5130.0,5140.0,2806744,445
2022-08-31 12:00:00,5140.0,5150.0,5120.0,5120.0,4651909,357
2022-09-03 09:00:00,5120.0,5140.0,5020.0,5050.0,5135143,767
2022-09-03 10:00:00,5050.0,5170.0,5030.0,5120.0,7757029,627
2022-09-03 11:00:00,5120.0,5120.0,5070.0,5070.0,7327729,474
2022-09-03 12:00:00,5070.0,5100.0,5060.0,5080.0,5966858,350
2022-09-04 09:00:00,5100.0,5180.0,5090.0,5090.0,5176472,597
2022-09-04 10:00:00,5100.0,5110.0,5070.0,5100.0,5554948,430
2022-09-04 11:00:00,5090.0,5100.0,5080.0,5100.0,3726748,432
2022-09-04 12:00:00,5090.0,5100.0,5070.0,5090.0,2582564,265
2022-09-05 09:00:00,5150.0,5150.0,5080.0,5090.0,5957098,499
2022-09-05 10:00:00,5090.0,5100.0,5080.0,5080.0,4183887,455
2022-09-05 11:00:00,5080.0,5100.0,5060.0,5060.0,6122752,470
2022-09-05 12:00:00,5060.0,5070.0,5050.0,5060.0,4448121,411
2022-09-06 09:00:00,5080.0,5100.0,5050.0,5050.0,3841471,408
2022-09-06 10:00:00,5050.0,5060.0,5020.0,5060.0,2618934,387
2022-09-06 11:00:00,5060.0,5070.0,5040.0,5050.0,3762222,346
2022-09-06 12:00:00,5040.0,5090.0,5030.0,5070.0,4814738,265
2022-09-07 09:00:00,5080.0,5080.0,5020.0,5070.0,6312472,416
2022-09-07 10:00:00,5070.0,5090.0,5050.0,5060.0,4834123,448
2022-09-07 11:00:00,5060.0,5070.0,5040.0,5060.0,4810664,468
2022-09-07 12:00:00,5060.0,5060.0,5030.0,5040.0,2753100,271
2022-09-10 09:00:00,5050.0,5070.0,4990.0,5050.0,8969459,657
2022-09-10 10:00:00,5040.0,5060.0,5020.0,5050.0,5665763,423
2022-09-10 11:00:00,5060.0,5070.0,5040.0,5050.0,4004296,373
2022-09-10 12:00:00,5050.0,5060.0,5040.0,5040.0,2931937,239
2022-09-11 09:00:00,5040.0,5060.0,5020.0,5020.0,6653431,544
2022-09-11 10:00:00,5030.0,5040.0,5020.0,5030.0,4708382,449
2022-09-11 11:00:00,5040.0,5040.0,5020.0,5030.0,3317194,378
2022-09-11 12:00:00,5030.0,5040.0,5020.0,5030.0,2612224,273
2022-09-12 09:00:00,5100.0,5170.0,5060.0,5080.0,12248334,1069
2022-09-12 10:00:00,5090.0,5100.0,5050.0,5070.0,7137592,728
2022-09-12 11:00:00,5070.0,5130.0,5050.0,5120.0,5661434,661
2022-09-12 12:00:00,5120.0,5150.0,5050.0,5080.0,6268908,644
2022-09-13 09:00:00,5140.0,5160.0,5140.0,5150.0,567835,29
2022-09-13 10:00:00,5160.0,5230.0,5120.0,5220.0,14224407,953
2022-09-13 11:00:00,5220.0,5230.0,5180.0,5190.0,13668667,809
2022-09-13 12:00:00,5190.0,5220.0,5180.0,5220.0,6351634,458
2022-09-14 09:00:00,5250.0,5250.0,5180.0,5190.0,6150326,626
2022-09-14 10:00:00,5190.0,5200.0,5140.0,5150.0,6775551,538
2022-09-14 11:00:00,5150.0,5160.0,5120.0,5130.0,4862569,389
2022-09-14 12:00:00,5120.0,5150.0,5120.0,5150.0,2478732,271
2022-09-18 09:00:00,5170.0,5190.0,5110.0,5160.0,4082836,459
2022-09-18 10:00:00,5160.0,5160.0,5100.0,5100.0,3850905,432
2022-09-18 11:00:00,5110.0,5110.0,5090.0,5090.0,5707473,506
2022-09-18 12:00:00,5090.0,5110.0,5080.0,5110.0,4451863,269
2022-09-19 09:00:00,5110.0,5120.0,5080.0,5110.0,6334189,512
2022-09-19 10:00:00,5100.0,5110.0,5090.0,5090.0,5473042,415
2022-09-19 11:00:00,5090.0,5100.0,5080.0,5090.0,5536612,384
2022-09-19 12:00:00,5100.0,5100.0,5090.0,5090.0,3760461,262
2022-09-20 09:00:00,5100.0,5110.0,5080.0,5090.0,4360557,412
2022-09-20 10:00:00,5090.0,5090.0,5070.0,5070.0,3569293,352
2022-09-20 11:00:00,5070.0,5100.0,5060.0,5080.0,4926201,376
2022-09-20 12:00:00,5080.0,5090.0,5070.0,5070.0,2065755,228
2022-09-21 09:00:00,5050.0,5060.0,5020.0,5040.0,3854445,402
2022-09-21 10:00:00,5030.0,5080.0,5020.0,5030.0,3676704,329
2022-09-21 11:00:00,5030.0,5030.0,4990.0,5010.0,9633849,662
2022-09-21 12:00:00,5000.0,5010.0,4990.0,4990.0,3396276,377
2022-09-24 09:00:00,4990.0,4990.0,4900.0,4910.0,6604405,760
2022-09-24 10:00:00,4910.0,4920.0,4890.0,4910.0,4369652,519
2022-09-24 11:00:00,4910.0,4920.0,4900.0,4920.0,4204184,425
2022-09-24 12:00:00,4910.0,4930.0,4860.0,4880.0,4779408,337
2022-09-26 09:00:00,4880.0,5020.0,4870.0,5020.0,7269165,754
2022-09-26 10:00:00,5020.0,5020.0,4970.0,4990.0,4410718,420
2022-09-26 11:00:00,4990.0,5000.0,4940.0,4960.0,3700352,321
2022-09-26 12:00:00,4960.0,4960.0,4890.0,4920.0,7251551,375
2022-09-28 09:00:00,4990.0,5040.0,4950.0,5030.0,4612393,509
2022-09-28 10:00:00,5040.0,5110.0,5020.0,5070.0,5623334,496
2022-09-28 11:00:00,5080.0,5080.0,5000.0,5000.0,6194411,397
2022-09-28 12:00:00,5010.0,5030.0,4980.0,5020.0,3099690,229
2022-10-01 09:00:00,5060.0,5060.0,4900.0,4910.0,4588890,550
2022-10-01 10:00:00,4900.0,4960.0,4900.0,4930.0,4507370,412
2022-10-01 11:00:00,4930.0,4950.0,4910.0,4920.0,5886882,407
2022-10-01 12:00:00,4920.0,4930.0,4900.0,4900.0,3647790,269
2022-10-02 09:00:00,4920.0,4970.0,4870.0,4940.0,5601640,510
2022-10-02 10:00:00,4930.0,4950.0,4920.0,4940.0,5727963,388
2022-10-02 11:00:00,4940.0,4940.0,4920.0,4930.0,3507851,299
2022-10-02 12:00:00,4930.0,4950.0,4920.0,4940.0,2023294,223
2022-10-03 09:00:00,4930.0,4980.0,4930.0,4940.0,2879722,323
2022-10-03 10:00:00,4940.0,4950.0,4920.0,4930.0,5032056,356
2022-10-03 11:00:00,4920.0,4930.0,4900.0,4900.0,3610002,291
2022-10-03 12:00:00,4910.0,4930.0,4900.0,4910.0,1674614,170
2022-10-04 09:00:00,4910.0,4960.0,4910.0,4920.0,2362808,293
2022-10-04 10:00:00,4910.0,4930.0,4910.0,4920.0,2463004,305
2022-10-04 11:00:00,4910.0,4930.0,4900.0,4900.0,3556135,315
2022-10-04 12:00:00,4900.0,4930.0,4900.0,4920.0,3178506,260
2022-10-08 09:00:00,4920.0,4980.0,4920.0,4924.0,3638017,439
2022-10-08 10:00:00,4924.0,4924.0,4900.0,4903.0,5232947,431
2022-10-08 11:00:00,4901.0,4916.0,4899.0,4905.0,4106943,308
2022-10-08 12:00:00,4905.0,4909.0,4902.0,4902.0,1917885,182
2022-10-09 09:00:00,4914.0,4920.0,4914.0,4914.0,8128246,499
2022-10-09 10:00:00,4915.0,4915.0,4880.0,4910.0,12557582,508
2022-10-09 11:00:00,4910.0,4911.0,4904.0,4904.0,6185086,367
2022-10-09 12:00:00,4904.0,4905.0,4900.0,4901.0,3757747,225
2022-10-10 09:00:00,4909.0,4911.0,4892.0,4892.0,7752037,442
2022-10-10 10:00:00,4892.0,4900.0,4890.0,4898.0,2835546,351
2022-10-10 11:00:00,4892.0,4899.0,4879.0,4889.0,3955454,417
2022-10-10 12:00:00,4890.0,4920.0,4882.0,4910.0,2429398,197
2022-10-10 15:00:00,4909.0,4909.0,4906.0,4906.0,575558,10
2022-10-11 09:00:00,4921.0,4968.0,4904.0,4950.0,3844531,438
2022-10-11 10:00:00,4951.0,4967.0,4925.0,4939.0,3114147,374
2022-10-11 11:00:00,4939.0,5026.0,4932.0,5026.0,3871002,335
2022-10-11 12:00:00,5026.0,5060.0,5000.0,5015.0,8815300,314
2022-10-12 09:00:00,5055.0,5067.0,5018.0,5053.0,3916925,437
2022-10-12 10:00:00,5053.0,5055.0,5033.0,5049.0,6251333,406
2022-10-12 11:00:00,5049.0,5090.0,5042.0,5073.0,5375068,330
2022-10-12 12:00:00,5080.0,5085.0,5050.0,5058.0,2317960,175
2022-10-15 09:00:00,5070.0,5080.0,4940.0,4970.0,2675956,404
2022-10-15 10:00:00,4970.0,5060.0,4970.0,5040.0,4823255,324
2022-10-15 11:00:00,5040.0,5080.0,5030.0,5040.0,3445704,266
2022-10-15 12:00:00,5030.0,5050.0,5000.0,5040.0,2065806,149
2022-10-16 09:00:00,5040.0,5040.0,4930.0,5000.0,3286341,358
2022-10-16 10:00:00,4990.0,5000.0,4960.0,4990.0,4241742,344
2022-10-16 11:00:00,4990.0,4990.0,4970.0,4970.0,3345922,273
2022-10-16 12:00:00,4970.0,5020.0,4970.0,5010.0,7613507,228
2022-10-17 09:00:00,5000.0,5000.0,4910.0,4990.0,5822015,363
2022-10-17 10:00:00,5000.0,5000.0,4960.0,4960.0,2805396,283
2022-10-17 11:00:00,4960.0,5000.0,4950.0,4990.0,2613471,283
2022-10-17 12:00:00,5000.0,5000.0,4990.0,5000.0,2999686,239
2022-10-18 09:00:00,5000.0,5010.0,4950.0,4950.0,2727675,330
2022-10-18 10:00:00,4960.0,4970.0,4940.0,4950.0,2643393,290
2022-10-18 11:00:00,4960.0,4980.0,4920.0,4930.0,2856123,289
2022-10-18 12:00:00,4930.0,4970.0,4910.0,4930.0,3956813,214
2022-10-19 09:00:00,4940.0,4960.0,4920.0,4940.0,1546413,244
2022-10-19 10:00:00,4940.0,4950.0,4890.0,4910.0,3011416,334
2022-10-19 11:00:00,4910.0,4910.0,4880.0,4890.0,2537821,313
2022-10-19 12:00:00,4890.0,4900.0,4880.0,4890.0,1386358,235
2022-10-22 09:00:00,4901.0,4910.0,4871.0,4885.0,2973781,444
2022-10-22 10:00:00,4884.0,4886.0,4859.0,4862.0,3421290,455
2022-10-22 11:00:00,4862.0,4903.0,4860.0,4876.0,10640545,432
2022-10-22 12:00:00,4876.0,4880.0,4874.0,4874.0,4118891,256
2022-10-22 14:00:00,4877.0,4882.0,4877.0,4882.0,11291948,127
2022-10-23 09:00:00,4854.0,4855.0,4777.0,4782.0,5436483,655
2022-10-23 10:00:00,4782.0,4840.0,4759.0,4759.0,7584315,457
2022-10-23 11:00:00,4758.0,4758.0,4643.0,4734.0,13091706,887
2022-10-23 12:00:00,4734.0,4736.0,4698.0,4699.0,4165581,385
2022-10-24 09:00:00,4640.0,4640.0,4420.0,4476.0,41686490,2039
2022-10-24 10:00:00,4474.0,4480.0,4437.0,4438.0,17024355,1352
2022-10-24 11:00:00,4439.0,4460.0,4422.0,4449.0,25216012,1262
2022-10-24 12:00:00,4450.0,4491.0,4449.0,4471.0,12936166,697
2022-10-25 09:00:00,4474.0,4493.0,4446.0,4460.0,17952898,1124
2022-10-25 10:00:00,4461.0,4462.0,4411.0,4413.0,16389346,1000
2022-10-25 11:00:00,4412.0,4416.0,4391.0,4391.0,17573159,1004
2022-10-25 12:00:00,4391.0,4475.0,4378.0,4472.0,5085273,492
2022-10-26 09:00:00,4424.0,4444.0,4350.0,4350.0,32589358,1076
2022-10-26 10:00:00,4350.0,4429.0,4250.0,4270.0,26810457,1163
2022-10-26 11:00:00,4268.0,4287.0,4214.0,4230.0,15605454,999
2022-10-26 12:00:00,4230.0,4288.0,4228.0,4285.0,7318172,496
2022-10-29 09:00:00,4370.0,4404.0,4370.0,4377.0,44584199,1323
2022-10-29 10:00:00,4377.0,4377.0,4319.0,4321.0,19128472,804
2022-10-29 11:00:00,4322.0,4400.0,4320.0,4321.0,16299425,771
2022-10-29 12:00:00,4322.0,4343.0,4320.0,4342.0,10120823,455
2022-10-30 09:00:00,4394.0,4516.0,4365.0,4500.0,32149632,1163
2022-10-30 10:00:00,4500.0,4502.0,4475.0,4485.0,13424563,630
2022-10-30 11:00:00,4486.0,4508.0,4486.0,4503.0,15537595,567
2022-10-30 12:00:00,4501.0,4550.0,4499.0,4550.0,12174414,512
2022-10-31 09:00:00,4550.0,4590.0,4530.0,4532.0,17425974,904
2022-10-31 10:00:00,4537.0,4550.0,4525.0,4534.0,9371234,582
2022-10-31 11:00:00,4532.0,4552.0,4517.0,4539.0,15590288,631
2022-10-31 12:00:00,4538.0,4581.0,4537.0,4580.0,11827098,404
2022-11-01 09:00:00,4580.0,4642.0,4580.0,4633.0,17148488,823
2022-11-01 10:00:00,4632.0,4632.0,4578.0,4580.0,18120865,709
2022-11-01 11:00:00,4580.0,4584.0,4560.0,4582.0,8988252,520
2022-11-01 12:00:00,4584.0,4589.0,4577.0,4582.0,4938364,304
2022-11-01 14:00:00,4630.0,4630.0,4630.0,4630.0,1983121,11
2022-11-02 09:00:00,4611.0,4633.0,4580.0,4582.0,23156863,906
2022-11-02 10:00:00,4582.0,4614.0,4522.0,4613.0,13404996,676
2022-11-02 11:00:00,4613.0,4617.0,4612.0,4613.0,9678288,523
2022-11-02 12:00:00,4614.0,4669.0,4613.0,4666.0,7920859,405
2022-11-05 09:00:00,4660.0,4932.0,4660.0,4932.0,26114766,1447
2022-11-05 10:00:00,4932.0,4932.0,4932.0,4932.0,25488833,536
2022-11-05 11:00:00,4932.0,4932.0,4932.0,4932.0,30294042,641
2022-11-05 12:00:00,4932.0,4932.0,4932.0,4932.0,18380068,390
2022-11-06 09:00:00,4944.0,5050.0,4850.0,4980.0,25878720,1543
2022-11-06 10:00:00,4980.0,5000.0,4915.0,4915.0,12658432,852
2022-11-06 11:00:00,4915.0,4922.0,4900.0,4916.0,9847785,721
2022-11-06 12:00:00,4916.0,5000.0,4915.0,4985.0,12315562,423
2022-11-06 17:00:00,4955.0,4955.0,4955.0,4955.0,4000,1
2022-11-07 09:00:00,4985.0,5170.0,4950.0,5115.0,31659110,1330
2022-11-07 10:00:00,5115.0,5200.0,5101.0,5167.0,15727554,1163
2022-11-07 11:00:00,5166.0,5249.0,5128.0,5227.0,19150150,1134
2022-11-07 12:00:00,5227.0,5245.0,5211.0,5214.0,8957888,633
2022-11-07 17:00:00,5210.0,5240.0,5210.0,5240.0,8013,5
2022-11-08 09:00:00,5221.0,5347.0,5128.0,5197.0,26356132,1691
2022-11-08 10:00:00,5196.0,5196.0,5128.0,5129.0,12473663,972
2022-11-08 11:00:00,5128.0,5170.0,5075.0,5075.0,13588620,868
2022-11-08 12:00:00,5075.0,5160.0,5034.0,5156.0,13702482,638
2022-11-09 09:00:00,5149.0,5149.0,5021.0,5061.0,11489821,989
2022-11-09 10:00:00,5061.0,5205.0,5050.0,5189.0,14907910,916
2022-11-09 11:00:00,5189.0,5259.0,5169.0,5169.0,10274656,754
2022-11-09 12:00:00,5169.0,5186.0,5155.0,5160.0,14496933,505
2022-11-12 09:00:00,5160.0,5330.0,5150.0,5280.0,20836444,1115
2022-11-12 10:00:00,5280.0,5290.0,5100.0,5130.0,11356707,819
2022-11-12 11:00:00,5130.0,5160.0,5110.0,5140.0,8593113,587
2022-11-12 12:00:00,5150.0,5160.0,5110.0,5110.0,5730058,392
2022-11-13 09:00:00,5110.0,5110.0,5040.0,5080.0,12560652,946
2022-11-13 10:00:00,5070.0,5160.0,5050.0,5060.0,7151775,666
2022-11-13 11:00:00,5050.0,5160.0,5020.0,5070.0,12257755,719
2022-11-13 12:00:00,5050.0,5100.0,5050.0,5080.0,5415060,301
2022-11-14 09:00:00,5080.0,5110.0,4930.0,4970.0,11197009,756
2022-11-14 10:00:00,4980.0,5070.0,4920.0,5070.0,12530114,913
2022-11-14 11:00:00,5070.0,5080.0,5050.0,5050.0,7880132,469
2022-11-14 12:00:00,5060.0,5080.0,5050.0,5080.0,5639104,332
2022-11-15 09:00:00,5030.0,5100.0,5020.0,5040.0,7232218,567
2022-11-15 10:00:00,5060.0,5060.0,5020.0,5040.0,5248081,396
2022-11-15 11:00:00,5040.0,5040.0,5000.0,5030.0,8625712,447
2022-11-15 12:00:00,5030.0,5100.0,5030.0,5070.0,4236779,246
2022-11-15 14:00:00,5030.0,5030.0,4990.0,5020.0,3511840,16
2022-11-16 09:00:00,5080.0,5080.0,5010.0,5050.0,8582832,439
2022-11-16 10:00:00,5050.0,5110.0,5040.0,5100.0,5004495,478
2022-11-16 11:00:00,5110.0,5110.0,5040.0,5050.0,5040515,419
2022-11-16 12:00:00,5040.0,5060.0,5010.0,5040.0,4960259,251
2022-11-19 09:00:00,5040.0,5040.0,4820.0,4930.0,10786987,960
2022-11-19 10:00:00,4930.0,4990.0,4880.0,4890.0,14665455,540
2022-11-19 11:00:00,4890.0,4910.0,4870.0,4870.0,5779583,528
2022-11-19 12:00:00,4870.0,4930.0,4850.0,4920.0,9042124,427
2022-11-20 09:00:00,4860.0,5050.0,4850.0,4980.0,12014851,656
2022-11-20 10:00:00,4990.0,4990.0,4940.0,4950.0,4123431,349
2022-11-20 11:00:00,4950.0,5000.0,4940.0,4960.0,3892784,325
2022-11-20 12:00:00,4960.0,4970.0,4940.0,4960.0,2416251,236
2022-11-21 09:00:00,4990.0,5010.0,4920.0,4980.0,9290429,527
2022-11-21 10:00:00,4990.0,5000.0,4980.0,4980.0,6624991,451
2022-11-21 11:00:00,4990.0,5000.0,4960.0,5000.0,6141322,469
2022-11-21 12:00:00,4990.0,5010.0,4950.0,4950.0,3021356,216
2022-11-22 10:00:00,4950.0,4980.0,4920.0,4920.0,3976119,435
2022-11-22 11:00:00,4920.0,4990.0,4910.0,4990.0,6037296,401
2022-11-22 12:00:00,4990.0,4990.0,4920.0,4930.0,3846848,296
2022-11-23 09:00:00,4950.0,4970.0,4900.0,4970.0,4480595,532
2022-11-23 10:00:00,4970.0,4970.0,4930.0,4930.0,5570947,445
2022-11-23 11:00:00,4940.0,4950.0,4920.0,4920.0,4020937,385
2022-11-23 12:00:00,4930.0,4930.0,4900.0,4920.0,3653170,285
2022-11-26 09:00:00,4990.0,5000.0,4880.0,4923.0,8590571,528
2022-11-26 10:00:00,4923.0,4930.0,4899.0,4899.0,5786497,414
2022-11-26 11:00:00,4900.0,4900.0,4888.0,4892.0,4071329,381
2022-11-26 12:00:00,4892.0,4913.0,4890.0,4900.0,3989189,254
2022-11-27 09:00:00,4900.0,4970.0,4871.0,4930.0,9816747,663
2022-11-27 10:00:00,4942.0,4955.0,4919.0,4923.0,4517447,354
2022-11-27 11:00:00,4923.0,4949.0,4908.0,4922.0,10798446,451
2022-11-27 12:00:00,4925.0,4960.0,4913.0,4950.0,8941892,259
2022-11-28 09:00:00,4930.0,4940.0,4910.0,4925.0,7147675,517
2022-11-28 10:00:00,4925.0,4945.0,4920.0,4922.0,9974149,597
2022-11-28 11:00:00,4922.0,4926.0,4910.0,4921.0,7908679,511
2022-11-28 12:00:00,4920.0,4938.0,4912.0,4921.0,6871108,386
2022-12-03 11:00:00,4969.0,4990.0,4949.0,4965.0,2475649,122
2022-12-03 12:00:00,4968.0,5039.0,4968.0,4990.0,9841887,684
2022-12-04 09:00:00,4950.0,5020.0,4933.0,5003.0,9710021,717
2022-12-04 10:00:00,5003.0,5014.0,4976.0,5000.0,10883085,518
2022-12-04 11:00:00,5000.0,5000.0,4975.0,4975.0,7610538,506
2022-12-04 12:00:00,4972.0,4990.0,4965.0,4981.0,8010612,336
2022-12-05 09:00:00,5000.0,5000.0,4961.0,4967.0,8879944,542
2022-12-05 10:00:00,4966.0,4970.0,4929.0,4930.0,7843298,507
2022-12-05 11:00:00,4930.0,4989.0,4930.0,4979.0,12388392,549
2022-12-05 12:00:00,4980.0,4989.0,4930.0,4988.0,6876017,368
2022-12-06 09:00:00,4962.0,4963.0,4921.0,4950.0,8510864,547
2022-12-06 10:00:00,4950.0,4952.0,4942.0,4943.0,5998437,400
2022-12-06 11:00:00,4943.0,4945.0,4927.0,4928.0,4673820,426
2022-12-06 12:00:00,4930.0,4930.0,4922.0,4922.0,3268858,270
2022-12-07 09:00:00,4915.0,4920.0,4880.0,4880.0,7412544,692
2022-12-07 10:00:00,4880.0,4880.0,4865.0,4866.0,5436464,549
2022-12-07 11:00:00,4865.0,4867.0,4860.0,4860.0,3643782,458
2022-12-07 12:00:00,4860.0,4862.0,4815.0,4817.0,4620105,403
2022-12-10 09:00:00,4819.0,4819.0,4706.0,4763.0,10432824,864
2022-12-10 10:00:00,4763.0,4800.0,4761.0,4770.0,6461829,424
2022-12-10 11:00:00,4770.0,4771.0,4745.0,4747.0,9982359,591
2022-12-10 12:00:00,4746.0,4748.0,4739.0,4740.0,4935868,347
2022-12-11 09:00:00,4759.0,4880.0,4759.0,4790.0,10490931,679
2022-12-11 10:00:00,4790.0,4791.0,4759.0,4790.0,7658120,634
2022-12-11 11:00:00,4790.0,4812.0,4788.0,4804.0,9871166,616
2022-12-11 12:00:00,4804.0,4815.0,4803.0,4806.0,5160477,273
2022-12-12 09:00:00,4800.0,4949.0,4800.0,4947.0,8945925,725
2022-12-12 10:00:00,4947.0,5030.0,4945.0,4998.0,16559256,770
2022-12-12 11:00:00,4997.0,5000.0,4915.0,4945.0,7250070,551
2022-12-12 12:00:00,4948.0,5020.0,4948.0,5020.0,7614063,346
2022-12-13 09:00:00,5051.0,5312.0,5051.0,5312.0,45339992,1668
2022-12-13 10:00:00,5312.0,5312.0,5305.0,5307.0,39003953,1322
2022-12-13 11:00:00,5307.0,5312.0,5230.0,5312.0,19993329,953
2022-12-13 12:00:00,5312.0,5312.0,5312.0,5312.0,8805583,207
2022-12-14 09:00:00,5380.0,5647.0,5360.0,5496.0,31088907,1649
2022-12-14 10:00:00,5496.0,5500.0,5424.0,5429.0,21257957,996
2022-12-14 11:00:00,5430.0,5440.0,5405.0,5433.0,17205813,908
2022-12-14 12:00:00,5434.0,5455.0,5430.0,5438.0,9357711,552
2022-12-17 09:00:00,5450.0,5460.0,5320.0,5390.0,16151732,1076
2022-12-17 10:00:00,5400.0,5410.0,5350.0,5370.0,11227731,661
2022-12-17 11:00:00,5380.0,5450.0,5360.0,5420.0,12554449,640
2022-12-17 12:00:00,5420.0,5420.0,5390.0,5410.0,5533824,392
2022-12-18 09:00:00,5470.0,5720.0,5470.0,5630.0,25701780,1284
2022-12-18 10:00:00,5630.0,5660.0,5590.0,5600.0,11745039,747
2022-12-18 11:00:00,5600.0,5620.0,5580.0,5600.0,15375514,625
2022-12-18 12:00:00,5590.0,5670.0,5590.0,5630.0,12990727,493
2022-12-19 09:00:00,5700.0,5700.0,5500.0,5630.0,15861660,893
2022-12-19 10:00:00,5630.0,5740.0,5620.0,5720.0,15022176,884
2022-12-19 11:00:00,5710.0,5720.0,5560.0,5560.0,13191619,759
2022-12-19 12:00:00,5570.0,5580.0,5540.0,5580.0,8899612,428
2022-12-20 09:00:00,5630.0,5650.0,5500.0,5590.0,10218438,671
2022-12-20 10:00:00,5580.0,5590.0,5500.0,5500.0,10211640,607
2022-12-20 11:00:00,5500.0,5540.0,5490.0,5490.0,7066418,501
2022-12-20 12:00:00,5490.0,5550.0,5490.0,5530.0,4386281,319
2022-12-21 09:00:00,5490.0,5610.0,5450.0,5540.0,12205217,682
2022-12-21 10:00:00,5550.0,5600.0,5490.0,5510.0,4690010,403
2022-12-21 11:00:00,5510.0,5530.0,5490.0,5500.0,5101768,431
2022-12-21 12:00:00,5500.0,5540.0,5490.0,5540.0,5409901,292
2022-12-24 09:00:00,5600.0,5840.0,5570.0,5740.0,14368591,1079
2022-12-24 10:00:00,5730.0,5770.0,5670.0,5740.0,10504754,721
2022-12-24 11:00:00,5740.0,5910.0,5740.0,5900.0,27135978,1047
2022-12-24 12:00:00,5890.0,5910.0,5880.0,5910.0,14807151,702
2022-12-25 09:00:00,6000.0,6050.0,5830.0,5920.0,18103154,1421
2022-12-25 10:00:00,5930.0,5930.0,5870.0,5890.0,9542640,805
2022-12-25 11:00:00,5900.0,5950.0,5890.0,5920.0,13651508,746
2022-12-25 12:00:00,5920.0,5930.0,5880.0,5880.0,5988099,456
2022-12-25 17:00:00,5910.0,5910.0,5910.0,5910.0,82303,6
2022-12-26 09:00:00,5890.0,5920.0,5760.0,5900.0,15079550,1186
2022-12-26 10:00:00,5900.0,5940.0,5860.0,5910.0,15480328,874
2022-12-26 11:00:00,5900.0,5940.0,5890.0,5910.0,11291141,697
2022-12-26 12:00:00,5920.0,5930.0,5850.0,5880.0,7914624,500
2022-12-28 09:00:00,6100.0,6290.0,6100.0,6290.0,48021317,1835
2022-12-28 10:00:00,6290.0,6290.0,6290.0,6290.0,19619887,890
2022-12-28 11:00:00,6290.0,6290.0,6290.0,6290.0,33209389,937
2022-12-28 12:00:00,6290.0,6290.0,6290.0,6290.0,15084172,555
2022-12-31 09:00:00,5870.0,6250.0,5850.0,5990.0,42965623,2371
2022-12-31 10:00:00,5990.0,6110.0,5950.0,6060.0,18588024,1259
2022-12-31 11:00:00,6070.0,6110.0,6030.0,6040.0,17877679,990
2022-12-31 12:00:00,6040.0,6040.0,5900.0,5910.0,14822326,789
2023-01-01 09:00:00,5870.0,6090.0,5850.0,5850.0,20867270,1514
2023-01-01 10:00:00,5850.0,5860.0,5730.0,5730.0,20709208,1199
2023-01-01 11:00:00,5730.0,5840.0,5700.0,5820.0,18529479,1099
2023-01-01 12:00:00,5810.0,5970.0,5810.0,5920.0,9812983,591
2023-01-02 09:00:00,6000.0,6030.0,5950.0,6000.0,17615061,1260
2023-01-02 10:00:00,6000.0,6020.0,5950.0,5960.0,14478838,912
2023-01-02 11:00:00,5970.0,5980.0,5940.0,5950.0,9554385,742
2023-01-02 12:00:00,5950.0,5980.0,5940.0,5960.0,6191166,450
2023-01-03 09:00:00,6020.0,6050.0,5920.0,5970.0,17982335,1170
2023-01-03 10:00:00,5970.0,5990.0,5850.0,5920.0,20646162,949
2023-01-03 11:00:00,5920.0,5930.0,5860.0,5880.0,6396847,699
2023-01-03 12:00:00,5880.0,5930.0,5870.0,5900.0,12630912,502
2023-01-04 09:00:00,5930.0,5930.0,5780.0,5810.0,6004886,829
2023-01-04 10:00:00,5810.0,5840.0,5770.0,5780.0,7354718,690
2023-01-04 11:00:00,5770.0,5790.0,5760.0,5790.0,9615624,769
2023-01-04 12:00:00,5780.0,5900.0,5770.0,5880.0,9148024,476
2023-01-04 15:00:00,5880.0,5880.0,5880.0,5880.0,3200000,33
2023-01-07 09:00:00,5880.0,5990.0,5880.0,5960.0,12098564,1008
2023-01-07 10:00:00,5960.0,5960.0,5800.0,5840.0,12094286,900
2023-01-07 11:00:00,5840.0,5890.0,5830.0,5880.0,7484361,685
2023-01-07 12:00:00,5870.0,5950.0,5850.0,5930.0,9118059,551
2023-01-08 09:00:00,6050.0,6220.0,6050.0,6160.0,26600811,1503
2023-01-08 10:00:00,6160.0,6170.0,6020.0,6060.0,21884969,986
2023-01-08 11:00:00,6070.0,6090.0,6020.0,6030.0,15932616,866
2023-01-08 12:00:00,6030.0,6040.0,5970.0,6010.0,13396107,707
2023-01-09 09:00:00,6050.0,6090.0,6010.0,6070.0,16154353,1184
2023-01-09 10:00:00,6070.0,6150.0,6050.0,6110.0,18009728,962
2023-01-09 11:00:00,6100.0,6290.0,6090.0,6190.0,22197663,1157
2023-01-09 12:00:00,6190.0,6220.0,6160.0,6210.0,11309688,569
2023-01-10 09:00:00,6410.0,6550.0,6410.0,6460.0,55001349,2261
2023-01-10 10:00:00,6460.0,6500.0,6390.0,6420.0,18328091,1330
2023-01-10 11:00:00,6430.0,6440.0,6380.0,6420.0,16127878,1200
2023-01-10 12:00:00,6420.0,6480.0,6410.0,6460.0,13773855,676
2023-01-11 09:00:00,6480.0,6510.0,6300.0,6490.0,14595743,1416
2023-01-11 10:00:00,6480.0,6530.0,6440.0,6440.0,13709914,989
2023-01-11 11:00:00,6440.0,6440.0,6350.0,6360.0,11953648,971
2023-01-11 12:00:00,6360.0,6380.0,6340.0,6350.0,11513808,674
2023-01-14 09:00:00,6240.0,6360.0,6060.0,6270.0,19850311,1350
2023-01-14 10:00:00,6270.0,6340.0,6230.0,6330.0,15393459,860
2023-01-14 11:00:00,6320.0,6470.0,6290.0,6440.0,14202813,871
2023-01-14 12:00:00,6440.0,6460.0,6410.0,6430.0,10392575,598
2023-01-16 09:00:00,6430.0,6560.0,6380.0,6460.0,13741660,1151
2023-01-16 10:00:00,6460.0,6470.0,6400.0,6460.0,12978785,969
2023-01-16 11:00:00,6460.0,6480.0,6450.0,6470.0,9257856,783
2023-01-16 12:00:00,6460.0,6480.0,6450.0,6470.0,10155983,621
2023-01-17 09:00:00,6510.0,6560.0,6370.0,6460.0,18436708,1440
2023-01-17 10:00:00,6460.0,6470.0,6410.0,6430.0,14518312,1079
2023-01-17 11:00:00,6430.0,6450.0,6370.0,6440.0,15438553,948
2023-01-17 12:00:00,6430.0,6450.0,6360.0,6390.0,6943176,524
2023-01-18 09:00:00,6410.0,6460.0,6350.0,6430.0,14704904,1055
2023-01-18 10:00:00,6430.0,6440.0,6370.0,6370.0,5868120,886
2023-01-18 11:00:00,6380.0,6440.0,6360.0,6410.0,11357711,847
2023-01-18 12:00:00,6410.0,6410.0,6360.0,6380.0,7941983,581
2023-01-21 09:00:00,6190.0,6310.0,6110.0,6150.0,34914300,1874
2023-01-21 10:00:00,6150.0,6180.0,6100.0,6110.0,18774352,1161
2023-01-21 11:00:00,6120.0,6130.0,6100.0,6120.0,22011974,1215
2023-01-21 12:00:00,6120.0,6160.0,6100.0,6130.0,11843031,684
2023-01-22 09:00:00,6130.0,6270.0,6130.0,6140.0,18206127,1245
2023-01-22 10:00:00,6150.0,6150.0,6110.0,6140.0,16779264,979
2023-01-22 11:00:00,6150.0,6280.0,6140.0,6260.0,11061080,847
2023-01-22 12:00:00,6260.0,6290.0,6220.0,6240.0,5887803,443
2023-01-23 09:00:00,6240.0,6380.0,6240.0,6250.0,13484859,963
2023-01-23 10:00:00,6260.0,6270.0,6200.0,6210.0,11637534,766
2023-01-23 11:00:00,6220.0,6270.0,6110.0,6210.0,19461496,1052
2023-01-23 12:00:00,6220.0,6270.0,6210.0,6260.0,5964404,419
2023-01-24 09:00:00,6220.0,6270.0,6190.0,6240.0,12367929,852
2023-01-24 10:00:00,6250.0,6250.0,6160.0,6160.0,6319888,578
2023-01-24 11:00:00,6160.0,6190.0,6140.0,6190.0,5663636,577
2023-01-24 12:00:00,6180.0,6240.0,6170.0,6210.0,5722317,358
2023-01-25 09:00:00,6200.0,6200.0,6060.0,6080.0,12000757,966
2023-01-25 10:00:00,6070.0,6110.0,6030.0,6050.0,21039198,1057
2023-01-25 11:00:00,6050.0,6130.0,6030.0,6110.0,9642176,576
2023-01-25 12:00:00,6110.0,6130.0,6090.0,6100.0,5978670,445
2023-01-28 09:00:00,6140.0,6180.0,6040.0,6080.0,21394769,1335
2023-01-28 10:00:00,6080.0,6110.0,6060.0,6070.0,9258575,689
2023-01-28 11:00:00,6060.0,6080.0,6040.0,6040.0,7448645,706
2023-01-28 12:00:00,6040.0,6070.0,6020.0,6030.0,5052779,378
2023-01-29 09:00:00,6010.0,6020.0,5810.0,5840.0,26812051,1338
2023-01-29 10:00:00,5840.0,5910.0,5810.0,5810.0,23781498,1134
2023-01-29 11:00:00,5810.0,5840.0,5800.0,5820.0,11827056,893
2023-01-29 12:00:00,5820.0,5980.0,5810.0,5970.0,12479381,509
2023-01-30 09:00:00,5800.0,5980.0,5680.0,5690.0,14009823,1142
2023-01-30 10:00:00,5690.0,5930.0,5690.0,5890.0,14727624,886
2023-01-30 11:00:00,5900.0,6010.0,5890.0,5960.0,9312205,619
2023-01-30 12:00:00,5960.0,5990.0,5910.0,5970.0,8664959,414
2023-01-31 09:00:00,5970.0,6100.0,5910.0,6000.0,9909783,806
2023-01-31 10:00:00,6010.0,6030.0,5930.0,5950.0,10546402,678
2023-01-31 11:00:00,5950.0,6000.0,5950.0,5980.0,11599353,570
2023-01-31 12:00:00,5980.0,6000.0,5960.0,5990.0,5608579,342
2023-02-01 09:00:00,6000.0,6030.0,5960.0,5970.0,11295790,651
2023-02-01 10:00:00,5980.0,6010.0,5960.0,5980.0,10292205,493
2023-02-01 11:00:00,5980.0,6020.0,5970.0,5990.0,8411338,489
2023-02-01 12:00:00,5990.0,6010.0,5970.0,5980.0,9484420,413
2023-02-05 09:00:00,5980.0,6000.0,5890.0,5950.0,13593768,796
2023-02-05 10:00:00,5950.0,5980.0,5920.0,5950.0,7657064,551
2023-02-05 11:00:00,5950.0,5970.0,5920.0,5950.0,23993110,860
2023-02-05 12:00:00,5940.0,5960.0,5930.0,5950.0,12968145,429
2023-02-06 09:00:00,5950.0,6010.0,5940.0,5990.0,15262028,783
2023-02-06 10:00:00,5990.0,6010.0,5960.0,6000.0,11379229,578
2023-02-06 11:00:00,6000.0,6030.0,6000.0,6030.0,7374853,564
2023-02-06 12:00:00,6020.0,6080.0,6020.0,6050.0,7768006,387
2023-02-07 09:00:00,6050.0,6270.0,6050.0,6170.0,11999033,808
2023-02-07 10:00:00,6170.0,6190.0,6120.0,6130.0,8269072,523
2023-02-07 11:00:00,6130.0,6170.0,6120.0,6160.0,12055182,515
2023-02-07 12:00:00,6160.0,6270.0,6140.0,6250.0,10222509,473
2023-02-08 09:00:00,6220.0,6380.0,6220.0,6290.0,10916492,848
2023-02-08 10:00:00,6270.0,6320.0,6270.0,6290.0,14032370,742
2023-02-08 11:00:00,6280.0,6290.0,6200.0,6210.0,10885906,636
2023-02-08 12:00:00,6220.0,6240.0,6200.0,6210.0,6092352,414
2023-02-12 09:00:00,6220.0,6290.0,6200.0,6240.0,11892035,757
2023-02-12 10:00:00,6240.0,6260.0,6230.0,6240.0,7320273,590
2023-02-12 11:00:00,6240.0,6300.0,6230.0,6260.0,10474997,619
2023-02-12 12:00:00,6260.0,6280.0,6250.0,6280.0,7415945,339
2023-02-13 09:00:00,6290.0,6410.0,6260.0,6350.0,10031098,709
2023-02-13 10:00:00,6350.0,6360.0,6310.0,6320.0,11026249,645
2023-02-13 11:00:00,6320.0,6330.0,6270.0,6280.0,12709900,613
2023-02-13 12:00:00,6280.0,6310.0,6270.0,6290.0,12227031,422
2023-02-14 09:00:00,6310.0,6350.0,6270.0,6320.0,10509438,667
2023-02-14 10:00:00,6310.0,6320.0,6260.0,6280.0,9396681,535
2023-02-14 11:00:00,6290.0,6290.0,6240.0,6250.0,9880122,568
2023-02-14 12:00:00,6260.0,6330.0,6250.0,6260.0,8425765,416
2023-02-15 09:00:00,6260.0,6330.0,6210.0,6290.0,10723933,709
2023-02-15 10:00:00,6290.0,6290.0,6260.0,6260.0,7679670,551
2023-02-15 11:00:00,6280.0,6280.0,6240.0,6240.0,5213938,453
2023-02-15 12:00:00,6250.0,6280.0,6240.0,6270.0,8095247,384
2023-02-19 09:00:00,6300.0,6410.0,6290.0,6380.0,16665980,973
2023-02-19 10:00:00,6370.0,6380.0,6310.0,6330.0,11318527,752
2023-02-19 11:00:00,6330.0,6510.0,6320.0,6470.0,25592563,1139
2023-02-19 12:00:00,6470.0,6580.0,6420.0,6550.0,24083939,900
2023-02-20 09:00:00,6830.0,6860.0,6700.0,6860.0,53562856,1550
2023-02-20 10:00:00,6860.0,6860.0,6860.0,6860.0,11504538,650
2023-02-20 11:00:00,6860.0,6860.0,6860.0,6860.0,13847652,524
2023-02-20 12:00:00,6860.0,6860.0,6860.0,6860.0,4497176,208
2023-02-21 09:00:00,7340.0,7340.0,7300.0,7340.0,49027588,1464
2023-02-21 10:00:00,7340.0,7340.0,7340.0,7340.0,28107775,870
2023-02-21 11:00:00,7340.0,7340.0,7280.0,7340.0,47735018,1825
2023-02-21 12:00:00,7340.0,7340.0,7340.0,7340.0,9574914,548
2023-02-22 09:00:00,7380.0,7570.0,7250.0,7290.0,43332028,2444
2023-02-22 10:00:00,7290.0,7410.0,7270.0,7360.0,22898934,1537
2023-02-22 11:00:00,7350.0,7520.0,7330.0,7490.0,34682780,1533
2023-02-22 12:00:00,7500.0,7700.0,7480.0,7640.0,21499949,1135
2023-02-25 09:00:00,7960.0,7960.0,7960.0,7960.0,44987334,1532
2023-02-25 10:00:00,7960.0,7960.0,7960.0,7960.0,7205248,722
2023-02-25 11:00:00,7960.0,7960.0,7960.0,7960.0,3896285,541
2023-02-25 12:00:00,7960.0,7960.0,7960.0,7960.0,2824096,246
2023-02-25 17:00:00,7960.0,7960.0,7960.0,7960.0,6400000,190
2023-02-25 18:00:00,7960.0,7960.0,7960.0,7960.0,14707,1
2023-02-26 09:00:00,8510.0,8510.0,8510.0,8510.0,46243411,1776
2023-02-26 10:00:00,8510.0,8510.0,8220.0,8510.0,43610487,2342
2023-02-26 11:00:00,8510.0,8510.0,8260.0,8380.0,35491138,2411
2023-02-26 12:00:00,8390.0,8510.0,8380.0,8510.0,19682600,1164
2023-02-26 17:00:00,8510.0,8510.0,8510.0,8510.0,2534,1
2023-02-27 09:00:00,8370.0,8590.0,8070.0,8480.0,47250346,2711
2023-02-27 10:00:00,8490.0,8750.0,8480.0,8520.0,39423135,2288
2023-02-27 11:00:00,8520.0,8540.0,8440.0,8470.0,23760829,1743
2023-02-27 12:00:00,8470.0,8500.0,8380.0,8450.0,12654918,996
2023-02-28 09:00:00,8550.0,8670.0,8270.0,8500.0,24887476,1878
2023-02-28 10:00:00,8500.0,8660.0,8490.0,8630.0,23337017,1564
2023-02-28 11:00:00,8620.0,8700.0,8590.0,8600.0,26470305,1375
2023-02-28 12:00:00,8620.0,8620.0,8440.0,8480.0,15223033,983
2023-03-01 09:00:00,8490.0,8560.0,8310.0,8440.0,30265484,1868
2023-03-01 10:00:00,8430.0,8520.0,8400.0,8430.0,14746951,1197
2023-03-01 11:00:00,8430.0,8450.0,8300.0,8300.0,31418029,1539
2023-03-01 12:00:00,8300.0,8300.0,8200.0,8220.0,26490999,1089
2023-03-04 09:00:00,8210.0,8230.0,8120.0,8160.0,21584442,1574
2023-03-04 10:00:00,8170.0,8170.0,8020.0,8030.0,23759781,1683
2023-03-04 11:00:00,8020.0,8120.0,8020.0,8060.0,12229796,1247
2023-03-04 12:00:00,8060.0,8110.0,8050.0,8050.0,12916109,714
2023-03-05 09:00:00,8050.0,8350.0,8010.0,8090.0,14926210,1337
2023-03-05 10:00:00,8100.0,8110.0,8060.0,8090.0,11163435,985
2023-03-05 11:00:00,8080.0,8090.0,8020.0,8030.0,12615888,903
2023-03-05 12:00:00,8030.0,8070.0,8000.0,8070.0,8479707,640
2023-03-06 09:00:00,8070.0,8070.0,7760.0,7940.0,39506047,1677
2023-03-06 10:00:00,7950.0,7970.0,7880.0,7960.0,12814934,1024
2023-03-06 11:00:00,7960.0,7970.0,7900.0,7910.0,13879966,806
2023-03-06 12:00:00,7900.0,7990.0,7900.0,7960.0,7029769,516
2023-03-07 09:00:00,8010.0,8240.0,8010.0,8160.0,18498229,1354
2023-03-07 10:00:00,8170.0,8490.0,8160.0,8490.0,36032144,1577
2023-03-07 11:00:00,8490.0,8490.0,8470.0,8490.0,64625142,2178
2023-03-07 12:00:00,8490.0,8490.0,8480.0,8490.0,22688261,852
2023-03-11 09:00:00,8440.0,8490.0,8160.0,8160.0,35759264,2359
2023-03-11 10:00:00,8170.0,8230.0,8160.0,8210.0,12245157,1282
2023-03-11 11:00:00,8210.0,8220.0,8140.0,8160.0,16967291,1246
2023-03-11 12:00:00,8150.0,8160.0,8100.0,8120.0,12042635,910
2023-03-12 09:00:00,8000.0,8060.0,7790.0,8010.0,24949699,1858
2023-03-12 10:00:00,8000.0,8010.0,7910.0,7930.0,16943928,1135
2023-03-12 11:00:00,7930.0,7950.0,7900.0,7900.0,22810816,1166
2023-03-12 12:00:00,7920.0,7920.0,7860.0,7900.0,13660018,830
2023-03-13 09:00:00,7920.0,8100.0,7910.0,7920.0,23752896,1674
2023-03-13 10:00:00,7920.0,8000.0,7890.0,7930.0,18486014,1533
2023-03-13 11:00:00,7920.0,7930.0,7880.0,7910.0,19782225,1329
2023-03-13 12:00:00,7910.0,7940.0,7880.0,7930.0,14513423,1000
2023-03-19 11:00:00,5770.0,6050.0,5770.0,5930.0,59821196,2016
2023-03-19 12:00:00,5930.0,6060.0,5900.0,6000.0,43508420,1371
2023-03-25 09:00:00,6150.0,6170.0,5910.0,6120.0,27808228,2126
2023-03-25 10:00:00,6130.0,6300.0,6110.0,6280.0,43842283,2085
2023-03-25 11:00:00,6280.0,6300.0,6250.0,6300.0,41972103,2060
2023-03-25 12:00:00,6300.0,6300.0,6230.0,6300.0,13848006,1088
2023-03-26 09:00:00,6380.0,6550.0,6240.0,6510.0,30326330,2333
2023-03-26 10:00:00,6500.0,6570.0,6230.0,6250.0,27473208,2240
2023-03-26 11:00:00,6250.0,6280.0,6110.0,6200.0,23538791,2051
2023-03-26 12:00:00,6200.0,6250.0,6170.0,6180.0,12887712,1051
2023-03-27 09:00:00,6200.0,6350.0,6050.0,6280.0,20555961,1947
2023-03-27 10:00:00,6290.0,6480.0,6260.0,6400.0,23535237,1736
2023-03-27 11:00:00,6400.0,6450.0,6320.0,6390.0,15423703,1355
2023-03-27 12:00:00,6390.0,6410.0,6360.0,6400.0,7721604,697
2023-03-28 09:00:00,6430.0,6460.0,6210.0,6260.0,35855910,2603
2023-03-28 10:00:00,6260.0,6300.0,6210.0,6300.0,17674345,1828
2023-03-28 11:00:00,6310.0,6370.0,6270.0,6310.0,19564087,1584
2023-03-28 12:00:00,6310.0,6340.0,6280.0,6320.0,9744486,959
2023-03-29 09:00:00,6330.0,6360.0,6250.0,6290.0,22860762,2114
2023-03-29 10:00:00,6290.0,6400.0,6280.0,6310.0,21526670,1796
2023-03-29 11:00:00,6320.0,6340.0,6280.0,6300.0,19664255,1656
2023-03-29 12:00:00,6300.0,6330.0,6290.0,6320.0,13826615,1032
2023-04-03 09:00:00,6240.0,6260.0,6020.0,6220.0,28344818,2455
2023-04-03 10:00:00,6210.0,6240.0,6160.0,6230.0,24111862,1951
2023-04-03 11:00:00,6230.0,6250.0,6200.0,6230.0,23099996,1862
2023-04-03 12:00:00,6230.0,6300.0,6220.0,6300.0,15498919,968
2023-04-04 09:00:00,6300.0,6410.0,6250.0,6250.0,34614157,2283
2023-04-04 10:00:00,6250.0,6300.0,6220.0,6220.0,17868339,1498
2023-04-04 11:00:00,6230.0,6240.0,6160.0,6230.0,18396262,1609
2023-04-04 12:00:00,6230.0,6230.0,6180.0,6180.0,7932862,767
2023-04-05 09:00:00,6230.0,6270.0,6100.0,6190.0,29884863,2079
2023-04-05 10:00:00,6190.0,6260.0,6160.0,6200.0,24067690,1600
2023-04-05 11:00:00,6210.0,6260.0,6160.0,6230.0,30674333,1690
2023-04-05 12:00:00,6220.0,6280.0,6210.0,6230.0,13210686,772
2023-04-08 09:00:00,6220.0,6390.0,6180.0,6320.0,37905842,2412
2023-04-08 10:00:00,6320.0,6620.0,6300.0,6590.0,48482411,2358
2023-04-08 11:00:00,6600.0,6630.0,6500.0,6500.0,33693326,1911
2023-04-08 12:00:00,6500.0,6500.0,6370.0,6430.0,17086745,936
2023-04-09 09:00:00,6570.0,6570.0,6370.0,6420.0,30443255,2116
2023-04-09 10:00:00,6400.0,6500.0,6360.0,6430.0,25367002,1817
2023-04-09 11:00:00,6430.0,6460.0,6380.0,6400.0,21202864,1402
2023-04-09 12:00:00,6390.0,6400.0,6350.0,6370.0,18040631,1016
2023-04-10 09:00:00,6400.0,6480.0,6290.0,6310.0,33057079,2188
2023-04-10 10:00:00,6290.0,6360.0,6210.0,6220.0,23060664,1943
2023-04-10 11:00:00,6210.0,6230.0,6130.0,6130.0,25563189,1985
2023-04-10 12:00:00,6140.0,6200.0,6110.0,6170.0,15952742,1024
2023-04-11 10:00:00,6220.0,6320.0,6130.0,6170.0,29010682,1690
2023-04-11 11:00:00,6160.0,6250.0,6140.0,6220.0,17445184,1411
2023-04-11 12:00:00,6210.0,6230.0,6170.0,6220.0,15459601,864
2023-04-15 09:00:00,6300.0,6390.0,6260.0,6360.0,30261982,2242
2023-04-15 10:00:00,6350.0,6410.0,6310.0,6330.0,34743825,1905
2023-04-15 11:00:00,6320.0,6330.0,6260.0,6300.0,23900160,1688
2023-04-15 12:00:00,6300.0,6300.0,6280.0,6290.0,15384965,1028
2023-04-16 09:00:00,6400.0,6420.0,6250.0,6410.0,38355049,2160
2023-04-16 10:00:00,6410.0,6420.0,6290.0,6330.0,23128885,1659
2023-04-16 11:00:00,6330.0,6340.0,6280.0,6280.0,14735170,1288
2023-04-16 12:00:00,6280.0,6310.0,6260.0,6290.0,15609796,831
2023-04-17 09:00:00,6330.0,6350.0,6280.0,6350.0,40593637,1969
2023-04-17 10:00:00,6330.0,6460.0,6320.0,6400.0,34763655,1820
2023-04-17 11:00:00,6400.0,6400.0,6280.0,6290.0,23900098,1588
2023-04-17 12:00:00,6280.0,6320.0,6270.0,6320.0,13302666,889
2023-04-18 09:00:00,6310.0,6500.0,6280.0,6490.0,40463286,2265
2023-04-18 10:00:00,6490.0,6500.0,6340.0,6340.0,33261420,1859
2023-04-18 11:00:00,6340.0,6370.0,6270.0,6290.0,28194987,1709
2023-04-18 12:00:00,6280.0,6300.0,6260.0,6300.0,15847843,1017
2023-04-19 09:00:00,6370.0,6410.0,6250.0,6380.0,31780193,1836
2023-04-19 10:00:00,6370.0,6380.0,6290.0,6310.0,19669020,1331
2023-04-19 11:00:00,6300.0,6300.0,6230.0,6260.0,17811522,1475
2023-04-19 12:00:00,6260.0,6310.0,6260.0,6300.0,12550890,706
2023-04-19 17:00:00,6370.0,6370.0,6370.0,6370.0,6881,1
2023-04-24 09:00:00,6310.0,6340.0,6210.0,6260.0,21791218,1725
2023-04-24 10:00:00,6250.0,6290.0,6250.0,6250.0,15452601,1333
2023-04-24 11:00:00,6250.0,6310.0,6250.0,6300.0,27269314,1307
2023-04-24 12:00:00,6290.0,6320.0,6250.0,6320.0,16455405,744
2023-04-25 09:00:00,6240.0,6490.0,6240.0,6420.0,41807884,2179
2023-04-25 10:00:00,6420.0,6430.0,6370.0,6380.0,24854336,1548
2023-04-25 11:00:00,6370.0,6390.0,6300.0,6320.0,21895301,1290
2023-04-25 12:00:00,6320.0,6360.0,6290.0,6340.0,10105697,590
2023-04-26 09:00:00,6330.0,6390.0,6250.0,6360.0,15972156,1495
2023-04-26 10:00:00,6350.0,6410.0,6340.0,6390.0,28313108,1492
2023-04-26 11:00:00,6400.0,6420.0,6370.0,6400.0,37392076,1608
2023-04-26 12:00:00,6390.0,6500.0,6390.0,6490.0,25509602,1186
2023-04-29 09:00:00,6670.0,6840.0,6670.0,6840.0,97516023,2698
2023-04-29 10:00:00,6840.0,6840.0,6830.0,6840.0,45592274,1750
2023-04-29 11:00:00,6840.0,6840.0,6840.0,6840.0,26609039,968
2023-04-29 12:00:00,6840.0,6840.0,6840.0,6840.0,8680780,395
2023-04-30 09:00:00,7060.0,7060.0,6880.0,6970.0,60855542,2748
2023-04-30 10:00:00,6970.0,7290.0,6970.0,7100.0,50273089,2289
2023-04-30 11:00:00,7110.0,7290.0,7060.0,7120.0,52456884,2111
2023-04-30 12:00:00,7280.0,7280.0,7090.0,7190.0,37535078,1508
2023-04-30 13:00:00,7190.0,7200.0,7130.0,7140.0,14346523,319
2023-04-30 14:00:00,7290.0,7290.0,7290.0,7290.0,388965,5
2023-05-02 09:00:00,7180.0,7360.0,7120.0,7260.0,34502155,2065
2023-05-02 10:00:00,7260.0,7300.0,7240.0,7250.0,22776685,1485
2023-05-02 11:00:00,7250.0,7350.0,7250.0,7330.0,23534374,1357
2023-05-02 12:00:00,7330.0,7370.0,7180.0,7350.0,26780107,898
2023-05-03 09:00:00,7340.0,7340.0,7140.0,7220.0,28865905,2109
2023-05-03 10:00:00,7220.0,7320.0,7200.0,7290.0,30112945,1582
2023-05-03 11:00:00,7280.0,7290.0,7200.0,7210.0,31970942,1581
2023-05-03 12:00:00,7200.0,7220.0,7190.0,7210.0,14274213,889
2023-05-03 14:00:00,7280.0,7280.0,7280.0,7280.0,58831,3
2023-05-06 09:00:00,7260.0,7360.0,7090.0,7210.0,38998892,2295
2023-05-06 10:00:00,7210.0,7270.0,7190.0,7250.0,18940390,1538
2023-05-06 11:00:00,7250.0,7260.0,7220.0,7240.0,22871466,1550
2023-05-06 12:00:00,7240.0,7260.0,7230.0,7240.0,12978684,920
2023-05-06 15:00:00,7220.0,7220.0,7220.0,7220.0,405939,9
2023-05-07 09:00:00,7230.0,7250.0,6870.0,7010.0,43437304,2487
2023-05-07 10:00:00,7010.0,7020.0,6730.0,6770.0,36836766,2413
2023-05-07 11:00:00,6770.0,6790.0,6730.0,6730.0,38281916,2135
2023-05-07 12:00:00,6730.0,6740.0,6730.0,6730.0,11493428,840
2023-05-08 09:00:00,6540.0,6870.0,6400.0,6410.0,62826542,3029
2023-05-08 10:00:00,6400.0,6410.0,6400.0,6400.0,16797884,1260
2023-05-08 11:00:00,6400.0,6400.0,6400.0,6400.0,5359995,442
2023-05-08 12:00:00,6400.0,6400.0,6400.0,6400.0,5034945,364
2023-05-09 09:00:00,6170.0,6750.0,6170.0,6610.0,41173131,2635
2023-05-09 10:00:00,6610.0,6620.0,6540.0,6610.0,15885781,1566
2023-05-09 11:00:00,6610.0,6800.0,6590.0,6710.0,16324356,1378
2023-05-09 12:00:00,6710.0,6740.0,6700.0,6730.0,7381315,668
2023-05-10 09:00:00,6820.0,6820.0,6540.0,6560.0,26727167,2002
2023-05-10 10:00:00,6560.0,6570.0,6430.0,6440.0,39571914,1821
2023-05-10 11:00:00,6430.0,6650.0,6420.0,6590.0,29627282,1258
2023-05-10 12:00:00,6590.0,6660.0,6560.0,6620.0,20546234,720
2023-05-10 14:00:00,6630.0,6630.0,6630.0,6630.0,696550,10
2023-05-13 09:00:00,6560.0,6610.0,6270.0,6280.0,56398207,2403
2023-05-13 10:00:00,6270.0,6340.0,6200.0,6340.0,26731709,1743
2023-05-13 11:00:00,6350.0,6510.0,6350.0,6480.0,30094209,1362
2023-05-13 12:00:00,6490.0,6540.0,6460.0,6520.0,16091818,706
2023-05-14 09:00:00,6460.0,6770.0,6460.0,6570.0,19942000,1583
2023-05-14 10:00:00,6570.0,6700.0,6540.0,6690.0,18410612,1262
2023-05-14 11:00:00,6680.0,6790.0,6650.0,6710.0,20579453,1242
2023-05-14 12:00:00,6710.0,6770.0,6670.0,6700.0,14486324,706
2023-05-15 09:00:00,6750.0,6760.0,6590.0,6710.0,28062988,1519
2023-05-15 10:00:00,6710.0,6750.0,6630.0,6660.0,13022788,940
2023-05-15 11:00:00,6660.0,6700.0,6650.0,6670.0,15831142,879
2023-05-15 12:00:00,6680.0,6730.0,6650.0,6730.0,10897738,544
2023-05-20 10:00:00,6500.0,6520.0,6410.0,6430.0,19488357,1223
2023-05-20 11:00:00,6420.0,6480.0,6380.0,6390.0,23279149,1441
2023-05-20 12:00:00,6390.0,6490.0,6380.0,6470.0,16262726,738
2023-05-21 09:00:00,6380.0,6430.0,6330.0,6420.0,23203822,1354
2023-05-21 10:00:00,6430.0,6430.0,6320.0,6320.0,21653769,1227
2023-05-21 11:00:00,6320.0,6570.0,6320.0,6530.0,35620220,1138
2023-05-21 12:00:00,6530.0,6560.0,6450.0,6530.0,18966248,598
2023-05-21 14:00:00,6400.0,6530.0,6400.0,6530.0,910097,8
2023-05-22 09:00:00,6530.0,6580.0,6360.0,6380.0,15608030,1329
2023-05-22 10:00:00,6390.0,6460.0,6370.0,6380.0,13016163,1110
2023-05-22 11:00:00,6380.0,6400.0,6360.0,6380.0,18988258,1174
2023-05-22 12:00:00,6380.0,6450.0,6360.0,6380.0,10749607,623
2023-05-23 09:00:00,6440.0,6450.0,6330.0,6390.0,15768572,1328
2023-05-23 10:00:00,6390.0,6400.0,6350.0,6370.0,14370882,1070
2023-05-23 11:00:00,6370.0,6390.0,6310.0,6350.0,15912174,971
2023-05-23 12:00:00,6380.0,6400.0,6320.0,6340.0,14020959,574
2023-05-24 09:00:00,6450.0,6460.0,6350.0,6370.0,17259369,1251
2023-05-24 10:00:00,6370.0,6370.0,6350.0,6360.0,11421466,1052
2023-05-24 11:00:00,6360.0,6370.0,6330.0,6350.0,11833301,942
2023-05-24 12:00:00,6340.0,6350.0,6320.0,6330.0,10447150,594
2023-05-27 09:00:00,6300.0,6370.0,6260.0,6270.0,18862397,1351
2023-05-27 10:00:00,6260.0,6330.0,6170.0,6180.0,19739701,1134
2023-05-27 11:00:00,6180.0,6260.0,6170.0,6250.0,14143671,867
2023-05-27 12:00:00,6240.0,6300.0,6240.0,6300.0,9611513,797
2023-05-27 14:00:00,6250.0,6260.0,6250.0,6260.0,716550,8
2023-05-28 09:00:00,6220.0,6250.0,6070.0,6110.0,30021845,1608
2023-05-28 10:00:00,6110.0,6140.0,6090.0,6130.0,13710236,985
2023-05-28 11:00:00,6130.0,6160.0,6130.0,6150.0,11747774,823
2023-05-28 12:00:00,6150.0,6210.0,6130.0,6210.0,8126735,564
2023-05-28 17:00:00,6100.0,6100.0,6100.0,6100.0,75488,1
2023-05-29 09:00:00,6210.0,6230.0,6110.0,6110.0,10593324,970
2023-05-29 10:00:00,6120.0,6170.0,6110.0,6140.0,13554705,750
2023-05-29 11:00:00,6130.0,6170.0,6120.0,6160.0,11880137,917
2023-05-29 12:00:00,6150.0,6160.0,6110.0,6120.0,9342274,509
2023-05-30 09:00:00,6200.0,6210.0,6120.0,6130.0,16154421,1154
2023-05-30 10:00:00,6130.0,6150.0,6120.0,6120.0,17741951,919
2023-05-30 11:00:00,6120.0,6180.0,6120.0,6160.0,13468357,666
2023-05-30 12:00:00,6160.0,6170.0,6120.0,6150.0,12190943,442
2023-05-31 09:00:00,6150.0,6150.0,6020.0,6020.0,18054721,1054
2023-05-31 10:00:00,6030.0,6110.0,6020.0,6100.0,9624985,863
2023-05-31 11:00:00,6090.0,6150.0,6090.0,6130.0,14865428,675
2023-05-31 12:00:00,6140.0,6150.0,6120.0,6140.0,10845796,452
2023-06-03 09:00:00,6140.0,6160.0,6100.0,6140.0,6866206,755
2023-06-03 10:00:00,6130.0,6140.0,6110.0,6120.0,8351235,666
2023-06-03 11:00:00,6120.0,6130.0,6100.0,6100.0,9585672,774
2023-06-03 12:00:00,6110.0,6120.0,6090.0,6100.0,6265785,514
2023-06-06 09:00:00,6150.0,6150.0,6110.0,6130.0,11397506,926
2023-06-06 10:00:00,6140.0,6140.0,6100.0,6130.0,16434549,777
2023-06-06 11:00:00,6120.0,6140.0,6120.0,6130.0,12613155,855
2023-06-06 12:00:00,6130.0,6130.0,6110.0,6130.0,7321029,503
2023-06-07 09:00:00,6130.0,6140.0,6090.0,6110.0,10980775,801
2023-06-07 10:00:00,6120.0,6130.0,6100.0,6100.0,8866724,678
2023-06-07 11:00:00,6110.0,6200.0,6090.0,6120.0,15101571,724
2023-06-07 12:00:00,6120.0,6170.0,6120.0,6140.0,10825143,435
2023-06-07 15:00:00,6180.0,6180.0,6180.0,6180.0,318996,2
2023-06-10 09:00:00,6060.0,6100.0,5840.0,5840.0,36478362,1772
2023-06-10 10:00:00,5840.0,5860.0,5820.0,5830.0,18753205,1091
2023-06-10 11:00:00,5840.0,5920.0,5820.0,5880.0,14633981,782
2023-06-10 12:00:00,5880.0,5890.0,5860.0,5870.0,9139078,633
2023-06-10 13:00:00,6070.0,6070.0,6050.0,6050.0,716550,8
2023-06-11 09:00:00,5860.0,5860.0,5740.0,5850.0,13446664,1316
2023-06-11 10:00:00,5840.0,5850.0,5810.0,5810.0,20515772,1203
2023-06-11 11:00:00,5810.0,5850.0,5810.0,5830.0,10780454,896
2023-06-11 12:00:00,5830.0,5850.0,5800.0,5810.0,14203150,600
2023-06-12 09:00:00,5700.0,5700.0,5500.0,5510.0,27541291,2056
2023-06-12 10:00:00,5510.0,5520.0,5460.0,5470.0,37420580,1663
2023-06-12 11:00:00,5480.0,5600.0,5470.0,5520.0,17119032,1058
2023-06-12 12:00:00,5520.0,5530.0,5500.0,5510.0,4437306,589
2023-06-13 09:00:00,5500.0,5600.0,5500.0,5570.0,9744596,930
2023-06-13 10:00:00,5560.0,5590.0,5550.0,5580.0,8234781,705
2023-06-13 11:00:00,5580.0,5620.0,5570.0,5610.0,13787939,783
2023-06-13 12:00:00,5620.0,5700.0,5600.0,5630.0,8942878,501
2023-06-14 09:00:00,5730.0,5890.0,5680.0,5890.0,9663127,1020
2023-06-14 10:00:00,5890.0,5910.0,5790.0,5800.0,9470775,839
2023-06-14 11:00:00,5800.0,5820.0,5770.0,5770.0,5031405,548
2023-06-14 12:00:00,5780.0,5810.0,5770.0,5800.0,3160714,380
2023-06-14 16:00:00,5800.0,5800.0,5800.0,5800.0,1,1
2023-06-17 09:00:00,5820.0,5910.0,5820.0,5820.0,9468089,852
2023-06-17 10:00:00,5820.0,5830.0,5750.0,5800.0,5977137,650
2023-06-17 11:00:00,5800.0,5800.0,5760.0,5760.0,6002174,581
2023-06-17 12:00:00,5760.0,5780.0,5750.0,5750.0,4871522,383
2023-06-17 14:00:00,5820.0,5820.0,5820.0,5820.0,716550,9
2023-06-17 16:00:00,5790.0,5790.0,5790.0,5790.0,1,1
2023-06-18 09:00:00,5790.0,5810.0,5590.0,5790.0,14905153,936
2023-06-18 10:00:00,5790.0,5810.0,5770.0,5800.0,7959330,558
2023-06-18 11:00:00,5810.0,5820.0,5790.0,5810.0,11974571,669
2023-06-18 12:00:00,5800.0,5810.0,5770.0,5780.0,9139736,389
2023-06-18 16:00:00,5660.0,5660.0,5660.0,5660.0,519158,7
2023-06-19 09:00:00,5820.0,5820.0,5690.0,5710.0,8781147,909
2023-06-19 10:00:00,5700.0,5720.0,5700.0,5710.0,13249370,696
2023-06-19 11:00:00,5720.0,5730.0,5690.0,5690.0,13026524,608
2023-06-19 12:00:00,5700.0,5700.0,5680.0,5690.0,6315339,407
2023-06-20 09:00:00,5710.0,5770.0,5640.0,5670.0,4156664,538
2023-06-20 10:00:00,5670.0,5710.0,5660.0,5680.0,3249829,457
2023-06-20 11:00:00,5680.0,5720.0,5660.0,5690.0,8084765,548
2023-06-20 12:00:00,5690.0,5710.0,5680.0,5700.0,5233022,357
2023-06-21 09:00:00,5700.0,5750.0,5670.0,5690.0,8775953,693
2023-06-21 10:00:00,5680.0,5710.0,5650.0,5660.0,7034652,526
2023-06-21 11:00:00,5660.0,5670.0,5570.0,5630.0,9888823,767
2023-06-21 12:00:00,5620.0,5670.0,5620.0,5640.0,5249732,487
2023-06-24 09:00:00,5600.0,5660.0,5550.0,5550.0,9135733,932
2023-06-24 10:00:00,5550.0,5630.0,5550.0,5600.0,7320049,791
2023-06-24 11:00:00,5600.0,5610.0,5540.0,5540.0,12050031,766
2023-06-24 12:00:00,5550.0,5620.0,5540.0,5600.0,5981442,437
2023-06-25 09:00:00,5620.0,5780.0,5620.0,5630.0,8923905,924
2023-06-25 10:00:00,5630.0,5670.0,5620.0,5640.0,7859606,652
2023-06-25 11:00:00,5640.0,5670.0,5620.0,5630.0,6593944,594
2023-06-25 12:00:00,5630.0,5630.0,5580.0,5600.0,3401212,367
2023-06-26 09:00:00,5600.0,5680.0,5560.0,5680.0,7563873,755
2023-06-26 10:00:00,5680.0,5720.0,5670.0,5700.0,7288771,594
2023-06-26 11:00:00,5710.0,5720.0,5690.0,5720.0,12090730,612
2023-06-26 12:00:00,5720.0,5730.0,5690.0,5690.0,8201582,482
2023-06-27 09:00:00,5700.0,5750.0,5640.0,5650.0,4867114,589
2023-06-27 10:00:00,5650.0,5650.0,5590.0,5600.0,5653369,525
2023-06-27 11:00:00,5590.0,5610.0,5570.0,5590.0,8202960,573
2023-06-27 12:00:00,5580.0,5620.0,5580.0,5620.0,7208130,392
2023-06-28 09:00:00,5620.0,5640.0,5540.0,5580.0,6691156,642
2023-06-28 10:00:00,5580.0,5600.0,5570.0,5600.0,4937749,485
2023-06-28 11:00:00,5600.0,5600.0,5580.0,5590.0,4641594,487
2023-06-28 12:00:00,5590.0,5590.0,5550.0,5570.0,3682573,327
2023-07-01 09:00:00,5560.0,5580.0,5500.0,5520.0,6218145,721
2023-07-01 10:00:00,5520.0,5530.0,5490.0,5510.0,4041003,585
2023-07-01 11:00:00,5520.0,5550.0,5500.0,5520.0,5614379,509
2023-07-01 12:00:00,5520.0,5530.0,5500.0,5500.0,3272508,377
2023-07-02 09:00:00,5500.0,5600.0,5490.0,5590.0,6068676,595
2023-07-02 10:00:00,5590.0,5660.0,5570.0,5590.0,6036422,608
2023-07-02 11:00:00,5590.0,5600.0,5560.0,5600.0,4227511,452
2023-07-02 12:00:00,5600.0,5600.0,5580.0,5600.0,3176170,316
2023-07-02 17:00:00,5630.0,5630.0,5630.0,5630.0,1,1
2023-07-03 09:00:00,5640.0,5690.0,5590.0,5670.0,5723900,669
2023-07-03 10:00:00,5660.0,5740.0,5640.0,5730.0,8981119,659
2023-07-03 11:00:00,5740.0,5760.0,5680.0,5760.0,13663737,676
2023-07-03 12:00:00,5760.0,5880.0,5750.0,5830.0,14670102,644
2023-07-03 18:00:00,5730.0,5730.0,5730.0,5730.0,6413,1
2023-07-04 09:00:00,5870.0,6030.0,5840.0,5960.0,22382998,1352
2023-07-04 10:00:00,5960.0,5970.0,5870.0,5910.0,10256673,771
2023-07-04 11:00:00,5900.0,5920.0,5870.0,5900.0,12182366,643
2023-07-04 12:00:00,5910.0,5910.0,5870.0,5900.0,5609340,388
2023-07-05 09:00:00,5870.0,5980.0,5850.0,5920.0,8423484,680
2023-07-05 10:00:00,5920.0,5940.0,5900.0,5930.0,11861926,600
2023-07-05 11:00:00,5920.0,5930.0,5880.0,5890.0,6314513,503
2023-07-05 12:00:00,5890.0,5900.0,5870.0,5890.0,5582839,390
2023-07-08 09:00:00,5900.0,5930.0,5880.0,5880.0,9183088,753
2023-07-08 10:00:00,5890.0,5900.0,5790.0,5790.0,7787035,603
2023-07-08 11:00:00,5790.0,5800.0,5760.0,5790.0,5698189,562
2023-07-08 12:00:00,5790.0,5790.0,5760.0,5770.0,5657244,406
2023-07-09 09:00:00,5770.0,5850.0,5730.0,5800.0,7597096,674
2023-07-09 10:00:00,5800.0,5840.0,5790.0,5790.0,8904637,563
2023-07-09 11:00:00,5800.0,5820.0,5780.0,5790.0,10163219,514
2023-07-09 12:00:00,5790.0,5810.0,5780.0,5800.0,3927133,310
2023-07-09 15:00:00,5820.0,5820.0,5820.0,5820.0,294380,3
2023-07-10 09:00:00,5800.0,5880.0,5750.0,5760.0,7784124,651
2023-07-10 10:00:00,5770.0,5790.0,5760.0,5770.0,9714366,606
2023-07-10 11:00:00,5770.0,5780.0,5760.0,5760.0,6058165,504
2023-07-10 12:00:00,5770.0,5780.0,5750.0,5750.0,8085664,349
2023-07-10 17:00:00,5770.0,5770.0,5770.0,5770.0,1,1
2023-07-11 09:00:00,5720.0,5780.0,5690.0,5690.0,8534479,631
2023-07-11 10:00:00,5690.0,5730.0,5680.0,5680.0,11285711,595
2023-07-11 11:00:00,5690.0,5700.0,5590.0,5620.0,14167461,758
2023-07-11 12:00:00,5620.0,5650.0,5570.0,5580.0,7564355,538
2023-07-12 09:00:00,5570.0,5600.0,5480.0,5500.0,12660289,823
2023-07-12 10:00:00,5490.0,5500.0,5400.0,5410.0,10672934,816
2023-07-12 11:00:00,5400.0,5520.0,5370.0,5510.0,14999790,869
2023-07-12 12:00:00,5510.0,5520.0,5440.0,5520.0,7064239,392
2023-07-15 09:00:00,5530.0,5600.0,5510.0,5530.0,10225748,712
2023-07-15 10:00:00,5530.0,5590.0,5520.0,5530.0,8434098,514
2023-07-15 11:00:00,5530.0,5530.0,5470.0,5490.0,9240681,570
2023-07-15 12:00:00,5490.0,5510.0,5470.0,5510.0,4947922,323
2023-07-16 09:00:00,5520.0,5520.0,5360.0,5400.0,10085950,798
2023-07-16 10:00:00,5410.0,5410.0,5270.0,5290.0,20052523,944
2023-07-16 11:00:00,5280.0,5340.0,5280.0,5300.0,11832769,633
2023-07-16 12:00:00,5310.0,5350.0,5280.0,5340.0,7019761,477
2023-07-16 16:00:00,5520.0,5520.0,5440.0,5440.0,536166,45
2023-07-16 17:00:00,5440.0,5440.0,5280.0,5300.0,4677952,206
2023-07-17 09:00:00,5280.0,5340.0,5080.0,5090.0,27464003,1133
2023-07-17 10:00:00,5080.0,5130.0,5000.0,5090.0,15723785,1038
2023-07-17 11:00:00,5090.0,5150.0,5040.0,5130.0,17828737,857
2023-07-17 12:00:00,5120.0,5260.0,5120.0,5260.0,11646395,636
2023-07-18 09:00:00,5260.0,5490.0,5260.0,5400.0,30518069,1260
2023-07-18 10:00:00,5390.0,5420.0,5330.0,5380.0,12961673,764
2023-07-18 11:00:00,5370.0,5490.0,5370.0,5490.0,20456502,967
2023-07-18 12:00:00,5490.0,5490.0,5480.0,5490.0,18266499,549
2023-07-24 11:00:00,5010.0,5050.0,4990.0,5040.0,6607479,479
2023-07-24 12:00:00,5050.0,5050.0,4990.0,5050.0,11842596,680
2023-07-25 09:00:00,5070.0,5140.0,5060.0,5080.0,7859144,786
2023-07-25 10:00:00,5080.0,5080.0,5000.0,5010.0,12970283,753
2023-07-25 11:00:00,5010.0,5030.0,4990.0,5030.0,6005238,557
2023-07-25 12:00:00,5020.0,5030.0,4980.0,5010.0,3803601,342
2023-07-26 09:00:00,5000.0,5030.0,4920.0,5020.0,8921634,717
2023-07-26 10:00:00,5020.0,5030.0,4990.0,4990.0,10163472,588
2023-07-26 11:00:00,5000.0,5010.0,4980.0,4990.0,4163400,454
2023-07-26 12:00:00,5000.0,5010.0,4990.0,5000.0,2797723,285
2023-07-29 09:00:00,5000.0,5030.0,4970.0,5010.0,8359127,608
2023-07-29 10:00:00,5000.0,5010.0,4980.0,4990.0,9567247,522
2023-07-29 11:00:00,4990.0,5000.0,4980.0,4980.0,6031223,458
2023-07-29 12:00:00,4980.0,5000.0,4980.0,4990.0,5788912,354
2023-07-30 09:00:00,4990.0,5020.0,4920.0,4920.0,24657295,892
2023-07-30 10:00:00,4920.0,4920.0,4900.0,4910.0,9892342,664
2023-07-30 11:00:00,4910.0,4980.0,4900.0,4970.0,7977048,587
2023-07-30 12:00:00,4970.0,4970.0,4900.0,4920.0,7402374,375
2023-07-31 09:00:00,4900.0,5040.0,4890.0,4980.0,9559709,573
2023-07-31 10:00:00,4980.0,4980.0,4960.0,4970.0,5905735,488
2023-07-31 11:00:00,4970.0,4970.0,4940.0,4950.0,4186320,411
2023-07-31 12:00:00,4950.0,4960.0,4930.0,4960.0,6416327,342
2023-08-01 09:00:00,5040.0,5050.0,4960.0,4970.0,11450224,576
2023-08-01 10:00:00,4970.0,5020.0,4960.0,5000.0,15142367,601
2023-08-01 11:00:00,4990.0,5010.0,4960.0,5010.0,9907868,466
2023-08-01 12:00:00,5010.0,5160.0,5000.0,5160.0,11759402,520
2023-08-05 09:00:00,5140.0,5360.0,5140.0,5310.0,17957321,934
2023-08-05 10:00:00,5300.0,5360.0,5260.0,5300.0,11488831,714
2023-08-05 11:00:00,5300.0,5350.0,5290.0,5340.0,13349800,611
2023-08-05 12:00:00,5340.0,5360.0,5320.0,5360.0,9700917,481
2023-08-06 09:00:00,5380.0,5400.0,5290.0,5350.0,11984755,779
2023-08-06 10:00:00,5350.0,5400.0,5250.0,5380.0,11099382,571
2023-08-06 11:00:00,5380.0,5380.0,5340.0,5350.0,8966922,492
2023-08-06 12:00:00,5360.0,5390.0,5340.0,5390.0,6014662,326
2023-08-06 15:00:00,5320.0,5320.0,5320.0,5320.0,716550,8
2023-08-07 09:00:00,5430.0,5430.0,5430.0,5430.0,1,1
2023-08-07 10:00:00,5420.0,5430.0,5330.0,5380.0,5920351,350
2023-08-07 11:00:00,5380.0,5390.0,5320.0,5320.0,9292490,501
2023-08-07 12:00:00,5330.0,5420.0,5310.0,5350.0,11696577,493
2023-08-07 14:00:00,5400.0,5410.0,5400.0,5410.0,1813350,20
2023-08-08 09:00:00,5340.0,5390.0,5220.0,5370.0,13360345,598
2023-08-08 10:00:00,5380.0,5380.0,5350.0,5370.0,12025518,393
2023-08-08 11:00:00,5360.0,5370.0,5330.0,5350.0,14252941,431
2023-08-08 12:00:00,5360.0,5360.0,5330.0,5340.0,5548033,267
2023-08-08 15:00:00,5310.0,5310.0,5310.0,5310.0,708550,9
2023-08-09 09:00:00,5350.0,5400.0,5330.0,5340.0,6634819,453
2023-08-09 10:00:00,5340.0,5350.0,5270.0,5280.0,6326225,394
2023-08-09 11:00:00,5280.0,5310.0,5270.0,5290.0,4364139,338
2023-08-09 12:00:00,5290.0,5330.0,5280.0,5320.0,6168786,265
2023-08-12 09:00:00,5200.0,5310.0,5120.0,5140.0,18421192,852
2023-08-12 10:00:00,5130.0,5160.0,5130.0,5140.0,8429081,434
2023-08-12 11:00:00,5140.0,5160.0,5120.0,5130.0,11105874,392
2023-08-12 12:00:00,5140.0,5140.0,5110.0,5130.0,6630485,293
2023-08-13 09:00:00,5120.0,5200.0,5100.0,5140.0,6687835,443
2023-08-13 10:00:00,5140.0,5210.0,5130.0,5210.0,8035126,376
2023-08-13 11:00:00,5210.0,5220.0,5180.0,5200.0,4805940,343
2023-08-13 12:00:00,5210.0,5210.0,5170.0,5180.0,2846569,218
2023-08-14 09:00:00,5180.0,5250.0,5180.0,5200.0,5401799,445
2023-08-14 10:00:00,5200.0,5210.0,5160.0,5180.0,6204522,328
2023-08-14 11:00:00,5180.0,5190.0,5160.0,5180.0,8299485,411
2023-08-14 12:00:00,5180.0,5180.0,5120.0,5160.0,11261267,355
2023-08-15 09:00:00,5120.0,5180.0,5080.0,5100.0,4816677,353
2023-08-15 10:00:00,5100.0,5160.0,5090.0,5150.0,7288788,356
2023-08-15 11:00:00,5150.0,5150.0,5110.0,5110.0,6755515,282
2023-08-15 12:00:00,5110.0,5130.0,5080.0,5100.0,8994020,237
2023-08-16 09:00:00,5090.0,5140.0,5080.0,5100.0,7710110,464
2023-08-16 10:00:00,5100.0,5130.0,5090.0,5110.0,8659503,393
2023-08-16 11:00:00,5110.0,5120.0,5100.0,5110.0,7821287,404
2023-08-16 12:00:00,5110.0,5110.0,5090.0,5100.0,5240861,424
2023-08-16 14:00:00,5120.0,5120.0,5110.0,5110.0,4338776,45
2023-08-16 15:00:00,5110.0,5120.0,5110.0,5120.0,6597302,66
2023-08-19 09:00:00,5070.0,5110.0,5050.0,5050.0,4863263,499
2023-08-19 10:00:00,5060.0,5070.0,5010.0,5050.0,14102328,657
2023-08-19 11:00:00,5050.0,5070.0,5050.0,5050.0,11789359,480
2023-08-19 12:00:00,5050.0,5060.0,5040.0,5050.0,5269260,289
2023-08-20 09:00:00,5050.0,5080.0,5040.0,5050.0,16592320,495
2023-08-20 10:00:00,5050.0,5080.0,5040.0,5060.0,9839824,469
2023-08-20 11:00:00,5050.0,5080.0,5040.0,5050.0,8345086,443
2023-08-20 12:00:00,5060.0,5070.0,5040.0,5050.0,5313093,306
2023-08-21 09:00:00,5060.0,5110.0,5060.0,5060.0,4422046,378
2023-08-21 10:00:00,5060.0,5070.0,5050.0,5050.0,5768954,386
2023-08-21 11:00:00,5060.0,5060.0,5040.0,5050.0,8366570,422
2023-08-21 12:00:00,5060.0,5070.0,5040.0,5070.0,4632426,269
2023-08-22 09:00:00,5070.0,5070.0,5000.0,5010.0,4678839,404
2023-08-22 10:00:00,5020.0,5040.0,4990.0,4990.0,9293971,394
2023-08-22 11:00:00,4990.0,5020.0,4980.0,4980.0,10891281,427
2023-08-22 12:00:00,4990.0,5010.0,4970.0,4990.0,7984710,309
2023-08-23 09:00:00,4960.0,4990.0,4950.0,4980.0,4926250,389
2023-08-23 10:00:00,4980.0,5000.0,4970.0,4980.0,7354540,485
2023-08-23 11:00:00,4990.0,5000.0,4960.0,5000.0,8075274,434
2023-08-23 12:00:00,5000.0,5050.0,4990.0,5040.0,11761204,428
2023-08-26 09:00:00,5110.0,5200.0,5050.0,5130.0,12674896,773
2023-08-26 10:00:00,5130.0,5240.0,5110.0,5240.0,12623348,551
2023-08-26 11:00:00,5240.0,5300.0,5220.0,5280.0,24133076,717
2023-08-26 12:00:00,5280.0,5310.0,5200.0,5260.0,10986484,376
2023-08-27 09:00:00,5340.0,5510.0,5270.0,5480.0,19408433,901
2023-08-27 10:00:00,5480.0,5580.0,5450.0,5500.0,32731309,1053
2023-08-27 11:00:00,5500.0,5530.0,5400.0,5470.0,13365282,705
2023-08-27 12:00:00,5470.0,5580.0,5430.0,5520.0,14071319,525
2023-08-28 09:00:00,5590.0,5680.0,5480.0,5590.0,28252940,1216
2023-08-28 10:00:00,5590.0,5650.0,5570.0,5600.0,14316226,762
2023-08-28 11:00:00,5600.0,5610.0,5540.0,5540.0,17946919,677
2023-08-28 12:00:00,5540.0,5620.0,5540.0,5550.0,8450556,406
2023-08-29 09:00:00,5630.0,5730.0,5630.0,5630.0,19029911,956
2023-08-29 10:00:00,5630.0,5640.0,5560.0,5560.0,17369200,701
2023-08-29 11:00:00,5560.0,5600.0,5520.0,5570.0,11697866,636
2023-08-29 12:00:00,5570.0,5580.0,5520.0,5530.0,6344546,348
2023-08-30 09:00:00,5510.0,5730.0,5510.0,5610.0,16639009,791
2023-08-30 10:00:00,5610.0,5630.0,5600.0,5600.0,9847558,640
2023-08-30 11:00:00,5600.0,5650.0,5590.0,5620.0,7087675,517
2023-08-30 12:00:00,5620.0,5680.0,5590.0,5610.0,11044328,398
2023-09-02 09:00:00,5660.0,5720.0,5570.0,5580.0,10970189,724
2023-09-02 10:00:00,5580.0,5590.0,5530.0,5540.0,6018393,440
2023-09-02 11:00:00,5540.0,5720.0,5490.0,5630.0,26019829,718
2023-09-02 12:00:00,5640.0,5650.0,5590.0,5590.0,5609037,343
2023-09-03 09:00:00,5590.0,5660.0,5520.0,5640.0,6887220,554
2023-09-03 10:00:00,5630.0,5640.0,5590.0,5590.0,7700013,442
2023-09-03 11:00:00,5580.0,5610.0,5570.0,5600.0,5958574,407
2023-09-03 12:00:00,5610.0,5610.0,5580.0,5600.0,6940616,274
2023-09-03 14:00:00,5590.0,5590.0,5590.0,5590.0,716550,5
2023-09-04 09:00:00,5550.0,5690.0,5530.0,5640.0,7798426,493
2023-09-04 10:00:00,5630.0,5740.0,5630.0,5690.0,12323140,627
2023-09-04 11:00:00,5690.0,5720.0,5660.0,5710.0,8894108,460
2023-09-04 12:00:00,5710.0,5710.0,5630.0,5660.0,7487979,321
2023-09-04 14:00:00,5620.0,5620.0,5620.0,5620.0,716550,4
2023-09-05 09:00:00,5690.0,5800.0,5690.0,5720.0,11917995,740
2023-09-05 10:00:00,5720.0,5760.0,5660.0,5670.0,10979376,490
2023-09-05 11:00:00,5660.0,5670.0,5590.0,5650.0,14729324,533
2023-09-05 12:00:00,5640.0,5670.0,5600.0,5620.0,7690791,286
2023-09-05 15:00:00,5660.0,5660.0,5660.0,5660.0,716550,8
2023-09-09 09:00:00,5590.0,5760.0,5550.0,5620.0,13664364,702
2023-09-09 10:00:00,5630.0,5650.0,5570.0,5570.0,7963570,461
2023-09-09 11:00:00,5570.0,5640.0,5570.0,5570.0,5963550,461
2023-09-09 12:00:00,5580.0,5580.0,5550.0,5550.0,5978479,326
2023-09-09 16:00:00,5630.0,5650.0,5630.0,5650.0,1433100,20
2023-09-10 09:00:00,5520.0,5600.0,5470.0,5590.0,9497250,614
2023-09-10 10:00:00,5600.0,5600.0,5570.0,5600.0,12588805,513
2023-09-10 11:00:00,5590.0,5590.0,5550.0,5580.0,13320580,406
2023-09-10 12:00:00,5580.0,5580.0,5550.0,5550.0,4234751,244
2023-09-10 15:00:00,5570.0,5570.0,5570.0,5570.0,716550,5
2023-09-11 09:00:00,5530.0,5600.0,5530.0,5570.0,4990567,380
2023-09-11 10:00:00,5570.0,5600.0,5530.0,5560.0,7105507,373
2023-09-11 11:00:00,5550.0,5560.0,5520.0,5540.0,5740573,357
2023-09-11 12:00:00,5530.0,5590.0,5500.0,5590.0,8644335,263
2023-09-12 09:00:00,5600.0,5600.0,5550.0,5590.0,4647696,325
2023-09-12 10:00:00,5590.0,5600.0,5550.0,5560.0,6461057,313
2023-09-12 11:00:00,5560.0,5570.0,5540.0,5550.0,6047605,366
2023-09-12 12:00:00,5560.0,5570.0,5530.0,5550.0,11608728,273
2023-09-13 09:00:00,5560.0,5600.0,5540.0,5550.0,11408434,703
2023-09-13 10:00:00,5540.0,5580.0,5530.0,5570.0,11494667,583
2023-09-13 11:00:00,5560.0,5580.0,5530.0,5560.0,11850942,474
2023-09-13 12:00:00,5560.0,5600.0,5540.0,5560.0,8090911,324
2023-09-17 09:00:00,5560.0,5660.0,5560.0,5610.0,7717511,627
2023-09-17 10:00:00,5600.0,5610.0,5530.0,5550.0,11612093,607
2023-09-17 11:00:00,5550.0,5570.0,5530.0,5560.0,9860009,565
2023-09-17 12:00:00,5560.0,5570.0,5550.0,5560.0,6992811,384
2023-09-18 09:00:00,5550.0,5580.0,5530.0,5540.0,11332291,541
2023-09-18 10:00:00,5540.0,5580.0,5530.0,5550.0,14612311,515
2023-09-18 11:00:00,5550.0,5610.0,5550.0,5580.0,17239019,470
2023-09-18 12:00:00,5590.0,5600.0,5560.0,5560.0,13661603,308
2023-09-19 09:00:00,5570.0,5620.0,5550.0,5600.0,9092142,445
2023-09-19 10:00:00,5600.0,5620.0,5580.0,5590.0,7144485,356
2023-09-19 11:00:00,5600.0,5620.0,5580.0,5600.0,12175333,388
2023-09-19 12:00:00,5600.0,5620.0,5590.0,5610.0,17902480,275
2023-09-20 09:00:00,5610.0,5610.0,5530.0,5540.0,12220943,345
2023-09-20 10:00:00,5540.0,5610.0,5530.0,5600.0,11684167,386
2023-09-20 11:00:00,5600.0,5650.0,5580.0,5640.0,25381806,464
2023-09-20 12:00:00,5640.0,5640.0,5580.0,5600.0,6931606,230
2023-09-23 09:00:00,5550.0,5610.0,5550.0,5580.0,7331630,445
2023-09-23 10:00:00,5580.0,5600.0,5570.0,5580.0,7700395,417
2023-09-23 11:00:00,5580.0,5610.0,5570.0,5590.0,8240566,374
2023-09-23 12:00:00,5600.0,5600.0,5580.0,5580.0,4393657,239
2023-09-25 09:00:00,5580.0,5610.0,5560.0,5570.0,13356841,577
2023-09-25 10:00:00,5570.0,5570.0,5540.0,5550.0,10223529,457
2023-09-25 11:00:00,5540.0,5550.0,5500.0,5500.0,12046814,453
2023-09-25 12:00:00,5500.0,5550.0,5490.0,5540.0,12694063,415
2023-09-26 09:00:00,5560.0,5560.0,5510.0,5510.0,10929935,539
2023-09-26 10:00:00,5510.0,5560.0,5510.0,5530.0,8548204,443
2023-09-26 11:00:00,5530.0,5530.0,5500.0,5510.0,8315978,479
2023-09-26 12:00:00,5510.0,5520.0,5500.0,5510.0,7032454,250
2023-09-27 09:00:00,5500.0,5540.0,5460.0,5530.0,8099535,540
2023-09-27 10:00:00,5520.0,5530.0,5500.0,5500.0,13364662,503
2023-09-27 11:00:00,5510.0,5510.0,5490.0,5500.0,11696191,460
2023-09-27 12:00:00,5500.0,5520.0,5490.0,5510.0,6097635,276
2023-09-30 09:00:00,5510.0,5550.0,5420.0,5450.0,11956830,670
2023-09-30 10:00:00,5440.0,5450.0,5410.0,5410.0,9318632,542
2023-09-30 11:00:00,5410.0,5410.0,5360.0,5370.0,16262132,765
2023-09-30 12:00:00,5360.0,5370.0,5340.0,5350.0,8071194,448
2023-09-30 16:00:00,5490.0,5490.0,5490.0,5490.0,716550,9
2023-10-01 09:00:00,5410.0,5430.0,5300.0,5310.0,12436979,713
2023-10-01 10:00:00,5300.0,5310.0,5290.0,5300.0,10604596,559
2023-10-01 11:00:00,5300.0,5310.0,5280.0,5280.0,14412899,555
2023-10-01 12:00:00,5290.0,5300.0,5280.0,5300.0,7390791,360
2023-10-02 09:00:00,5280.0,5350.0,5250.0,5300.0,6939809,477
2023-10-02 10:00:00,5300.0,5340.0,5290.0,5320.0,7054518,432
2023-10-02 11:00:00,5320.0,5320.0,5310.0,5310.0,7563114,487
2023-10-02 12:00:00,5320.0,5320.0,5290.0,5320.0,25389343,480
2023-10-04 09:00:00,5310.0,5360.0,5300.0,5310.0,7808670,545
2023-10-04 10:00:00,5300.0,5310.0,5300.0,5300.0,8024045,427
2023-10-04 11:00:00,5300.0,5310.0,5290.0,5300.0,15949681,486
2023-10-04 12:00:00,5300.0,5310.0,5300.0,5310.0,7397047,299
2023-10-07 09:00:00,5300.0,5350.0,5280.0,5290.0,10327594,548
2023-10-07 10:00:00,5290.0,5300.0,5280.0,5300.0,13024682,467
2023-10-07 11:00:00,5290.0,5300.0,5260.0,5290.0,15080537,476
2023-10-07 12:00:00,5280.0,5300.0,5270.0,5290.0,5864246,270
2023-10-08 09:00:00,5260.0,5270.0,5090.0,5100.0,24650191,1056
2023-10-08 10:00:00,5100.0,5130.0,5080.0,5130.0,14188955,719
2023-10-08 11:00:00,5130.0,5150.0,5090.0,5120.0,13193246,522
2023-10-08 12:00:00,5120.0,5150.0,5100.0,5150.0,5244658,320
2023-10-09 09:00:00,5080.0,5400.0,5080.0,5210.0,16365815,890
2023-10-09 10:00:00,5210.0,5230.0,5150.0,5180.0,4465338,387
2023-10-09 11:00:00,5180.0,5190.0,5150.0,5150.0,5263489,388
2023-10-09 12:00:00,5150.0,5190.0,5150.0,5180.0,3914486,273
2023-10-10 09:00:00,5230.0,5290.0,5190.0,5240.0,9298349,461
2023-10-10 10:00:00,5240.0,5260.0,5240.0,5260.0,7840582,340
2023-10-10 11:00:00,5250.0,5260.0,5240.0,5250.0,5569551,412
2023-10-10 12:00:00,5250.0,5270.0,5240.0,5260.0,6780704,307
2023-10-11 09:00:00,5300.0,5300.0,5220.0,5240.0,5085838,422
2023-10-11 10:00:00,5240.0,5250.0,5210.0,5210.0,4089353,328
2023-10-11 11:00:00,5210.0,5230.0,5190.0,5230.0,7620245,350
2023-10-11 12:00:00,5220.0,5240.0,5220.0,5230.0,6171777,230
2023-10-14 09:00:00,5220.0,5230.0,5050.0,5150.0,7868577,608
2023-10-14 10:00:00,5150.0,5150.0,5110.0,5140.0,10411720,448
2023-10-14 11:00:00,5150.0,5170.0,5140.0,5150.0,7087913,340
2023-10-14 12:00:00,5150.0,5160.0,5140.0,5150.0,6862511,260
2023-10-14 14:00:00,5130.0,5130.0,5130.0,5130.0,716550,10
2023-10-15 09:00:00,5120.0,5200.0,5110.0,5150.0,4743940,373
2023-10-15 10:00:00,5140.0,5200.0,5140.0,5190.0,13502137,470
2023-10-15 11:00:00,5190.0,5200.0,5190.0,5190.0,12762953,404
2023-10-15 12:00:00,5190.0,5250.0,5180.0,5240.0,6934989,246
2023-10-16 09:00:00,5200.0,5260.0,5200.0,5220.0,4632935,410
2023-10-16 10:00:00,5220.0,5230.0,5200.0,5210.0,5776596,338
2023-10-16 11:00:00,5210.0,5280.0,5200.0,5260.0,7020250,370
2023-10-16 12:00:00,5260.0,5290.0,5250.0,5280.0,4704453,212
2023-10-18 10:00:00,5240.0,5280.0,5220.0,5230.0,9025299,414
2023-10-18 11:00:00,5230.0,5230.0,5190.0,5190.0,16845642,524
2023-10-18 12:00:00,5200.0,5270.0,5190.0,5260.0,13872959,373
2023-10-21 09:00:00,5210.0,5240.0,5180.0,5230.0,14478098,585
2023-10-21 10:00:00,5230.0,5240.0,5210.0,5210.0,11314321,453
2023-10-21 11:00:00,5210.0,5220.0,5200.0,5200.0,9723514,370
2023-10-21 12:00:00,5200.0,5210.0,5190.0,5190.0,6103303,305
2023-10-22 09:00:00,5300.0,5440.0,5300.0,5360.0,19625752,960
2023-10-22 10:00:00,5370.0,5390.0,5360.0,5360.0,7612607,483
2023-10-22 11:00:00,5360.0,5380.0,5350.0,5380.0,5610424,378
2023-10-22 12:00:00,5380.0,5390.0,5350.0,5380.0,4237959,241
2023-10-23 09:00:00,5380.0,5400.0,5350.0,5360.0,11523932,588
2023-10-23 10:00:00,5360.0,5460.0,5360.0,5390.0,9443699,519
2023-10-23 11:00:00,5400.0,5430.0,5380.0,5400.0,7672429,430
2023-10-23 12:00:00,5410.0,5410.0,5380.0,5390.0,5956263,300
2023-10-24 09:00:00,5360.0,5400.0,5350.0,5360.0,6759472,446
2023-10-24 10:00:00,5360.0,5370.0,5290.0,5300.0,13442168,504
2023-10-24 11:00:00,5290.0,5340.0,5280.0,5320.0,12130348,485
2023-10-24 12:00:00,5310.0,5320.0,5290.0,5300.0,7567851,281
2023-10-25 09:00:00,5330.0,5370.0,5320.0,5360.0,9065589,483
2023-10-25 10:00:00,5360.0,5390.0,5360.0,5380.0,7742549,415
2023-10-25 11:00:00,5380.0,5390.0,5340.0,5350.0,4401043,309
2023-10-25 12:00:00,5350.0,5360.0,5330.0,5350.0,8021421,248
2023-10-28 09:00:00,5330.0,5330.0,5170.0,5190.0,27848815,1022
2023-10-28 10:00:00,5180.0,5190.0,5160.0,5180.0,12719254,658
2023-10-28 11:00:00,5180.0,5180.0,5160.0,5170.0,7534046,495
2023-10-28 12:00:00,5180.0,5180.0,5160.0,5160.0,5497579,329
2023-10-29 09:00:00,5170.0,5260.0,5160.0,5250.0,13206816,730
2023-10-29 10:00:00,5250.0,5260.0,5230.0,5240.0,4602981,322
2023-10-29 11:00:00,5250.0,5250.0,5230.0,5230.0,4239552,315
2023-10-29 12:00:00,5240.0,5270.0,5230.0,5260.0,3071707,230
2023-10-30 09:00:00,5250.0,5330.0,5250.0,5300.0,6025573,435
2023-10-30 10:00:00,5300.0,5400.0,5290.0,5380.0,8745710,394
2023-10-30 11:00:00,5390.0,5400.0,5360.0,5380.0,6484078,396
2023-10-30 12:00:00,5380.0,5390.0,5360.0,5390.0,5849792,254
2023-10-31 09:00:00,5400.0,5410.0,5330.0,5380.0,5105251,421
2023-10-31 10:00:00,5380.0,5420.0,5350.0,5350.0,9816694,505
2023-10-31 11:00:00,5360.0,5380.0,5330.0,5380.0,14639836,446
2023-10-31 12:00:00,5370.0,5380.0,5340.0,5370.0,23027456,362
2023-11-04 09:00:00,5440.0,5630.0,5440.0,5530.0,19407340,831
2023-11-04 10:00:00,5540.0,5540.0,5450.0,5470.0,10576847,455
2023-11-04 11:00:00,5470.0,5510.0,5470.0,5490.0,10372462,462
2023-11-04 12:00:00,5490.0,5500.0,5480.0,5500.0,9059674,332
2023-11-05 09:00:00,5580.0,5590.0,5510.0,5510.0,10300699,520
2023-11-05 10:00:00,5520.0,5540.0,5510.0,5520.0,11289099,450
2023-11-05 11:00:00,5520.0,5600.0,5510.0,5600.0,7859117,437
2023-11-05 12:00:00,5520.0,5570.0,5520.0,5550.0,3602988,250
2023-11-06 09:00:00,5570.0,5580.0,5520.0,5540.0,5425603,416
2023-11-06 10:00:00,5550.0,5570.0,5530.0,5540.0,11734630,500
2023-11-06 11:00:00,5530.0,5550.0,5500.0,5530.0,10676614,490
2023-11-06 12:00:00,5540.0,5550.0,5530.0,5540.0,5554837,289
2023-11-07 09:00:00,5520.0,5600.0,5520.0,5580.0,6680602,442
2023-11-07 10:00:00,5580.0,5620.0,5560.0,5620.0,13472391,483
2023-11-07 11:00:00,5610.0,5820.0,5610.0,5690.0,19932318,941
2023-11-07 12:00:00,5700.0,5720.0,5660.0,5720.0,7637698,347
2023-11-08 09:00:00,5780.0,5780.0,5630.0,5650.0,8804444,583
2023-11-08 10:00:00,5650.0,5660.0,5620.0,5630.0,6964042,436
2023-11-08 11:00:00,5640.0,5750.0,5600.0,5650.0,16603405,547
2023-11-08 12:00:00,5640.0,5690.0,5620.0,5630.0,7738417,330
2023-11-08 14:00:00,5680.0,5680.0,5680.0,5680.0,716550,8
2023-11-11 09:00:00,5600.0,5690.0,5600.0,5670.0,7889911,494
2023-11-11 10:00:00,5660.0,5680.0,5630.0,5630.0,7121843,461
2023-11-11 11:00:00,5630.0,5640.0,5610.0,5640.0,7418694,492
2023-11-11 12:00:00,5630.0,5660.0,5610.0,5640.0,5443338,281
2023-11-12 09:00:00,5620.0,5650.0,5580.0,5580.0,7718582,431
2023-11-12 10:00:00,5580.0,5650.0,5570.0,5640.0,10558985,369
2023-11-12 11:00:00,5640.0,5650.0,5620.0,5620.0,6962517,350
2023-11-12 12:00:00,5620.0,5630.0,5600.0,5600.0,8849972,360
2023-11-13 09:00:00,5660.0,5660.0,5580.0,5610.0,10307401,456
2023-11-13 10:00:00,5620.0,5630.0,5570.0,5590.0,11469710,426
2023-11-13 11:00:00,5590.0,5630.0,5560.0,5580.0,21548406,536
2023-11-13 12:00:00,5580.0,5590.0,5560.0,5580.0,4805647,250
2023-11-13 13:00:00,5580.0,5620.0,5580.0,5580.0,9485855,60
2023-11-14 09:00:00,5600.0,5610.0,5500.0,5570.0,6927863,410
2023-11-14 10:00:00,5560.0,5570.0,5510.0,5530.0,4943606,328
2023-11-14 11:00:00,5530.0,5560.0,5500.0,5540.0,9042977,366
2023-11-14 12:00:00,5540.0,5550.0,5530.0,5540.0,4237756,197
2023-11-15 09:00:00,5530.0,5540.0,5500.0,5510.0,4670096,310
2023-11-15 10:00:00,5510.0,5540.0,5500.0,5510.0,7286672,351
2023-11-15 11:00:00,5520.0,5520.0,5450.0,5450.0,8783399,410
2023-11-15 12:00:00,5450.0,5490.0,5420.0,5490.0,5788307,355
2023-11-18 09:00:00,5440.0,5490.0,5400.0,5420.0,6469451,456
2023-11-18 10:00:00,5420.0,5430.0,5370.0,5380.0,6797530,425
2023-11-18 11:00:00,5380.0,5460.0,5370.0,5410.0,8393777,428
2023-11-18 12:00:00,5410.0,5440.0,5380.0,5420.0,5883265,240
2023-11-19 09:00:00,5400.0,5420.0,5360.0,5390.0,4715509,400
2023-11-19 10:00:00,5400.0,5410.0,5370.0,5380.0,11102227,428
2023-11-19 11:00:00,5380.0,5410.0,5370.0,5390.0,12025767,385
2023-11-19 12:00:00,5390.0,5390.0,5350.0,5380.0,15048872,308
2023-11-20 09:00:00,5350.0,5400.0,5340.0,5350.0,3665755,311
2023-11-20 10:00:00,5350.0,5400.0,5340.0,5360.0,10881279,419
2023-11-20 11:00:00,5350.0,5360.0,5320.0,5350.0,8756335,373
2023-11-20 12:00:00,5350.0,5350.0,5310.0,5310.0,4246038,222
2023-11-20 15:00:00,5340.0,5360.0,5320.0,5340.0,5441329,41
2023-11-21 09:00:00,5350.0,5350.0,5320.0,5350.0,4645428,439
2023-11-21 10:00:00,5340.0,5360.0,5330.0,5340.0,11548632,385
2023-11-21 11:00:00,5330.0,5350.0,5320.0,5330.0,6464728,349
2023-11-21 12:00:00,5330.0,5330.0,5300.0,5310.0,5370235,360
2023-11-22 09:00:00,5300.0,5390.0,5290.0,5360.0,16885288,467
2023-11-22 10:00:00,5360.0,5360.0,5320.0,5330.0,5153687,346
2023-11-22 11:00:00,5340.0,5340.0,5290.0,5320.0,16028385,473
2023-11-22 12:00:00,5320.0,5330.0,5300.0,5320.0,4748830,238
2023-11-25 09:00:00,5320.0,5360.0,5310.0,5320.0,8421449,503
2023-11-25 10:00:00,5330.0,5340.0,5300.0,5340.0,7147359,401
2023-11-25 11:00:00,5330.0,5340.0,5310.0,5310.0,5168649,309
2023-11-25 12:00:00,5320.0,5320.0,5290.0,5300.0,4110629,235
2023-11-26 09:00:00,5320.0,5350.0,5290.0,5310.0,5794140,436
2023-11-26 10:00:00,5310.0,5320.0,5290.0,5310.0,3710644,335
2023-11-26 11:00:00,5310.0,5320.0,5300.0,5310.0,6096656,398
2023-11-26 12:00:00,5320.0,5320.0,5300.0,5320.0,3213825,218
2023-11-27 09:00:00,5350.0,5360.0,5300.0,5310.0,10313498,542
2023-11-27 10:00:00,5300.0,5310.0,5290.0,5290.0,3678488,340
2023-11-27 11:00:00,5300.0,5310.0,5290.0,5300.0,5851087,445
2023-11-27 12:00:00,5310.0,5310.0,5290.0,5310.0,3839110,245
2023-11-28 09:00:00,5310.0,5340.0,5280.0,5310.0,6901989,473
2023-11-28 10:00:00,5310.0,5350.0,5300.0,5340.0,5601456,327
2023-11-28 11:00:00,5310.0,5350.0,5310.0,5330.0,7056890,389
2023-11-28 12:00:00,5330.0,5370.0,5320.0,5360.0,4606818,252
2023-11-29 09:00:00,5400.0,5450.0,5380.0,5450.0,18186874,716
2023-11-29 10:00:00,5450.0,5570.0,5440.0,5530.0,24624852,895
2023-11-29 11:00:00,5530.0,5530.0,5490.0,5490.0,9657881,475
2023-11-29 12:00:00,5500.0,5510.0,5480.0,5500.0,10107151,448
2023-12-02 09:00:00,5560.0,5700.0,5560.0,5600.0,27122193,1112
2023-12-02 10:00:00,5590.0,5640.0,5570.0,5610.0,18118207,705
2023-12-02 11:00:00,5620.0,5630.0,5550.0,5580.0,16029690,619
2023-12-02 12:00:00,5580.0,5590.0,5540.0,5560.0,9924715,382
2023-12-03 09:00:00,5600.0,5660.0,5540.0,5660.0,14851037,655
2023-12-03 10:00:00,5650.0,5810.0,5650.0,5770.0,31896666,1219
2023-12-03 11:00:00,5760.0,6000.0,5750.0,6000.0,64113183,1890
2023-12-03 12:00:00,6000.0,6000.0,6000.0,6000.0,18937566,469
2023-12-04 09:00:00,6320.0,6320.0,6160.0,6210.0,55273648,2441
2023-12-04 10:00:00,6210.0,6220.0,6150.0,6180.0,31594025,1633
2023-12-04 11:00:00,6180.0,6300.0,6160.0,6220.0,37829437,1577
2023-12-04 12:00:00,6210.0,6260.0,6200.0,6240.0,15064160,707
2023-12-05 09:00:00,6240.0,6260.0,6150.0,6200.0,34102087,1605
2023-12-05 10:00:00,6190.0,6350.0,6190.0,6250.0,24218045,1227
2023-12-05 11:00:00,6240.0,6280.0,6200.0,6220.0,20522198,867
2023-12-05 12:00:00,6230.0,6230.0,6190.0,6200.0,10446616,529
2023-12-05 14:00:00,6220.0,6220.0,6220.0,6220.0,716550,8
2023-12-06 09:00:00,6190.0,6230.0,6120.0,6150.0,17137996,969
2023-12-06 10:00:00,6150.0,6190.0,6140.0,6170.0,10377467,676
2023-12-06 11:00:00,6160.0,6180.0,6140.0,6160.0,10405348,666
2023-12-06 12:00:00,6160.0,6170.0,6150.0,6150.0,8060591,412
2023-12-06 14:00:00,6200.0,6200.0,6200.0,6200.0,716550,8
2023-12-09 09:00:00,6140.0,6190.0,6080.0,6120.0,30475629,1088
2023-12-09 10:00:00,6120.0,6120.0,6050.0,6050.0,24256434,849
2023-12-09 11:00:00,6050.0,6060.0,6040.0,6050.0,14903007,778
2023-12-09 12:00:00,6040.0,6070.0,6030.0,6070.0,15060194,595
2023-12-09 13:00:00,6070.0,6140.0,6070.0,6130.0,27607207,326
2023-12-10 09:00:00,6050.0,6090.0,6010.0,6070.0,9949858,619
2023-12-10 10:00:00,6080.0,6170.0,6070.0,6120.0,17390679,768
2023-12-10 11:00:00,6130.0,6140.0,6080.0,6090.0,9168601,550
2023-12-10 12:00:00,6090.0,6120.0,6080.0,6090.0,8214694,374
2023-12-10 14:00:00,6090.0,6090.0,6090.0,6090.0,264976,3
2023-12-11 09:00:00,6100.0,6150.0,6090.0,6100.0,18438072,713
2023-12-11 10:00:00,6100.0,6100.0,6080.0,6080.0,7180654,492
2023-12-11 11:00:00,6080.0,6100.0,6070.0,6080.0,12163083,531
2023-12-11 12:00:00,6080.0,6090.0,6070.0,6080.0,7357702,362
2023-12-12 09:00:00,6070.0,6100.0,6040.0,6080.0,11960369,636
2023-12-12 10:00:00,6080.0,6090.0,6070.0,6080.0,11346806,508
2023-12-12 11:00:00,6070.0,6080.0,6060.0,6070.0,12336360,485
2023-12-12 12:00:00,6070.0,6100.0,6050.0,6070.0,13922681,384
2023-12-13 09:00:00,6060.0,6100.0,6030.0,6080.0,7873508,486
2023-12-13 10:00:00,6080.0,6080.0,6050.0,6060.0,6441672,435
2023-12-13 11:00:00,6050.0,6070.0,6050.0,6060.0,7028962,442
2023-12-13 12:00:00,6060.0,6080.0,6060.0,6070.0,10193457,308
2023-12-13 14:00:00,6080.0,6080.0,6080.0,6080.0,516550,8
2023-12-16 09:00:00,6100.0,6130.0,6070.0,6100.0,8434548,570
2023-12-16 10:00:00,6090.0,6190.0,6090.0,6160.0,14268952,651
2023-12-16 11:00:00,6160.0,6160.0,6130.0,6150.0,10488435,535
2023-12-16 12:00:00,6150.0,6150.0,6130.0,6150.0,7196597,377
2023-12-18 09:00:00,6170.0,6390.0,6170.0,6360.0,18916927,945
2023-12-18 10:00:00,6360.0,6400.0,6280.0,6350.0,22468329,1171
2023-12-18 11:00:00,6340.0,6390.0,6300.0,6300.0,17798780,972
2023-12-18 12:00:00,6300.0,6320.0,6280.0,6310.0,8127197,391
2023-12-19 09:00:00,6350.0,6580.0,6280.0,6410.0,34152992,1201
2023-12-19 10:00:00,6410.0,6420.0,6340.0,6340.0,18412949,782
2023-12-19 11:00:00,6340.0,6370.0,6320.0,6340.0,17851866,607
2023-12-19 12:00:00,6330.0,6360.0,6330.0,6350.0,7384303,365
2023-12-20 09:00:00,6350.0,6480.0,6300.0,6380.0,19735914,808
2023-12-20 10:00:00,6380.0,6400.0,6370.0,6390.0,10381261,593
2023-12-20 11:00:00,6380.0,6400.0,6350.0,6360.0,10811476,444
2023-12-20 12:00:00,6370.0,6370.0,6330.0,6340.0,12678506,383
2023-12-20 14:00:00,6450.0,6450.0,6370.0,6370.0,1049678,13
2023-12-23 09:00:00,6370.0,6380.0,6300.0,6360.0,16191175,793
2023-12-23 10:00:00,6350.0,6370.0,6320.0,6330.0,16187408,641
2023-12-23 11:00:00,6330.0,6360.0,6330.0,6340.0,14103266,505
2023-12-23 12:00:00,6340.0,6360.0,6330.0,6340.0,14811770,375
2023-12-23 14:00:00,6350.0,6360.0,6330.0,6360.0,5723431,93
2023-12-23 17:00:00,6380.0,6380.0,6350.0,6350.0,1000000,36
2023-12-24 09:00:00,6340.0,6370.0,6300.0,6320.0,18594078,675
2023-12-24 10:00:00,6330.0,6330.0,6290.0,6300.0,16999527,619
2023-12-24 11:00:00,6290.0,6300.0,6260.0,6260.0,11218106,535
2023-12-24 12:00:00,6270.0,6340.0,6250.0,6280.0,7454940,394
2023-12-24 14:00:00,6320.0,6320.0,6320.0,6320.0,716550,12
2023-12-25 09:00:00,6290.0,6350.0,6200.0,6300.0,9967899,624
2023-12-25 10:00:00,6290.0,6300.0,6260.0,6260.0,8701160,462
2023-12-25 11:00:00,6260.0,6290.0,6260.0,6270.0,9811978,430
2023-12-25 12:00:00,6280.0,6290.0,6230.0,6240.0,9315710,340
2023-12-25 14:00:00,6300.0,6300.0,6300.0,6300.0,716550,8
2023-12-26 09:00:00,6230.0,6270.0,6170.0,6180.0,10533911,632
2023-12-26 10:00:00,6180.0,6240.0,6170.0,6240.0,7968852,442
2023-12-26 11:00:00,6230.0,6250.0,6210.0,6220.0,11898728,412
2023-12-26 12:00:00,6210.0,6220.0,6200.0,6200.0,8199316,339
2023-12-26 14:00:00,6260.0,6260.0,6260.0,6260.0,204600,3
2023-12-27 09:00:00,6270.0,6270.0,6190.0,6220.0,11394151,592
2023-12-27 10:00:00,6220.0,6250.0,6200.0,6200.0,10790586,592
2023-12-27 11:00:00,6200.0,6270.0,6190.0,6210.0,11929934,580
2023-12-27 12:00:00,6220.0,6230.0,6200.0,6220.0,7188069,315
2023-12-27 15:00:00,6260.0,6260.0,6260.0,6260.0,716550,8
2023-12-30 09:00:00,6280.0,6330.0,6270.0,6270.0,10519053,624
2023-12-30 10:00:00,6280.0,6280.0,6250.0,6280.0,6163831,457
2023-12-30 11:00:00,6270.0,6290.0,6260.0,6280.0,7683518,470
2023-12-30 12:00:00,6280.0,6290.0,6270.0,6280.0,4856275,293
2023-12-31 09:00:00,6300.0,6300.0,6250.0,6250.0,7933936,469
2023-12-31 10:00:00,6260.0,6260.0,6240.0,6250.0,8081434,448
2023-12-31 11:00:00,6250.0,6250.0,6190.0,6210.0,13820689,480
2023-12-31 12:00:00,6200.0,6210.0,6180.0,6190.0,7670648,370
2024-01-01 09:00:00,6230.0,6230.0,6150.0,6220.0,8677542,488
2024-01-01 10:00:00,6220.0,6220.0,6180.0,6180.0,5906083,403
2024-01-01 11:00:00,6190.0,6210.0,6180.0,6190.0,11555337,467
2024-01-01 12:00:00,6190.0,6190.0,6180.0,6180.0,5390540,367
2024-01-02 09:00:00,6180.0,6220.0,6100.0,6170.0,13532476,541
2024-01-02 10:00:00,6170.0,6190.0,6160.0,6170.0,4804841,375
2024-01-02 11:00:00,6170.0,6180.0,6160.0,6170.0,6506497,384
2024-01-02 12:00:00,6170.0,6180.0,6130.0,6150.0,8513957,350
2024-01-02 16:00:00,6180.0,6190.0,6100.0,6160.0,8578377,72
2024-01-03 09:00:00,6180.0,6180.0,6140.0,6160.0,4278751,408
2024-01-03 10:00:00,6160.0,6170.0,6140.0,6140.0,8083526,369
2024-01-03 11:00:00,6140.0,6220.0,6110.0,6160.0,11717903,471
2024-01-03 12:00:00,6160.0,6220.0,6160.0,6190.0,5124802,244
2024-01-03 14:00:00,6160.0,6160.0,6160.0,6160.0,716550,8
2024-01-06 09:00:00,6180.0,6200.0,6140.0,6160.0,6463192,460
2024-01-06 10:00:00,6160.0,6170.0,6150.0,6160.0,6857223,386
2024-01-06 11:00:00,6160.0,6230.0,6160.0,6190.0,10977019,459
2024-01-06 12:00:00,6190.0,6200.0,6180.0,6200.0,4781811,302
2024-01-07 09:00:00,6130.0,6220.0,6130.0,6210.0,5556623,400
2024-01-07 10:00:00,6200.0,6210.0,6190.0,6200.0,5673233,402
2024-01-07 11:00:00,6210.0,6210.0,6190.0,6200.0,6401047,459
2024-01-07 12:00:00,6210.0,6220.0,6190.0,6200.0,4109730,268
2024-01-08 09:00:00,6190.0,6220.0,6180.0,6210.0,8484258,482
2024-01-08 10:00:00,6210.0,6220.0,6190.0,6190.0,9649079,466
2024-01-08 11:00:00,6190.0,6200.0,6170.0,6180.0,8652578,469
2024-01-08 12:00:00,6180.0,6180.0,6160.0,6170.0,4229773,323
2024-01-09 09:00:00,6170.0,6280.0,6150.0,6220.0,7594348,435
2024-01-09 10:00:00,6220.0,6270.0,6190.0,6230.0,6901358,398
2024-01-09 11:00:00,6220.0,6300.0,6220.0,6230.0,7933672,459
2024-01-09 12:00:00,6230.0,6240.0,6200.0,6200.0,7295560,274
2024-01-09 16:00:00,6210.0,6270.0,6210.0,6270.0,1433100,17
2024-01-10 09:00:00,6240.0,6290.0,6240.0,6270.0,10273863,496
2024-01-10 10:00:00,6280.0,6290.0,6260.0,6270.0,10044669,433
2024-01-10 11:00:00,6260.0,6280.0,6250.0,6250.0,9010833,445
2024-01-10 12:00:00,6260.0,6260.0,6250.0,6260.0,6688378,283
2024-01-13 09:00:00,6260.0,6350.0,6230.0,6300.0,10485955,630
2024-01-13 10:00:00,6310.0,6380.0,6300.0,6340.0,14760483,663
2024-01-13 11:00:00,6350.0,6350.0,6280.0,6280.0,12387166,587
2024-01-13 12:00:00,6290.0,6290.0,6270.0,6280.0,11401714,379
2024-01-13 15:00:00,6290.0,6290.0,6290.0,6290.0,716550,7
2024-01-14 09:00:00,6310.0,6380.0,6310.0,6340.0,9454352,600
2024-01-14 10:00:00,6340.0,6350.0,6320.0,6340.0,10810915,559
2024-01-14 11:00:00,6340.0,6350.0,6300.0,6320.0,14572510,554
2024-01-14 12:00:00,6320.0,6380.0,6310.0,6360.0,8768420,376
2024-01-15 09:00:00,6340.0,6360.0,6270.0,6330.0,9043999,489
2024-01-15 10:00:00,6320.0,6330.0,6310.0,6330.0,9885135,414
2024-01-15 11:00:00,6320.0,6340.0,6300.0,6300.0,12646806,515
2024-01-15 12:00:00,6300.0,6320.0,6280.0,6300.0,9438129,325
2024-01-16 09:00:00,6270.0,6330.0,6210.0,6260.0,12381160,583
2024-01-16 10:00:00,6260.0,6290.0,6250.0,6270.0,11546731,428
2024-01-16 11:00:00,6280.0,6290.0,6260.0,6270.0,9943106,380
2024-01-16 12:00:00,6270.0,6280.0,6240.0,6260.0,9713817,327
2024-01-16 14:00:00,6310.0,6310.0,6310.0,6310.0,716550,9
2024-01-17 09:00:00,6250.0,6280.0,6210.0,6260.0,3302678,364
2024-01-17 10:00:00,6250.0,6260.0,6230.0,6240.0,3702093,342
2024-01-17 11:00:00,6240.0,6250.0,6230.0,6240.0,6026620,371
2024-01-17 12:00:00,6240.0,6250.0,6220.0,6250.0,7135248,263
2024-01-20 09:00:00,6250.0,6310.0,6230.0,6280.0,9700250,537
2024-01-20 10:00:00,6280.0,6280.0,6240.0,6250.0,7068748,443
2024-01-20 11:00:00,6240.0,6250.0,6200.0,6200.0,14835341,671
2024-01-20 12:00:00,6200.0,6210.0,6180.0,6190.0,9886005,471
2024-01-20 16:00:00,6300.0,6300.0,6300.0,6300.0,716550,8
2024-01-21 09:00:00,6170.0,6250.0,6130.0,6220.0,22106352,941
2024-01-21 10:00:00,6220.0,6240.0,6200.0,6220.0,14462850,532
2024-01-21 11:00:00,6230.0,6230.0,6210.0,6220.0,10612135,431
2024-01-21 12:00:00,6210.0,6250.0,6210.0,6250.0,5873944,248
2024-01-21 14:00:00,6240.0,6240.0,6240.0,6240.0,711550,8
2024-01-22 09:00:00,6250.0,6260.0,6220.0,6230.0,4895494,392
2024-01-22 10:00:00,6240.0,6240.0,6190.0,6220.0,14619715,503
2024-01-22 11:00:00,6220.0,6260.0,6190.0,6240.0,15806527,466
2024-01-22 12:00:00,6240.0,6250.0,6170.0,6200.0,13068401,331
2024-01-22 14:00:00,6250.0,6250.0,6250.0,6250.0,716550,7
2024-01-23 09:00:00,6190.0,6200.0,6130.0,6180.0,19018683,577
2024-01-23 10:00:00,6180.0,6190.0,6080.0,6150.0,23161558,750
2024-01-23 11:00:00,6150.0,6180.0,6120.0,6150.0,10967731,483
2024-01-23 12:00:00,6150.0,6230.0,6140.0,6190.0,9823229,370
2024-01-23 15:00:00,6210.0,6210.0,6140.0,6140.0,1433100,15
2024-01-24 09:00:00,6150.0,6230.0,6150.0,6180.0,5456127,394
2024-01-24 10:00:00,6170.0,6180.0,6160.0,6170.0,2839691,299
2024-01-24 11:00:00,6170.0,6200.0,6160.0,6180.0,3734515,302
2024-01-24 12:00:00,6180.0,6210.0,6170.0,6200.0,6519594,277
2024-01-27 09:00:00,6220.0,6250.0,6170.0,6180.0,7023373,457
2024-01-27 10:00:00,6180.0,6190.0,6150.0,6180.0,9687951,422
2024-01-27 11:00:00,6180.0,6210.0,6160.0,6200.0,6700255,363
2024-01-27 12:00:00,6200.0,6220.0,6190.0,6210.0,7725702,288
2024-01-28 09:00:00,6200.0,6230.0,6180.0,6190.0,7508139,447
2024-01-28 10:00:00,6190.0,6200.0,6170.0,6180.0,7664949,437
2024-01-28 11:00:00,6180.0,6180.0,6160.0,6160.0,6572215,451
2024-01-28 12:00:00,6170.0,6230.0,6160.0,6200.0,13689474,355
2024-01-28 14:00:00,6210.0,6210.0,6210.0,6210.0,716550,7
2024-01-29 09:00:00,6190.0,6190.0,6120.0,6140.0,6687088,546
2024-01-29 10:00:00,6130.0,6190.0,6130.0,6140.0,9063949,422
2024-01-29 11:00:00,6150.0,6180.0,6120.0,6170.0,8810454,510
2024-01-29 12:00:00,6180.0,6180.0,6130.0,6160.0,12114525,306
2024-01-30 09:00:00,6110.0,6180.0,6110.0,6160.0,13563440,697
2024-01-30 10:00:00,6150.0,6160.0,6130.0,6130.0,7380367,588
2024-01-30 11:00:00,6140.0,6150.0,6130.0,6140.0,11602948,565
2024-01-30 12:00:00,6140.0,6140.0,6120.0,6120.0,5662576,375
2024-01-31 09:00:00,6140.0,6140.0,6080.0,6110.0,7857069,468
2024-01-31 10:00:00,6110.0,6150.0,6100.0,6120.0,11193377,497
2024-01-31 11:00:00,6120.0,6140.0,6100.0,6100.0,10939165,440
2024-01-31 12:00:00,6100.0,6120.0,6100.0,6110.0,4815739,391
2024-02-03 09:00:00,6100.0,6170.0,6080.0,6150.0,15243006,709
2024-02-03 10:00:00,6140.0,6170.0,6110.0,6120.0,9181384,500
2024-02-03 11:00:00,6130.0,6140.0,6110.0,6120.0,7504209,423
2024-02-03 12:00:00,6110.0,6120.0,6100.0,6100.0,11031288,343
2024-02-04 09:00:00,6130.0,6170.0,6080.0,6100.0,7483714,499
2024-02-04 10:00:00,6100.0,6100.0,6040.0,6050.0,6584930,494
2024-02-04 11:00:00,6050.0,6060.0,6020.0,6030.0,10024964,530
2024-02-04 12:00:00,6020.0,6030.0,5990.0,6000.0,5768317,388
2024-02-05 09:00:00,6020.0,6080.0,5980.0,6010.0,15812905,664
2024-02-05 10:00:00,6020.0,6040.0,6010.0,6030.0,10972762,565
2024-02-05 11:00:00,6030.0,6030.0,5980.0,5980.0,11919778,601
2024-02-05 12:00:00,5990.0,6030.0,5970.0,6000.0,20882035,507
2024-02-05 16:00:00,6010.0,6030.0,6010.0,6020.0,2630845,63
2024-02-05 17:00:00,5970.0,6030.0,5970.0,5980.0,8697765,71
2024-02-06 09:00:00,5970.0,6030.0,5950.0,5990.0,10087526,517
2024-02-06 10:00:00,6000.0,6020.0,5990.0,6000.0,12605655,371
2024-02-06 11:00:00,6000.0,6010.0,5980.0,5990.0,8673236,326
2024-02-06 12:00:00,5990.0,6000.0,5940.0,6000.0,8437473,339
2024-02-06 14:00:00,6020.0,6020.0,6020.0,6020.0,188403,2
2024-02-13 10:00:00,6040.0,6040.0,6040.0,6040.0,1,1
2024-02-13 11:00:00,6030.0,6030.0,5970.0,6010.0,22384330,795
2024-02-13 12:00:00,6010.0,6020.0,5990.0,6000.0,12283055,456
2024-02-14 09:00:00,6010.0,6020.0,5950.0,5970.0,7689570,547
2024-02-14 10:00:00,5960.0,5990.0,5950.0,5980.0,11200724,536
2024-02-14 11:00:00,5970.0,5980.0,5940.0,5940.0,8701278,548
2024-02-14 12:00:00,5940.0,5950.0,5940.0,5940.0,4762297,392
2024-02-17 09:00:00,5990.0,5990.0,5860.0,5900.0,13501190,711
2024-02-17 10:00:00,5900.0,5910.0,5860.0,5870.0,13071489,656
2024-02-17 11:00:00,5870.0,5870.0,5830.0,5870.0,16425923,694
2024-02-17 12:00:00,5870.0,5890.0,5850.0,5880.0,8448325,364
2024-02-17 16:00:00,5940.0,5940.0,5940.0,5940.0,716550,8
2024-02-18 09:00:00,5880.0,5960.0,5820.0,5940.0,9866119,657
2024-02-18 10:00:00,5940.0,5950.0,5900.0,5910.0,8820981,469
2024-02-18 11:00:00,5910.0,5920.0,5900.0,5910.0,11245442,486
2024-02-18 12:00:00,5910.0,5920.0,5900.0,5910.0,5676775,356
2024-02-18 14:00:00,5910.0,5920.0,5850.0,5850.0,2025161,59
2024-02-18 16:00:00,5840.0,5840.0,5840.0,5840.0,196350,2
2024-02-19 09:00:00,5920.0,5980.0,5920.0,5940.0,9543844,656
2024-02-19 10:00:00,5950.0,5950.0,5920.0,5940.0,14439857,692
2024-02-19 11:00:00,5940.0,5950.0,5910.0,5920.0,13700363,763
2024-02-19 12:00:00,5930.0,5940.0,5890.0,5920.0,16359578,620
2024-02-19 18:00:00,5930.0,5940.0,5890.0,5910.0,10937479,96
2024-02-28 11:00:00,4460.0,4500.0,4421.0,4477.0,13761788,659
2024-02-28 12:00:00,4477.0,4479.0,4449.0,4454.0,8975968,591
2024-02-28 17:00:00,4463.0,4463.0,4463.0,4463.0,6221,2
2024-03-02 09:00:00,4460.0,4647.0,4450.0,4647.0,19922472,1220
2024-03-02 10:00:00,4649.0,4650.0,4562.0,4597.0,21680139,984
2024-03-02 11:00:00,4599.0,4778.0,4597.0,4745.0,45096414,1297
2024-03-02 12:00:00,4746.0,4778.0,4740.0,4778.0,24875125,550
2024-03-03 09:00:00,4890.0,4983.0,4840.0,4903.0,38372100,1732
2024-03-03 10:00:00,4903.0,4903.0,4811.0,4855.0,22994031,1099
2024-03-03 11:00:00,4851.0,4868.0,4847.0,4868.0,10792068,796
2024-03-03 12:00:00,4868.0,4872.0,4843.0,4849.0,10674074,492
2024-03-04 09:00:00,4860.0,4900.0,4780.0,4839.0,27872405,1257
2024-03-04 10:00:00,4839.0,4840.0,4786.0,4795.0,8489845,664
2024-03-04 11:00:00,4796.0,4806.0,4788.0,4790.0,15887422,617
2024-03-04 12:00:00,4790.0,4790.0,4776.0,4776.0,8149009,421
2024-03-05 09:00:00,4732.0,5035.0,4732.0,4996.0,29495226,1258
2024-03-05 10:00:00,4998.0,5001.0,4945.0,4950.0,19397773,827
2024-03-05 11:00:00,4950.0,4951.0,4927.0,4929.0,21024713,634
2024-03-05 12:00:00,4930.0,4930.0,4900.0,4903.0,10880471,411
2024-03-06 09:00:00,4950.0,5009.0,4877.0,4900.0,16424303,864
2024-03-06 10:00:00,4900.0,4911.0,4865.0,4872.0,9793148,584
2024-03-06 11:00:00,4872.0,4938.0,4850.0,4866.0,10232575,539
2024-03-06 12:00:00,4866.0,4910.0,4854.0,4890.0,10141319,401
2024-03-06 14:00:00,4861.0,4861.0,4861.0,4861.0,222830,3
2024-03-09 09:00:00,4960.0,4962.0,4857.0,4860.0,14837085,820
2024-03-09 10:00:00,4860.0,4885.0,4829.0,4844.0,8814912,607
2024-03-09 11:00:00,4844.0,4848.0,4828.0,4828.0,12384940,615
2024-03-09 12:00:00,4829.0,4830.0,4819.0,4820.0,9326100,424
2024-03-10 09:00:00,4811.0,4849.0,4778.0,4833.0,13655987,757
2024-03-10 10:00:00,4833.0,4838.0,4802.0,4825.0,19218026,671
2024-03-10 11:00:00,4825.0,4899.0,4799.0,4800.0,36725906,1104
2024-03-10 12:00:00,4800.0,4815.0,4798.0,4800.0,12376801,384
2024-03-11 09:00:00,4800.0,4810.0,4771.0,4800.0,15273775,696
2024-03-11 10:00:00,4799.0,4801.0,4762.0,4775.0,17645387,841
2024-03-11 11:00:00,4775.0,4850.0,4755.0,4777.0,23744287,910
2024-03-11 12:00:00,4778.0,4840.0,4768.0,4800.0,15645086,435
2024-03-12 09:00:00,4777.0,4849.0,4777.0,4814.0,9052107,680
2024-03-12 10:00:00,4816.0,4816.0,4807.0,4813.0,9954861,503
2024-03-12 11:00:00,4810.0,4814.0,4755.0,4756.0,8237227,596
2024-03-12 12:00:00,4756.0,4758.0,4750.0,4756.0,5168585,373
2024-03-13 09:00:00,4753.0,4810.0,4752.0,4765.0,10385881,603
2024-03-13 10:00:00,4764.0,4769.0,4736.0,4746.0,8782172,556
2024-03-13 11:00:00,4746.0,4748.0,4699.0,4699.0,8105108,575
2024-03-13 12:00:00,4702.0,4702.0,4679.0,4689.0,12895701,533
2024-03-16 10:00:00,4750.0,4750.0,4676.0,4680.0,13016863,747
2024-03-16 11:00:00,4679.0,4705.0,4633.0,4670.0,15360361,752
2024-03-16 12:00:00,4657.0,4733.0,4656.0,4720.0,7104530,430
2024-03-17 09:00:00,4719.0,4900.0,4719.0,4780.0,12691516,694
2024-03-17 10:00:00,4779.0,4859.0,4777.0,4846.0,11269267,582
2024-03-17 11:00:00,4846.0,4846.0,4825.0,4840.0,6109724,416
2024-03-17 12:00:00,4840.0,4888.0,4831.0,4888.0,6637441,354
2024-03-18 09:00:00,4890.0,4943.0,4870.0,4929.0,18284026,1039
2024-03-18 10:00:00,4929.0,5039.0,4928.0,5000.0,23313658,1098
2024-03-18 11:00:00,5000.0,5000.0,4966.0,4989.0,14134994,715
2024-03-18 12:00:00,4987.0,5039.0,4987.0,5035.0,18800163,603
2024-03-24 09:00:00,5100.0,5220.0,5100.0,5168.0,18675697,1236
2024-03-24 10:00:00,5168.0,5172.0,5146.0,5170.0,13803872,1115
2024-03-24 11:00:00,5170.0,5172.0,5159.0,5165.0,17584587,933
2024-03-24 12:00:00,5164.0,5200.0,5163.0,5199.0,15364505,608
2024-03-25 09:00:00,5288.0,5288.0,5148.0,5150.0,17791004,1281
2024-03-25 10:00:00,5150.0,5194.0,5135.0,5140.0,11734264,1014
2024-03-25 11:00:00,5139.0,5144.0,5109.0,5112.0,10784623,821
2024-03-25 12:00:00,5111.0,5119.0,5109.0,5119.0,5733899,506
2024-03-26 09:00:00,5150.0,5150.0,5095.0,5097.0,13799154,931
2024-03-26 10:00:00,5096.0,5120.0,5096.0,5110.0,7510982,668
2024-03-26 11:00:00,5110.0,5113.0,5098.0,5102.0,7326748,610
2024-03-26 12:00:00,5101.0,5140.0,5101.0,5138.0,6462050,408
2024-03-27 09:00:00,5139.0,5151.0,5105.0,5112.0,9167315,688
2024-03-27 10:00:00,5111.0,5112.0,5108.0,5109.0,7206095,545
2024-03-27 11:00:00,5110.0,5110.0,5099.0,5099.0,11090205,652
2024-03-27 12:00:00,5100.0,5113.0,5099.0,5111.0,10856292,667
2024-03-30 09:00:00,5120.0,5120.0,5060.0,5070.0,9910900,685
2024-03-30 10:00:00,5070.0,5100.0,5070.0,5090.0,8006523,566
2024-03-30 11:00:00,5090.0,5100.0,5080.0,5100.0,9128402,635
2024-03-30 12:00:00,5100.0,5110.0,5090.0,5110.0,7775824,551
2024-04-02 09:00:00,5060.0,5060.0,4950.0,5020.0,23013490,1186
2024-04-02 10:00:00,5020.0,5130.0,5000.0,5100.0,19050978,728
2024-04-02 11:00:00,5090.0,5120.0,5060.0,5060.0,13927185,703
2024-04-02 12:00:00,5070.0,5130.0,5050.0,5090.0,9113782,420
2024-04-02 14:00:00,5100.0,5120.0,5060.0,5070.0,6525615,61
2024-04-02 15:00:00,5080.0,5120.0,5070.0,5070.0,7672586,52
2024-04-03 09:00:00,5050.0,5130.0,5040.0,5090.0,6330094,608
2024-04-03 10:00:00,5090.0,5090.0,5050.0,5070.0,8203950,626
2024-04-03 11:00:00,5060.0,5090.0,5060.0,5070.0,8685942,610
2024-04-03 12:00:00,5060.0,5080.0,5060.0,5070.0,6860924,409
2024-04-06 09:00:00,5080.0,5190.0,5080.0,5080.0,30362138,1074
2024-04-06 10:00:00,5090.0,5090.0,5020.0,5060.0,21581990,948
2024-04-06 11:00:00,5070.0,5070.0,4980.0,4990.0,21847734,853
2024-04-06 12:00:00,4980.0,5090.0,4980.0,5030.0,16024086,573
2024-04-07 09:00:00,5040.0,5140.0,5030.0,5050.0,15235839,679
2024-04-07 10:00:00,5050.0,5080.0,5030.0,5050.0,12018785,534
2024-04-07 11:00:00,5050.0,5100.0,5050.0,5080.0,13095998,584
2024-04-07 12:00:00,5070.0,5090.0,5060.0,5080.0,8031941,361
2024-04-08 09:00:00,5070.0,5120.0,5070.0,5090.0,11684689,736
2024-04-08 10:00:00,5100.0,5100.0,5070.0,5080.0,6697837,546
2024-04-08 11:00:00,5080.0,5130.0,5060.0,5100.0,17184152,571
2024-04-08 12:00:00,5090.0,5100.0,5070.0,5090.0,6250804,342
2024-04-09 09:00:00,5090.0,5130.0,5090.0,5100.0,17529927,525
2024-04-09 10:00:00,5090.0,5230.0,5090.0,5210.0,21445999,693
2024-04-09 11:00:00,5210.0,5210.0,5150.0,5160.0,9042091,561
2024-04-09 12:00:00,5170.0,5230.0,5150.0,5220.0,9252863,448
2024-04-13 09:00:00,5160.0,5160.0,5010.0,5030.0,31780539,1280
2024-04-13 10:00:00,5020.0,5070.0,5000.0,5010.0,23122691,906
2024-04-13 11:00:00,5010.0,5020.0,4990.0,4990.0,20860301,843
2024-04-13 12:00:00,5000.0,5000.0,4960.0,4980.0,12161647,564
2024-04-14 09:00:00,4980.0,4980.0,4980.0,4980.0,9145046,371
2024-04-14 10:00:00,4980.0,4980.0,4980.0,4980.0,2643494,265
2024-04-14 11:00:00,4980.0,4980.0,4980.0,4980.0,4676959,302
2024-04-14 12:00:00,4980.0,4980.0,4980.0,4980.0,5165267,259
2024-04-14 15:00:00,4980.0,4980.0,4980.0,4980.0,2373930,18
2024-04-15 09:00:00,4960.0,5020.0,4960.0,5020.0,15833739,540
2024-04-15 10:00:00,5020.0,5020.0,5020.0,5020.0,8493064,294
2024-04-15 11:00:00,5020.0,5020.0,5020.0,5020.0,3995047,244
2024-04-15 12:00:00,5020.0,5020.0,5020.0,5020.0,2693958,133
2024-04-16 09:00:00,5020.0,5050.0,4950.0,5020.0,30496511,985
2024-04-16 10:00:00,5020.0,5050.0,5000.0,5040.0,13416010,588
2024-04-16 11:00:00,5040.0,5050.0,5030.0,5050.0,30033455,520
2024-04-16 12:00:00,5050.0,5050.0,5050.0,5050.0,8242459,182
2024-04-17 09:00:00,5070.0,5070.0,5070.0,5070.0,11066789,329
2024-04-17 10:00:00,5070.0,5070.0,5070.0,5070.0,5897180,213
2024-04-17 11:00:00,5070.0,5070.0,5070.0,5070.0,11194325,237
2024-04-17 12:00:00,5070.0,5070.0,5070.0,5070.0,3465135,114
2024-04-20 09:00:00,5350.0,5420.0,5250.0,5420.0,55102591,1593
2024-04-20 10:00:00,5420.0,5420.0,5420.0,5420.0,15177050,541
2024-04-20 11:00:00,5420.0,5420.0,5420.0,5420.0,8254287,375
2024-04-20 12:00:00,5420.0,5420.0,5420.0,5420.0,10114975,252
2024-04-21 09:00:00,5610.0,5670.0,5530.0,5640.0,49120032,2074
2024-04-21 10:00:00,5640.0,5650.0,5490.0,5500.0,30443338,1315
2024-04-21 11:00:00,5500.0,5540.0,5450.0,5480.0,16005499,948
2024-04-21 12:00:00,5470.0,5530.0,5470.0,5530.0,9633094,540
2024-04-22 09:00:00,5540.0,5630.0,5470.0,5600.0,27877097,1294
2024-04-22 10:00:00,5610.0,5620.0,5500.0,5520.0,24152689,979
2024-04-22 11:00:00,5510.0,5520.0,5480.0,5500.0,15205859,856
2024-04-22 12:00:00,5510.0,5510.0,5480.0,5490.0,8333351,475
2024-04-23 09:00:00,5510.0,5550.0,5420.0,5420.0,16354697,976
2024-04-23 10:00:00,5420.0,5450.0,5390.0,5390.0,12320425,680
2024-04-23 11:00:00,5400.0,5420.0,5370.0,5400.0,13880623,723
2024-04-23 12:00:00,5400.0,5470.0,5380.0,5450.0,9128331,531
2024-04-24 09:00:00,5440.0,5490.0,5420.0,5430.0,12707585,732
2024-04-24 10:00:00,5440.0,5440.0,5380.0,5400.0,13796815,766
2024-04-24 11:00:00,5400.0,5430.0,5330.0,5390.0,16870231,655
2024-04-24 12:00:00,5390.0,5490.0,5330.0,5450.0,18852396,512
2024-04-24 16:00:00,5450.0,5480.0,5410.0,5410.0,3469972,37
2024-04-27 09:00:00,5450.0,5490.0,5410.0,5420.0,14473771,772
2024-04-27 10:00:00,5420.0,5440.0,5390.0,5410.0,11201319,632
2024-04-27 11:00:00,5410.0,5420.0,5360.0,5380.0,12142048,550
2024-04-27 12:00:00,5380.0,5400.0,5370.0,5400.0,8108690,355
2024-04-28 09:00:00,5370.0,5450.0,5270.0,5360.0,23543156,1021
2024-04-28 10:00:00,5360.0,5360.0,5300.0,5300.0,10953269,662
2024-04-28 11:00:00,5310.0,5330.0,5300.0,5320.0,7899555,550
2024-04-28 12:00:00,5310.0,5340.0,5310.0,5310.0,8590253,398
2024-04-29 09:00:00,5340.0,5350.0,5290.0,5300.0,9890951,680
2024-04-29 10:00:00,5300.0,5300.0,5260.0,5280.0,9993020,621
2024-04-29 11:00:00,5270.0,5280.0,5240.0,5280.0,14081373,621
2024-04-29 12:00:00,5280.0,5280.0,5230.0,5240.0,10245498,435
2024-04-30 09:00:00,5250.0,5270.0,5210.0,5210.0,12774418,604
2024-04-30 10:00:00,5210.0,5230.0,5180.0,5200.0,12236648,574
2024-04-30 11:00:00,5200.0,5210.0,5180.0,5190.0,10479565,506
2024-04-30 12:00:00,5200.0,5210.0,5180.0,5190.0,12066964,394
2024-05-01 09:00:00,5210.0,5230.0,5180.0,5190.0,7767196,479
2024-05-01 10:00:00,5190.0,5200.0,5170.0,5180.0,8421889,441
2024-05-01 11:00:00,5170.0,5190.0,5150.0,5170.0,9769060,596
2024-05-01 12:00:00,5170.0,5220.0,5160.0,5210.0,5256671,342
2024-05-05 09:00:00,5210.0,5220.0,5160.0,5170.0,7494501,595
2024-05-05 10:00:00,5170.0,5180.0,5160.0,5170.0,8119400,540
2024-05-05 11:00:00,5170.0,5180.0,5150.0,5160.0,9255261,452
2024-05-05 12:00:00,5160.0,5160.0,5150.0,5150.0,4112849,335
2024-05-06 09:00:00,5130.0,5130.0,5070.0,5090.0,10216202,693
2024-05-06 10:00:00,5090.0,5120.0,5060.0,5110.0,12136012,526
2024-05-06 11:00:00,5100.0,5120.0,5090.0,5100.0,10980778,466
2024-05-06 12:00:00,5100.0,5110.0,5080.0,5080.0,6862059,381
2024-05-07 09:00:00,5090.0,5130.0,5080.0,5090.0,7746612,490
2024-05-07 10:00:00,5090.0,5090.0,5070.0,5080.0,8262722,435
2024-05-07 11:00:00,5080.0,5090.0,5070.0,5080.0,5874586,383
2024-05-07 12:00:00,5080.0,5110.0,5080.0,5100.0,5485919,340
2024-05-08 09:00:00,5100.0,5110.0,5060.0,5080.0,5241036,404
2024-05-08 10:00:00,5080.0,5080.0,5050.0,5050.0,9149033,414
2024-05-08 11:00:00,5050.0,5050.0,5010.0,5050.0,9507318,520
2024-05-08 12:00:00,5050.0,5050.0,5020.0,5050.0,6552672,360
2024-05-11 09:00:00,5060.0,5080.0,4990.0,4990.0,14564424,695
2024-05-11 10:00:00,4990.0,5030.0,4990.0,5020.0,7661028,501
2024-05-11 11:00:00,5010.0,5020.0,5000.0,5010.0,12999521,530
2024-05-11 12:00:00,5020.0,5020.0,5000.0,5010.0,9534565,412
2024-05-12 09:00:00,5000.0,5110.0,4990.0,5010.0,20737322,882
2024-05-12 10:00:00,5010.0,5080.0,5000.0,5010.0,10783895,631
2024-05-12 11:00:00,5010.0,5010.0,4970.0,4980.0,10116201,694
2024-05-12 12:00:00,4970.0,4980.0,4950.0,4980.0,5111424,404
2024-05-13 09:00:00,4950.0,4990.0,4930.0,4940.0,14575042,805
2024-05-13 10:00:00,4940.0,4960.0,4910.0,4940.0,27474000,920
2024-05-13 11:00:00,4940.0,4970.0,4930.0,4950.0,14499891,651
2024-05-13 12:00:00,4950.0,4980.0,4940.0,4970.0,11244376,486
2024-05-14 09:00:00,4940.0,5110.0,4940.0,5050.0,16867650,771
2024-05-14 10:00:00,5050.0,5050.0,4980.0,5000.0,13022160,543
2024-05-14 11:00:00,5000.0,5000.0,4980.0,4990.0,12831800,519
2024-05-14 12:00:00,4990.0,5000.0,4980.0,4980.0,8366343,344
2024-05-15 09:00:00,5010.0,5010.0,4910.0,4960.0,11968272,459
2024-05-15 10:00:00,4970.0,5060.0,4950.0,5030.0,17064534,578
2024-05-15 11:00:00,5030.0,5100.0,5020.0,5030.0,15393728,610
2024-05-15 12:00:00,5040.0,5070.0,5030.0,5070.0,6577862,343
2024-05-15 15:00:00,5100.0,5100.0,4960.0,4960.0,5584228,88
2024-05-18 09:00:00,5080.0,5110.0,5010.0,5020.0,13992868,638
2024-05-18 10:00:00,5020.0,5030.0,5010.0,5010.0,10872625,518
2024-05-18 11:00:00,5020.0,5030.0,5000.0,5000.0,12989039,490
2024-05-18 12:00:00,5010.0,5020.0,4980.0,4980.0,7234221,341
2024-05-19 09:00:00,4980.0,4980.0,4810.0,4820.0,46258056,1297
2024-05-19 10:00:00,4820.0,4820.0,4760.0,4790.0,21694721,1006
2024-05-19 11:00:00,4790.0,4860.0,4780.0,4850.0,19903665,855
2024-05-19 12:00:00,4840.0,4860.0,4820.0,4830.0,20941673,663
2024-05-19 15:00:00,4870.0,4910.0,4870.0,4910.0,996666,13
2024-05-21 09:00:00,4840.0,4900.0,4810.0,4880.0,8956127,620
2024-05-21 10:00:00,4890.0,4900.0,4850.0,4880.0,11585556,446
2024-05-21 11:00:00,4900.0,4930.0,4890.0,4900.0,14264373,472
2024-05-21 12:00:00,4900.0,4930.0,4900.0,4920.0,6293591,287
2024-05-21 13:00:00,4830.0,4830.0,4810.0,4810.0,119364,3
2024-05-25 09:00:00,4900.0,4900.0,4793.0,4793.0,12965400,951
2024-05-25 10:00:00,4794.0,4854.0,4793.0,4794.0,21325738,750
2024-05-25 11:00:00,4793.0,4854.0,4793.0,4815.0,14614482,692
2024-05-25 12:00:00,4815.0,4815.0,4796.0,4796.0,2804523,318
2024-05-25 15:00:00,4850.0,4850.0,4794.0,4807.0,7720649,389
2024-05-25 16:00:00,4807.0,4807.0,4793.0,4793.0,2653186,34
2024-05-26 09:00:00,4794.0,4800.0,4706.0,4706.0,28972410,1146
2024-05-26 10:00:00,4706.0,4764.0,4706.0,4707.0,25954801,956
2024-05-26 11:00:00,4707.0,4764.0,4706.0,4706.0,13009669,429
2024-05-26 12:00:00,4706.0,4721.0,4706.0,4706.0,29209841,590
2024-05-26 13:00:00,4706.0,4706.0,4706.0,4706.0,21869,2
2024-05-27 09:00:00,4687.0,4687.0,4619.0,4619.0,24804205,1075
2024-05-27 10:00:00,4619.0,4625.0,4619.0,4624.0,24728639,773
2024-05-27 11:00:00,4623.0,4669.0,4622.0,4665.0,9394921,624
2024-05-27 12:00:00,4666.0,4700.0,4666.0,4698.0,10933171,545
2024-05-27 14:00:00,4619.0,4620.0,4619.0,4619.0,13106193,72
2024-05-28 09:00:00,4723.0,4725.0,4698.0,4725.0,10205185,360
2024-05-28 10:00:00,4725.0,4725.0,4725.0,4725.0,4448545,152
2024-05-28 11:00:00,4725.0,4725.0,4725.0,4725.0,2580015,128
2024-05-28 12:00:00,4725.0,4725.0,4725.0,4725.0,2222421,70
2024-05-29 09:00:00,4818.0,4818.0,4818.0,4818.0,5077838,228
2024-05-29 10:00:00,4818.0,4818.0,4818.0,4818.0,4796823,166
2024-05-29 11:00:00,4818.0,4818.0,4818.0,4818.0,2592762,124
2024-05-29 12:00:00,4818.0,4818.0,4818.0,4818.0,787629,56
2024-06-01 09:00:00,4899.0,4899.0,4850.0,4860.0,29251731,1010
2024-06-01 10:00:00,4860.0,4899.0,4857.0,4890.0,13325273,590
2024-06-01 11:00:00,4890.0,4899.0,4886.0,4899.0,8898382,414
2024-06-01 12:00:00,4899.0,4899.0,4895.0,4899.0,4971596,194
2024-06-02 09:00:00,4955.0,4955.0,4846.0,4890.0,10371939,597
2024-06-02 10:00:00,4890.0,4900.0,4848.0,4873.0,7119361,362
2024-06-02 11:00:00,4874.0,4893.0,4855.0,4862.0,7868989,430
2024-06-02 12:00:00,4863.0,4950.0,4862.0,4900.0,8501345,358
2024-06-02 16:00:00,4855.0,4868.0,4855.0,4868.0,979364,15
2024-06-05 09:00:00,4887.0,4940.0,4857.0,4859.0,7903745,556
2024-06-05 10:00:00,4858.0,4892.0,4853.0,4866.0,23837819,478
2024-06-05 11:00:00,4866.0,4937.0,4847.0,4848.0,6657978,402
2024-06-05 12:00:00,4847.0,4891.0,4844.0,4889.0,8983750,287
2024-06-05 15:00:00,4889.0,4889.0,4853.0,4853.0,651192,3
2024-06-08 09:00:00,4889.0,4890.0,4777.0,4777.0,14177298,709
2024-06-08 10:00:00,4777.0,4778.0,4777.0,4777.0,8946994,381
2024-06-08 11:00:00,4777.0,4778.0,4777.0,4777.0,3888858,301
2024-06-08 12:00:00,4777.0,4778.0,4777.0,4777.0,2254404,190
2024-06-08 14:00:00,4777.0,4777.0,4777.0,4777.0,6147129,39
2024-06-09 09:00:00,4763.0,4824.0,4741.0,4757.0,9617206,693
2024-06-09 10:00:00,4759.0,4874.0,4756.0,4872.0,12864563,619
2024-06-09 11:00:00,4872.0,4873.0,4745.0,4855.0,11214683,520
2024-06-09 12:00:00,4855.0,4872.0,4850.0,4872.0,4466457,223
2024-06-09 15:00:00,4874.0,4874.0,4760.0,4873.0,5590619,99
2024-06-10 09:00:00,4920.0,4920.0,4862.0,4920.0,15042208,568
2024-06-10 10:00:00,4920.0,4920.0,4919.0,4919.0,10894675,297
2024-06-10 11:00:00,4919.0,4920.0,4917.0,4920.0,8882450,350
2024-06-10 12:00:00,4920.0,4920.0,4919.0,4920.0,2448407,130
2024-06-11 09:00:00,4921.0,4985.0,4899.0,4900.0,7580205,537
2024-06-11 10:00:00,4900.0,4925.0,4870.0,4917.0,15994273,516
2024-06-11 11:00:00,4917.0,4918.0,4889.0,4890.0,14560949,401
2024-06-11 12:00:00,4890.0,4925.0,4872.0,4909.0,8844111,321
2024-06-11 13:00:00,4873.0,4919.0,4873.0,4873.0,711901,13
2024-06-11 15:00:00,4918.0,4920.0,4885.0,4885.0,2852940,54
2024-06-12 09:00:00,4925.0,4925.0,4862.0,4862.0,4753285,432
2024-06-12 10:00:00,4863.0,4863.0,4837.0,4837.0,8435144,376
2024-06-12 11:00:00,4836.0,4980.0,4832.0,4870.0,11630170,606
2024-06-12 12:00:00,4871.0,4979.0,4867.0,4907.0,11472951,433
2024-06-15 09:00:00,4898.0,4898.0,4813.0,4813.0,5526733,497
2024-06-15 10:00:00,4813.0,4813.0,4781.0,4781.0,9910058,517
2024-06-15 11:00:00,4781.0,4782.0,4781.0,4781.0,11086058,412
2024-06-15 12:00:00,4781.0,4781.0,4781.0,4781.0,1794669,152
2024-06-16 09:00:00,4724.0,4730.0,4701.0,4701.0,21506072,810
2024-06-16 10:00:00,4701.0,4703.0,4701.0,4702.0,20783759,436
2024-06-16 11:00:00,4702.0,4716.0,4701.0,4707.0,6298165,350
2024-06-16 12:00:00,4707.0,4707.0,4701.0,4701.0,4548450,246
2024-06-18 09:00:00,4702.0,4702.0,4620.0,4683.0,8956789,515
2024-06-18 10:00:00,4683.0,4702.0,4608.0,4612.0,12759777,572
2024-06-18 11:00:00,4613.0,4687.0,4608.0,4610.0,17615176,484
2024-06-18 12:00:00,4609.0,4621.0,4608.0,4611.0,13075028,343
2024-06-18 14:00:00,4702.0,4702.0,4608.0,4613.0,10659352,166
2024-06-18 15:00:00,4613.0,4613.0,4613.0,4613.0,2900,1
2024-06-19 09:00:00,4600.0,4715.0,4600.0,4713.0,10833559,531
2024-06-19 10:00:00,4713.0,4715.0,4622.0,4701.0,7199377,350
2024-06-19 11:00:00,4701.0,4715.0,4700.0,4712.0,9447084,400
2024-06-19 12:00:00,4712.0,4715.0,4708.0,4714.0,8166504,261
2024-06-19 15:00:00,4673.0,4700.0,4673.0,4700.0,474607,7
2024-06-22 09:00:00,4788.0,4788.0,4693.0,4714.0,10819852,578
2024-06-22 10:00:00,4713.0,4777.0,4698.0,4720.0,11036634,438
2024-06-22 11:00:00,4720.0,4729.0,4693.0,4695.0,12889767,478
2024-06-22 12:00:00,4695.0,4720.0,4689.0,4715.0,4843462,254
2024-06-22 16:00:00,4700.0,4775.0,4690.0,4710.0,9986184,324
2024-06-23 09:00:00,4750.0,4755.0,4715.0,4715.0,10152176,447
2024-06-23 10:00:00,4716.0,4754.0,4712.0,4721.0,12178390,521
2024-06-23 11:00:00,4721.0,4739.0,4712.0,4713.0,8900118,368
2024-06-23 12:00:00,4713.0,4721.0,4712.0,4717.0,2915199,210
2024-06-23 14:00:00,4749.0,4749.0,4727.0,4727.0,726715,35
2024-06-23 15:00:00,4727.0,4754.0,4713.0,4713.0,6967655,278
2024-06-24 09:00:00,4760.0,4760.0,4738.0,4740.0,7863194,524
2024-06-24 10:00:00,4740.0,4751.0,4739.0,4748.0,11730337,547
2024-06-24 11:00:00,4748.0,4818.0,4744.0,4818.0,16361577,632
2024-06-24 12:00:00,4818.0,4818.0,4816.0,4818.0,13154634,200
2024-06-26 09:00:00,4876.0,4876.0,4850.0,4876.0,15379233,596
2024-06-26 10:00:00,4876.0,4876.0,4876.0,4876.0,7072252,185
2024-06-26 11:00:00,4876.0,4876.0,4876.0,4876.0,9782705,204
2024-06-26 12:00:00,4876.0,4876.0,4876.0,4876.0,5363461,137
2024-06-29 09:00:00,4940.0,4940.0,4847.0,4869.0,11656270,758
2024-06-29 10:00:00,4868.0,4920.0,4867.0,4874.0,11704134,576
2024-06-29 11:00:00,4873.0,4875.0,4861.0,4861.0,9510632,483
2024-06-29 12:00:00,4862.0,4875.0,4823.0,4833.0,6736894,290
2024-06-30 09:00:00,4864.0,4864.0,4770.0,4770.0,16357022,680
2024-06-30 10:00:00,4771.0,4920.0,4750.0,4862.0,26928478,732
2024-06-30 11:00:00,4860.0,4880.0,4798.0,4798.0,13194542,494
2024-06-30 12:00:00,4799.0,4876.0,4788.0,4833.0,5647868,282
2024-07-01 09:00:00,4850.0,4853.0,4808.0,4813.0,5818761,397
2024-07-01 10:00:00,4815.0,4823.0,4800.0,4820.0,11136190,362
2024-07-01 11:00:00,4818.0,4890.0,4813.0,4879.0,10937920,453
2024-07-01 12:00:00,4880.0,4880.0,4839.0,4845.0,5620248,291
2024-07-02 09:00:00,4820.0,4899.0,4820.0,4872.0,8279353,387
2024-07-02 10:00:00,4872.0,4919.0,4872.0,4919.0,19635569,574
2024-07-02 11:00:00,4918.0,4918.0,4889.0,4902.0,16107255,443
2024-07-02 12:00:00,4905.0,4905.0,4898.0,4901.0,4755349,241
2024-07-03 09:00:00,4913.0,4949.0,4900.0,4931.0,13294020,675
2024-07-03 10:00:00,4929.0,4991.0,4928.0,4991.0,17421396,531
2024-07-03 11:00:00,4991.0,5060.0,4991.0,5012.0,18627619,687
2024-07-03 12:00:00,5011.0,5055.0,5002.0,5040.0,13510464,578
2024-07-06 09:00:00,5279.0,5279.0,5279.0,5279.0,15754077,427
2024-07-06 10:00:00,5279.0,5279.0,5279.0,5279.0,28010918,384
2024-07-06 11:00:00,5279.0,5279.0,5279.0,5279.0,7473107,226
2024-07-06 12:00:00,5279.0,5279.0,5279.0,5279.0,3776698,126
2024-07-07 09:00:00,5529.0,5529.0,5281.0,5304.0,35882865,1420
2024-07-07 10:00:00,5306.0,5315.0,5285.0,5311.0,26859014,927
2024-07-07 11:00:00,5312.0,5322.0,5302.0,5308.0,31546866,771
2024-07-07 12:00:00,5308.0,5309.0,5283.0,5296.0,14256809,388
2024-07-08 09:00:00,5338.0,5400.0,5236.0,5302.0,33351257,1059
2024-07-08 10:00:00,5302.0,5329.0,5281.0,5283.0,14876504,602
2024-07-08 11:00:00,5281.0,5299.0,5257.0,5268.0,11600859,530
2024-07-08 12:00:00,5290.0,5371.0,5268.0,5355.0,15451281,458
2024-07-09 09:00:00,5340.0,5340.0,5269.0,5301.0,18179167,590
2024-07-09 10:00:00,5305.0,5360.0,5282.0,5283.0,10332522,456
2024-07-09 11:00:00,5283.0,5284.0,5267.0,5269.0,11834419,458
2024-07-09 12:00:00,5268.0,5269.0,5258.0,5264.0,8476514,328
2024-07-10 09:00:00,5264.0,5275.0,5198.0,5207.0,16221165,641
2024-07-10 10:00:00,5208.0,5296.0,5200.0,5280.0,16141133,646
2024-07-10 11:00:00,5298.0,5300.0,5215.0,5230.0,15965255,727
2024-07-10 12:00:00,5229.0,5299.0,5227.0,5299.0,10921153,444
2024-07-13 09:00:00,5280.0,5280.0,5210.0,5230.0,16624416,559
2024-07-13 10:00:00,5240.0,5250.0,5200.0,5220.0,15696030,496
2024-07-13 11:00:00,5230.0,5250.0,5190.0,5190.0,13277895,440
2024-07-13 12:00:00,5190.0,5260.0,5190.0,5190.0,7961605,305
2024-07-14 09:00:00,5260.0,5260.0,5180.0,5200.0,13997161,580
2024-07-14 10:00:00,5190.0,5230.0,5160.0,5180.0,16073658,518
2024-07-14 11:00:00,5190.0,5200.0,5180.0,5200.0,15153961,684
2024-07-14 12:00:00,5200.0,5210.0,5190.0,5190.0,13996748,470
2024-07-22 11:00:00,4767.0,4780.0,4670.0,4691.0,16078688,737
2024-07-22 12:00:00,4691.0,4828.0,4684.0,4774.0,17215940,685
2024-07-23 09:00:00,4775.0,4810.0,4700.0,4718.0,14579896,814
2024-07-23 10:00:00,4719.0,4728.0,4687.0,4690.0,9742414,614
2024-07-23 11:00:00,4690.0,4740.0,4669.0,4669.0,18208814,525
2024-07-23 12:00:00,4669.0,4710.0,4666.0,4670.0,7409896,410
2024-07-24 09:00:00,4706.0,4736.0,4649.0,4690.0,22305351,611
2024-07-24 10:00:00,4689.0,4719.0,4668.0,4670.0,10584331,439
2024-07-24 11:00:00,4667.0,4711.0,4649.0,4660.0,18979303,480
2024-07-24 12:00:00,4660.0,4710.0,4643.0,4661.0,6568312,378
2024-07-27 10:00:00,4658.0,4679.0,4576.0,4578.0,11900854,786
2024-07-27 11:00:00,4578.0,4620.0,4536.0,4540.0,11342976,657
2024-07-27 12:00:00,4540.0,4582.0,4539.0,4572.0,5608226,349
2024-07-29 09:00:00,4593.0,4593.0,4498.0,4515.0,28721786,765
2024-07-29 10:00:00,4515.0,4540.0,4492.0,4492.0,13548386,530
2024-07-29 11:00:00,4491.0,4535.0,4476.0,4479.0,11145400,518
2024-07-29 12:00:00,4479.0,4480.0,4467.0,4476.0,7744722,355
2024-07-30 09:00:00,4510.0,4510.0,4454.0,4457.0,14935915,724
2024-07-30 10:00:00,4458.0,4530.0,4456.0,4523.0,20174217,539
2024-07-30 11:00:00,4522.0,4522.0,4461.0,4463.0,11891468,526
2024-07-30 12:00:00,4464.0,4530.0,4463.0,4480.0,8788864,410
2024-07-31 09:00:00,4277.0,4450.0,4261.0,4302.0,31015894,1150
2024-07-31 10:00:00,4304.0,4449.0,4262.0,4338.0,18337428,721
2024-07-31 11:00:00,4335.0,4370.0,4326.0,4330.0,13584499,597
2024-07-31 12:00:00,4330.0,4440.0,4329.0,4380.0,12704474,416
2024-07-31 15:00:00,4357.0,4398.0,4334.0,4389.0,2725941,50
2024-08-03 09:00:00,4275.0,4318.0,4174.0,4177.0,43340299,1129
2024-08-03 10:00:00,4177.0,4179.0,4134.0,4135.0,23995075,810
2024-08-03 11:00:00,4135.0,4135.0,4113.0,4114.0,16089690,739
2024-08-03 12:00:00,4114.0,4114.0,4104.0,4104.0,10756312,468
2024-08-04 09:00:00,4134.0,4200.0,4134.0,4180.0,16423566,595
2024-08-04 10:00:00,4180.0,4198.0,4170.0,4174.0,4679427,313
2024-08-04 11:00:00,4175.0,4190.0,4160.0,4190.0,4735181,292
2024-08-04 12:00:00,4190.0,4196.0,4176.0,4190.0,3627875,196
2024-08-05 09:00:00,4179.0,4200.0,4164.0,4169.0,7642999,425
2024-08-05 10:00:00,4168.0,4200.0,4158.0,4160.0,33528394,431
2024-08-05 11:00:00,4158.0,4165.0,4154.0,4157.0,9482717,392
2024-08-05 12:00:00,4158.0,4164.0,4154.0,4154.0,6345672,243
2024-08-05 15:00:00,4161.0,4161.0,4154.0,4154.0,3813696,64
2024-08-06 09:00:00,4170.0,4195.0,4161.0,4161.0,6937637,358
2024-08-06 10:00:00,4161.0,4179.0,4159.0,4167.0,10644679,297
2024-08-06 11:00:00,4170.0,4170.0,4158.0,4158.0,4636986,303
2024-08-06 12:00:00,4159.0,4195.0,4153.0,4176.0,7645591,231
2024-08-10 09:00:00,4171.0,4200.0,4169.0,4170.0,7350483,434
2024-08-10 10:00:00,4169.0,4172.0,4168.0,4169.0,7684455,376
2024-08-10 11:00:00,4168.0,4169.0,4159.0,4159.0,4601385,303
2024-08-10 12:00:00,4159.0,4160.0,4149.0,4151.0,4356533,216
2024-08-10 14:00:00,4150.0,4161.0,4150.0,4161.0,6235839,129
2024-08-11 09:00:00,4183.0,4199.0,4168.0,4169.0,7916463,319
2024-08-11 10:00:00,4168.0,4170.0,4158.0,4161.0,6657889,325
2024-08-11 11:00:00,4161.0,4169.0,4155.0,4156.0,9981910,387
2024-08-11 12:00:00,4156.0,4196.0,4154.0,4188.0,7524575,247
2024-08-12 09:00:00,4175.0,4175.0,4133.0,4134.0,13104164,523
2024-08-12 10:00:00,4134.0,4174.0,4130.0,4155.0,10375552,495
2024-08-12 11:00:00,4157.0,4170.0,4128.0,4128.0,7038209,476
2024-08-12 12:00:00,4129.0,4129.0,4124.0,4125.0,9013544,320
2024-08-13 09:00:00,4101.0,4142.0,4101.0,4103.0,21888951,631
2024-08-13 10:00:00,4103.0,4103.0,4101.0,4101.0,22201885,422
2024-08-13 11:00:00,4101.0,4102.0,4101.0,4101.0,8436562,340
2024-08-13 12:00:00,4101.0,4103.0,4101.0,4102.0,5809954,207
2024-08-14 09:00:00,4147.0,4147.0,4147.0,4147.0,19207638,360
2024-08-14 10:00:00,4147.0,4147.0,4147.0,4147.0,11298560,252
2024-08-14 11:00:00,4147.0,4147.0,4147.0,4147.0,7719919,194
2024-08-14 12:00:00,4147.0,4147.0,4147.0,4147.0,3047315,80
2024-08-17 09:00:00,4229.0,4229.0,4229.0,4229.0,13269339,260
2024-08-17 10:00:00,4229.0,4229.0,4229.0,4229.0,12741724,221
2024-08-17 11:00:00,4229.0,4229.0,4229.0,4229.0,5025470,149
2024-08-17 12:00:00,4229.0,4229.0,4229.0,4229.0,7304130,96
2024-08-18 09:00:00,4313.0,4313.0,4313.0,4313.0,21116803,268
2024-08-18 10:00:00,4313.0,4313.0,4313.0,4313.0,6182195,160
2024-08-18 11:00:00,4313.0,4313.0,4313.0,4313.0,3992940,96
2024-08-18 12:00:00,4313.0,4313.0,4313.0,4313.0,2334312,50
2024-08-19 09:00:00,4399.0,4399.0,4345.0,4377.0,23127453,845
2024-08-19 10:00:00,4377.0,4379.0,4313.0,4313.0,10667610,451
2024-08-19 11:00:00,4313.0,4377.0,4289.0,4310.0,13672580,460
2024-08-19 12:00:00,4310.0,4313.0,4290.0,4300.0,10646027,261
2024-08-20 09:00:00,4365.0,4390.0,4285.0,4358.0,8588072,376
2024-08-20 10:00:00,4359.0,4359.0,4330.0,4331.0,9420738,294
2024-08-20 11:00:00,4330.0,4331.0,4298.0,4299.0,5285479,343
2024-08-20 12:00:00,4298.0,4325.0,4296.0,4325.0,3012168,169
2024-08-21 09:00:00,4359.0,4360.0,4345.0,4345.0,14139322,522
2024-08-21 10:00:00,4345.0,4350.0,4329.0,4329.0,4966869,315
2024-08-21 11:00:00,4332.0,4358.0,4318.0,4318.0,9128439,350
2024-08-21 12:00:00,4318.0,4417.0,4315.0,4347.0,9832742,306
2024-08-24 09:00:00,4394.0,4418.0,4390.0,4397.0,11519553,620
2024-08-24 10:00:00,4398.0,4431.0,4390.0,4430.0,17551263,548
2024-08-24 11:00:00,4431.0,4432.0,4428.0,4432.0,16609441,474
2024-08-24 12:00:00,4432.0,4432.0,4432.0,4432.0,4703187,109
2024-08-24 15:00:00,4432.0,4432.0,4432.0,4432.0,4000,2
2024-08-26 09:00:00,4490.0,4500.0,4431.0,4431.0,15978356,747
2024-08-26 10:00:00,4432.0,4489.0,4427.0,4430.0,8615888,510
2024-08-26 11:00:00,4428.0,4472.0,4424.0,4424.0,8207793,386
2024-08-26 12:00:00,4424.0,4473.0,4418.0,4419.0,9174372,314
2024-08-27 09:00:00,4430.0,4490.0,4410.0,4459.0,9266776,428
2024-08-27 10:00:00,4459.0,4489.0,4443.0,4445.0,5954556,297
2024-08-27 11:00:00,4446.0,4485.0,4434.0,4434.0,4338655,265
2024-08-27 12:00:00,4434.0,4520.0,4429.0,4440.0,5662715,244
2024-08-28 09:00:00,4526.0,4526.0,4446.0,4457.0,8983137,490
2024-08-28 10:00:00,4457.0,4484.0,4445.0,4447.0,13006616,536
2024-08-28 11:00:00,4447.0,4490.0,4447.0,4480.0,10819072,428
2024-08-28 12:00:00,4480.0,4481.0,4468.0,4474.0,8301372,323
2024-08-31 09:00:00,4525.0,4560.0,4511.0,4559.0,51715388,822
2024-08-31 10:00:00,4560.0,4560.0,4558.0,4560.0,31889204,453
2024-08-31 11:00:00,4560.0,4560.0,4560.0,4560.0,4673284,157
2024-08-31 12:00:00,4560.0,4560.0,4560.0,4560.0,4891987,82
2024-09-01 09:00:00,4622.0,4625.0,4553.0,4553.0,23451313,974
2024-09-01 10:00:00,4554.0,4554.0,4537.0,4537.0,11198342,534
2024-09-01 11:00:00,4537.0,4537.0,4515.0,4515.0,8045211,501
2024-09-01 12:00:00,4514.0,4599.0,4512.0,4542.0,8892127,377
2024-09-03 09:00:00,4593.0,4593.0,4491.0,4495.0,12646914,831
2024-09-03 10:00:00,4495.0,4502.0,4482.0,4482.0,8596064,451
2024-09-03 11:00:00,4481.0,4482.0,4475.0,4477.0,16930138,623
2024-09-03 12:00:00,4477.0,4480.0,4475.0,4475.0,5404739,298
2024-09-07 09:00:00,4464.0,4538.0,4422.0,4424.0,13799955,674
2024-09-07 10:00:00,4424.0,4424.0,4359.0,4359.0,20026858,799
2024-09-07 11:00:00,4359.0,4463.0,4359.0,4359.0,22785889,865
2024-09-07 12:00:00,4359.0,4359.0,4359.0,4359.0,2444609,202
2024-09-08 09:00:00,4380.0,4380.0,4298.0,4320.0,28416570,871
2024-09-08 10:00:00,4320.0,4334.0,4255.0,4255.0,10888999,631
2024-09-08 11:00:00,4255.0,4258.0,4255.0,4257.0,21899359,700
2024-09-08 12:00:00,4256.0,4389.0,4256.0,4320.0,16857771,368
2024-09-09 09:00:00,4340.0,4399.0,4314.0,4330.0,28445481,852
2024-09-09 10:00:00,4330.0,4345.0,4319.0,4325.0,7411640,399
2024-09-09 11:00:00,4325.0,4325.0,4296.0,4304.0,12162253,483
2024-09-09 12:00:00,4303.0,4308.0,4295.0,4299.0,6071655,344
2024-09-10 09:00:00,4339.0,4350.0,4276.0,4279.0,12087087,550
2024-09-10 10:00:00,4278.0,4281.0,4256.0,4258.0,10357297,485
2024-09-10 11:00:00,4257.0,4333.0,4257.0,4261.0,16119495,465
2024-09-10 12:00:00,4262.0,4309.0,4252.0,4255.0,18719296,462
2024-09-10 16:00:00,4318.0,4319.0,4279.0,4279.0,11200,4
2024-09-11 09:00:00,4290.0,4293.0,4249.0,4251.0,18897571,710
2024-09-11 10:00:00,4250.0,4277.0,4214.0,4248.0,18292171,660
2024-09-11 11:00:00,4248.0,4259.0,4211.0,4219.0,18588016,608
2024-09-11 12:00:00,4218.0,4228.0,4205.0,4228.0,13770429,459
2024-09-11 15:00:00,4257.0,4273.0,4214.0,4215.0,5617760,77
2024-09-14 09:00:00,4239.0,4250.0,4180.0,4183.0,21224407,885
2024-09-14 10:00:00,4183.0,4189.0,4161.0,4167.0,15157334,598
2024-09-14 11:00:00,4167.0,4173.0,4148.0,4150.0,12057248,547
2024-09-14 12:00:00,4149.0,4151.0,4144.0,4145.0,10216736,396
2024-09-14 14:00:00,4242.0,4250.0,4157.0,4159.0,2046604,48
2024-09-15 09:00:00,4155.0,4179.0,4136.0,4146.0,25643791,657
2024-09-15 10:00:00,4146.0,4147.0,4129.0,4130.0,9956871,483
2024-09-15 11:00:00,4130.0,4130.0,4105.0,4105.0,11595631,559
2024-09-15 12:00:00,4105.0,4170.0,4104.0,4140.0,17080476,400
2024-09-15 15:00:00,4115.0,4125.0,4110.0,4110.0,2288535,20
2024-09-16 09:00:00,4140.0,4158.0,4120.0,4145.0,22865325,738
2024-09-16 10:00:00,4143.0,4143.0,4119.0,4122.0,18620204,579
2024-09-16 11:00:00,4123.0,4136.0,4108.0,4109.0,14692754,510
2024-09-16 12:00:00,4110.0,4170.0,4109.0,4140.0,23379050,424
2024-09-16 15:00:00,4141.0,4141.0,4111.0,4140.0,7899418,61
2024-09-17 09:00:00,4133.0,4160.0,4126.0,4140.0,25629712,925
2024-09-17 10:00:00,4140.0,4167.0,4138.0,4164.0,30812872,746
2024-09-17 11:00:00,4164.0,4193.0,4162.0,4193.0,40890254,1034
2024-09-17 12:00:00,4193.0,4227.0,4193.0,4221.0,20257755,559
2024-09-18 09:00:00,4196.0,4205.0,4173.0,4176.0,34772385,896
2024-09-18 10:00:00,4177.0,4178.0,4156.0,4163.0,17793085,708
2024-09-18 11:00:00,4160.0,4171.0,4156.0,4167.0,23806313,791
2024-09-18 12:00:00,4167.0,4238.0,4159.0,4204.0,15279244,518
2024-09-22 09:00:00,4214.0,4214.0,4168.0,4176.0,19468746,660
2024-09-22 10:00:00,4177.0,4198.0,4168.0,4176.0,17411829,473
2024-09-22 11:00:00,4176.0,4177.0,4164.0,4168.0,9753408,366
2024-09-22 12:00:00,4168.0,4170.0,4160.0,4161.0,6481633,281
2024-09-23 09:00:00,4165.0,4198.0,4155.0,4192.0,29154609,820
2024-09-23 10:00:00,4193.0,4280.0,4191.0,4247.0,34296075,876
2024-09-23 11:00:00,4245.0,4258.0,4199.0,4199.0,37145171,741
2024-09-23 12:00:00,4200.0,4248.0,4199.0,4248.0,13159946,402
2024-09-24 09:00:00,4279.0,4341.0,4240.0,4340.0,51654046,1190
2024-09-24 10:00:00,4340.0,4341.0,4330.0,4341.0,75315274,1249
2024-09-24 11:00:00,4340.0,4341.0,4330.0,4339.0,36679639,633
2024-09-24 12:00:00,4340.0,4341.0,4339.0,4341.0,20522009,392
2024-09-25 09:00:00,4369.0,4394.0,4287.0,4349.0,42325501,1102
2024-09-25 10:00:00,4340.0,4347.0,4297.0,4299.0,25746928,653
2024-09-25 11:00:00,4299.0,4349.0,4279.0,4280.0,25656882,641
2024-09-25 12:00:00,4280.0,4281.0,4271.0,4271.0,14229128,411
2024-09-28 09:00:00,4269.0,4269.0,4269.0,4269.0,9308205,210
2024-09-28 10:00:00,4269.0,4269.0,4269.0,4269.0,867905,113
2024-09-28 11:00:00,4269.0,4269.0,4269.0,4269.0,3417887,207
2024-09-28 12:00:00,4269.0,4269.0,4269.0,4269.0,846066,54
2024-09-29 09:00:00,4227.0,4244.0,4227.0,4229.0,41785871,700
2024-09-29 10:00:00,4229.0,4231.0,4227.0,4227.0,11732786,616
2024-09-29 11:00:00,4227.0,4227.0,4227.0,4227.0,9406415,320
2024-09-29 12:00:00,4227.0,4228.0,4227.0,4227.0,16583374,426
2024-09-30 09:00:00,4192.0,4246.0,4185.0,4185.0,21160236,811
2024-09-30 10:00:00,4185.0,4216.0,4185.0,4196.0,9801171,656
2024-09-30 11:00:00,4196.0,4220.0,4185.0,4185.0,11700530,470
2024-09-30 12:00:00,4185.0,4198.0,4185.0,4185.0,3777782,257
2024-09-30 15:00:00,4197.0,4209.0,4185.0,4185.0,11459775,306
2024-10-01 09:00:00,4161.0,4162.0,4152.0,4152.0,18768386,678
2024-10-01 10:00:00,4152.0,4152.0,4152.0,4152.0,2008168,210
2024-10-01 11:00:00,4152.0,4152.0,4152.0,4152.0,4478706,284
2024-10-01 12:00:00,4152.0,4152.0,4152.0,4152.0,1318591,117
2024-10-01 14:00:00,4152.0,4154.0,4152.0,4153.0,2825296,21
2024-10-01 15:00:00,4153.0,4153.0,4152.0,4152.0,488690,15
2024-10-02 09:00:00,4113.0,4123.0,4113.0,4113.0,37300113,1154
2024-10-02 10:00:00,4113.0,4113.0,4113.0,4113.0,33836782,718
2024-10-02 11:00:00,4113.0,4113.0,4113.0,4113.0,3425940,345
2024-10-02 12:00:00,4113.0,4114.0,4113.0,4113.0,12483989,301
2024-10-02 14:00:00,4113.0,4113.0,4113.0,4113.0,16640536,128
2024-10-05 09:00:00,4072.0,4090.0,4072.0,4072.0,29193202,1095
2024-10-05 10:00:00,4072.0,4072.0,4072.0,4072.0,9310180,504
2024-10-05 11:00:00,4072.0,4073.0,4072.0,4072.0,12346007,489
2024-10-05 12:00:00,4072.0,4073.0,4072.0,4072.0,14412310,523
2024-10-06 09:00:00,4044.0,4045.0,4032.0,4032.0,15212619,636
2024-10-06 10:00:00,4032.0,4032.0,4032.0,4032.0,2927779,261
2024-10-06 11:00:00,4032.0,4032.0,4032.0,4032.0,1461577,190
2024-10-06 12:00:00,4032.0,4032.0,4032.0,4032.0,584396,94
2024-10-07 09:00:00,3995.0,4069.0,3995.0,4050.0,43021060,1217
2024-10-07 10:00:00,4050.0,4051.0,4035.0,4035.0,14131893,621
2024-10-07 11:00:00,4037.0,4069.0,3995.0,4039.0,23065785,690
2024-10-07 12:00:00,4038.0,4048.0,4037.0,4042.0,9820733,403
2024-10-07 15:00:00,4048.0,4048.0,4035.0,4035.0,2702537,56
2024-10-08 09:00:00,4053.0,4059.0,4048.0,4059.0,29901215,746
2024-10-08 10:00:00,4059.0,4059.0,4059.0,4059.0,10813217,206
2024-10-08 11:00:00,4059.0,4059.0,4059.0,4059.0,13072957,233
2024-10-08 12:00:00,4059.0,4059.0,4057.0,4058.0,7897064,307
2024-10-12 10:00:00,4145.0,4145.0,4100.0,4144.0,6152711,365
2024-10-12 11:00:00,4143.0,4180.0,4142.0,4180.0,38200022,688
2024-10-12 12:00:00,4180.0,4180.0,4180.0,4180.0,7909492,131
2024-10-13 09:00:00,4268.0,4279.0,4167.0,4170.0,36495053,1380
2024-10-13 10:00:00,4170.0,4177.0,4140.0,4141.0,13566358,739
2024-10-13 11:00:00,4141.0,4235.0,4132.0,4180.0,15228406,600
2024-10-13 12:00:00,4180.0,4237.0,4178.0,4217.0,8853283,360
2024-10-13 15:00:00,4185.0,4185.0,4136.0,4136.0,373820,5
2024-10-13 16:00:00,4136.0,4235.0,4136.0,4220.0,7086721,124
2024-10-14 09:00:00,4190.0,4217.0,4098.0,4098.0,22201860,926
2024-10-14 10:00:00,4099.0,4110.0,4080.0,4093.0,12365424,629
2024-10-14 11:00:00,4093.0,4126.0,4072.0,4077.0,11527790,578
2024-10-14 12:00:00,4079.0,4197.0,4072.0,4197.0,24924849,653
2024-10-14 15:00:00,4072.0,4125.0,4072.0,4080.0,14417298,177
2024-10-15 09:00:00,4021.0,4111.0,3995.0,4053.0,21226476,933
2024-10-15 10:00:00,4052.0,4053.0,4021.0,4022.0,10039969,565
2024-10-15 11:00:00,4021.0,4052.0,4011.0,4028.0,19361537,683
2024-10-15 12:00:00,4015.0,4098.0,4010.0,4011.0,13638022,456
2024-10-15 13:00:00,4023.0,4023.0,4023.0,4023.0,1620,1
2024-10-15 14:00:00,4012.0,4078.0,4012.0,4078.0,1872894,52
2024-10-16 09:00:00,4075.0,4100.0,4034.0,4054.0,15180294,598
2024-10-16 10:00:00,4054.0,4066.0,4050.0,4064.0,10188036,395
2024-10-16 11:00:00,4062.0,4065.0,4053.0,4055.0,9122321,351
2024-10-16 12:00:00,4054.0,4056.0,4045.0,4045.0,6271980,277
2024-10-19 09:00:00,4046.0,4087.0,3942.0,3944.0,21918151,1028
2024-10-19 10:00:00,3943.0,3944.0,3941.0,3941.0,22627986,733
2024-10-19 11:00:00,3942.0,3943.0,3941.0,3941.0,13790340,507
2024-10-19 12:00:00,3941.0,3943.0,3941.0,3941.0,8495651,365
2024-10-20 09:00:00,3911.0,3911.0,3833.0,3834.0,31458370,1105
2024-10-20 10:00:00,3835.0,3835.0,3833.0,3833.0,19187593,645
2024-10-20 11:00:00,3833.0,3833.0,3833.0,3833.0,7089736,359
2024-10-20 12:00:00,3833.0,3856.0,3833.0,3855.0,19806861,485
2024-10-21 09:00:00,3801.0,3900.0,3790.0,3878.0,15796064,786
2024-10-21 10:00:00,3879.0,3879.0,3833.0,3839.0,17985987,565
2024-10-21 11:00:00,3840.0,3842.0,3808.0,3838.0,17726808,492
2024-10-21 12:00:00,3838.0,3844.0,3834.0,3840.0,12026602,362
2024-10-22 09:00:00,3880.0,3953.0,3870.0,3880.0,13850473,650
2024-10-22 10:00:00,3880.0,3880.0,3822.0,3849.0,10743083,469
2024-10-22 11:00:00,3850.0,3909.0,3831.0,3834.0,13000561,528
2024-10-22 12:00:00,3837.0,3851.0,3833.0,3849.0,38982600,445
2024-10-23 09:00:00,3790.0,3849.0,3772.0,3778.0,16486674,752
2024-10-23 10:00:00,3778.0,3809.0,3776.0,3794.0,11886783,558
2024-10-23 11:00:00,3793.0,3819.0,3771.0,3787.0,18160864,684
2024-10-23 12:00:00,3788.0,3812.0,3788.0,3800.0,9081928,364
2024-10-26 09:00:00,3904.0,3904.0,3904.0,3904.0,4204119,199
2024-10-26 10:00:00,3904.0,3904.0,3904.0,3904.0,4189089,164
2024-10-26 11:00:00,3904.0,3904.0,3904.0,3904.0,5018539,111
2024-10-26 12:00:00,3904.0,3904.0,3904.0,3904.0,1953616,64
2024-10-27 09:00:00,4007.0,4007.0,4007.0,4007.0,4037085,122
2024-10-27 10:00:00,4007.0,4007.0,4007.0,4007.0,27625164,235
2024-10-27 11:00:00,4007.0,4007.0,4007.0,4007.0,1242173,89
2024-10-27 12:00:00,4007.0,4007.0,4007.0,4007.0,538900,44
2024-10-28 09:00:00,4127.0,4127.0,4127.0,4127.0,38619631,641
2024-10-28 10:00:00,4127.0,4127.0,4127.0,4127.0,2023749,134
2024-10-28 11:00:00,4127.0,4127.0,4127.0,4127.0,2648532,124
2024-10-28 12:00:00,4127.0,4127.0,4127.0,4127.0,3801148,74
2024-10-29 09:00:00,4127.0,4171.0,4124.0,4128.0,77961784,1472
2024-10-29 10:00:00,4130.0,4167.0,4090.0,4090.0,35767768,815
2024-10-29 11:00:00,4089.0,4092.0,4040.0,4056.0,13472741,687
2024-10-29 12:00:00,4055.0,4056.0,4029.0,4045.0,13044068,466
2024-10-30 09:00:00,4100.0,4135.0,4055.0,4132.0,29438411,1103
2024-10-30 10:00:00,4132.0,4248.0,4132.0,4248.0,31355625,1038
2024-10-30 11:00:00,4248.0,4248.0,4206.0,4220.0,36001055,822
2024-10-30 12:00:00,4221.0,4248.0,4220.0,4248.0,21424676,444
2024-10-30 18:00:00,4125.0,4125.0,4123.0,4125.0,5732867,247
2024-10-30 19:00:00,4125.0,4125.0,4125.0,4125.0,525000,21
2024-11-02 09:00:00,4225.0,4324.0,4201.0,4296.0,48627758,1174
2024-11-02 10:00:00,4286.0,4295.0,4252.0,4263.0,27050953,695
2024-11-02 11:00:00,4264.0,4267.0,4219.0,4233.0,12414424,505
2024-11-02 12:00:00,4232.0,4244.0,4225.0,4230.0,11184077,399
2024-11-03 09:00:00,4200.0,4200.0,4164.0,4168.0,40317678,836
2024-11-03 10:00:00,4164.0,4165.0,4164.0,4164.0,18916216,575
2024-11-03 11:00:00,4164.0,4164.0,4164.0,4164.0,2955536,155
2024-11-03 12:00:00,4164.0,4164.0,4164.0,4164.0,1304627,99
2024-11-04 09:00:00,4114.0,4149.0,4086.0,4131.0,17057939,684
2024-11-04 10:00:00,4132.0,4195.0,4131.0,4163.0,9438909,485
2024-11-04 11:00:00,4163.0,4169.0,4137.0,4160.0,9340181,370
2024-11-04 12:00:00,4161.0,4184.0,4161.0,4170.0,9690756,247
2024-11-04 14:00:00,4141.0,4141.0,4141.0,4141.0,271649,7
2024-11-05 09:00:00,4195.0,4260.0,4173.0,4183.0,12818346,512
2024-11-05 10:00:00,4183.0,4183.0,4152.0,4170.0,6533952,286
2024-11-05 11:00:00,4171.0,4200.0,4165.0,4200.0,8013458,346
2024-11-05 12:00:00,4200.0,4248.0,4200.0,4220.0,13352185,342
2024-11-06 09:00:00,4173.0,4180.0,4104.0,4137.0,31242406,731
2024-11-06 10:00:00,4137.0,4222.0,4109.0,4222.0,17925960,674
2024-11-06 11:00:00,4223.0,4275.0,4204.0,4219.0,20972071,686
2024-11-06 12:00:00,4220.0,4250.0,4214.0,4224.0,6177703,290
2024-11-09 09:00:00,4220.0,4303.0,4220.0,4303.0,21042668,502
2024-11-09 10:00:00,4303.0,4303.0,4303.0,4303.0,7395216,265
2024-11-09 11:00:00,4303.0,4303.0,4303.0,4303.0,21999559,243
2024-11-09 12:00:00,4303.0,4303.0,4303.0,4303.0,6868426,105
2024-11-11 09:00:00,4525.0,4525.0,4525.0,4525.0,1,1
2024-11-11 10:00:00,4525.0,4528.0,4459.0,4465.0,68978242,1725
2024-11-11 11:00:00,4465.0,4466.0,4428.0,4430.0,57936166,1250
2024-11-11 12:00:00,4429.0,4449.0,4427.0,4449.0,23053522,689
2024-11-12 09:00:00,4481.0,4529.0,4441.0,4469.0,44146705,1215
2024-11-12 10:00:00,4472.0,4500.0,4457.0,4475.0,23688364,746
2024-11-12 11:00:00,4475.0,4477.0,4431.0,4431.0,19261065,650
2024-11-12 12:00:00,4433.0,4471.0,4423.0,4446.0,12595511,408
2024-11-13 09:00:00,4456.0,4534.0,4424.0,4522.0,29994463,892
2024-11-13 10:00:00,4522.0,4528.0,4506.0,4523.0,22150175,688
2024-11-13 11:00:00,4523.0,4524.0,4485.0,4491.0,17856990,598
2024-11-13 12:00:00,4491.0,4542.0,4490.0,4541.0,11860360,450
2024-11-16 09:00:00,4599.0,4642.0,4596.0,4642.0,38229258,740
2024-11-16 10:00:00,4642.0,4642.0,4642.0,4642.0,5173400,278
2024-11-16 11:00:00,4642.0,4642.0,4642.0,4642.0,17394263,294
2024-11-16 12:00:00,4642.0,4642.0,4642.0,4642.0,1767242,98
2024-11-17 09:00:00,4770.0,4774.0,4640.0,4686.0,56891819,1571
2024-11-17 10:00:00,4685.0,4685.0,4597.0,4599.0,26573337,953
2024-11-17 11:00:00,4599.0,4660.0,4596.0,4651.0,17075536,691
2024-11-17 12:00:00,4648.0,4648.0,4618.0,4629.0,10293282,450
2024-11-18 09:00:00,4675.0,4799.0,4646.0,4799.0,47896088,1339
2024-11-18 10:00:00,4799.0,4821.0,4798.0,4821.0,52902487,1251
2024-11-18 11:00:00,4821.0,4821.0,4821.0,4821.0,32556779,495
2024-11-18 12:00:00,4821.0,4821.0,4820.0,4821.0,16408314,315
2024-11-19 09:00:00,4870.0,4888.0,4772.0,4773.0,32811026,1424
2024-11-19 10:00:00,4773.0,4808.0,4722.0,4770.0,25680202,1033
2024-11-19 11:00:00,4770.0,4773.0,4674.0,4674.0,28525495,899
2024-11-19 12:00:00,4673.0,4698.0,4669.0,4679.0,15052016,495
2024-11-20 09:00:00,4713.0,4742.0,4630.0,4647.0,40171236,1262
2024-11-20 10:00:00,4647.0,4722.0,4640.0,4665.0,26068595,759
2024-11-20 11:00:00,4659.0,4750.0,4637.0,4691.0,20035527,577
2024-11-20 12:00:00,4691.0,4693.0,4664.0,4669.0,5726652,333
2024-11-23 09:00:00,4648.0,4750.0,4621.0,4738.0,29245741,1057
2024-11-23 10:00:00,4739.0,4740.0,4668.0,4670.0,16186989,686
2024-11-23 11:00:00,4669.0,4736.0,4669.0,4735.0,10372595,626
2024-11-23 12:00:00,4735.0,4739.0,4709.0,4716.0,9162019,374
2024-11-24 09:00:00,4749.0,4845.0,4720.0,4845.0,58693759,1245
2024-11-24 10:00:00,4845.0,4845.0,4840.0,4845.0,29584358,592
2024-11-24 11:00:00,4845.0,4845.0,4845.0,4845.0,8126717,279
2024-11-24 12:00:00,4845.0,4845.0,4845.0,4845.0,6931252,156
2024-11-25 09:00:00,4940.0,4975.0,4881.0,4975.0,49537906,966
2024-11-25 10:00:00,4975.0,4975.0,4975.0,4975.0,16316251,376
2024-11-25 11:00:00,4975.0,4975.0,4975.0,4975.0,6832655,229
2024-11-25 12:00:00,4975.0,4975.0,4975.0,4975.0,7172640,154
2024-11-26 09:00:00,5118.0,5118.0,4961.0,4966.0,90826445,1851
2024-11-26 10:00:00,4966.0,5028.0,4914.0,5010.0,51848444,1530
2024-11-26 11:00:00,5027.0,5027.0,4908.0,4909.0,29281931,951
2024-11-26 12:00:00,4910.0,4930.0,4906.0,4926.0,12354222,504
2024-11-27 09:00:00,5025.0,5119.0,4960.0,4981.0,43867024,1439
2024-11-27 10:00:00,4982.0,5107.0,4980.0,5098.0,30566518,917
2024-11-27 11:00:00,5090.0,5108.0,5062.0,5099.0,29575069,863
2024-11-27 12:00:00,5100.0,5127.0,5098.0,5119.0,21202841,587
2024-11-30 09:00:00,5080.0,5200.0,4990.0,4990.0,52747449,1237
2024-11-30 10:00:00,5000.0,5020.0,4910.0,4920.0,33725472,1116
2024-11-30 11:00:00,4910.0,5050.0,4910.0,4960.0,27365856,767
2024-11-30 12:00:00,4970.0,4970.0,4920.0,4940.0,13257068,481
2024-12-01 09:00:00,4970.0,5030.0,4880.0,4950.0,34621586,909
2024-12-01 10:00:00,4950.0,4950.0,4890.0,4890.0,18710727,564
2024-12-01 11:00:00,4900.0,4950.0,4880.0,4900.0,16876464,438
2024-12-01 12:00:00,4900.0,4910.0,4880.0,4900.0,12451476,337
2024-12-02 09:00:00,5060.0,5060.0,5020.0,5060.0,39544022,814
2024-12-02 10:00:00,5060.0,5060.0,5060.0,5060.0,5657293,353
2024-12-02 11:00:00,5060.0,5060.0,5060.0,5060.0,18652108,341
2024-12-02 12:00:00,5060.0,5060.0,5060.0,5060.0,3391074,140
2024-12-03 09:00:00,5210.0,5210.0,5080.0,5140.0,61442246,1394
2024-12-03 10:00:00,5140.0,5210.0,5110.0,5180.0,40261855,900
2024-12-03 11:00:00,5190.0,5210.0,5120.0,5140.0,28678596,755
2024-12-03 12:00:00,5140.0,5160.0,5110.0,5140.0,13222158,418
2024-12-04 09:00:00,5160.0,5230.0,5110.0,5180.0,30728635,979
2024-12-04 10:00:00,5180.0,5230.0,5150.0,5230.0,39428765,853
2024-12-04 11:00:00,5220.0,5240.0,5160.0,5170.0,25284143,750
2024-12-04 12:00:00,5170.0,5170.0,5140.0,5150.0,12910093,580
2024-12-07 09:00:00,5150.0,5170.0,5030.0,5030.0,57429960,1445
2024-12-07 10:00:00,5030.0,5080.0,5030.0,5050.0,28526271,867
2024-12-07 11:00:00,5040.0,5070.0,5030.0,5030.0,14228894,485
2024-12-07 12:00:00,5030.0,5040.0,5030.0,5040.0,17545882,303
2024-12-08 09:00:00,5000.0,5060.0,4900.0,4970.0,47975379,1202
2024-12-08 10:00:00,4970.0,5000.0,4920.0,4940.0,16477888,565
2024-12-08 11:00:00,4940.0,4960.0,4900.0,4960.0,20675845,636
2024-12-08 12:00:00,4960.0,5040.0,4950.0,5040.0,12545462,379
2024-12-09 09:00:00,5050.0,5100.0,5010.0,5100.0,50239618,973
2024-12-09 10:00:00,5100.0,5100.0,5100.0,5100.0,18758991,372
2024-12-09 11:00:00,5100.0,5100.0,5100.0,5100.0,21108709,386
2024-12-09 12:00:00,5100.0,5100.0,5100.0,5100.0,6259952,145
2024-12-10 09:00:00,5250.0,5250.0,5090.0,5130.0,47929208,1308
2024-12-10 10:00:00,5140.0,5190.0,5110.0,5120.0,17002310,695
2024-12-10 11:00:00,5110.0,5130.0,5090.0,5110.0,18268519,665
2024-12-10 12:00:00,5110.0,5120.0,5090.0,5110.0,11148157,405
2024-12-11 09:00:00,5170.0,5200.0,5100.0,5130.0,19109259,828
2024-12-11 10:00:00,5120.0,5260.0,5100.0,5230.0,31338802,807
2024-12-11 11:00:00,5220.0,5300.0,5220.0,5280.0,51849067,971
2024-12-11 12:00:00,5280.0,5320.0,5270.0,5320.0,45386726,676
2024-12-14 09:00:00,5400.0,5400.0,5400.0,5400.0,24006605,609
2024-12-14 10:00:00,5400.0,5400.0,5400.0,5400.0,3980310,327
2024-12-14 11:00:00,5400.0,5400.0,5400.0,5400.0,3862667,271
2024-12-14 12:00:00,5400.0,5400.0,5400.0,5400.0,2883241,198
2024-12-15 09:00:00,5560.0,5560.0,5560.0,5560.0,37120952,628
2024-12-15 10:00:00,5560.0,5560.0,5560.0,5560.0,50632017,696
2024-12-15 11:00:00,5560.0,5560.0,5560.0,5560.0,13138865,338
2024-12-15 12:00:00,5560.0,5560.0,5560.0,5560.0,2797053,143
2024-12-16 09:00:00,5720.0,5720.0,5670.0,5720.0,63394315,1186
2024-12-16 10:00:00,5720.0,5720.0,5720.0,5720.0,9126685,453
2024-12-16 11:00:00,5720.0,5720.0,5650.0,5690.0,86623523,1418
2024-12-16 12:00:00,5690.0,5720.0,5640.0,5710.0,31338781,969
2024-12-17 09:00:00,5710.0,5870.0,5640.0,5700.0,81723111,2034
2024-12-17 10:00:00,5700.0,5790.0,5660.0,5680.0,37937933,1264
2024-12-17 11:00:00,5670.0,5680.0,5540.0,5540.0,72639023,1656
2024-12-17 12:00:00,5540.0,5580.0,5540.0,5550.0,33270365,648
2024-12-18 09:00:00,5590.0,5810.0,5490.0,5800.0,76964417,1912
2024-12-18 10:00:00,5790.0,5810.0,5650.0,5720.0,42316923,1230
2024-12-18 11:00:00,5720.0,5770.0,5650.0,5690.0,34849957,1030
2024-12-18 12:00:00,5700.0,5810.0,5680.0,5790.0,25309753,727
2024-12-21 09:00:00,5890.0,5890.0,5820.0,5890.0,27618208,766
2024-12-21 10:00:00,5890.0,5890.0,5890.0,5890.0,11814844,387
2024-12-21 11:00:00,5890.0,5890.0,5890.0,5890.0,18093025,474
2024-12-21 12:00:00,5890.0,5890.0,5890.0,5890.0,6610274,301
2024-12-23 09:00:00,5950.0,6070.0,5900.0,6050.0,41273532,1424
2024-12-23 10:00:00,6030.0,6180.0,6010.0,6150.0,32975930,1192
2024-12-23 11:00:00,6150.0,6180.0,6140.0,6180.0,27050747,1023
2024-12-23 12:00:00,6180.0,6180.0,6180.0,6180.0,7926566,326
2024-12-24 09:00:00,6280.0,6280.0,6230.0,6280.0,51786753,1400
2024-12-24 10:00:00,6270.0,6280.0,6180.0,6230.0,26570822,1302
2024-12-24 11:00:00,6240.0,6280.0,6140.0,6270.0,31193523,1231
2024-12-24 12:00:00,6280.0,6280.0,6280.0,6280.0,5493639,283
2024-12-25 09:00:00,6350.0,6360.0,6080.0,6180.0,56058424,2054
2024-12-25 10:00:00,6180.0,6180.0,6080.0,6130.0,41405578,1610
2024-12-25 11:00:00,6130.0,6190.0,6090.0,6090.0,21687897,1060
2024-12-25 12:00:00,6100.0,6100.0,6080.0,6090.0,21325898,870
2024-12-28 09:00:00,6090.0,6100.0,5940.0,5950.0,54790925,2012
2024-12-28 10:00:00,5940.0,5950.0,5940.0,5940.0,19256018,1022
2024-12-28 11:00:00,5940.0,5940.0,5940.0,5940.0,7714798,500
2024-12-28 12:00:00,5940.0,5940.0,5940.0,5940.0,3740672,302
2024-12-29 09:00:00,5830.0,5940.0,5790.0,5790.0,51772856,1750
2024-12-29 10:00:00,5790.0,5840.0,5790.0,5790.0,24380114,890
2024-12-29 11:00:00,5790.0,5790.0,5790.0,5790.0,9264244,789
2024-12-29 12:00:00,5790.0,5790.0,5790.0,5790.0,7901273,307
2024-12-29 13:00:00,5790.0,5790.0,5790.0,5790.0,6457,1
2024-12-30 09:00:00,5710.0,5760.0,5630.0,5720.0,60490823,1963
2024-12-30 10:00:00,5710.0,5720.0,5650.0,5690.0,18427350,991
2024-12-30 11:00:00,5690.0,5710.0,5630.0,5630.0,16182246,805
2024-12-30 12:00:00,5630.0,5630.0,5630.0,5630.0,5659207,356
2024-12-31 09:00:00,5680.0,5800.0,5650.0,5700.0,35090559,1320
2024-12-31 10:00:00,5700.0,5810.0,5690.0,5810.0,35614000,1154
2024-12-31 11:00:00,5810.0,5810.0,5720.0,5730.0,21601134,926
2024-12-31 12:00:00,5740.0,5800.0,5710.0,5790.0,10696032,545
2025-01-01 09:00:00,5870.0,5870.0,5780.0,5780.0,17865203,1296
2025-01-01 10:00:00,5780.0,5860.0,5780.0,5810.0,15906514,1133
2025-01-01 11:00:00,5820.0,5920.0,5810.0,5900.0,18116982,1079
2025-01-01 12:00:00,5900.0,5920.0,5860.0,5900.0,19340621,705
2025-01-04 10:00:00,6020.0,6020.0,6020.0,6020.0,36009348,783
2025-01-04 11:00:00,6020.0,6020.0,6020.0,6020.0,13090764,437
2025-01-04 12:00:00,6020.0,6020.0,6020.0,6020.0,9511921,255
2025-01-05 09:00:00,6130.0,6180.0,5970.0,6070.0,57750473,1930
2025-01-05 10:00:00,6080.0,6110.0,5970.0,6050.0,31674898,1174
2025-01-05 11:00:00,6060.0,6070.0,5950.0,5970.0,16421213,848
2025-01-05 12:00:00,5970.0,6000.0,5970.0,5990.0,11185690,596
2025-01-06 09:00:00,6010.0,6060.0,5950.0,6020.0,28572524,1096
2025-01-06 10:00:00,6020.0,6030.0,5950.0,5980.0,20973810,803
2025-01-06 11:00:00,5980.0,6000.0,5960.0,5990.0,13346800,735
2025-01-06 12:00:00,5990.0,5990.0,5950.0,5980.0,28890411,778
2025-01-07 09:00:00,6010.0,6130.0,6010.0,6070.0,49177188,1431
2025-01-07 10:00:00,6060.0,6090.0,6040.0,6050.0,16828105,715
2025-01-07 11:00:00,6040.0,6120.0,6030.0,6100.0,18977844,722
2025-01-07 12:00:00,6090.0,6160.0,6090.0,6150.0,26649607,741
2025-01-08 09:00:00,6160.0,6190.0,6040.0,6060.0,28069866,1215
2025-01-08 10:00:00,6060.0,6100.0,6020.0,6070.0,17185460,944
2025-01-08 11:00:00,6070.0,6120.0,6040.0,6100.0,11994207,713
2025-01-08 12:00:00,6100.0,6130.0,6070.0,6070.0,10871559,611
2025-01-11 09:00:00,6070.0,6120.0,5910.0,5920.0,37531534,1858
2025-01-11 10:00:00,5910.0,5950.0,5910.0,5910.0,28774284,1217
2025-01-11 11:00:00,5910.0,5910.0,5910.0,5910.0,6488944,695
2025-01-11 12:00:00,5910.0,5910.0,5910.0,5910.0,10864410,442
2025-01-12 09:00:00,5910.0,5910.0,5770.0,5780.0,54043306,1809
2025-01-12 10:00:00,5780.0,5820.0,5770.0,5770.0,25791974,1129
2025-01-12 11:00:00,5770.0,5780.0,5770.0,5770.0,21485618,1017
2025-01-12 12:00:00,5770.0,5780.0,5770.0,5770.0,5408309,334
2025-01-13 09:00:00,5750.0,5870.0,5750.0,5790.0,28304784,1132
2025-01-13 10:00:00,5790.0,5960.0,5750.0,5960.0,29399168,1002
2025-01-13 11:00:00,5960.0,5960.0,5830.0,5830.0,21851553,992
2025-01-13 12:00:00,5830.0,5850.0,5820.0,5850.0,8988657,495
2025-01-15 09:00:00,5900.0,5980.0,5830.0,5840.0,19223994,992
2025-01-15 10:00:00,5840.0,5850.0,5780.0,5790.0,13218316,739
2025-01-15 11:00:00,5800.0,5860.0,5750.0,5800.0,19919019,864
2025-01-15 12:00:00,5800.0,5810.0,5780.0,5790.0,12410857,483
2025-01-18 09:00:00,5800.0,5830.0,5660.0,5660.0,35824088,1399
2025-01-18 10:00:00,5660.0,5700.0,5660.0,5660.0,24452829,920
2025-01-18 11:00:00,5670.0,5670.0,5660.0,5660.0,5799918,465
2025-01-18 12:00:00,5660.0,5670.0,5660.0,5670.0,4828620,258
2025-01-19 09:00:00,5670.0,5770.0,5630.0,5730.0,16389961,944
2025-01-19 10:00:00,5730.0,5740.0,5660.0,5660.0,15013543,655
2025-01-19 11:00:00,5670.0,5690.0,5610.0,5620.0,13136235,670
2025-01-19 12:00:00,5620.0,5700.0,5610.0,5690.0,6753800,376
2025-01-20 10:00:00,5630.0,5650.0,5500.0,5500.0,58241119,1495
2025-01-20 11:00:00,5500.0,5510.0,5500.0,5500.0,12658571,875
2025-01-20 12:00:00,5500.0,5510.0,5500.0,5500.0,17286157,611
2025-01-21 09:00:00,5530.0,5600.0,5430.0,5460.0,26373263,1132
2025-01-21 10:00:00,5460.0,5570.0,5450.0,5560.0,18504195,820
2025-01-21 11:00:00,5560.0,5650.0,5550.0,5570.0,17667049,773
2025-01-21 12:00:00,5580.0,5620.0,5570.0,5610.0,7846581,396
2025-01-22 09:00:00,5690.0,5690.0,5690.0,5690.0,20231436,704
2025-01-22 10:00:00,5690.0,5690.0,5690.0,5690.0,9139485,356
2025-01-22 11:00:00,5690.0,5690.0,5690.0,5690.0,8121863,285
2025-01-22 12:00:00,5690.0,5690.0,5690.0,5690.0,8217981,189
2025-01-25 09:00:00,5860.0,5860.0,5790.0,5850.0,59369187,1819
2025-01-25 10:00:00,5850.0,5860.0,5810.0,5830.0,34133376,1187
2025-01-25 11:00:00,5830.0,5860.0,5820.0,5860.0,34810057,1069
2025-01-25 12:00:00,5860.0,5860.0,5850.0,5860.0,15913264,609
2025-01-25 17:00:00,5860.0,5860.0,5860.0,5860.0,20000,1
2025-01-26 09:00:00,5910.0,5910.0,5780.0,5810.0,33483207,1245
2025-01-26 10:00:00,5810.0,5810.0,5730.0,5740.0,41902173,1071
2025-01-26 11:00:00,5740.0,5760.0,5690.0,5700.0,28899131,1009
2025-01-26 12:00:00,5700.0,5730.0,5690.0,5720.0,10055143,501
2025-01-26 13:00:00,5840.0,5840.0,5840.0,5840.0,36836,1
2025-01-27 09:00:00,5750.0,5760.0,5640.0,5690.0,28489748,1154
2025-01-27 10:00:00,5700.0,5740.0,5640.0,5650.0,22396814,959
2025-01-27 11:00:00,5640.0,5700.0,5630.0,5650.0,16154715,709
2025-01-27 12:00:00,5650.0,5650.0,5630.0,5640.0,13054089,579
2025-01-27 14:00:00,5640.0,5640.0,5640.0,5640.0,164174,1
2025-01-27 17:00:00,5640.0,5640.0,5640.0,5640.0,10000,1
2025-01-27 18:00:00,5640.0,5640.0,5640.0,5640.0,164174,1
2025-01-29 09:00:00,5660.0,5720.0,5630.0,5640.0,11811270,723
2025-01-29 10:00:00,5650.0,5660.0,5630.0,5630.0,12677740,629
2025-01-29 11:00:00,5630.0,5640.0,5590.0,5610.0,11872089,627
2025-01-29 12:00:00,5610.0,5630.0,5600.0,5620.0,9072243,479
2025-01-29 15:00:00,5630.0,5630.0,5630.0,5630.0,13500,1
2025-02-01 09:00:00,5690.0,5690.0,5500.0,5500.0,20346047,987
2025-02-01 10:00:00,5500.0,5500.0,5470.0,5480.0,18709783,973
2025-02-01 11:00:00,5470.0,5670.0,5470.0,5570.0,24624278,824
2025-02-01 12:00:00,5570.0,5620.0,5550.0,5590.0,8916630,418
2025-02-02 09:00:00,5590.0,5600.0,5540.0,5540.0,12096438,803
2025-02-02 10:00:00,5540.0,5640.0,5500.0,5570.0,18553964,713
2025-02-02 11:00:00,5570.0,5650.0,5520.0,5530.0,16256633,618
2025-02-02 12:00:00,5530.0,5580.0,5520.0,5550.0,12157025,434
2025-02-03 09:00:00,5600.0,5670.0,5520.0,5520.0,13017053,724
2025-02-03 10:00:00,5520.0,5600.0,5520.0,5550.0,12865669,506
2025-02-03 11:00:00,5550.0,5560.0,5540.0,5550.0,17416108,621
2025-02-03 12:00:00,5560.0,5610.0,5530.0,5570.0,10916169,403
2025-02-04 09:00:00,5600.0,5650.0,5590.0,5620.0,23569225,900
2025-02-04 10:00:00,5610.0,5620.0,5580.0,5580.0,14907128,637
2025-02-04 11:00:00,5580.0,5600.0,5560.0,5580.0,13570994,566
2025-02-04 12:00:00,5580.0,5600.0,5560.0,5580.0,9761795,393
2025-02-05 09:00:00,5580.0,5610.0,5490.0,5590.0,24239580,907
2025-02-05 10:00:00,5580.0,5670.0,5580.0,5620.0,19323749,803
2025-02-05 11:00:00,5610.0,5660.0,5580.0,5600.0,21029672,750
2025-02-05 12:00:00,5600.0,5700.0,5570.0,5670.0,17528323,554
2025-02-09 09:00:00,5560.0,5760.0,5560.0,5760.0,67714659,2000
2025-02-09 10:00:00,5760.0,5760.0,5600.0,5600.0,40512293,1246
2025-02-09 11:00:00,5610.0,5720.0,5600.0,5630.0,28518969,1028
2025-02-09 12:00:00,5630.0,5660.0,5610.0,5640.0,15653007,568
2025-02-09 14:00:00,5610.0,5610.0,5610.0,5610.0,18000,1
2025-02-11 09:00:00,5680.0,5810.0,5630.0,5670.0,37044531,1418
2025-02-11 10:00:00,5670.0,5670.0,5540.0,5570.0,51078327,1461
2025-02-11 11:00:00,5560.0,5680.0,5540.0,5570.0,33542332,996
2025-02-11 12:00:00,5570.0,5580.0,5540.0,5540.0,13898214,481
2025-02-15 09:00:00,5550.0,5550.0,5450.0,5450.0,30884477,1157
2025-02-15 10:00:00,5450.0,5450.0,5450.0,5450.0,7829695,409
2025-02-15 11:00:00,5450.0,5450.0,5450.0,5450.0,1867445,262
2025-02-15 12:00:00,5450.0,5450.0,5450.0,5450.0,1287600,142
2025-02-15 14:00:00,5530.0,5530.0,5530.0,5530.0,2000,1
2025-02-16 09:00:00,5380.0,5390.0,5300.0,5350.0,57898294,1856
2025-02-16 10:00:00,5340.0,5380.0,5300.0,5300.0,22368299,1072
2025-02-16 11:00:00,5300.0,5320.0,5300.0,5300.0,15010653,793
2025-02-16 12:00:00,5310.0,5410.0,5300.0,5390.0,16104500,534
2025-02-17 09:00:00,5400.0,5460.0,5390.0,5410.0,26618694,981
2025-02-17 10:00:00,5400.0,5450.0,5360.0,5410.0,16259342,729
2025-02-17 11:00:00,5410.0,5410.0,5330.0,5350.0,8841181,560
2025-02-17 12:00:00,5360.0,5380.0,5340.0,5360.0,6997910,398
2025-02-18 09:00:00,5390.0,5500.0,5380.0,5440.0,15246682,904
2025-02-18 10:00:00,5450.0,5500.0,5370.0,5390.0,16525321,803
2025-02-18 11:00:00,5380.0,5420.0,5360.0,5400.0,13648038,630
2025-02-19 10:00:00,5440.0,5450.0,5380.0,5400.0,15075635,686
2025-02-19 11:00:00,5400.0,5450.0,5380.0,5390.0,10464109,630
2025-02-19 12:00:00,5390.0,5470.0,5370.0,5430.0,18064997,642
2025-02-22 09:00:00,5480.0,5480.0,5350.0,5390.0,29885974,1012
2025-02-22 10:00:00,5390.0,5430.0,5340.0,5360.0,17583375,677
2025-02-22 11:00:00,5360.0,5360.0,5320.0,5330.0,18550833,747
2025-02-22 12:00:00,5320.0,5340.0,5310.0,5310.0,16996116,616
2025-02-23 09:00:00,5470.0,5510.0,5380.0,5420.0,22146776,1061
2025-02-23 10:00:00,5430.0,5480.0,5420.0,5480.0,13649433,592
2025-02-23 11:00:00,5470.0,5520.0,5430.0,5520.0,35134814,1023
2025-02-23 12:00:00,5520.0,5520.0,5520.0,5520.0,17136952,370
2025-02-24 09:00:00,5570.0,5640.0,5560.0,5640.0,49640697,1091
2025-02-24 10:00:00,5640.0,5640.0,5640.0,5640.0,24736709,501
2025-02-24 11:00:00,5640.0,5640.0,5640.0,5640.0,12214634,339
2025-02-24 12:00:00,5640.0,5640.0,5640.0,5640.0,14792076,307
2025-02-25 09:00:00,5800.0,5800.0,5750.0,5800.0,36449362,920
2025-02-25 10:00:00,5800.0,5800.0,5710.0,5740.0,41449852,1340
2025-02-25 11:00:00,5750.0,5780.0,5710.0,5750.0,33489999,1236
2025-02-25 12:00:00,5750.0,5760.0,5670.0,5710.0,22549866,678
2025-02-26 09:00:00,5770.0,5800.0,5660.0,5790.0,41503454,1344
2025-02-26 10:00:00,5780.0,5870.0,5760.0,5850.0,24023037,1085
2025-02-26 11:00:00,5860.0,5860.0,5720.0,5730.0,22947481,900
2025-02-26 12:00:00,5720.0,5790.0,5720.0,5740.0,13195963,549
2025-03-01 09:00:00,5740.0,5890.0,5720.0,5870.0,29939307,1138
2025-03-01 10:00:00,5870.0,5880.0,5750.0,5760.0,22093576,890
2025-03-01 11:00:00,5760.0,5770.0,5740.0,5760.0,11729421,650
2025-03-01 12:00:00,5750.0,5760.0,5710.0,5710.0,11118849,473
2025-03-02 09:00:00,5780.0,5850.0,5740.0,5830.0,18585572,839
2025-03-02 10:00:00,5830.0,5880.0,5750.0,5780.0,26751979,966
2025-03-02 11:00:00,5780.0,5870.0,5760.0,5830.0,24367603,981
2025-03-02 12:00:00,5840.0,5850.0,5800.0,5810.0,18985539,614
2025-03-03 09:00:00,5650.0,5650.0,5650.0,5650.0,13726100,746
2025-03-03 10:00:00,5650.0,5650.0,5650.0,5650.0,7985351,433
2025-03-03 11:00:00,5650.0,5650.0,5650.0,5650.0,5279229,389
2025-03-03 12:00:00,5650.0,5650.0,5650.0,5650.0,4876339,243
2025-03-04 09:00:00,5570.0,5690.0,5500.0,5520.0,46149495,1708
2025-03-04 10:00:00,5520.0,5650.0,5510.0,5580.0,20585251,882
2025-03-04 11:00:00,5590.0,5600.0,5540.0,5540.0,30453570,956
2025-03-04 12:00:00,5540.0,5550.0,5500.0,5510.0,27997689,791
2025-03-05 09:00:00,5460.0,5600.0,5410.0,5560.0,36316269,1220
2025-03-05 10:00:00,5570.0,5590.0,5540.0,5550.0,19024649,755
2025-03-05 11:00:00,5540.0,5570.0,5520.0,5560.0,23455025,943
2025-03-05 12:00:00,5550.0,5600.0,5540.0,5560.0,14772712,678
2025-03-12 12:00:00,3982.0,3982.0,3875.0,3880.0,45769498,1195
2025-03-15 09:00:00,3970.0,4039.0,3960.0,4039.0,75362418,1187
2025-03-15 10:00:00,4039.0,4039.0,4030.0,4039.0,65460703,1242
2025-03-15 11:00:00,4039.0,4039.0,4031.0,4039.0,37987994,1222
2025-03-15 12:00:00,4039.0,4039.0,4037.0,4039.0,35834361,534
2025-03-16 10:00:00,4080.0,4080.0,3986.0,3988.0,42949111,1422
2025-03-16 11:00:00,3988.0,4038.0,3985.0,4000.0,24771045,1031
2025-03-16 12:00:00,4001.0,4078.0,4001.0,4015.0,22524398,821
2025-03-16 14:00:00,4025.0,4025.0,4025.0,4025.0,59202,1
2025-03-17 09:00:00,4015.0,4059.0,3976.0,3990.0,20999247,993
2025-03-17 10:00:00,3990.0,4038.0,3975.0,3980.0,14793183,765
2025-03-17 11:00:00,3981.0,4010.0,3945.0,3946.0,36863806,1024
2025-03-17 12:00:00,3946.0,4025.0,3931.0,3934.0,31780485,791
2025-03-17 14:00:00,3963.0,3983.0,3935.0,3983.0,8881901,85
2025-03-17 15:00:00,3982.0,4007.0,3931.0,3959.0,53638759,457
2025-03-18 09:00:00,3854.0,3920.0,3854.0,3900.0,62978646,1637
2025-03-18 10:00:00,3900.0,3911.0,3854.0,3860.0,39648538,1127
2025-03-18 11:00:00,3857.0,3898.0,3854.0,3854.0,55032931,1212
2025-03-18 12:00:00,3855.0,3950.0,3854.0,3950.0,28883270,649
2025-03-18 14:00:00,3902.0,3928.0,3854.0,3854.0,20286173,121
2025-03-29 11:00:00,3981.0,3981.0,3981.0,3981.0,12094466,255
2025-03-29 12:00:00,3981.0,3981.0,3981.0,3981.0,13269660,329
2025-03-30 09:00:00,4010.0,4100.0,3995.0,4100.0,38979303,1156
2025-03-30 10:00:00,4100.0,4100.0,4100.0,4100.0,7212459,247
2025-03-30 11:00:00,4100.0,4100.0,4100.0,4100.0,11704059,420
2025-03-30 12:00:00,4100.0,4100.0,4100.0,4100.0,17633901,229
2025-04-05 09:00:00,4100.0,4145.0,3997.0,4083.0,33295691,1475
2025-04-05 10:00:00,4083.0,4097.0,4016.0,4016.0,24868264,939
2025-04-05 11:00:00,4016.0,4080.0,3999.0,4000.0,20323748,904
2025-04-05 12:00:00,4001.0,4009.0,3998.0,4006.0,12036662,618
2025-04-06 09:00:00,4024.0,4024.0,3931.0,3975.0,27507921,1422
2025-04-06 10:00:00,3974.0,4000.0,3964.0,3964.0,20960880,651
2025-04-06 11:00:00,3962.0,3964.0,3916.0,3916.0,27470709,918
2025-04-06 12:00:00,3916.0,3947.0,3914.0,3942.0,15161911,520
2025-04-07 09:00:00,3943.0,3943.0,3850.0,3851.0,34181331,1158
2025-04-07 10:00:00,3852.0,3927.0,3835.0,3901.0,32173066,904
2025-04-07 11:00:00,3900.0,3919.0,3877.0,3878.0,18792242,609
2025-04-07 12:00:00,3880.0,3943.0,3871.0,3920.0,13317746,427
2025-04-08 09:00:00,3994.0,3994.0,3994.0,3994.0,17430356,386
2025-04-08 10:00:00,3994.0,3994.0,3994.0,3994.0,5414536,204
2025-04-08 11:00:00,3994.0,3994.0,3994.0,3994.0,3134530,171
2025-04-08 12:00:00,3994.0,3994.0,3994.0,3994.0,8657181,125
2025-04-09 09:00:00,4110.0,4110.0,4003.0,4036.0,54642659,1314
2025-04-09 10:00:00,4033.0,4036.0,3986.0,3988.0,25503208,785
2025-04-09 11:00:00,3987.0,4017.0,3983.0,4010.0,19746315,715
2025-04-09 12:00:00,4010.0,4014.0,3995.0,4010.0,14929354,485
2025-04-12 09:00:00,4061.0,4080.0,4018.0,4056.0,43875135,1350
2025-04-12 10:00:00,4056.0,4057.0,4044.0,4051.0,25303120,730
2025-04-12 11:00:00,4052.0,4060.0,4043.0,4045.0,24517221,829
2025-04-12 12:00:00,4049.0,4049.0,4019.0,4040.0,18972882,539
2025-04-13 09:00:00,4169.0,4169.0,4169.0,4169.0,30740631,488
2025-04-13 10:00:00,4169.0,4169.0,4169.0,4169.0,51994284,493
2025-04-13 11:00:00,4169.0,4169.0,4169.0,4169.0,25664588,316
2025-04-13 12:00:00,4169.0,4169.0,4169.0,4169.0,5683006,137
2025-04-14 09:00:00,4294.0,4294.0,4205.0,4242.0,95815589,2262
2025-04-14 10:00:00,4242.0,4255.0,4202.0,4253.0,51032517,1631
2025-04-14 11:00:00,4251.0,4254.0,4243.0,4250.0,31651633,1109
2025-04-14 12:00:00,4251.0,4273.0,4249.0,4259.0,26855811,746
2025-04-15 09:00:00,4246.0,4246.0,4144.0,4144.0,60255989,1682
2025-04-15 10:00:00,4144.0,4189.0,4144.0,4164.0,66958355,1488
2025-04-15 11:00:00,4164.0,4166.0,4144.0,4144.0,22384473,864
2025-04-15 12:00:00,4144.0,4168.0,4144.0,4144.0,12736066,441
2025-04-16 09:00:00,4138.0,4198.0,4093.0,4139.0,59335231,1689
2025-04-16 10:00:00,4140.0,4165.0,4127.0,4148.0,45956089,1090
2025-04-16 11:00:00,4147.0,4152.0,4110.0,4115.0,27485358,879
2025-04-16 12:00:00,4113.0,4127.0,4101.0,4112.0,21586852,760
2025-04-19 09:00:00,4170.0,4253.0,4150.0,4216.0,71051188,1846
2025-04-19 10:00:00,4216.0,4241.0,4190.0,4231.0,62139686,1409
2025-04-19 11:00:00,4230.0,4250.0,4214.0,4247.0,56289313,1360
2025-04-19 12:00:00,4248.0,4252.0,4200.0,4240.0,41563395,923
2025-04-20 09:00:00,4351.0,4351.0,4351.0,4351.0,143047893,1144
2025-04-20 10:00:00,4351.0,4351.0,4351.0,4351.0,65780498,657
2025-04-20 11:00:00,4351.0,4351.0,4351.0,4351.0,76680047,695
2025-04-20 12:00:00,4351.0,4351.0,4351.0,4351.0,58467116,506
2025-04-20 14:00:00,4351.0,4351.0,4351.0,4351.0,1305,1
2025-04-21 09:00:00,4479.0,4481.0,4411.0,4481.0,168074340,2945
2025-04-21 10:00:00,4481.0,4481.0,4414.0,4425.0,118759865,2694
2025-04-21 11:00:00,4429.0,4436.0,4280.0,4287.0,109998607,2742
2025-04-21 12:00:00,4287.0,4344.0,4286.0,4320.0,39654019,1213
2025-04-21 15:00:00,4283.0,4283.0,4283.0,4283.0,1146313,6
2025-04-21 17:00:00,4475.0,4475.0,4475.0,4475.0,1374,1
2025-04-22 09:00:00,4340.0,4360.0,4305.0,4305.0,87062391,2617
2025-04-22 10:00:00,4305.0,4305.0,4305.0,4305.0,19480732,1085
2025-04-22 11:00:00,4305.0,4355.0,4305.0,4350.0,50399444,1399
2025-04-22 12:00:00,4344.0,4350.0,4305.0,4305.0,48359969,1249
2025-04-22 15:00:00,4305.0,4305.0,4305.0,4305.0,1433,1
2025-04-23 09:00:00,4330.0,4368.0,4200.0,4318.0,86600597,2380
2025-04-23 10:00:00,4316.0,4350.0,4250.0,4255.0,90861605,2037
2025-04-23 11:00:00,4255.0,4439.0,4244.0,4439.0,188360834,2683
2025-04-23 12:00:00,4439.0,4439.0,4438.0,4439.0,83089594,1156
2025-04-23 14:00:00,4439.0,4439.0,4439.0,4439.0,5624,1
2025-04-26 09:00:00,4520.0,4520.0,4330.0,4330.0,119137619,2678
2025-04-26 10:00:00,4330.0,4398.0,4300.0,4379.0,57064871,1773
2025-04-26 11:00:00,4379.0,4458.0,4375.0,4439.0,67863405,1708
2025-04-26 12:00:00,4440.0,4440.0,4399.0,4413.0,35823708,906
2025-04-27 09:00:00,4302.0,4330.0,4302.0,4302.0,66850080,2250
2025-04-27 10:00:00,4302.0,4325.0,4302.0,4305.0,59677961,1657
2025-04-27 11:00:00,4305.0,4324.0,4302.0,4302.0,38317972,1150
2025-04-27 12:00:00,4302.0,4302.0,4302.0,4302.0,7471886,437
2025-04-28 09:00:00,4289.0,4391.0,4175.0,4186.0,99443353,2583
2025-04-28 10:00:00,4185.0,4204.0,4174.0,4200.0,68620904,2073
2025-04-28 11:00:00,4200.0,4210.0,4174.0,4174.0,61094807,1807
2025-04-28 12:00:00,4175.0,4240.0,4174.0,4208.0,21095195,841
2025-04-29 09:00:00,4227.0,4321.0,4175.0,4321.0,75688496,1870
2025-04-29 10:00:00,4321.0,4323.0,4246.0,4250.0,50975819,1385
2025-04-29 11:00:00,4250.0,4281.0,4223.0,4238.0,36889437,1101
2025-04-29 12:00:00,4238.0,4271.0,4216.0,4270.0,29476887,683
2025-04-30 09:00:00,4250.0,4313.0,4224.0,4248.0,63676833,1933
2025-04-30 10:00:00,4247.0,4279.0,4245.0,4270.0,53330484,1386
2025-04-30 11:00:00,4270.0,4294.0,4264.0,4278.0,42821603,1347
2025-04-30 12:00:00,4278.0,4285.0,4268.0,4277.0,31757886,939
2025-05-03 09:00:00,4143.0,4144.0,4143.0,4143.0,49190654,1868
2025-05-03 10:00:00,4143.0,4143.0,4143.0,4143.0,8767524,634
2025-05-03 11:00:00,4143.0,4143.0,4143.0,4143.0,5371174,437
2025-05-03 12:00:00,4143.0,4143.0,4143.0,4143.0,2930777,251
2025-05-04 09:00:00,4019.0,4098.0,4019.0,4021.0,70038598,2299
2025-05-04 10:00:00,4020.0,4069.0,4019.0,4028.0,36937379,1425
2025-05-04 11:00:00,4027.0,4085.0,4026.0,4041.0,27282242,1081
2025-05-04 12:00:00,4042.0,4042.0,4030.0,4034.0,22858998,804
2025-05-05 09:00:00,4050.0,4118.0,4014.0,4015.0,54273970,1919
2025-05-05 10:00:00,4016.0,4050.0,3980.0,4000.0,46085781,1540
2025-05-05 11:00:00,4000.0,4018.0,3959.0,3985.0,37088194,1359
2025-05-05 12:00:00,3985.0,4015.0,3980.0,3981.0,19832568,756
2025-05-06 09:00:00,4035.0,4085.0,3930.0,3938.0,50693853,1940
2025-05-06 10:00:00,3938.0,4007.0,3935.0,3996.0,61997406,1551
2025-05-06 11:00:00,3997.0,4019.0,3997.0,4013.0,50116401,1487
2025-05-06 12:00:00,4013.0,4019.0,4007.0,4018.0,35195456,823
2025-05-07 09:00:00,4098.0,4108.0,4051.0,4108.0,114786711,2146
2025-05-07 10:00:00,4108.0,4108.0,4071.0,4072.0,54016621,1384
2025-05-07 11:00:00,4072.0,4075.0,4027.0,4049.0,46749717,1241
2025-05-07 12:00:00,4048.0,4068.0,4029.0,4059.0,28052530,703
2025-05-10 09:00:00,3965.0,4035.0,3959.0,3959.0,53825341,1884
2025-05-10 10:00:00,3959.0,3976.0,3959.0,3959.0,42188542,1384
2025-05-10 11:00:00,3959.0,3959.0,3959.0,3959.0,12390816,837
2025-05-10 12:00:00,3959.0,3959.0,3959.0,3959.0,11563043,546
2025-05-11 09:00:00,3900.0,3969.0,3900.0,3934.0,41013061,1604
2025-05-11 10:00:00,3933.0,3934.0,3867.0,3879.0,43975684,1518
2025-05-11 11:00:00,3877.0,3904.0,3876.0,3894.0,28964722,1137
2025-05-11 12:00:00,3894.0,3896.0,3882.0,3889.0,27087952,729
2025-05-12 09:00:00,4022.0,4022.0,4018.0,4022.0,146301665,1405
2025-05-12 10:00:00,4022.0,4022.0,4022.0,4022.0,45905150,523
2025-05-12 11:00:00,4022.0,4022.0,4022.0,4022.0,74866084,697
2025-05-12 12:00:00,4022.0,4022.0,4022.0,4022.0,4173789,137
2025-05-13 09:00:00,4070.0,4070.0,3964.0,4020.0,72111648,2063
2025-05-13 10:00:00,4020.0,4132.0,4000.0,4091.0,71049290,1649
2025-05-13 11:00:00,4092.0,4120.0,4040.0,4050.0,42528682,1130
2025-05-13 12:00:00,4050.0,4071.0,4045.0,4063.0,22682539,661
2025-05-14 09:00:00,4055.0,4093.0,3984.0,4018.0,77650780,1837
2025-05-14 10:00:00,4021.0,4088.0,4011.0,4071.0,52360755,1371
2025-05-14 11:00:00,4071.0,4090.0,4047.0,4048.0,72114818,1673
2025-05-14 12:00:00,4048.0,4072.0,4042.0,4070.0,27062894,813
2025-05-17 09:00:00,4000.0,4030.0,3949.0,3949.0,77857692,2356
2025-05-17 10:00:00,3949.0,3950.0,3924.0,3924.0,89929807,2404
2025-05-17 11:00:00,3924.0,3994.0,3924.0,3953.0,34873443,1368
2025-05-17 12:00:00,3953.0,3953.0,3930.0,3933.0,17769529,738
2025-05-18 09:00:00,3949.0,4000.0,3933.0,3991.0,56092074,1805
2025-05-18 10:00:00,3991.0,3995.0,3950.0,3955.0,31280530,1109
2025-05-18 11:00:00,3955.0,3957.0,3937.0,3948.0,43923495,1257
2025-05-18 12:00:00,3948.0,3979.0,3945.0,3970.0,39873729,902
2025-05-19 09:00:00,3962.0,3980.0,3901.0,3916.0,44750305,1651
2025-05-19 10:00:00,3916.0,3917.0,3873.0,3902.0,38214706,1510
2025-05-19 11:00:00,3903.0,3915.0,3878.0,3892.0,24447815,1047
2025-05-19 12:00:00,3892.0,3897.0,3878.0,3880.0,18067523,706
2025-05-20 09:00:00,3873.0,3910.0,3796.0,3849.0,70775183,2170
2025-05-20 10:00:00,3851.0,3897.0,3811.0,3854.0,40040057,1518
2025-05-20 11:00:00,3853.0,3859.0,3789.0,3789.0,53935349,1518
2025-05-20 12:00:00,3789.0,3789.0,3789.0,3789.0,27146013,1022
2025-05-21 09:00:00,3708.0,3779.0,3708.0,3732.0,61847619,2040
2025-05-21 10:00:00,3731.0,3765.0,3728.0,3755.0,34472500,1301
2025-05-21 11:00:00,3754.0,3756.0,3721.0,3725.0,32820263,1127
2025-05-21 12:00:00,3725.0,3770.0,3721.0,3769.0,27146530,820
2025-05-24 10:00:00,3770.0,3770.0,3685.0,3769.0,32892529,1369
2025-05-24 11:00:00,3768.0,3844.0,3766.0,3844.0,144908826,1720
2025-05-24 12:00:00,3844.0,3844.0,3844.0,3844.0,39677521,441
2025-05-25 09:00:00,3844.0,3892.0,3798.0,3805.0,83413551,2022
2025-05-25 10:00:00,3808.0,3885.0,3804.0,3835.0,58653497,1430
2025-05-25 11:00:00,3835.0,3854.0,3807.0,3823.0,27200586,1095
2025-05-25 12:00:00,3822.0,3829.0,3805.0,3810.0,19175150,708
2025-05-26 09:00:00,3930.0,3943.0,3868.0,3891.0,65290614,1543
2025-05-26 10:00:00,3892.0,3901.0,3831.0,3840.0,45612024,1181
2025-05-26 11:00:00,3840.0,3903.0,3831.0,3870.0,50655917,1174
2025-05-26 12:00:00,3870.0,3906.0,3869.0,3904.0,31257222,782
2025-05-27 09:00:00,3919.0,3939.0,3860.0,3886.0,40049482,1437
2025-05-27 10:00:00,3886.0,3888.0,3848.0,3853.0,56929928,1402
2025-05-27 11:00:00,3851.0,3880.0,3849.0,3871.0,32195576,1043
2025-05-27 12:00:00,3871.0,3875.0,3847.0,3849.0,17098282,727
2025-05-28 09:00:00,3870.0,3870.0,3812.0,3820.0,36812232,1411
2025-05-28 10:00:00,3819.0,3840.0,3815.0,3819.0,30433268,985
2025-05-28 11:00:00,3819.0,3873.0,3812.0,3845.0,33572231,953
2025-05-28 12:00:00,3845.0,3847.0,3828.0,3830.0,19006038,591
2025-05-31 09:00:00,3900.0,3902.0,3841.0,3871.0,43973361,1185
2025-05-31 10:00:00,3870.0,3890.0,3823.0,3823.0,38783771,1122
2025-05-31 11:00:00,3823.0,3823.0,3787.0,3797.0,31615242,1142
2025-05-31 12:00:00,3800.0,3800.0,3786.0,3793.0,20462188,631
2025-06-01 09:00:00,3829.0,3829.0,3728.0,3776.0,45313306,1672
2025-06-01 10:00:00,3776.0,3779.0,3744.0,3749.0,30508277,930
2025-06-01 11:00:00,3747.0,3774.0,3743.0,3747.0,21911207,904
2025-06-01 12:00:00,3745.0,3770.0,3743.0,3764.0,15982204,588
2025-06-02 09:00:00,3759.0,3815.0,3733.0,3745.0,23484147,1087
2025-06-02 10:00:00,3745.0,3804.0,3733.0,3764.0,30991203,1202
2025-06-02 11:00:00,3764.0,3764.0,3732.0,3733.0,34016734,1048
2025-06-02 12:00:00,3732.0,3735.0,3728.0,3730.0,16914091,677
2025-06-03 09:00:00,3739.0,3750.0,3675.0,3675.0,49164447,1621
2025-06-03 10:00:00,3675.0,3681.0,3651.0,3681.0,37900580,1353
2025-06-03 11:00:00,3695.0,3698.0,3660.0,3665.0,23641951,1067
2025-06-03 12:00:00,3664.0,3665.0,3641.0,3643.0,21755878,751
2025-06-07 09:00:00,3623.0,3651.0,3561.0,3566.0,65592820,1921
2025-06-07 10:00:00,3566.0,3567.0,3561.0,3561.0,31197961,1353
2025-06-07 11:00:00,3561.0,3561.0,3561.0,3561.0,8820077,662
2025-06-07 12:00:00,3561.0,3561.0,3561.0,3561.0,3297955,405
2025-06-08 09:00:00,3540.0,3601.0,3533.0,3600.0,53194957,1700
2025-06-08 10:00:00,3600.0,3654.0,3574.0,3605.0,34395040,1246
2025-06-08 11:00:00,3604.0,3605.0,3551.0,3557.0,17385806,942
2025-06-08 12:00:00,3558.0,3578.0,3555.0,3560.0,12617635,666
2025-06-09 09:00:00,3575.0,3610.0,3469.0,3469.0,29749578,1500
2025-06-09 10:00:00,3469.0,3548.0,3469.0,3495.0,63713410,1607
2025-06-09 11:00:00,3495.0,3497.0,3469.0,3471.0,29728061,1076
2025-06-09 12:00:00,3470.0,3473.0,3469.0,3471.0,26949155,744
2025-06-10 09:00:00,3480.0,3540.0,3454.0,3480.0,32453894,1267
2025-06-10 10:00:00,3479.0,3482.0,3469.0,3472.0,16931371,741
2025-06-10 11:00:00,3472.0,3513.0,3450.0,3500.0,39532642,933
2025-06-10 12:00:00,3509.0,3514.0,3497.0,3514.0,21961785,597
2025-06-11 09:00:00,3530.0,3537.0,3483.0,3491.0,30703775,1168
2025-06-11 10:00:00,3490.0,3509.0,3484.0,3500.0,23255869,745
2025-06-11 11:00:00,3499.0,3501.0,3485.0,3486.0,19660999,680
2025-06-11 12:00:00,3486.0,3500.0,3484.0,3500.0,18077584,531
2025-06-28 10:00:00,3394.0,3394.0,3394.0,3394.0,10595114,159
2025-06-28 11:00:00,3394.0,3394.0,3394.0,3394.0,1814581,194
2025-06-28 12:00:00,3394.0,3394.0,3394.0,3394.0,433751,75
2025-06-29 09:00:00,3293.0,3293.0,3293.0,3293.0,9011995,365
2025-06-29 10:00:00,3293.0,3293.0,3293.0,3293.0,1310384,157
2025-06-29 11:00:00,3293.0,3293.0,3293.0,3293.0,819225,115
2025-06-29 12:00:00,3293.0,3293.0,3293.0,3293.0,427877,82
2025-07-01 09:00:00,3100.0,3100.0,3100.0,3100.0,11549510,583
2025-07-01 10:00:00,3100.0,3100.0,3100.0,3100.0,112741502,935
2025-07-01 11:00:00,3100.0,3100.0,3100.0,3100.0,36543591,888
2025-07-01 12:00:00,3100.0,3100.0,3100.0,3100.0,11032156,321
2025-07-01 16:00:00,3100.0,3100.0,3100.0,3100.0,7296485,83
2025-07-01 19:00:00,3100.0,3100.0,3100.0,3100.0,40396279,111
2025-07-02 09:00:00,3007.0,3097.0,3007.0,3071.0,84351984,2081
2025-07-02 10:00:00,3071.0,3081.0,3064.0,3068.0,75979752,1413
2025-07-02 11:00:00,3070.0,3147.0,3063.0,3143.0,46159210,1384
2025-07-02 12:00:00,3143.0,3163.0,3127.0,3133.0,31892404,832
2025-07-07 09:00:00,3162.0,3162.0,3133.0,3133.0,84165166,1523
2025-07-07 10:00:00,3133.0,3133.0,3072.0,3112.0,38509059,1206
2025-07-07 11:00:00,3112.0,3112.0,3061.0,3067.0,31471207,1002
2025-07-07 12:00:00,3068.0,3072.0,3059.0,3070.0,30457358,788
2025-07-08 09:00:00,3099.0,3099.0,3033.0,3033.0,45038090,1235
2025-07-08 10:00:00,3033.0,3033.0,3033.0,3033.0,6063051,404
2025-07-08 11:00:00,3033.0,3033.0,3033.0,3033.0,7646354,308
2025-07-08 12:00:00,3033.0,3033.0,3033.0,3033.0,2490836,180
2025-07-09 09:00:00,2958.0,3023.0,2948.0,3000.0,56196188,1407
2025-07-09 10:00:00,3000.0,3035.0,3000.0,3010.0,30773213,883
2025-07-09 11:00:00,3010.0,3035.0,2993.0,2993.0,33081359,799
2025-07-09 12:00:00,2994.0,3048.0,2951.0,2951.0,66044481,855
2025-07-09 13:00:00,2951.0,2958.0,2948.0,2958.0,17359889,118
2025-07-09 15:00:00,3006.0,3045.0,2974.0,3030.0,58410865,327
2025-07-12 09:00:00,3086.0,3086.0,3052.0,3060.0,69325121,1036
2025-07-12 10:00:00,3060.0,3079.0,3047.0,3066.0,22609945,751
2025-07-12 11:00:00,3066.0,3081.0,3057.0,3080.0,23297263,658
2025-07-12 12:00:00,3082.0,3086.0,3081.0,3086.0,25706760,435
2025-07-15 11:00:00,3152.0,3173.0,3137.0,3141.0,35711398,661
2025-07-15 12:00:00,3141.0,3144.0,3133.0,3137.0,44315453,869
2025-07-16 09:00:00,3161.0,3190.0,3158.0,3177.0,51819869,1081
2025-07-16 10:00:00,3177.0,3197.0,3166.0,3168.0,23761044,649
2025-07-16 11:00:00,3168.0,3176.0,3165.0,3169.0,28195419,632
2025-07-16 12:00:00,3169.0,3169.0,3162.0,3165.0,28249911,518
2025-07-19 09:00:00,3192.0,3192.0,3170.0,3171.0,69928845,1230
2025-07-19 10:00:00,3170.0,3177.0,3168.0,3175.0,45095579,790
2025-07-19 11:00:00,3174.0,3175.0,3172.0,3172.0,25741886,560
2025-07-19 12:00:00,3172.0,3173.0,3168.0,3170.0,30395329,490
2025-07-20 09:00:00,3204.0,3207.0,3191.0,3191.0,112667454,1444
2025-07-20 10:00:00,3191.0,3237.0,3189.0,3228.0,65599187,1041
2025-07-20 11:00:00,3228.0,3228.0,3211.0,3211.0,61384853,970
2025-07-20 12:00:00,3211.0,3211.0,3200.0,3202.0,38958473,613
2025-07-20 15:00:00,3202.0,3203.0,3202.0,3203.0,5716084,44
2025-07-20 16:00:00,3203.0,3234.0,3190.0,3229.0,29450316,196
2025-07-21 09:00:00,3229.0,3230.0,3200.0,3204.0,52711460,1010
2025-07-21 10:00:00,3205.0,3207.0,3201.0,3202.0,53389100,1171
2025-07-21 11:00:00,3202.0,3204.0,3198.0,3199.0,31979496,839
2025-07-21 12:00:00,3198.0,3199.0,3192.0,3197.0,27860137,652
2025-07-22 09:00:00,3176.0,3177.0,3135.0,3156.0,188839821,2787
2025-07-22 10:00:00,3156.0,3204.0,3146.0,3148.0,118113360,1649
2025-07-22 11:00:00,3148.0,3149.0,3139.0,3139.0,93592509,1711
2025-07-22 12:00:00,3140.0,3140.0,3132.0,3133.0,60276658,1088
2025-07-22 15:00:00,3161.0,3161.0,3161.0,3161.0,193440,1
2025-07-22 16:00:00,3157.0,3176.0,3134.0,3137.0,44805697,182
2025-07-23 09:00:00,3153.0,3159.0,3134.0,3134.0,224038259,2123
2025-07-23 10:00:00,3134.0,3154.0,3128.0,3150.0,102053870,1380
2025-07-23 11:00:00,3150.0,3151.0,3144.0,3144.0,101116179,1137
2025-07-23 12:00:00,3144.0,3145.0,3139.0,3139.0,78000314,824
2025-07-26 09:00:00,3143.0,3144.0,3131.0,3131.0,149726220,1674
2025-07-26 10:00:00,3131.0,3132.0,3124.0,3125.0,86183043,1063
2025-07-26 11:00:00,3124.0,3125.0,3116.0,3117.0,64507721,1030
2025-07-26 12:00:00,3117.0,3117.0,3113.0,3114.0,26376052,594
2025-07-26 16:00:00,3126.0,3130.0,3123.0,3123.0,25668582,77
2025-07-27 09:00:00,3113.0,3160.0,3102.0,3124.0,118012139,1456
2025-07-27 10:00:00,3123.0,3124.0,3099.0,3100.0,64610982,1082
2025-07-27 11:00:00,3099.0,3100.0,3087.0,3087.0,77564214,1109
2025-07-27 12:00:00,3087.0,3098.0,3083.0,3091.0,41194367,650
2025-07-27 16:00:00,3083.0,3148.0,3083.0,3148.0,31465029,113
2025-07-27 17:00:00,3148.0,3157.0,3103.0,3113.0,14143447,51
2025-07-28 09:00:00,3106.0,3106.0,3027.0,3027.0,156405999,1971
2025-07-28 10:00:00,3027.0,3027.0,3016.0,3016.0,45006823,791
2025-07-28 12:00:00,3016.0,3016.0,3016.0,3016.0,4071109,145
2025-07-28 14:00:00,3056.0,3069.0,3019.0,3020.0,55295691,299
2025-07-28 15:00:00,3020.0,3085.0,3020.0,3061.0,9192391,42
2025-07-29 09:00:00,2956.0,2969.0,2956.0,2956.0,26010537,766
2025-07-29 10:00:00,2956.0,2956.0,2956.0,2956.0,3487710,291
2025-07-29 11:00:00,2956.0,2956.0,2956.0,2956.0,3207781,215
2025-07-29 12:00:00,2956.0,2956.0,2956.0,2956.0,1564722,128
2025-07-30 09:00:00,2868.0,2883.0,2868.0,2869.0,46628441,1449
2025-07-30 10:00:00,2869.0,2870.0,2868.0,2868.0,61162737,997
2025-07-30 11:00:00,2868.0,2868.0,2868.0,2868.0,7676650,439
2025-07-30 12:00:00,2868.0,2869.0,2868.0,2868.0,13313000,525
2025-07-30 15:00:00,2868.0,2868.0,2868.0,2868.0,17758495,90
2025-08-02 09:00:00,2870.0,2896.0,2864.0,2865.0,84968010,1495
2025-08-02 10:00:00,2865.0,2865.0,2860.0,2861.0,58114392,1014
2025-08-02 11:00:00,2860.0,2861.0,2852.0,2852.0,88377632,1277
2025-08-02 12:00:00,2853.0,2899.0,2840.0,2899.0,47937418,803
2025-08-02 16:00:00,2840.0,2885.0,2840.0,2867.0,43166885,145
2025-08-06 11:00:00,2435.0,2436.0,2427.0,2429.0,31043226,464
2025-08-06 12:00:00,2429.0,2431.0,2424.0,2425.0,48073943,1009
2025-08-09 09:00:00,2450.0,2479.0,2425.0,2426.0,68999462,1598
2025-08-09 10:00:00,2426.0,2427.0,2391.0,2392.0,49275170,1260
2025-08-09 11:00:00,2391.0,2415.0,2390.0,2391.0,29934023,753
2025-08-09 12:00:00,2392.0,2398.0,2391.0,2396.0,15154804,461
2025-08-10 09:00:00,2420.0,2424.0,2360.0,2360.0,73080416,1327
2025-08-10 10:00:00,2360.0,2419.0,2359.0,2392.0,60264416,895
2025-08-10 11:00:00,2391.0,2392.0,2385.0,2385.0,20862760,564
2025-08-10 12:00:00,2385.0,2387.0,2382.0,2382.0,13646191,384
2025-08-11 09:00:00,2380.0,2386.0,2332.0,2332.0,56576495,961
2025-08-11 10:00:00,2332.0,2334.0,2315.0,2315.0,69461569,1212
2025-08-11 11:00:00,2315.0,2315.0,2315.0,2315.0,7508513,450
2025-08-11 12:00:00,2315.0,2315.0,2315.0,2315.0,5980130,235
2025-08-12 09:00:00,2317.0,2319.0,2260.0,2260.0,97923672,1669
2025-08-12 10:00:00,2260.0,2260.0,2260.0,2260.0,10758983,512
2025-08-12 11:00:00,2260.0,2260.0,2260.0,2260.0,5561395,295
2025-08-12 12:00:00,2260.0,2260.0,2260.0,2260.0,2838135,196
2025-08-12 14:00:00,2290.0,2304.0,2264.0,2286.0,13471788,54
2025-08-12 16:00:00,2264.0,2277.0,2264.0,2277.0,11961946,112
2025-08-13 09:00:00,2210.0,2220.0,2210.0,2210.0,22113457,811
2025-08-13 10:00:00,2210.0,2210.0,2210.0,2210.0,6051096,352
2025-08-13 11:00:00,2210.0,2210.0,2210.0,2210.0,4353626,261
2025-08-13 12:00:00,2210.0,2210.0,2210.0,2210.0,2363149,169
2025-08-16 09:00:00,2201.0,2202.0,2144.0,2168.0,85352125,1602
2025-08-16 10:00:00,2167.0,2200.0,2166.0,2199.0,36348566,788
2025-08-16 11:00:00,2195.0,2203.0,2163.0,2175.0,22267911,645
2025-08-16 12:00:00,2176.0,2216.0,2175.0,2216.0,16331317,398
2025-08-16 13:00:00,2173.0,2210.0,2144.0,2196.0,78295833,546
2025-08-16 14:00:00,2196.0,2201.0,2144.0,2147.0,75072533,659
2025-08-16 15:00:00,2149.0,2201.0,2149.0,2201.0,9608825,111
2025-08-16 16:00:00,2210.0,2215.0,2210.0,2210.0,3626375,15
2025-08-17 09:00:00,2230.0,2240.0,2200.0,2240.0,65462684,909
2025-08-17 10:00:00,2240.0,2240.0,2240.0,2240.0,31712318,306
2025-08-17 11:00:00,2240.0,2240.0,2240.0,2240.0,4177244,148
2025-08-17 12:00:00,2240.0,2240.0,2240.0,2240.0,6632561,99
2025-08-18 09:00:00,2300.0,2300.0,2237.0,2237.0,44584380,1153
2025-08-18 10:00:00,2240.0,2245.0,2206.0,2213.0,30992334,838
2025-08-18 11:00:00,2212.0,2222.0,2198.0,2204.0,19460567,771
2025-08-18 12:00:00,2204.0,2233.0,2198.0,2214.0,15989372,390
2025-08-19 09:00:00,2188.0,2240.0,2188.0,2197.0,42090381,940
2025-08-19 10:00:00,2196.0,2197.0,2189.0,2190.0,24002769,635
2025-08-19 11:00:00,2189.0,2191.0,2179.0,2179.0,21987028,662
2025-08-19 12:00:00,2179.0,2190.0,2179.0,2179.0,22170391,452
2025-08-20 09:00:00,2200.0,2200.0,2157.0,2157.0,28371546,681
2025-08-20 10:00:00,2158.0,2159.0,2137.0,2142.0,26172281,620
2025-08-20 11:00:00,2141.0,2142.0,2136.0,2139.0,21866395,562
2025-08-20 12:00:00,2138.0,2139.0,2128.0,2130.0,19055368,479
2025-08-23 09:00:00,2137.0,2137.0,2112.0,2123.0,32962009,844
2025-08-23 10:00:00,2123.0,2167.0,2103.0,2150.0,19829975,658
2025-08-23 11:00:00,2150.0,2152.0,2135.0,2138.0,13926738,411
2025-08-23 12:00:00,2138.0,2145.0,2129.0,2131.0,11567877,273
2025-08-23 15:00:00,2112.0,2155.0,2104.0,2143.0,12846525,71
2025-08-25 09:00:00,2104.0,2130.0,2063.0,2063.0,31880443,972
2025-08-25 10:00:00,2063.0,2063.0,2063.0,2063.0,12966395,577
2025-08-25 11:00:00,2063.0,2063.0,2063.0,2063.0,10814625,423
2025-08-25 12:00:00,2063.0,2063.0,2063.0,2063.0,3071783,189
2025-08-26 09:00:00,2010.0,2068.0,2010.0,2057.0,43620924,1006
2025-08-26 10:00:00,2057.0,2099.0,2055.0,2094.0,22040973,599
2025-08-26 11:00:00,2091.0,2119.0,2085.0,2088.0,22335823,603
2025-08-26 12:00:00,2087.0,2108.0,2077.0,2107.0,10771295,365
2025-08-27 09:00:00,2050.0,2125.0,2050.0,2125.0,58507427,800
2025-08-27 10:00:00,2125.0,2125.0,2124.0,2125.0,30795828,504
2025-08-27 11:00:00,2124.0,2125.0,2083.0,2110.0,18719466,578
2025-08-27 12:00:00,2109.0,2124.0,2100.0,2105.0,12531025,287
2025-08-30 10:00:00,2090.0,2161.0,2090.0,2153.0,21048384,442
2025-08-30 11:00:00,2151.0,2182.0,2150.0,2182.0,78062548,1073
2025-08-30 12:00:00,2182.0,2182.0,2182.0,2182.0,13714207,223
2025-08-31 09:00:00,2220.0,2232.0,2203.0,2232.0,57323956,612
2025-08-31 10:00:00,2232.0,2232.0,2232.0,2232.0,16776190,215
2025-08-31 11:00:00,2232.0,2232.0,2232.0,2232.0,12257751,152
2025-08-31 12:00:00,2232.0,2232.0,2232.0,2232.0,2396748,80
2025-09-02 09:00:00,2297.0,2297.0,2297.0,2297.0,21271220,359
2025-09-02 10:00:00,2297.0,2297.0,2297.0,2297.0,6437358,137
2025-09-02 11:00:00,2297.0,2297.0,2297.0,2297.0,11869402,177
2025-09-02 12:00:00,2297.0,2297.0,2297.0,2297.0,3037354,57
2025-09-03 09:00:00,2365.0,2365.0,2351.0,2365.0,159330607,1680
2025-09-03 10:00:00,2365.0,2365.0,2364.0,2365.0,38637354,543
2025-09-03 11:00:00,2365.0,2365.0,2365.0,2365.0,12505042,200
2025-09-03 12:00:00,2365.0,2365.0,2365.0,2365.0,5745506,80
2025-09-06 09:00:00,2389.0,2392.0,2338.0,2365.0,95831313,1641
2025-09-06 10:00:00,2365.0,2379.0,2319.0,2320.0,47753567,1051
2025-09-06 11:00:00,2319.0,2321.0,2299.0,2301.0,45499103,1017
2025-09-06 12:00:00,2302.0,2340.0,2302.0,2317.0,16511532,420
2025-09-07 09:00:00,2300.0,2379.0,2288.0,2349.0,60892269,1008
2025-09-07 10:00:00,2349.0,2408.0,2349.0,2396.0,38924544,825
2025-09-07 11:00:00,2396.0,2410.0,2340.0,2341.0,37759357,815
2025-09-07 12:00:00,2341.0,2372.0,2340.0,2366.0,18115402,388
2025-09-08 09:00:00,2420.0,2442.0,2400.0,2442.0,106037963,1145
2025-09-08 10:00:00,2442.0,2442.0,2442.0,2442.0,34830234,394
2025-09-08 11:00:00,2442.0,2442.0,2442.0,2442.0,16680587,244
2025-09-08 12:00:00,2442.0,2442.0,2442.0,2442.0,11221849,120
2025-09-09 09:00:00,2490.0,2490.0,2400.0,2405.0,58389916,1356
2025-09-09 10:00:00,2405.0,2419.0,2395.0,2402.0,54416635,896
2025-09-09 11:00:00,2401.0,2450.0,2393.0,2437.0,33290893,742
2025-09-09 12:00:00,2437.0,2439.0,2393.0,2393.0,18631743,441
2025-09-13 09:00:00,2416.0,2440.0,2388.0,2402.0,36138490,845
2025-09-13 10:00:00,2403.0,2415.0,2387.0,2393.0,20884245,558
2025-09-13 11:00:00,2394.0,2411.0,2390.0,2395.0,19356816,479
2025-09-13 12:00:00,2393.0,2396.0,2384.0,2385.0,13805410,358
2025-09-14 09:00:00,2390.0,2444.0,2375.0,2443.0,58916676,1007
2025-09-14 10:00:00,2443.0,2470.0,2442.0,2470.0,89303873,886
2025-09-14 11:00:00,2470.0,2470.0,2470.0,2470.0,63790291,502
2025-09-14 12:00:00,2470.0,2470.0,2470.0,2470.0,13477693,165
2025-09-15 09:00:00,2510.0,2510.0,2409.0,2410.0,75548574,1378
2025-09-15 10:00:00,2410.0,2440.0,2406.0,2418.0,24713331,691
2025-09-15 11:00:00,2417.0,2421.0,2387.0,2387.0,45547971,900
2025-09-15 12:00:00,2387.0,2394.0,2387.0,2394.0,15013354,442
2025-09-16 10:00:00,2352.0,2352.0,2352.0,2352.0,15335548,323
2025-09-16 11:00:00,2352.0,2360.0,2352.0,2352.0,38734742,650
2025-09-16 12:00:00,2352.0,2352.0,2352.0,2352.0,2454937,142
2025-09-17 09:00:00,2309.0,2309.0,2282.0,2282.0,59339452,1069
2025-09-17 10:00:00,2282.0,2330.0,2282.0,2295.0,42795254,770
2025-09-17 11:00:00,2295.0,2296.0,2289.0,2290.0,17374008,492
2025-09-17 12:00:00,2290.0,2291.0,2287.0,2287.0,11892048,338
2025-09-17 15:00:00,2295.0,2325.0,2282.0,2282.0,25770709,124
2025-09-20 09:00:00,2224.0,2224.0,2224.0,2224.0,2182897,226
2025-09-20 10:00:00,2224.0,2224.0,2224.0,2224.0,4121762,150
2025-09-20 11:00:00,2224.0,2224.0,2224.0,2224.0,3992719,136
2025-09-20 12:00:00,2224.0,2224.0,2224.0,2224.0,3606100,110
2025-09-20 16:00:00,2224.0,2224.0,2224.0,2224.0,21354988,108
2025-09-21 09:00:00,2158.0,2183.0,2158.0,2170.0,77703876,1410
2025-09-21 10:00:00,2169.0,2178.0,2167.0,2177.0,27989415,708
2025-09-21 11:00:00,2173.0,2177.0,2166.0,2167.0,28594051,639
2025-09-21 12:00:00,2167.0,2176.0,2161.0,2170.0,21118368,506
2025-09-21 15:00:00,2162.0,2171.0,2162.0,2162.0,26866321,204
2025-09-21 16:00:00,2163.0,2173.0,2162.0,2162.0,68385220,525
2025-09-22 09:00:00,2220.0,2230.0,2174.0,2226.0,104681074,1249
2025-09-22 10:00:00,2227.0,2230.0,2221.0,2227.0,33791470,664
2025-09-22 11:00:00,2226.0,2230.0,2217.0,2217.0,36996465,617
2025-09-22 12:00:00,2218.0,2230.0,2217.0,2230.0,17200494,311
2025-09-23 09:00:00,2254.0,2254.0,2176.0,2216.0,33147877,743
2025-09-23 10:00:00,2215.0,2250.0,2214.0,2229.0,27450840,504
2025-09-23 11:00:00,2230.0,2232.0,2190.0,2192.0,29508873,580
2025-09-23 12:00:00,2192.0,2192.0,2168.0,2185.0,25913911,576
2025-09-24 09:00:00,2192.0,2192.0,2156.0,2157.0,54389088,1160
2025-09-24 10:00:00,2156.0,2178.0,2156.0,2178.0,33273703,778
2025-09-24 11:00:00,2180.0,2180.0,2155.0,2170.0,33812826,711
2025-09-24 12:00:00,2170.0,2191.0,2167.0,2190.0,42947816,575
2025-09-24 17:00:00,2168.0,2168.0,2168.0,2168.0,99366,1
2025-09-27 09:00:00,2180.0,2234.0,2180.0,2234.0,42907336,636
2025-09-27 10:00:00,2234.0,2234.0,2234.0,2234.0,14948121,292
2025-09-27 11:00:00,2234.0,2234.0,2234.0,2234.0,41259037,352
2025-09-27 12:00:00,2234.0,2234.0,2234.0,2234.0,3967111,124
2025-09-28 09:00:00,2298.0,2298.0,2298.0,2298.0,22412568,330
2025-09-28 10:00:00,2298.0,2298.0,2298.0,2298.0,6048470,181
2025-09-28 11:00:00,2298.0,2298.0,2298.0,2298.0,1737344,108
2025-09-28 12:00:00,2298.0,2298.0,2298.0,2298.0,2452405,71
2025-09-29 09:00:00,2366.0,2366.0,2366.0,2366.0,14106017,305
2025-09-29 10:00:00,2366.0,2366.0,2366.0,2366.0,2583732,125
2025-09-29 11:00:00,2366.0,2366.0,2366.0,2366.0,22343347,239
2025-09-29 12:00:00,2366.0,2366.0,2366.0,2366.0,43094784,352
2025-09-30 09:00:00,2436.0,2436.0,2385.0,2428.0,165948244,2050
2025-09-30 10:00:00,2422.0,2432.0,2385.0,2411.0,76877354,1290
2025-09-30 11:00:00,2411.0,2413.0,2370.0,2376.0,66480313,1060
2025-09-30 12:00:00,2375.0,2412.0,2375.0,2408.0,42623699,634
2025-10-04 09:00:00,2475.0,2475.0,2475.0,2475.0,26449247,409
2025-10-04 10:00:00,2475.0,2475.0,2475.0,2475.0,5234256,181
2025-10-04 11:00:00,2475.0,2475.0,2475.0,2475.0,3987428,176
2025-10-04 12:00:00,2475.0,2475.0,2475.0,2475.0,3272611,101
2025-10-05 09:00:00,2549.0,2549.0,2549.0,2549.0,160736475,1304
2025-10-05 10:00:00,2549.0,2549.0,2531.0,2549.0,96622861,1419
2025-10-05 11:00:00,2549.0,2549.0,2549.0,2549.0,12104539,314
2025-10-05 12:00:00,2549.0,2549.0,2549.0,2549.0,3473018,72
2025-10-06 09:00:00,2625.0,2625.0,2625.0,2625.0,94406138,847
2025-10-06 10:00:00,2625.0,2625.0,2592.0,2625.0,152305261,1602
2025-10-06 11:00:00,2625.0,2625.0,2625.0,2625.0,91523814,861
2025-10-06 12:00:00,2625.0,2625.0,2622.0,2625.0,90654093,805
2025-10-07 09:00:00,2640.0,2702.0,2625.0,2702.0,104980949,1103
2025-10-07 10:00:00,2702.0,2702.0,2702.0,2702.0,27770319,386
2025-10-07 11:00:00,2702.0,2702.0,2702.0,2702.0,10624177,207
2025-10-07 12:00:00,2702.0,2702.0,2702.0,2702.0,9682191,140
2025-10-08 09:00:00,2750.0,2758.0,2626.0,2715.0,168835038,2322
2025-10-08 10:00:00,2714.0,2715.0,2643.0,2704.0,80438401,1345
2025-10-08 11:00:00,2704.0,2712.0,2675.0,2684.0,69143141,1110
2025-10-08 12:00:00,2684.0,2690.0,2641.0,2677.0,46528236,828
2025-10-11 09:00:00,2696.0,2776.0,2640.0,2753.0,119717192,1703
2025-10-11 10:00:00,2755.0,2756.0,2686.0,2699.0,75796634,1281
2025-10-11 11:00:00,2698.0,2729.0,2680.0,2694.0,67351672,954
2025-10-11 12:00:00,2697.0,2733.0,2693.0,2729.0,40716994,628
2025-10-12 09:00:00,2764.0,2811.0,2740.0,2811.0,136063877,1676
2025-10-12 10:00:00,2811.0,2811.0,2811.0,2811.0,11674339,253
2025-10-12 11:00:00,2811.0,2811.0,2810.0,2811.0,55267215,536
2025-10-12 12:00:00,2811.0,2811.0,2811.0,2811.0,6939339,128
2025-10-13 09:00:00,2855.0,2880.0,2789.0,2794.0,131201876,1967
2025-10-13 10:00:00,2796.0,2856.0,2772.0,2820.0,96758610,1442
2025-10-13 11:00:00,2818.0,2834.0,2800.0,2815.0,87574701,1108
2025-10-13 12:00:00,2810.0,2813.0,2792.0,2810.0,32695932,634
2025-10-14 09:00:00,2819.0,2829.0,2768.0,2800.0,65184068,1286
2025-10-14 10:00:00,2802.0,2803.0,2760.0,2773.0,65793062,1345
2025-10-14 11:00:00,2773.0,2779.0,2740.0,2740.0,79509461,1464
2025-10-14 12:00:00,2740.0,2740.0,2740.0,2740.0,4975619,261
2025-10-15 09:00:00,2727.0,2745.0,2689.0,2728.0,76285555,1345
2025-10-15 10:00:00,2730.0,2730.0,2700.0,2703.0,44884906,759
2025-10-15 11:00:00,2704.0,2708.0,2690.0,2707.0,38890393,698
2025-10-15 12:00:00,2706.0,2747.0,2705.0,2735.0,27588265,539
2025-10-18 09:00:00,2791.0,2791.0,2754.0,2791.0,76727240,844
2025-10-18 10:00:00,2791.0,2791.0,2791.0,2791.0,159834,12
2025-10-18 11:00:00,2791.0,2791.0,2791.0,2791.0,10621065,145
2025-10-18 12:00:00,2791.0,2791.0,2791.0,2791.0,13562892,139
2025-10-19 09:00:00,2861.0,2874.0,2793.0,2826.0,90072980,1468
2025-10-19 10:00:00,2823.0,2828.0,2790.0,2806.0,52183102,996
2025-10-19 11:00:00,2806.0,2822.0,2791.0,2809.0,43264338,939
2025-10-19 12:00:00,2810.0,2810.0,2709.0,2740.0,55720182,844
2025-10-20 09:00:00,2738.0,2797.0,2738.0,2770.0,47545260,1067
2025-10-20 10:00:00,2770.0,2780.0,2739.0,2747.0,39432711,814
2025-10-20 11:00:00,2747.0,2748.0,2732.0,2732.0,47440816,914
2025-10-20 12:00:00,2732.0,2732.0,2732.0,2732.0,9103457,280
2025-10-21 09:00:00,2690.0,2796.0,2673.0,2714.0,71171379,1307
2025-10-21 10:00:00,2711.0,2711.0,2692.0,2695.0,26959466,658
2025-10-21 11:00:00,2695.0,2740.0,2694.0,2709.0,23720586,529
2025-10-21 12:00:00,2710.0,2742.0,2702.0,2742.0,18756482,389
2025-10-22 09:00:00,2759.0,2773.0,2701.0,2712.0,49846422,899
2025-10-22 10:00:00,2719.0,2729.0,2710.0,2728.0,46731198,683
2025-10-22 11:00:00,2728.0,2766.0,2722.0,2746.0,48335643,788
2025-10-22 12:00:00,2749.0,2775.0,2740.0,2772.0,34632615,553
2025-10-25 09:00:00,2657.0,2657.0,2657.0,2657.0,47346272,1217
2025-10-25 10:00:00,2657.0,2657.0,2657.0,2657.0,15852580,625
2025-10-25 11:00:00,2657.0,2657.0,2657.0,2657.0,30037226,677
2025-10-25 12:00:00,2657.0,2669.0,2657.0,2659.0,68266173,898
2025-11-05 09:00:00,2989.0,3046.0,2973.0,3021.0,86080162,1700
2025-11-05 10:00:00,3018.0,3021.0,3000.0,3001.0,19679570,756
2025-11-05 11:00:00,3003.0,3064.0,2997.0,3050.0,35434608,867
2025-11-05 12:00:00,3050.0,3087.0,3050.0,3078.0,37023881,730
2025-11-08 09:00:00,3110.0,3112.0,3070.0,3109.0,99846667,1363
2025-11-08 10:00:00,3109.0,3110.0,3037.0,3100.0,65356580,1085
2025-11-08 11:00:00,3099.0,3101.0,3046.0,3050.0,44899923,791
2025-11-08 12:00:00,3050.0,3063.0,3039.0,3047.0,27392571,554
2025-11-09 10:00:00,3002.0,3002.0,3002.0,3002.0,14576472,363
2025-11-09 11:00:00,3002.0,3002.0,3002.0,3002.0,53014265,764
2025-11-09 12:00:00,3002.0,3002.0,3002.0,3002.0,5685412,220
2025-11-09 17:00:00,3002.0,3002.0,3002.0,3002.0,10051613,52
2025-11-10 09:00:00,3000.0,3092.0,2981.0,3067.0,163516953,2045
2025-11-10 10:00:00,3067.0,3067.0,3010.0,3036.0,75909632,1213
2025-11-10 11:00:00,3035.0,3054.0,3011.0,3049.0,59561100,980
2025-11-10 12:00:00,3049.0,3089.0,3047.0,3088.0,43923597,682
2025-11-10 18:00:00,3039.0,3039.0,3029.0,3029.0,15000,2
2025-11-11 09:00:00,3101.0,3143.0,3058.0,3115.0,101751593,1486
2025-11-11 10:00:00,3114.0,3139.0,3073.0,3113.0,43395892,813
2025-11-11 11:00:00,3114.0,3135.0,3052.0,3076.0,40832450,808
2025-11-11 12:00:00,3076.0,3079.0,3052.0,3066.0,31156026,618
2025-11-12 09:00:00,3082.0,3109.0,3032.0,3075.0,61136469,1339
2025-11-12 10:00:00,3073.0,3097.0,3060.0,3085.0,39841690,782
2025-11-12 11:00:00,3083.0,3093.0,3076.0,3076.0,9230809,330
2025-11-15 10:00:00,3040.0,3070.0,3018.0,3069.0,45508931,944
2025-11-15 11:00:00,3069.0,3088.0,3032.0,3033.0,58313925,879
2025-11-15 12:00:00,3033.0,3053.0,3030.0,3038.0,32909231,521
2025-11-16 09:00:00,3050.0,3059.0,3006.0,3056.0,44343787,983
2025-11-16 10:00:00,3055.0,3079.0,3023.0,3079.0,40475903,1236
2025-11-16 11:00:00,3078.0,3100.0,3055.0,3090.0,45829742,962
2025-11-16 12:00:00,3089.0,3093.0,3080.0,3090.0,35015665,570
2025-11-16 14:00:00,3074.0,3079.0,3074.0,3079.0,10000,2
2025-11-16 17:00:00,3088.0,3088.0,3088.0,3088.0,657,1
2025-11-16 18:00:00,3079.0,3079.0,3079.0,3079.0,3749,1
2025-11-17 09:00:00,3105.0,3135.0,3074.0,3095.0,99800745,1337
2025-11-17 10:00:00,3096.0,3096.0,3078.0,3083.0,65774179,1049
2025-11-17 11:00:00,3084.0,3084.0,3029.0,3042.0,51551183,1308
2025-11-17 12:00:00,3042.0,3043.0,3021.0,3039.0,38823243,801
2025-11-18 09:00:00,3043.0,3094.0,3015.0,3067.0,70873675,1178
2025-11-18 10:00:00,3068.0,3070.0,3033.0,3058.0,25660145,642
2025-11-18 11:00:00,3060.0,3060.0,3036.0,3036.0,21056766,655
2025-11-18 12:00:00,3035.0,3051.0,3030.0,3045.0,23132675,475
2025-11-19 09:00:00,3080.0,3093.0,3043.0,3072.0,44083154,940
2025-11-19 10:00:00,3070.0,3070.0,3048.0,3050.0,26915258,664
2025-11-19 11:00:00,3049.0,3052.0,3038.0,3039.0,34399141,690
2025-11-19 12:00:00,3040.0,3095.0,3037.0,3070.0,30185053,514
2025-11-22 09:00:00,3080.0,3148.0,3074.0,3130.0,67312106,1074
2025-11-22 10:00:00,3135.0,3148.0,3117.0,3120.0,45967067,967
2025-11-22 11:00:00,3120.0,3122.0,3089.0,3090.0,22650162,623
2025-11-22 12:00:00,3094.0,3105.0,3086.0,3086.0,18203778,453
2025-11-23 09:00:00,3150.0,3203.0,3113.0,3203.0,104436058,1216
2025-11-23 10:00:00,3203.0,3203.0,3203.0,3203.0,81284844,725
2025-11-23 11:00:00,3203.0,3203.0,3203.0,3203.0,39811680,456
2025-11-23 12:00:00,3203.0,3203.0,3203.0,3203.0,22735283,262
2025-11-25 10:00:00,3292.0,3292.0,3292.0,3292.0,59755325,538
2025-11-25 11:00:00,3292.0,3292.0,3254.0,3272.0,93654514,1017
2025-11-25 12:00:00,3272.0,3292.0,3259.0,3292.0,103547593,1038
2025-11-26 09:00:00,3289.0,3289.0,3201.0,3225.0,97295908,1842
2025-11-26 10:00:00,3225.0,3267.0,3210.0,3211.0,44231425,950
2025-11-26 11:00:00,3211.0,3215.0,3191.0,3192.0,61109345,1268
2025-11-26 12:00:00,3192.0,3242.0,3191.0,3215.0,34053406,782
2025-11-26 14:00:00,3227.0,3265.0,3203.0,3265.0,12732881,136
2025-11-29 09:00:00,3170.0,3261.0,3169.0,3181.0,81284326,1373
2025-11-29 10:00:00,3184.0,3199.0,3150.0,3171.0,37717040,944
2025-11-29 11:00:00,3171.0,3185.0,3151.0,3179.0,33456134,668
2025-11-29 12:00:00,3175.0,3190.0,3170.0,3171.0,44539428,600
2025-11-30 09:00:00,3197.0,3197.0,3102.0,3160.0,59471883,1302
2025-11-30 10:00:00,3160.0,3185.0,3149.0,3166.0,34798923,785
2025-11-30 11:00:00,3166.0,3207.0,3149.0,3191.0,36539713,872
2025-11-30 12:00:00,3191.0,3219.0,3177.0,3213.0,36605415,643
2025-12-01 09:00:00,3240.0,3266.0,3214.0,3240.0,107161933,1583
2025-12-01 10:00:00,3239.0,3247.0,3209.0,3234.0,37863990,757
2025-12-01 11:00:00,3235.0,3237.0,3212.0,3215.0,37144595,723
2025-12-01 12:00:00,3215.0,3253.0,3210.0,3246.0,38267262,640
2025-12-02 09:00:00,3266.0,3267.0,3233.0,3234.0,61453415,1115
2025-12-02 10:00:00,3234.0,3277.0,3231.0,3240.0,45585727,1041
2025-12-02 11:00:00,3240.0,3270.0,3237.0,3243.0,32229880,711
2025-12-02 12:00:00,3242.0,3243.0,3227.0,3229.0,32796184,699
2025-12-03 09:00:00,3264.0,3342.0,3264.0,3295.0,77790843,1416
2025-12-03 10:00:00,3295.0,3303.0,3292.0,3302.0,43930288,781
2025-12-03 11:00:00,3300.0,3338.0,3299.0,3330.0,68629783,923
2025-12-03 12:00:00,3332.0,3334.0,3314.0,3317.0,43351749,640
2025-12-06 09:00:00,3389.0,3410.0,3321.0,3397.0,91266983,1538
2025-12-06 10:00:00,3396.0,3398.0,3334.0,3340.0,68155448,1121
2025-12-06 11:00:00,3341.0,3380.0,3341.0,3368.0,58667907,948
2025-12-06 12:00:00,3359.0,3372.0,3337.0,3355.0,43683981,698
2025-12-07 09:00:00,3400.0,3400.0,3294.0,3345.0,114499253,1952
2025-12-07 10:00:00,3348.0,3348.0,3288.0,3288.0,66426425,1356
2025-12-07 11:00:00,3289.0,3307.0,3270.0,3298.0,103249704,1675
2025-12-07 12:00:00,3298.0,3305.0,3270.0,3270.0,38831035,683
2025-12-08 09:00:00,3289.0,3328.0,3264.0,3313.0,70994179,1372
2025-12-08 10:00:00,3314.0,3314.0,3290.0,3304.0,48020520,872
2025-12-08 11:00:00,3304.0,3392.0,3297.0,3375.0,77639591,1328
2025-12-08 12:00:00,3376.0,3409.0,3371.0,3380.0,61676754,801
2025-12-09 09:00:00,3385.0,3437.0,3357.0,3390.0,112775920,1369
2025-12-09 10:00:00,3390.0,3411.0,3386.0,3409.0,57867511,800
2025-12-09 11:00:00,3410.0,3414.0,3390.0,3400.0,45201135,718
2025-12-09 12:00:00,3395.0,3402.0,3372.0,3395.0,39566893,518
2025-12-10 09:00:00,3411.0,3496.0,3411.0,3496.0,87856098,1318
2025-12-10 10:00:00,3496.0,3496.0,3496.0,3496.0,22118950,501
2025-12-10 11:00:00,3496.0,3496.0,3496.0,3496.0,20332944,445
2025-12-10 12:00:00,3496.0,3496.0,3496.0,3496.0,13533585,260
2025-12-13 09:00:00,3589.0,3594.0,3550.0,3594.0,144080185,1831
2025-12-13 10:00:00,3594.0,3594.0,3593.0,3594.0,72944919,1001
2025-12-13 11:00:00,3594.0,3594.0,3592.0,3593.0,41558660,816
2025-12-13 12:00:00,3594.0,3594.0,3593.0,3594.0,36560803,539
2025-12-14 09:00:00,3650.0,3666.0,3511.0,3650.0,79926209,1834
2025-12-14 10:00:00,3650.0,3700.0,3640.0,3700.0,122877449,1674
2025-12-14 11:00:00,3700.0,3700.0,3690.0,3700.0,61371016,982
2025-12-14 12:00:00,3700.0,3700.0,3685.0,3698.0,37777327,602
2025-12-15 09:00:00,3705.0,3779.0,3705.0,3778.0,95477903,1678
2025-12-15 10:00:00,3778.0,3779.0,3776.0,3779.0,62360853,927
2025-12-15 11:00:00,3779.0,3779.0,3779.0,3779.0,65920171,628
2025-12-15 12:00:00,3779.0,3779.0,3779.0,3779.0,32190125,315
2025-12-16 09:00:00,3835.0,3887.0,3814.0,3884.0,132090166,1604
2025-12-16 10:00:00,3883.0,3883.0,3721.0,3803.0,94770713,1845
2025-12-16 11:00:00,3804.0,3804.0,3700.0,3710.0,55152462,1334
2025-12-16 12:00:00,3710.0,3722.0,3683.0,3720.0,33842761,833
2025-12-17 09:00:00,3720.0,3826.0,3720.0,3817.0,76780316,1541
2025-12-17 10:00:00,3818.0,3818.0,3760.0,3789.0,62309737,1055
2025-12-17 11:00:00,3792.0,3792.0,3768.0,3770.0,31245370,860
2025-12-17 12:00:00,3769.0,3797.0,3765.0,3784.0,39634255,691
2025-12-20 09:00:00,3876.0,3896.0,3844.0,3896.0,74131338,1551
2025-12-20 10:00:00,3896.0,3896.0,3876.0,3885.0,63904356,1065
2025-12-20 11:00:00,3886.0,3896.0,3869.0,3896.0,71771701,1081
2025-12-20 12:00:00,3895.0,3896.0,3894.0,3896.0,30658733,405
2025-12-21 09:00:00,3923.0,3944.0,3825.0,3909.0,101370183,1929
2025-12-21 10:00:00,3908.0,3937.0,3849.0,3853.0,110163824,1531
2025-12-21 11:00:00,3854.0,3888.0,3828.0,3864.0,48367490,1317
2025-12-21 12:00:00,3861.0,3890.0,3841.0,3874.0,31040081,655
2025-12-22 09:00:00,3874.0,3910.0,3805.0,3890.0,74637687,1783
2025-12-22 10:00:00,3889.0,3903.0,3808.0,3808.0,71665907,1815
2025-12-22 11:00:00,3808.0,3841.0,3782.0,3792.0,61282042,1764
2025-12-22 12:00:00,3791.0,3827.0,3788.0,3825.0,33713320,857
2025-12-23 09:00:00,3834.0,3865.0,3808.0,3864.0,55775253,1517
2025-12-23 10:00:00,3865.0,3894.0,3836.0,3891.0,43315874,1012
2025-12-23 11:00:00,3891.0,3925.0,3865.0,3880.0,45969995,1018
2025-12-23 12:00:00,3886.0,3898.0,3880.0,3887.0,43628497,703
2025-12-24 09:00:00,3940.0,3984.0,3935.0,3958.0,112145220,1941
2025-12-24 10:00:00,3958.0,3981.0,3949.0,3976.0,55227464,1104
2025-12-24 11:00:00,3976.0,3984.0,3958.0,3983.0,71941938,1320
2025-12-24 12:00:00,3983.0,3984.0,3982.0,3984.0,62924355,642
2025-12-27 09:00:00,4095.0,4095.0,4011.0,4070.0,119213696,2065
2025-12-27 10:00:00,4070.0,4078.0,3970.0,3982.0,78598967,1772
2025-12-27 11:00:00,3982.0,4057.0,3982.0,3990.0,85016395,1429
2025-12-27 12:00:00,3990.0,4024.0,3976.0,4016.0,64427518,944
2025-12-30 09:00:00,4011.0,4020.0,4011.0,4011.0,113573006,1948
2025-12-30 10:00:00,4011.0,4011.0,4011.0,4011.0,16160625,594
2025-12-30 11:00:00,4011.0,4011.0,4011.0,4011.0,7421040,318
2025-12-30 12:00:00,4011.0,4011.0,4011.0,4011.0,13031979,191
2025-12-31 09:00:00,3960.0,4060.0,3959.0,4058.0,127662816,2097
2025-12-31 10:00:00,4059.0,4130.0,4050.0,4125.0,100020606,1525
2025-12-31 11:00:00,4125.0,4128.0,4075.0,4111.0,58720715,1265
2025-12-31 12:00:00,4112.0,4131.0,4110.0,4131.0,50900867,1022
2026-01-04 09:00:00,4061.0,4170.0,3934.0,3996.0,168163606,2607
2026-01-04 10:00:00,3996.0,4069.0,3981.0,4021.0,55156330,1343
2026-01-04 11:00:00,4026.0,4033.0,3959.0,4000.0,55572773,1200
2026-01-04 12:00:00,3998.0,4015.0,3982.0,4010.0,33855614,658
2026-01-05 09:00:00,4108.0,4108.0,4051.0,4108.0,92897173,950
2026-01-05 10:00:00,4108.0,4108.0,4108.0,4108.0,73177030,655
2026-01-05 11:00:00,4108.0,4108.0,4108.0,4108.0,15715711,299
2026-01-05 12:00:00,4108.0,4108.0,4108.0,4108.0,16127434,244
2026-01-06 09:00:00,4231.0,4231.0,4231.0,4231.0,60831889,700
2026-01-06 10:00:00,4231.0,4231.0,4231.0,4231.0,95229478,724
2026-01-06 11:00:00,4231.0,4231.0,4231.0,4231.0,11364941,259
2026-01-06 12:00:00,4231.0,4231.0,4231.0,4231.0,5939561,160
2026-01-07 09:00:00,4357.0,4357.0,4248.0,4357.0,230348116,2725
2026-01-07 10:00:00,4357.0,4357.0,4356.0,4357.0,57526894,883
2026-01-07 11:00:00,4357.0,4357.0,4355.0,4357.0,58418542,884
2026-01-07 12:00:00,4357.0,4357.0,4357.0,4357.0,34539200,552
2026-01-10 09:00:00,4225.0,4409.0,4225.0,4399.0,139327623,2149
2026-01-10 10:00:00,4400.0,4400.0,4225.0,4226.0,95520067,1696
2026-01-10 11:00:00,4226.0,4355.0,4225.0,4225.0,102451773,1622
2026-01-10 12:00:00,4225.0,4225.0,4225.0,4225.0,18577362,390
2026-01-10 14:00:00,4322.0,4322.0,4322.0,4322.0,2068680,6
2026-01-11 09:00:00,4254.0,4402.0,4254.0,4340.0,137622795,2201
2026-01-11 10:00:00,4340.0,4342.0,4296.0,4300.0,70979001,1478
2026-01-11 11:00:00,4300.0,4345.0,4298.0,4312.0,89387268,1405
2026-01-11 12:00:00,4310.0,4390.0,4310.0,4378.0,49578401,804
2026-01-12 09:00:00,4430.0,4479.0,4430.0,4447.0,133889581,2103
2026-01-12 10:00:00,4447.0,4450.0,4381.0,4399.0,69075611,1627
2026-01-12 11:00:00,4400.0,4438.0,4393.0,4408.0,47994801,1205
2026-01-12 12:00:00,4424.0,4438.0,4392.0,4430.0,48174562,878
2026-01-13 09:00:00,4490.0,4490.0,4309.0,4309.0,110403235,2478
2026-01-13 10:00:00,4309.0,4309.0,4309.0,4309.0,38342282,1063
2026-01-13 11:00:00,4309.0,4309.0,4309.0,4309.0,7089744,473
2026-01-13 12:00:00,4309.0,4309.0,4309.0,4309.0,9202587,291
2026-01-13 14:00:00,4438.0,4442.0,4310.0,4310.0,7270500,88
2026-01-14 09:00:00,4213.0,4213.0,4213.0,4213.0,32321396,729
2026-01-14 10:00:00,4213.0,4213.0,4213.0,4213.0,9521599,390
2026-01-14 11:00:00,4213.0,4213.0,4213.0,4213.0,3971046,331
2026-01-14 12:00:00,4213.0,4213.0,4213.0,4213.0,6675216,207
2026-01-18 09:00:00,4122.0,4327.0,4122.0,4137.0,110610298,2437
2026-01-18 10:00:00,4137.0,4182.0,4135.0,4151.0,68742887,1503
2026-01-18 11:00:00,4151.0,4160.0,4124.0,4147.0,56193801,1453
2026-01-18 12:00:00,4145.0,4184.0,4140.0,4172.0,44932076,1021
2026-01-18 15:00:00,4125.0,4145.0,4125.0,4131.0,30320213,273
2026-01-18 16:00:00,4131.0,4131.0,4125.0,4125.0,14744955,132
2026-01-19 09:00:00,4215.0,4253.0,4070.0,4074.0,117251309,2612
2026-01-19 10:00:00,4072.0,4090.0,4058.0,4058.0,96327883,1898
2026-01-19 11:00:00,4058.0,4058.0,4058.0,4058.0,20429474,887
2026-01-19 12:00:00,4058.0,4059.0,4058.0,4058.0,39087224,793
2026-01-19 17:00:00,4101.0,4101.0,4058.0,4058.0,61630337,203
2026-01-20 09:00:00,3982.0,4058.0,3967.0,4017.0,113796909,2102
2026-01-20 10:00:00,4017.0,4051.0,4016.0,4040.0,58604987,1207
2026-01-20 11:00:00,4041.0,4055.0,4016.0,4018.0,69521018,1241
2026-01-20 12:00:00,4018.0,4018.0,3967.0,3968.0,60406745,867
2026-01-20 14:00:00,3968.0,3968.0,3968.0,3968.0,15059,1
2026-01-20 15:00:00,3967.0,3967.0,3967.0,3967.0,4339390,23
2026-01-20 16:00:00,3967.0,3967.0,3967.0,3967.0,46742508,238
2026-01-21 09:00:00,3987.0,3992.0,3926.0,3927.0,80475736,2006
2026-01-21 10:00:00,3926.0,3927.0,3875.0,3875.0,71833305,1965
2026-01-21 11:00:00,3876.0,3877.0,3873.0,3876.0,74227663,1920
2026-01-21 12:00:00,3875.0,3908.0,3873.0,3905.0,52820852,964
2026-01-21 15:00:00,3921.0,3921.0,3921.0,3921.0,10000,1
2026-01-24 09:00:00,3790.0,3830.0,3790.0,3790.0,44217896,1197
2026-01-24 10:00:00,3790.0,3790.0,3790.0,3790.0,6123709,434
2026-01-24 11:00:00,3790.0,3790.0,3790.0,3790.0,4558217,293
2026-01-24 12:00:00,3790.0,3790.0,3790.0,3790.0,2187959,169
2026-01-25 09:00:00,3677.0,3677.0,3677.0,3677.0,31666524,794
2026-01-25 10:00:00,3677.0,3677.0,3677.0,3677.0,6734099,332
2026-01-25 11:00:00,3677.0,3677.0,3677.0,3677.0,14838445,331
2026-01-25 12:00:00,3677.0,3677.0,3677.0,3677.0,3733236,165
2026-01-26 09:00:00,3567.0,3567.0,3567.0,3567.0,19345656,554
2026-01-26 10:00:00,3567.0,3567.0,3567.0,3567.0,1867219,193
2026-01-26 11:00:00,3567.0,3567.0,3567.0,3567.0,1567662,145
2026-01-26 12:00:00,3567.0,3567.0,3567.0,3567.0,1014108,86
2026-01-27 09:00:00,3460.0,3460.0,3460.0,3460.0,38691778,798
2026-01-27 10:00:00,3460.0,3460.0,3460.0,3460.0,13822393,372
2026-01-27 11:00:00,3460.0,3460.0,3460.0,3460.0,3589239,227
2026-01-27 12:00:00,3460.0,3460.0,3460.0,3460.0,2446860,145
2026-01-28 09:00:00,3357.0,3395.0,3357.0,3357.0,155253924,2640
2026-01-28 10:00:00,3357.0,3370.0,3357.0,3369.0,86533666,1811
2026-01-28 11:00:00,3368.0,3414.0,3357.0,3358.0,62330495,1639
2026-01-28 12:00:00,3357.0,3362.0,3357.0,3362.0,47398592,923
2026-01-31 09:00:00,3320.0,3429.0,3261.0,3261.0,133073544,2295
2026-01-31 10:00:00,3261.0,3262.0,3261.0,3261.0,42681875,713
2026-01-31 11:00:00,3261.0,3261.0,3261.0,3261.0,7048774,320
2026-01-31 12:00:00,3261.0,3261.0,3261.0,3261.0,16076804,347
2026-02-01 09:00:00,3260.0,3370.0,3260.0,3330.0,69910538,1686
2026-02-01 10:00:00,3327.0,3382.0,3302.0,3382.0,46402302,1095
2026-02-01 11:00:00,3382.0,3382.0,3376.0,3382.0,46910079,708
2026-02-01 12:00:00,3382.0,3382.0,3382.0,3382.0,10695333,204
2026-02-02 09:00:00,3430.0,3444.0,3370.0,3444.0,87016354,1328
2026-02-02 10:00:00,3444.0,3444.0,3444.0,3444.0,29029309,466
2026-02-02 11:00:00,3444.0,3444.0,3444.0,3444.0,11216301,248
2026-02-02 12:00:00,3444.0,3444.0,3444.0,3444.0,12538426,156
2026-02-03 09:00:00,3470.0,3500.0,3376.0,3386.0,83927265,1596
2026-02-03 10:00:00,3390.0,3464.0,3380.0,3411.0,38818039,950
2026-02-03 11:00:00,3411.0,3430.0,3397.0,3397.0,30157979,764
2026-02-03 12:00:00,3398.0,3484.0,3395.0,3477.0,30577133,558
2026-02-03 14:00:00,3467.0,3467.0,3467.0,3467.0,2068680,11
2026-02-09 11:00:00,3334.0,3334.0,3334.0,3334.0,1114968,40
2026-02-09 12:00:00,3334.0,3350.0,3334.0,3334.0,60937592,1031
2026-02-10 09:00:00,3310.0,3434.0,3310.0,3434.0,96375059,1433
2026-02-10 10:00:00,3434.0,3434.0,3434.0,3434.0,24951936,564
2026-02-10 11:00:00,3434.0,3434.0,3434.0,3434.0,20019911,398
2026-02-10 12:00:00,3434.0,3434.0,3434.0,3434.0,15032135,253
2026-02-14 09:00:00,3530.0,3530.0,3473.0,3487.0,83142555,1532
2026-02-14 10:00:00,3487.0,3529.0,3430.0,3440.0,73233935,1201
2026-02-14 11:00:00,3440.0,3470.0,3411.0,3465.0,63976072,1057
2026-02-14 12:00:00,3469.0,3478.0,3414.0,3453.0,38961313,606
2026-02-14 15:00:00,3421.0,3421.0,3421.0,3421.0,661264,3
2026-02-15 09:00:00,3408.0,3440.0,3391.0,3395.0,76129310,1364
2026-02-15 10:00:00,3395.0,3395.0,3391.0,3391.0,21789245,632
2026-02-15 11:00:00,3391.0,3391.0,3391.0,3391.0,11319236,261
2026-02-15 12:00:00,3391.0,3391.0,3391.0,3391.0,7012685,178
2026-02-16 09:00:00,3292.0,3440.0,3292.0,3433.0,51073716,1038
2026-02-16 10:00:00,3433.0,3433.0,3381.0,3390.0,28147481,674
2026-02-16 11:00:00,3392.0,3410.0,3389.0,3400.0,30034521,605
2026-02-16 12:00:00,3400.0,3420.0,3400.0,3417.0,16934582,394
2026-02-17 09:00:00,3419.0,3451.0,3365.0,3403.0,41511277,706
2026-02-17 10:00:00,3403.0,3426.0,3379.0,3417.0,22931066,464
2026-02-17 11:00:00,3416.0,3470.0,3390.0,3445.0,32023186,617
2026-02-17 12:00:00,3446.0,3478.0,3446.0,3478.0,35678575,645
2026-02-18 09:00:00,3482.0,3492.0,3423.0,3423.0,32641800,795
2026-02-18 10:00:00,3424.0,3438.0,3349.0,3350.0,38717553,779
2026-02-18 11:00:00,3350.0,3371.0,3347.0,3370.0,29197832,591
2026-02-18 12:00:00,3371.0,3374.0,3360.0,3370.0,15608793,366
2026-02-21 09:00:00,3293.0,3293.0,3293.0,3293.0,29268154,590
2026-02-21 10:00:00,3293.0,3293.0,3293.0,3293.0,7701803,282
2026-02-21 11:00:00,3293.0,3293.0,3293.0,3293.0,4799542,246
2026-02-21 12:00:00,3293.0,3293.0,3293.0,3293.0,2871106,149
2026-02-22 09:00:00,3195.0,3283.0,3195.0,3195.0,78655455,1461
2026-02-22 10:00:00,3195.0,3245.0,3195.0,3243.0,51152358,1005
2026-02-22 11:00:00,3243.0,3263.0,3210.0,3229.0,39120814,650
2026-02-22 12:00:00,3229.0,3304.0,3211.0,3290.0,37475735,600
2026-02-23 09:00:00,3270.0,3282.0,3240.0,3254.0,50029645,955
2026-02-23 10:00:00,3254.0,3305.0,3244.0,3300.0,29089465,655
2026-02-23 11:00:00,3300.0,3310.0,3297.0,3309.0,31361985,725
2026-02-23 12:00:00,3309.0,3310.0,3308.0,3310.0,24526353,355
2026-02-24 09:00:00,3298.0,3300.0,3216.0,3285.0,40342378,882
2026-02-24 10:00:00,3284.0,3295.0,3261.0,3294.0,30953382,539
2026-02-24 11:00:00,3286.0,3298.0,3281.0,3297.0,25095377,473
2026-02-24 12:00:00,3291.0,3297.0,3281.0,3281.0,21344524,392
2026-02-24 13:00:00,3234.0,3234.0,3234.0,3234.0,5000,1
2026-02-25 09:00:00,3254.0,3367.0,3254.0,3367.0,81155725,1039
2026-02-25 10:00:00,3366.0,3367.0,3300.0,3358.0,26105462,621
2026-02-25 11:00:00,3357.0,3367.0,3351.0,3365.0,33671786,647
2026-02-25 12:00:00,3364.0,3367.0,3349.0,3367.0,33586951,485
2026-08-08 12:00:00,2305.0,2374.0,2305.0,2360.0,81151686,276
2026-08-09 09:00:00,2401.0,2401.0,2263.0,2263.0,405736133,3470
2026-08-09 10:00:00,2263.0,2329.0,2263.0,2317.0,353296982,2927
2026-08-09 11:00:00,2317.0,2317.0,2275.0,2280.0,227246595,2452
2026-08-09 12:00:00,2279.0,2313.0,2275.0,2291.0,128614596,1268
2026-08-10 09:00:00,2296.0,2370.0,2271.0,2294.0,378381499,3096
2026-08-10 10:00:00,2294.0,2342.0,2293.0,2326.0,301203959,2419
2026-08-10 11:00:00,2325.0,2357.0,2309.0,2351.0,251613163,2183
2026-08-10 12:00:00,2351.0,2363.0,2336.0,2354.0,222990177,1351
2026-08-10 17:00:00,2367.0,2370.0,2299.0,2346.0,1010000,32
2026-08-11 09:00:00,2350.0,2375.0,2264.0,2279.0,382170490,2978
2026-08-11 10:00:00,2279.0,2300.0,2277.0,2285.0,205812574,2032
2026-08-11 11:00:00,2284.0,2303.0,2269.0,2285.0,157242488,1754
2026-08-11 12:00:00,2286.0,2286.0,2265.0,2278.0,136070859,1291
2026-08-15 09:00:00,2265.0,2283.0,2218.0,2218.0,168828461,1930
2026-08-15 10:00:00,2218.0,2236.0,2218.0,2218.0,209650515,2184
2026-08-15 11:00:00,2218.0,2235.0,2218.0,2218.0,111022301,1430
2026-08-15 12:00:00,2218.0,2220.0,2218.0,2218.0,57357860,646
2026-08-16 09:00:00,2188.0,2285.0,2183.0,2279.0,374663235,2896
2026-08-16 10:00:00,2279.0,2285.0,2275.0,2285.0,169140615,1284
2026-08-16 11:00:00,2285.0,2285.0,2285.0,2285.0,44500258,352
2026-08-17 10:00:00,2342.0,2342.0,2342.0,2342.0,72248210,474
2026-08-17 11:00:00,2342.0,2342.0,2342.0,2342.0,21656138,315
2026-08-17 12:00:00,2342.0,2342.0,2342.0,2342.0,22590012,193
2026-08-18 09:00:00,2412.0,2412.0,2370.0,2412.0,471566501,2309
2026-08-18 10:00:00,2412.0,2412.0,2412.0,2412.0,25482427,433
2026-08-18 11:00:00,2412.0,2412.0,2380.0,2394.0,285465523,1648
2026-08-18 12:00:00,2393.0,2412.0,2386.0,2412.0,149243666,1061
2026-08-19 09:00:00,2398.0,2477.0,2371.0,2440.0,282412002,2574
2026-08-19 10:00:00,2440.0,2483.0,2440.0,2471.0,292384932,2141
2026-08-19 11:00:00,2473.0,2478.0,2433.0,2458.0,127706923,1661
2026-08-19 12:00:00,2458.0,2476.0,2449.0,2455.0,89715971,950
2026-08-22 09:00:00,2533.0,2533.0,2500.0,2533.0,422573072,2377
2026-08-22 10:00:00,2533.0,2533.0,2533.0,2533.0,65416770,634
2026-08-22 11:00:00,2533.0,2533.0,2533.0,2533.0,28234162,339
2026-08-22 12:00:00,2533.0,2533.0,2533.0,2533.0,13504927,171
2026-08-23 09:00:00,2608.0,2608.0,2608.0,2608.0,80321364,704
2026-08-23 10:00:00,2608.0,2608.0,2541.0,2582.0,248794602,1546
2026-08-23 11:00:00,2582.0,2608.0,2540.0,2608.0,359555316,2369
2026-08-23 12:00:00,2607.0,2608.0,2582.0,2608.0,138650293,885
2026-08-24 09:00:00,2601.0,2670.0,2535.0,2666.0,314807579,2788
2026-08-24 10:00:00,2666.0,2668.0,2560.0,2610.0,192112100,1977
2026-08-24 11:00:00,2610.0,2637.0,2556.0,2556.0,183666191,1809
2026-08-24 12:00:00,2557.0,2572.0,2527.0,2554.0,142156439,1292
2026-08-25 09:00:00,2590.0,2652.0,2563.0,2645.0,326240050,2787
2026-08-25 10:00:00,2645.0,2645.0,2599.0,2616.0,221952824,1863
2026-08-25 11:00:00,2617.0,2661.0,2610.0,2644.0,200184665,1726
2026-08-25 12:00:00,2646.0,2670.0,2625.0,2631.0,121200527,1018
2026-08-26 09:00:00,2677.0,2698.0,2677.0,2698.0,212300453,1357
2026-08-26 10:00:00,2698.0,2698.0,2698.0,2698.0,122629361,726
2026-08-26 11:00:00,2698.0,2698.0,2698.0,2698.0,26743515,418
2026-08-26 12:00:00,2698.0,2698.0,2698.0,2698.0,23232957,270
2026-08-29 09:00:00,2777.0,2777.0,2740.0,2777.0,218352026,1674
2026-08-29 10:00:00,2777.0,2777.0,2777.0,2777.0,36020475,543
2026-08-29 11:00:00,2777.0,2777.0,2777.0,2777.0,19371316,472
2026-08-29 12:00:00,2777.0,2777.0,2777.0,2777.0,17284656,265
2026-08-31 09:00:00,2728.0,2849.0,2703.0,2809.0,294414178,2855
2026-08-31 10:00:00,2810.0,2810.0,2736.0,2757.0,147892332,2111
2026-08-31 11:00:00,2757.0,2779.0,2739.0,2748.0,115241577,1983
2026-08-31 12:00:00,2748.0,2749.0,2729.0,2732.0,102203239,1209
2026-08-31 15:00:00,2740.0,2759.0,2740.0,2759.0,42028977,233
2026-09-01 09:00:00,2820.0,2855.0,2815.0,2820.0,129085870,1228
2026-09-01 10:00:00,2821.0,2850.0,2744.0,2746.0,85966623,1011
2026-09-01 11:00:00,2746.0,2759.0,2689.0,2689.0,287680980,2598
2026-09-01 12:00:00,2689.0,2689.0,2689.0,2689.0,36959267,793
2026-09-01 13:00:00,2689.0,2701.0,2689.0,2701.0,210000,8
2026-09-01 14:00:00,2701.0,2704.0,2690.0,2701.0,288302,7
2026-09-02 09:00:00,2669.0,2669.0,2669.0,2669.0,170098421,2001
2026-09-02 10:00:00,2669.0,2669.0,2669.0,2669.0,56111166,915
2026-09-02 11:00:00,2669.0,2669.0,2669.0,2669.0,53976880,942
2026-09-02 12:00:00,2669.0,2669.0,2669.0,2669.0,31747281,538
2026-09-05 09:00:00,2691.0,2741.0,2589.0,2619.0,307788445,2961
2026-09-05 10:00:00,2620.0,2653.0,2613.0,2640.0,198992417,1870
2026-09-05 11:00:00,2636.0,2642.0,2597.0,2625.0,155189285,1670
2026-09-05 12:00:00,2624.0,2660.0,2624.0,2635.0,87111322,1017
2026-09-06 09:00:00,2634.0,2688.0,2573.0,2643.0,234054823,2623
2026-09-06 10:00:00,2643.0,2660.0,2626.0,2653.0,151420942,1785
2026-09-06 11:00:00,2654.0,2693.0,2646.0,2682.0,189736364,1829
2026-09-06 12:00:00,2683.0,2683.0,2659.0,2666.0,81558767,901
2026-09-07 09:00:00,2722.0,2722.0,2700.0,2722.0,84412421,809
2026-09-07 10:00:00,2722.0,2722.0,2722.0,2722.0,32062124,394
2026-09-07 11:00:00,2722.0,2722.0,2722.0,2722.0,13031673,269
2026-09-07 12:00:00,2722.0,2722.0,2722.0,2722.0,11111647,128
2026-09-08 09:00:00,2803.0,2803.0,2803.0,2803.0,108572112,902
2026-09-08 10:00:00,2803.0,2803.0,2803.0,2803.0,24811248,371
2026-09-08 11:00:00,2803.0,2803.0,2803.0,2803.0,17610597,356
2026-09-08 12:00:00,2803.0,2803.0,2803.0,2803.0,84380789,303
2026-09-09 09:00:00,2880.0,2887.0,2821.0,2887.0,201598097,1444
2026-09-09 10:00:00,2887.0,2887.0,2887.0,2887.0,70276997,975
2026-09-09 11:00:00,2887.0,2887.0,2887.0,2887.0,135999848,742
2026-09-09 12:00:00,2887.0,2887.0,2887.0,2887.0,26287127,295
2026-09-12 09:00:00,2967.0,2967.0,2967.0,2967.0,104816110,831
2026-09-12 10:00:00,2967.0,2967.0,2967.0,2967.0,46386517,410
2026-09-12 11:00:00,2967.0,2967.0,2967.0,2967.0,61017257,345
2026-09-12 12:00:00,2967.0,2967.0,2967.0,2967.0,29278955,238
2026-09-13 09:00:00,3056.0,3056.0,3056.0,3056.0,161662486,828
2026-09-13 10:00:00,3056.0,3056.0,3009.0,3056.0,354334781,1282
2026-09-13 11:00:00,3056.0,3056.0,3056.0,3056.0,77897795,663
2026-09-13 12:00:00,3056.0,3056.0,3056.0,3056.0,117953420,457
2026-09-14 09:00:00,3146.0,3146.0,3092.0,3146.0,368746577,1722
2026-09-14 10:00:00,3146.0,3146.0,3145.0,3146.0,162284947,970
2026-09-14 11:00:00,3146.0,3146.0,3146.0,3146.0,30310386,469
2026-09-14 12:00:00,3146.0,3146.0,3125.0,3128.0,197961054,670
2026-09-15 09:00:00,3144.0,3239.0,3087.0,3239.0,300868603,2001
2026-09-15 10:00:00,3239.0,3239.0,3239.0,3239.0,158073060,784
2026-09-15 11:00:00,3239.0,3239.0,3239.0,3239.0,202427712,707
2026-09-15 12:00:00,3239.0,3239.0,3239.0,3239.0,49990076,235
2026-09-15 13:00:00,3239.0,3239.0,3239.0,3239.0,438075,1
2026-09-16 09:00:00,3319.0,3319.0,3319.0,3319.0,235252518,1285
2026-09-16 10:00:00,3319.0,3319.0,3253.0,3319.0,406959975,2257
2026-09-16 11:00:00,3319.0,3319.0,3305.0,3319.0,259495326,1412
2026-09-16 12:00:00,3319.0,3319.0,3319.0,3319.0,36126460,331
2026-09-19 09:00:00,3410.0,3410.0,3220.0,3300.0,273132491,3277
2026-09-19 10:00:00,3300.0,3310.0,3220.0,3230.0,210695695,2814
2026-09-19 11:00:00,3220.0,3280.0,3220.0,3220.0,149661824,2270
2026-09-19 12:00:00,3220.0,3280.0,3220.0,3280.0,79014553,1241
2026-09-20 09:00:00,3210.0,3250.0,3210.0,3210.0,52521447,1287
2026-09-20 10:00:00,3210.0,3240.0,3210.0,3230.0,120145203,1710
2026-09-20 11:00:00,3220.0,3250.0,3210.0,3240.0,213670505,2478
2026-09-20 12:00:00,3240.0,3280.0,3210.0,3220.0,125511985,1344
2026-09-21 09:00:00,3280.0,3300.0,3200.0,3280.0,221564650,2800
2026-09-21 10:00:00,3290.0,3300.0,3280.0,3290.0,183506407,2116
2026-09-21 11:00:00,3290.0,3300.0,3280.0,3300.0,77200444,1113
2026-09-21 12:00:00,3300.0,3300.0,3300.0,3300.0,17800028,306
2026-09-22 09:00:00,3380.0,3380.0,3210.0,3250.0,212853495,2794
2026-09-22 10:00:00,3240.0,3270.0,3200.0,3220.0,193520950,2458
2026-09-22 11:00:00,3220.0,3220.0,3200.0,3210.0,123603145,1757
2026-09-22 12:00:00,3200.0,3240.0,3200.0,3230.0,67824084,1069
2026-09-23 09:00:00,3350.0,3350.0,3280.0,3350.0,186105511,2229
2026-09-23 10:00:00,3350.0,3350.0,3350.0,3350.0,85068967,1149
2026-09-23 11:00:00,3350.0,3350.0,3350.0,3350.0,54525834,740
2026-09-23 12:00:00,3350.0,3350.0,3350.0,3350.0,43598805,607
2026-09-26 09:00:00,3390.0,3390.0,3250.0,3250.0,166192888,2600
2026-09-26 10:00:00,3260.0,3280.0,3250.0,3250.0,80544291,1528
2026-09-26 11:00:00,3250.0,3310.0,3250.0,3270.0,72117318,1284
2026-09-26 12:00:00,3270.0,3280.0,3250.0,3250.0,59297648,949
2026-09-27 09:00:00,3220.0,3350.0,3220.0,3330.0,136629097,2157
2026-09-27 10:00:00,3320.0,3350.0,3290.0,3340.0,100674496,1537
2026-09-27 11:00:00,3350.0,3350.0,3340.0,3350.0,100117147,1160
2026-09-27 12:00:00,3350.0,3350.0,3350.0,3350.0,22642603,338
2026-09-28 09:00:00,3410.0,3420.0,3380.0,3420.0,160428445,1928
2026-09-28 10:00:00,3420.0,3420.0,3420.0,3420.0,86506571,999
2026-09-28 11:00:00,3420.0,3420.0,3420.0,3420.0,75403682,797
2026-09-28 12:00:00,3420.0,3420.0,3420.0,3420.0,49170832,480
2026-09-29 09:00:00,3520.0,3520.0,3460.0,3520.0,169746137,1940
2026-09-29 10:00:00,3520.0,3520.0,3520.0,3520.0,15783560,432
2026-09-29 11:00:00,3520.0,3520.0,3520.0,3520.0,47901748,605
2026-09-29 12:00:00,3520.0,3520.0,3520.0,3520.0,9748881,255
2026-09-30 09:00:00,3620.0,3620.0,3620.0,3620.0,100634860,1307
2026-09-30 10:00:00,3620.0,3620.0,3620.0,3620.0,48630042,667
2026-09-30 11:00:00,3620.0,3620.0,3620.0,3620.0,50048665,635
2026-09-30 12:00:00,3620.0,3620.0,3620.0,3620.0,17881235,309
