date,open,high,low,adjClose,value,volume,count,yesterday,close,jdate
3/11/2007,1900,1938,1900,1900,8.89437E+11,468077431,7736,1900,1900,1385-12-20
3/12/2007,1938,1938,1938,1938,1.93879E+11,100041000,9214,1900,1938,1385-12-21
3/13/2007,1976,1976,1915,1973,2.49242E+11,126270939,5862,1938,1973,1385-12-22
3/14/2007,1934,1966,1934,1934,51666379451,26705128,1901,1973,1934,1385-12-23
3/17/2007,1896,1927,1896,1898,28239006789,14877283,1514,1934,1898,1385-12-26
3/19/2007,1872,1909,1861,1885,23432044982,12428574,1402,1898,1885,1385-12-28
3/25/2007,1881,1922,1880,1894,7938296594,4151051,480,1885,1894,1386-01-05
3/26/2007,1927,1931,1898,1900,5010080922,2604320,397,1894,1900,1386-01-06
3/27/2007,1909,1935,1902,1904,3349931251,1737471,231,1900,1904,1386-01-07
3/28/2007,1925,1930,1906,1906,2819018765,1466522,221,1904,1906,1386-01-08
3/31/2007,1904,1920,1873,1905,1544256723,818231,209,1906,1905,1386-01-11
4/3/2007,1900,1900,1867,1900,5089821352,2705358,313,1905,1900,1386-01-14
4/4/2007,1887,1896,1862,1896,3083948625,1649990,220,1900,1896,1386-01-15
4/7/2007,1886,1888,1859,1881,9390429030,5050280,473,1896,1881,1386-01-18
4/8/2007,1854,1900,1849,1879,5626657331,3002511,433,1881,1879,1386-01-19
4/9/2007,1889,1913,1874,1879,1307934968,692951,165,1879,1879,1386-01-20
4/10/2007,1907,1917,1862,1883,2477218529,1315311,310,1879,1883,1386-01-21
4/11/2007,1876,1880,1851,1880,3292833272,1767488,413,1883,1880,1386-01-22
4/14/2007,1864,1875,1843,1875,3648614835,1975101,463,1880,1875,1386-01-25
4/15/2007,1848,1867,1838,1867,5293662864,2879638,600,1875,1867,1386-01-26
4/16/2007,1838,1862,1831,1862,3473179839,1890750,457,1867,1862,1386-01-27
4/17/2007,1848,1880,1826,1861,2532449179,1368173,344,1862,1861,1386-01-28
4/18/2007,1876,1898,1853,1867,5705405876,3024167,500,1861,1867,1386-01-29
4/21/2007,1903,1904,1883,1883,10421277946,5473667,691,1867,1883,1386-02-01
4/22/2007,1920,1920,1888,1888,3405672640,1773788,360,1883,1888,1386-02-02
4/23/2007,1925,1925,1880,1889,1569866424,826566,237,1888,1889,1386-02-03
4/24/2007,1900,1912,950,1890,3.64124E+12,3831874711,264,1889,1890,1386-02-04
4/25/2007,1900,1903,1854,1890,3392879779,1796465,426,1890,1890,1386-02-05
4/28/2007,1890,1890,1853,1884,4038766394,2176594,467,1890,1884,1386-02-08
4/29/2007,1847,1873,1847,1873,6713269926,3633565,750,1884,1873,1386-02-09
4/30/2007,1857,1910,1853,1884,10593596444,5581299,838,1873,1884,1386-02-10
5/1/2007,1895,1900,1864,1884,2613975235,1387680,207,1884,1884,1386-02-11
5/2/2007,1889,1890,1848,1881,2830592959,1524106,354,1884,1881,1386-02-12
5/5/2007,1854,1874,1844,1874,4653287427,2523017,479,1881,1874,1386-02-15
5/6/2007,1837,1863,1837,1863,6994053939,3807216,626,1874,1863,1386-02-16
5/7/2007,1835,1855,1826,1855,5157963190,2824699,483,1863,1855,1386-02-17
5/8/2007,1820,1851,1818,1851,5933952440,3256904,394,1855,1851,1386-02-18
5/9/2007,1828,1850,1816,1847,5525634547,3031843,403,1851,1847,1386-02-19
5/12/2007,1837,1870,1823,1848,2489582384,1340525,303,1847,1848,1386-02-22
5/13/2007,1860,1884,1846,1857,6803190106,3617528,665,1848,1857,1386-02-23
5/14/2007,1891,1894,1857,1858,2843868527,1521600,322,1857,1858,1386-02-24
5/15/2007,1870,1870,1854,1858,1343546511,722100,194,1858,1858,1386-02-25
5/16/2007,1860,1870,1857,1859,2368141606,1270938,266,1858,1859,1386-02-26
5/19/2007,1857,1858,1830,1857,2145560723,1165541,257,1859,1857,1386-02-29
5/20/2007,1835,1855,1830,1855,2066324045,1125563,260,1857,1855,1386-02-30
5/21/2007,1840,1854,1830,1854,1869165969,1015994,273,1855,1854,1386-02-31
5/22/2007,1848,1853,1831,1853,1587771846,862753,189,1854,1853,1386-03-01
5/23/2007,1848,1852,1818,1852,1017647066,555716,123,1853,1852,1386-03-02
5/26/2007,1835,1850,1816,1850,1819739565,995859,258,1852,1850,1386-03-05
5/27/2007,1829,1848,1813,1848,1232478002,677604,175,1850,1848,1386-03-06
5/28/2007,1818,1845,1817,1845,4885670697,2681100,312,1848,1845,1386-03-07
5/29/2007,1830,1844,1820,1844,3436495236,1881316,182,1845,1844,1386-03-08
5/30/2007,1835,1845,1834,1844,1498893842,814969,204,1844,1844,1386-03-09
6/2/2007,1844,1880,1843,1852,5903314799,3142342,628,1844,1852,1386-03-12
6/3/2007,1889,1889,1862,1862,6644893791,3517679,457,1852,1862,1386-03-13
6/6/2007,1899,1899,1867,1867,3200694642,1686185,384,1862,1867,1386-03-16
6/9/2007,1894,1904,1866,1870,3475993043,1842850,285,1867,1870,1386-03-19
6/10/2007,1906,1907,1871,1871,752248837,394471,99,1870,1871,1386-03-20
6/11/2007,1908,1908,950,1873,8.93785E+11,940111218,178,1871,1873,1386-03-21
6/12/2007,1910,1910,1873,1873,216131410,113158,39,1873,1873,1386-03-22
6/13/2007,1910,1910,1910,1910,25017527620,13098182,1510,1873,1910,1386-03-23
6/16/2007,1948,1948,1948,1948,29286925488,15034356,1898,1910,1948,1386-03-26
6/17/2007,1986,1986,1986,1986,31093916244,15656554,2085,1948,1986,1386-03-27
6/19/2007,2025,2025,1956,2005,23809248413,11863183,2574,1986,2005,1386-03-29
6/20/2007,1986,1991,1966,1991,11205015358,5676578,1103,2005,1991,1386-03-30
6/23/2007,2000,2030,1995,2028,20160850793,9940077,1623,1991,2028,1386-04-02
6/24/2007,2030,2068,2026,2056,16194664330,7875528,1583,2028,2056,1386-04-03
6/25/2007,2065,2097,2062,2096,22867336715,10909057,1818,2056,2096,1386-04-04
6/26/2007,2137,2137,2065,2093,20129780241,9614186,1892,2096,2093,1386-04-05
6/27/2007,2070,2070,2052,2061,10145410287,4943752,883,2093,2061,1386-04-06
6/30/2007,2100,2102,2085,2101,22200446843,10566520,2214,2061,2101,1386-04-09
7/1/2007,2129,2143,2122,2142,24596470666,11482272,1778,2101,2142,1386-04-10
7/2/2007,2179,2184,2170,2183,32493053036,14878790,2494,2142,2183,1386-04-11
7/3/2007,2219,2223,1450,2200,9.8107E+11,571322642,1214,2183,2200,1386-04-12
7/4/2007,2189,2233,2171,2200,16814821740,7638788,1526,2200,2200,1386-04-13
7/7/2007,2239,2242,2210,2221,10056265516,4510681,991,2200,2221,1386-04-16
7/8/2007,2258,2265,2240,2260,15160636801,6707990,1311,2221,2260,1386-04-17
7/9/2007,2294,2305,2290,2303,23374166886,10145458,1090,2260,2303,1386-04-18
7/10/2007,2340,2349,2320,2348,44882797405,19111410,814,2303,2348,1386-04-19
7/11/2007,2394,2394,2394,2394,32801833890,13701685,701,2348,2394,1386-04-20
7/14/2007,2441,2441,2394,2435,1.01037E+11,41484855,2611,2394,2435,1386-04-23
7/15/2007,2387,2428,2387,2428,2249683461,942473,121,2435,2428,1386-04-24
7/16/2007,2380,2400,2380,2380,55551799076,23338850,1586,2428,2380,1386-04-25
7/17/2007,2381,2419,2358,2384,41409372184,17354847,1497,2380,2384,1386-04-26
7/25/2007,2333,2479,2254,2388,73538904099,30786113,2496,2384,2388,1386-05-03
7/29/2007,2435,2435,2435,2435,15492784900,6362540,612,2388,2435,1386-05-07
7/30/2007,2483,2483,2483,2483,15681545412,6315564,1091,2435,2483,1386-05-08
7/31/2007,2532,2532,2532,2532,21752452512,8591016,1567,2483,2532,1386-05-09
8/1/2007,2582,2582,2582,2582,44144709618,17097099,2606,2532,2582,1386-05-10
8/4/2007,2633,2633,2587,2632,1.21824E+11,46268455,4074,2582,2632,1386-05-13
8/5/2007,2650,2684,2645,2678,53325588071,19910250,3487,2632,2678,1386-05-14
8/6/2007,2731,2731,2729,2729,16522440740,6049960,575,2678,2729,1386-05-15
8/7/2007,2783,2783,2732,2732,834899490,300000,61,2729,2732,1386-05-16
8/8/2007,2786,2786,2734,2734,565039284,202814,47,2732,2734,1386-05-17
8/12/2007,2788,2788,2740,2740,2103194232,754374,257,2734,2740,1386-05-21
8/13/2007,2794,2794,2769,2769,9454918102,3384008,758,2740,2769,1386-05-22
8/14/2007,2824,2824,2773,2773,1229442010,435355,100,2769,2773,1386-05-23
8/15/2007,2828,2828,2779,2779,1851516562,654709,280,2773,2779,1386-05-24
8/18/2007,2834,2834,2783,2831,84277058183,29760995,2983,2779,2831,1386-05-27
8/19/2007,2887,2887,2849,2849,5885518656,2038628,455,2831,2849,1386-05-28
8/20/2007,2905,2905,2863,2863,4439879570,1528358,605,2849,2863,1386-05-29
8/21/2007,2920,2920,2874,2874,3514710100,1203668,303,2863,2874,1386-05-30
8/22/2007,2931,2931,2877,2877,1081350876,368936,155,2874,2877,1386-05-31
8/25/2007,2934,2934,2882,2882,1508465702,514133,182,2877,2882,1386-06-03
8/26/2007,2939,2939,2908,2908,8616036748,2931622,581,2882,2908,1386-06-04
8/27/2007,2966,2966,2917,2917,2810592974,947604,251,2908,2917,1386-06-05
8/28/2007,2975,2975,2949,2949,10388033340,3491776,661,2917,2949,1386-06-06
9/1/2007,3007,3007,2968,2968,6387814815,2124315,445,2949,2968,1386-06-10
9/2/2007,3027,3027,2969,2969,416063597,137451,35,2968,2969,1386-06-11
9/3/2007,3028,3028,2973,2973,1215399286,401387,106,2969,2973,1386-06-12
9/4/2007,3032,3032,2975,2975,494736934,163172,57,2973,2975,1386-06-13
9/5/2007,3034,3034,2983,2983,2647501264,872611,373,2975,2983,1386-06-14
9/8/2007,3042,3042,2984,2984,315132368,103594,32,2983,2984,1386-06-17
9/9/2007,3043,3043,2987,2987,902544111,296597,86,2984,2987,1386-06-18
9/10/2007,3046,3046,2991,2991,1251408952,410837,246,2987,2991,1386-06-19
9/11/2007,3050,3050,2992,2992,315890970,103571,98,2991,2992,1386-06-20
9/12/2007,3051,3051,2994,2994,526989507,172727,85,2992,2994,1386-06-21
9/15/2007,3053,3053,2998,2998,1387682593,454531,146,2994,2998,1386-06-24
9/16/2007,3057,3057,3003,3003,1733260377,566981,234,2998,3003,1386-06-25
9/17/2007,3063,3063,3063,3063,45361556697,14809519,2349,3003,3063,1386-06-26
9/18/2007,3124,3124,3112,3112,15865096424,5078456,1045,3063,3112,1386-06-27
9/19/2007,3174,3174,3113,3113,170855810,53830,24,3112,3113,1386-06-28
9/22/2007,3175,3175,3115,3115,792282550,249538,89,3113,3115,1386-06-31
9/23/2007,3177,3177,3123,3123,2541631230,800010,238,3115,3123,1386-07-01
9/24/2007,3185,3185,3128,3128,1592531280,500010,201,3123,3128,1386-07-02
9/30/2007,3190,3190,3128,3128,24769730,7765,4,3128,3128,1386-07-08
10/1/2007,3190,3190,3128,3128,42493370,13321,13,3128,3128,1386-07-09
10/2/2007,3190,3190,3129,3129,171021670,53612,37,3128,3129,1386-07-10
10/6/2007,3191,3191,3134,3134,1566904879,491039,178,3129,3134,1386-07-14
10/7/2007,3196,3196,3136,3136,723752776,226456,117,3134,3136,1386-07-15
10/8/2007,3198,3198,3137,3137,302987504,94743,46,3136,3137,1386-07-16
10/9/2007,3199,3199,2388,3138,3.25054E+11,136089385,41,3137,3138,1386-07-17
10/10/2007,3200,3200,3142,3142,1441631420,450510,173,3138,3142,1386-07-18
10/14/2007,3204,3204,3182,3182,13098265772,4088098,1127,3142,3182,1386-07-22
10/15/2007,3245,3245,3223,3223,13216888025,4073001,1188,3182,3223,1386-07-23
10/16/2007,3287,3287,3224,3224,193478764,58862,54,3223,3224,1386-07-24
10/17/2007,3288,3288,3288,3288,32952723984,10022118,3082,3224,3288,1386-07-25
10/20/2007,3353,3353,3353,3353,34051736859,10155603,2916,3288,3353,1386-07-28
10/21/2007,3420,3420,3420,3420,69337422000,20274100,4553,3353,3420,1386-07-29
10/22/2007,3488,3488,3488,3488,96779446688,27746401,4953,3420,3488,1386-07-30
10/23/2007,3557,3557,3557,3557,68603606453,19286929,3863,3488,3557,1386-08-01
11/3/2007,4149,4150,3820,3946,2.06146E+11,52229357,5208,3557,3946,1386-08-12
11/4/2007,3868,3970,3868,3882,45016810108,11595337,1163,3946,3882,1386-08-13
11/5/2007,3805,3881,3805,3881,244841095,64347,13,3882,3881,1386-08-14
11/11/2007,3804,3876,3804,3876,1536189060,403835,37,3881,3876,1386-08-20
11/12/2007,3799,3799,3799,3799,34661582130,9123870,568,3876,3799,1386-08-21
11/13/2007,3728,3794,3724,3731,86535252579,23189941,2013,3799,3731,1386-08-22
11/14/2007,3657,3657,3657,3657,23410691427,6401611,266,3731,3657,1386-08-23
11/17/2007,3584,3634,3584,3634,7074174964,1973821,110,3657,3634,1386-08-26
11/18/2007,3562,3593,3562,3593,12888940582,3618456,143,3634,3593,1386-08-27
11/19/2007,3522,3522,3522,3522,23365099446,6634043,196,3593,3522,1386-08-28
11/20/2007,3452,3500,3452,3452,2.34562E+11,67946383,4722,3522,3452,1386-08-29
11/21/2007,3430,3510,3385,3465,69346194088,20011097,2333,3452,3465,1386-08-30
11/24/2007,3473,3501,3396,3407,21692544948,6366536,660,3465,3407,1386-09-03
11/25/2007,3339,3396,3339,3396,3289907253,985297,148,3407,3396,1386-09-04
11/26/2007,3329,3329,3329,3329,20943338220,6291180,242,3396,3329,1386-09-05
11/27/2007,3263,3323,3263,3323,1823208376,558752,78,3329,3323,1386-09-06
11/28/2007,3257,3279,3257,3279,13590826105,4172805,185,3323,3279,1386-09-07
12/1/2007,3214,3260,3214,3260,5938508260,1847700,108,3279,3260,1386-09-10
12/2/2007,3195,3260,3195,3260,145047260,45398,26,3260,3260,1386-09-11
12/3/2007,3195,3257,3195,3257,859219190,268926,46,3260,3257,1386-09-12
12/4/2007,3192,3256,3192,3256,387228544,121312,28,3257,3256,1386-09-13
12/5/2007,3191,3321,3191,3207,1.90594E+11,59414283,4076,3256,3207,1386-09-14
12/8/2007,3210,3260,3166,3207,33213168190,10352089,1088,3207,3207,1386-09-17
12/9/2007,3230,3271,3210,3233,11852522097,3643781,386,3207,3233,1386-09-18
12/10/2007,3297,3297,3248,3248,4873786463,1478249,175,3233,3248,1386-09-19
12/11/2007,3312,3312,3213,3297,70643721718,21450406,1762,3248,3297,1386-09-20
12/12/2007,3290,3297,3232,3235,25977439448,8018532,618,3297,3235,1386-09-21
12/15/2007,3258,3299,3237,3283,20144389766,6133987,525,3235,3283,1386-09-24
12/16/2007,3276,3283,3218,3275,3186269110,985383,100,3283,3275,1386-09-25
12/17/2007,3210,3275,3210,3275,86808680,27043,19,3275,3275,1386-09-26
12/18/2007,3210,3274,3210,3274,161200420,50218,20,3275,3274,1386-09-27
12/19/2007,3209,3274,3209,3274,94682195,29505,21,3274,3274,1386-09-28
12/22/2007,3209,3274,3209,3274,66199111,20629,11,3274,3274,1386-10-01
12/23/2007,3209,3274,3209,3274,27742455,8645,7,3274,3274,1386-10-02
12/24/2007,3209,3274,3209,3274,68150183,21237,13,3274,3274,1386-10-03
12/25/2007,3209,3273,3209,3273,206063366,64214,16,3274,3273,1386-10-04
12/26/2007,3208,3273,3208,3273,38089234,11873,12,3273,3273,1386-10-05
12/30/2007,3208,3272,3208,3272,342515592,106769,13,3273,3272,1386-10-09
12/31/2007,3207,3207,3207,3207,54849321,17103,11,3272,3207,1386-10-10
1/1/2008,3143,3205,3143,3159,56342263731,17834519,1580,3207,3159,1386-10-11
1/2/2008,3189,3222,3163,3182,8373991750,2604903,296,3159,3182,1386-10-12
1/5/2008,3245,3245,3217,3217,11502564200,3544704,184,3182,3217,1386-10-15
1/6/2008,3240,3243,3160,3219,18925936397,5879043,797,3217,3219,1386-10-16
1/8/2008,3190,3272,3184,3227,9746560701,3011602,444,3219,3227,1386-10-18
1/9/2008,3291,3291,3290,3290,23348231725,7094585,357,3227,3290,1386-10-19
1/12/2008,3345,3355,3302,3354,33831056967,10086053,722,3290,3354,1386-10-22
1/13/2008,3421,3421,3399,3399,14444624920,4222340,334,3354,3399,1386-10-23
1/14/2008,3466,3466,3401,3401,574942896,165881,36,3399,3401,1386-10-24
1/15/2008,3469,3469,3402,3402,243367025,70155,48,3401,3402,1386-10-25
1/16/2008,3470,3470,3470,3470,56137264420,16177886,1206,3402,3470,1386-10-26
1/29/2008,3400,3496,3331,3388,64221862000,18953509,1952,3470,3388,1386-11-09
1/30/2008,3388,3455,3331,3419,34325904174,10039542,1253,3388,3419,1386-11-10
2/2/2008,3487,3487,3420,3484,25078076153,7196993,657,3419,3484,1386-11-13
2/3/2008,3415,3415,3414,3414,23025903860,6742578,285,3484,3414,1386-11-14
2/4/2008,3396,3482,3346,3386,26931918832,7953856,794,3414,3386,1386-11-15
2/5/2008,3380,3420,3319,3360,12111946431,3625941,531,3386,3360,1386-11-16
2/6/2008,3419,3419,3293,3345,7514001918,2264332,308,3360,3345,1386-11-17
2/9/2008,3279,3300,3279,3300,14218169116,4335975,304,3345,3300,1386-11-20
2/10/2008,3234,3270,3234,3235,30722630160,9496801,753,3300,3235,1386-11-21
2/12/2008,3266,3268,3171,3203,13824764411,4342051,455,3235,3203,1386-11-23
2/13/2008,3230,3267,3202,3262,21369820970,6550495,697,3203,3262,1386-11-24
2/16/2008,3327,3327,3230,3316,37734069042,11377498,885,3262,3316,1386-11-27
2/17/2008,3270,3295,3250,3251,23979556327,7375763,506,3316,3251,1386-11-28
2/18/2008,3252,3260,3186,3230,14357996775,4456566,459,3251,3230,1386-11-29
2/19/2008,3240,3260,3173,3223,5879344280,1833134,353,3230,3223,1386-11-30
2/20/2008,3250,3250,3159,3200,9388606200,2958556,459,3223,3200,1386-12-01
2/23/2008,3240,3250,3169,3205,11082399016,3453290,465,3200,3205,1386-12-04
2/24/2008,3256,3269,3172,3226,14477972771,4474937,571,3205,3226,1386-12-05
2/25/2008,3278,3290,3260,3260,11797329521,3590181,328,3226,3260,1386-12-06
2/26/2008,3300,3321,3210,3275,16879349612,5147494,515,3260,3275,1386-12-07
2/27/2008,3217,3270,3210,3230,14671607655,4565319,322,3275,3230,1386-12-08
3/1/2008,3210,3210,3166,3201,9391662203,2964381,394,3230,3201,1386-12-11
3/2/2008,3144,3177,3137,3177,7793790576,2481991,287,3201,3177,1386-12-12
3/3/2008,3120,3240,3120,3195,7395524833,2291031,282,3177,3195,1386-12-13
3/4/2008,3227,3229,3149,3193,5149867629,1615229,189,3195,3193,1386-12-14
3/5/2008,3199,3256,3182,3246,21189095915,6526657,431,3193,3246,1386-12-15
3/9/2008,3260,3260,3201,3243,4038283824,1250563,209,3246,3243,1386-12-19
3/10/2008,3211,3250,3200,3233,54754351288,16893228,427,3243,3233,1386-12-20
3/11/2008,3197,3233,3170,3216,41352313412,12822170,317,3233,3216,1386-12-21
3/12/2008,3200,3217,3190,3210,56305023296,17516628,291,3216,3210,1386-12-22
3/15/2008,3200,3210,3180,3202,2.38655E+11,74366965,345,3210,3202,1386-12-25
3/16/2008,3200,3210,3165,3197,10342433049,3239976,269,3202,3197,1386-12-26
3/17/2008,3199,3212,3182,3197,7845285377,2452700,302,3197,3197,1386-12-27
3/18/2008,3200,3257,3168,3198,7690921574,2403116,329,3197,3198,1386-12-28
3/24/2008,3198,3199,3160,3197,804269977,253387,68,3198,3197,1387-01-05
3/26/2008,3179,3197,3137,3192,2477201734,784073,128,3197,3192,1387-01-07
3/29/2008,3170,3191,3151,3191,931390021,293925,62,3192,3191,1387-01-10
3/30/2008,3173,3200,3158,3186,4219431335,1331628,201,3191,3186,1387-01-11
4/2/2008,3186,3249,3186,3198,9121025201,2808164,149,3186,3198,1387-01-14
4/5/2008,3261,3261,3204,3204,1963991032,602282,81,3198,3204,1387-01-17
4/6/2008,3268,3900,3235,3235,3.09107E+12,793080010,341,3204,3235,1387-01-18
4/7/2008,3299,3299,3246,3246,3515898823,1065747,199,3235,3246,1387-01-19
4/8/2008,3310,3900,3290,3290,3.0954E+12,794351877,570,3246,3290,1387-01-20
4/9/2008,3355,3900,3271,3346,3.15911E+12,813342697,1717,3290,3346,1387-01-21
4/12/2008,3297,3297,3280,3291,17316658733,5278603,389,3346,3291,1387-01-24
4/13/2008,3249,3275,3226,3275,5142224537,1593180,223,3291,3275,1387-01-25
4/14/2008,3210,3327,3210,3270,6195124821,1901010,350,3275,3270,1387-01-26
4/15/2008,3300,3335,3280,3305,12729273960,3824045,318,3270,3305,1387-01-27
4/16/2008,3360,4018,3310,3310,3.17805E+12,791147440,233,3305,3310,1387-01-28
4/19/2008,3310,3369,3300,3321,9902966408,2959373,290,3310,3321,1387-01-31
4/20/2008,3350,3352,3255,3315,10992944652,3312603,369,3321,3315,1387-02-01
4/21/2008,3261,3311,3252,3309,2666816132,815990,144,3315,3309,1387-02-02
4/22/2008,3268,3302,3246,3302,3769061481,1151419,199,3309,3302,1387-02-03
4/23/2008,3272,3329,3271,3299,4321974235,1314209,217,3302,3299,1387-02-04
4/26/2008,3318,3319,3260,3295,3262670630,995760,186,3299,3295,1387-02-07
4/27/2008,3270,3286,3247,3286,5195886633,1593493,263,3295,3286,1387-02-08
4/28/2008,3260,3351,3221,3300,21226122882,6431403,593,3286,3300,1387-02-09
4/29/2008,3359,3366,3300,3321,29291415153,8835772,298,3300,3321,1387-02-10
4/30/2008,3332,3370,3281,3321,31440502276,9486806,635,3321,3321,1387-02-11
5/3/2008,3299,3299,3255,3283,11846990993,3639167,288,3321,3283,1387-02-14
5/4/2008,3222,3275,3219,3275,2922412739,904584,205,3283,3275,1387-02-15
5/5/2008,3228,3289,3227,3275,1288587827,393833,105,3275,3275,1387-02-16
5/6/2008,3299,3340,3280,3281,3354924633,1012875,152,3275,3281,1387-02-17
5/7/2008,3324,3324,3285,3286,4126210458,1248203,217,3281,3286,1387-02-18
5/10/2008,3310,3329,3291,3293,9155286523,2771880,312,3286,3293,1387-02-21
5/11/2008,3318,3370,3289,3317,28124027318,8481101,615,3293,3317,1387-02-22
5/12/2008,3416,3416,3368,3368,11778670068,3452581,437,3317,3368,1387-02-23
5/13/2008,3469,3469,3386,3386,3926810038,1131972,112,3368,3386,1387-02-24
5/14/2008,3487,3487,3420,3420,7329537337,2101961,239,3386,3420,1387-02-25
5/17/2008,3522,3522,3469,3469,10790826340,3063835,316,3420,3469,1387-02-28
5/18/2008,3573,3573,3514,3514,9824027224,2749518,292,3469,3514,1387-02-29
5/19/2008,3510,3589,3490,3530,40954054452,11598838,1338,3514,3530,1387-02-30
5/20/2008,3574,3635,3197,3553,72748793754,22545629,777,3530,3553,1387-02-31
5/25/2008,3755,3800,3650,3745,44644943191,11919131,1294,3553,3745,1387-03-05
5/26/2008,3846,3857,3197,3855,56699300506,15674277,779,3745,3855,1387-03-06
5/27/2008,3970,3970,3891,3966,87893523973,22158272,1747,3855,3966,1387-03-07
5/28/2008,4020,4084,4000,4079,51959092358,12735139,861,3966,4079,1387-03-08
5/31/2008,4201,4201,4110,4200,1.11932E+11,26644580,1768,4079,4200,1387-03-11
6/1/2008,4216,4216,4074,4168,8134035249,1984729,345,4200,4168,1387-03-12
6/2/2008,4043,4197,4043,4080,36715909118,8997842,1212,4168,4080,1387-03-13
6/8/2008,4190,4200,4134,4134,15947188733,3823992,618,4080,4134,1387-03-19
6/9/2008,4258,4258,4235,4235,21900950384,5143483,395,4134,4235,1387-03-20
6/10/2008,4362,4362,4271,4271,7881858284,1806937,249,4235,4271,1387-03-21
6/11/2008,4399,4399,4294,4294,5058892940,1150010,197,4271,4294,1387-03-22
6/14/2008,4422,4422,4317,4317,4928835324,1114617,181,4294,4317,1387-03-25
6/15/2008,4446,4446,4341,4341,5335243410,1200010,210,4317,4341,1387-03-26
6/16/2008,4471,4471,4449,4449,23472794490,5250010,1041,4341,4449,1387-03-27
6/17/2008,4582,4582,4560,4560,24240795860,5290440,1087,4449,4560,1387-03-28
6/18/2008,4696,4696,3197,4696,2.16011E+11,46248116,3834,4560,4696,1387-03-29
6/21/2008,4836,4836,4836,4836,54443204400,11257900,1360,4696,4836,1387-04-01
6/22/2008,4981,4981,3197,4981,4.41943E+11,95807319,5395,4836,4981,1387-04-02
7/5/2008,5680,6049,4482,5894,1.03734E+12,216134721,4944,4981,5894,1387-04-15
7/6/2008,6070,6070,6000,6067,1.42596E+11,23503417,2089,5894,6067,1387-04-16
7/7/2008,6249,6249,5885,6122,2.32232E+11,37929471,3413,6067,6122,1387-04-17
7/8/2008,5939,6095,5939,6095,5445031174,916826,142,6122,6095,1387-04-18
7/9/2008,5913,6091,3197,6091,60229426659,18731695,541,6095,6091,1387-04-19
7/12/2008,5909,6091,5909,6091,22261023,3767,10,6091,6091,1387-04-22
7/13/2008,5909,6088,5909,6088,569446211,96369,53,6091,6088,1387-04-23
7/14/2008,5906,6083,5906,6083,938116716,158841,66,6088,6083,1387-04-24
7/15/2008,5901,5901,5901,5901,2.52078E+11,42717766,2677,6083,5901,1387-04-25
7/19/2008,5969,5990,5724,5819,1.46583E+11,25187039,2944,5901,5819,1387-04-29
7/20/2008,5820,5830,5645,5704,29044689088,5115982,509,5819,5704,1387-04-30
7/21/2008,5533,5701,5533,5701,619199710,111910,48,5704,5701,1387-04-31
7/22/2008,5530,5695,5530,5695,1143351270,206754,44,5701,5695,1387-05-01
7/23/2008,5525,5611,5525,5611,17336240885,3137781,186,5695,5611,1387-05-02
7/26/2008,5443,5602,5443,5602,1884721985,346265,41,5611,5602,1387-05-05
8/2/2008,5434,5602,5434,5602,55656708,10242,8,5602,5602,1387-05-12
8/3/2008,5434,5602,5434,5602,37159372,6838,19,5602,5602,1387-05-13
8/4/2008,5434,5602,5434,5602,8370040,1540,8,5602,5602,1387-05-14
8/5/2008,5434,5602,5434,5602,32768700,6030,5,5602,5602,1387-05-15
8/6/2008,5434,5602,5434,5602,659194,121,3,5602,5602,1387-05-16
8/9/2008,5434,5602,5434,5602,37550620,6910,6,5602,5602,1387-05-19
8/10/2008,5434,5597,5434,5597,1021093702,187908,22,5602,5597,1387-05-20
8/11/2008,5430,5597,5430,5597,60263810,11098,11,5597,5597,1387-05-21
8/12/2008,5430,5597,5430,5597,10030880,1847,3,5597,5597,1387-05-22
8/13/2008,5430,5430,5430,5430,6896100,1270,2,5597,5430,1387-05-23
8/16/2008,5268,5268,3197,5268,1.63715E+11,51175707,620,5430,5268,1387-05-26
8/18/2008,5110,5110,5110,5110,16489970,3227,4,5268,5110,1387-05-28
8/19/2008,4957,4957,4957,4957,45703540,9220,3,5110,4957,1387-05-29
8/20/2008,4809,4809,4809,4809,66162222,13758,5,4957,4809,1387-05-30
8/23/2008,4665,4808,4665,4808,139181705,29835,22,4809,4808,1387-06-02
8/24/2008,4664,4664,4664,4664,16958304,3636,4,4808,4664,1387-06-03
8/25/2008,4525,4525,4525,4525,284504850,62874,12,4664,4525,1387-06-04
8/26/2008,4390,4390,4390,4390,54168306580,12339022,396,4525,4390,1387-06-05
8/27/2008,4259,4307,4259,4307,17055617434,4004606,118,4390,4307,1387-06-06
8/30/2008,4178,4286,4178,4286,4255331682,1018509,61,4307,4286,1387-06-09
8/31/2008,4158,4286,3197,4286,48295194541,15099302,259,4286,4286,1387-06-10
9/1/2008,4158,4244,4158,4244,8599642988,2068216,70,4286,4244,1387-06-11
9/2/2008,4117,4117,4117,4117,34551568438,8392414,325,4244,4117,1387-06-12
9/3/2008,4050,4100,3994,4014,1.31707E+11,32810518,3206,4117,4014,1387-06-13
9/6/2008,4050,4050,3894,3918,28131887545,7179745,646,4014,3918,1387-06-16
9/7/2008,3801,3801,3801,3801,72163079688,18985288,901,3918,3801,1387-06-17
9/8/2008,3701,3730,3687,3689,28276934120,7663666,537,3801,3689,1387-06-18
9/13/2008,3197,3689,3197,3689,13446772346,4206058,108,3689,3689,1387-06-23
10/26/2008,2200,2500,2101,2242,42174254218,18805891,1536,3689,2242,1387-08-05
10/27/2008,2309,2309,2265,2265,5269750213,2283436,282,2242,2265,1387-08-06
10/28/2008,2332,2332,2270,2270,1197087272,513331,70,2265,2270,1387-08-07
10/29/2008,2338,2338,2274,2274,811759974,347203,59,2270,2274,1387-08-08
11/1/2008,2342,2342,2284,2284,2175560506,928933,98,2274,2284,1387-08-11
11/2/2008,2352,2352,2290,2290,1335323860,567740,56,2284,2290,1387-08-12
11/3/2008,2358,2358,2303,2303,2762665262,1171614,127,2290,2303,1387-08-13
11/4/2008,2372,2372,2335,2371,58222565889,24550601,1669,2303,2371,1387-08-14
11/5/2008,2442,2442,2403,2441,19179322420,7856015,672,2371,2441,1387-08-15
11/8/2008,2479,2497,2368,2392,42311029326,17691718,1351,2441,2392,1387-08-18
11/9/2008,2350,2357,2321,2321,35017472448,15080798,941,2392,2321,1387-08-19
11/10/2008,2257,3197,2252,2291,1.01056E+11,32677258,861,2321,2291,1387-08-20
11/11/2008,2260,2301,2230,2281,9293751985,4106443,287,2291,2281,1387-08-21
11/12/2008,2349,2349,2295,2295,3341235818,1424695,105,2281,2295,1387-08-22
11/15/2008,2363,2363,2335,2362,15193600748,6432097,522,2295,2362,1387-08-25
11/16/2008,2420,3197,2392,2405,1.53507E+11,49061554,883,2362,2405,1387-08-26
11/17/2008,2460,2477,2344,2441,23719370613,9742739,799,2405,2441,1387-08-27
11/18/2008,2368,2433,2368,2433,1716417034,724838,78,2441,2433,1387-08-28
11/19/2008,2361,2429,2361,2429,798047012,338012,45,2433,2429,1387-08-29
11/22/2008,2357,2416,2357,2416,2697872287,1144621,67,2429,2416,1387-09-02
11/23/2008,2344,3197,2344,2415,79311762191,24826947,332,2416,2415,1387-09-03
11/24/2008,2343,2414,2343,2414,161470898,68916,21,2415,2414,1387-09-04
11/25/2008,2342,2413,2342,2413,156104378,66654,17,2414,2413,1387-09-05
11/26/2008,2341,2412,2341,2412,295781378,126348,20,2413,2412,1387-09-06
11/29/2008,2340,3197,2340,2411,1.22693E+11,38410161,295,2412,2411,1387-09-09
11/30/2008,2339,2410,2339,2410,233924100,100010,15,2411,2410,1387-09-10
12/1/2008,2338,2409,2338,2409,300845198,128676,13,2410,2409,1387-09-11
12/2/2008,2337,2337,2337,2337,66728361,28553,9,2409,2337,1387-09-12
12/3/2008,2267,2267,2267,2267,53619084,23652,46,2337,2267,1387-09-13
12/6/2008,2199,2199,2199,2199,21932826,9974,4,2267,2199,1387-09-16
12/7/2008,2134,2134,2134,2134,12804000,6000,2,2199,2134,1387-09-17
12/8/2008,2070,2070,2070,2070,101225070,48901,7,2134,2070,1387-09-18
12/10/2008,2008,2008,2008,2008,12728693928,6338991,209,2070,2008,1387-09-20
12/13/2008,1948,2000,1948,1948,45545413681,23379522,1174,2008,1948,1387-09-23
12/14/2008,1901,1940,1890,1891,14057709080,7434850,485,1948,1890,1387-09-24
12/15/2008,1851,1929,1835,1880,5564589662,2980938,253,1891,1879,1387-09-25
12/16/2008,1862,1927,1862,1889,3086551489,1611583,192,1880,1900,1387-09-26
12/20/2008,1907,1945,1907,1901,3473120143,1797719,162,1889,1945,1387-09-30
12/21/2008,1957,1958,1950,1916,3349022816,1710452,146,1901,1958,1387-10-01
12/22/2008,1973,1973,1973,1917,252032993,127741,14,1916,1973,1387-10-02
12/23/2008,1974,1974,1974,1920,561664194,284531,23,1917,1974,1387-10-03
12/24/2008,1977,1977,1977,1927,1550515629,784277,65,1920,1977,1387-10-04
12/27/2008,1984,1984,1940,1981,48017639841,24240389,725,1927,1984,1387-10-07
12/28/2008,2029,2029,1940,1978,1823457641,929314,173,1981,1957,1387-10-08
12/29/2008,1919,1959,1919,1943,8620089852,4468611,303,1978,1919,1387-10-09
12/30/2008,1919,1928,1897,1929,6065420507,3167280,205,1943,1900,1387-10-10
12/31/2008,1915,1980,1892,1914,7050767538,3703804,170,1929,1910,1387-10-11
1/3/2009,1929,1971,1920,1943,7048410617,3585874,264,1914,1971,1387-10-14
1/4/2009,1997,2001,1989,1953,2298669391,1149500,152,1943,1999,1387-10-15
1/5/2009,2011,2011,2000,1960,1708573559,850604,107,1953,2000,1387-10-16
1/10/2009,2010,2018,1954,1966,7627872422,3871454,129,1960,1954,1387-10-21
1/11/2009,1942,1966,1908,1959,3027983197,1561626,110,1966,1921,1387-10-22
1/12/2009,1960,1960,1910,1956,1018692520,530360,85,1959,1921,1387-10-23
1/13/2009,1920,1947,1902,1948,2029288887,1062679,144,1956,1947,1387-10-24
1/14/2009,1929,1980,1924,1950,2711075048,1384200,127,1948,1980,1387-10-25
1/17/2009,1977,1997,1953,1961,3868350987,1947009,100,1950,1954,1387-10-28
1/18/2009,1980,1995,1978,1965,1610759752,810076,82,1961,1992,1387-10-29
1/19/2009,1993,2023,1993,1971,1541413641,763741,64,1965,2023,1387-10-30
1/20/2009,2030,2030,2030,1974,749587650,369255,24,1971,2030,1387-11-01
1/21/2009,2033,2033,2033,1976,520517122,256034,23,1974,2033,1387-11-02
1/24/2009,2035,2035,1971,2030,97594245937,48081745,459,1976,2008,1387-11-05
1/25/2009,2029,2040,1983,2021,4939792470,2462301,178,2030,1990,1387-11-06
1/26/2009,1980,2010,1969,2009,4827553590,2426369,138,2021,1969,1387-11-07
1/27/2009,2007,2068,2000,2015,3190351147,1567840,187,2009,2049,1387-11-08
1/28/2009,2037,2071,2030,2020,1542033814,750261,100,2015,2030,1387-11-09
1/31/2009,2026,2070,2016,2022,8008952346,3959110,104,2020,2037,1387-11-12
2/1/2009,2035,2058,2007,2019,4620334828,2295002,95,2022,2007,1387-11-13
2/2/2009,2001,2001,1985,2013,4004265104,2003361,101,2019,2000,1387-11-14
2/3/2009,2000,2000,1980,2010,1175025575,592113,94,2013,1988,1387-11-15
2/4/2009,1990,1990,1955,2004,2084891837,1056928,134,2010,1955,1387-11-16
2/7/2009,1968,1990,1960,2001,1395825557,706712,102,2004,1961,1387-11-19
2/8/2009,1960,1960,1941,1964,7592513953,3910587,231,2001,1941,1387-11-20
2/9/2009,1908,1927,1906,1959,1045685869,547101,92,1964,1911,1387-11-21
2/11/2009,1917,1918,1905,1956,699613749,366283,56,1959,1914,1387-11-23
2/14/2009,1901,1938,1898,1948,1953550870,1024897,97,1956,1910,1387-11-26
2/15/2009,1900,1900,1890,1944,806299171,426530,41,1948,1890,1387-11-27
2/17/2009,1886,1886,1886,1926,3774651716,2001406,143,1944,1886,1387-11-29
2/18/2009,1869,1869,1869,1921,943596423,504867,65,1926,1869,1387-11-30
2/21/2009,1864,1864,1864,1919,432708960,232140,35,1921,1864,1387-12-03
2/22/2009,1862,1864,1862,1872,9701801770,5210335,226,1919,1862,1387-12-04
2/23/2009,1816,1816,1816,1864,1580379448,870253,63,1872,1816,1387-12-05
2/25/2009,1809,1809,1809,1864,74872701,41389,10,1864,1809,1387-12-07
2/28/2009,1809,1809,1809,1863,179291799,99111,17,1864,1809,1387-12-10
3/1/2009,1808,1808,1808,1858,1129634784,624798,50,1863,1808,1387-12-11
3/2/2009,1803,1803,1803,1856,316823160,175720,22,1858,1803,1387-12-12
3/3/2009,1801,1801,1801,1856,69603247,38647,11,1856,1801,1387-12-13
3/4/2009,1801,1801,1801,1825,6401288897,3554297,123,1856,1801,1387-12-14
3/7/2009,1771,1771,1771,1795,6302238096,3558576,129,1825,1771,1387-12-17
3/8/2009,1742,1750,1742,1764,6546964630,3757233,210,1795,1743,1387-12-18
3/9/2009,1770,1770,1712,1759,1464462336,847381,132,1764,1714,1387-12-19
3/10/2009,1790,1811,1759,1770,2720521432,1506646,133,1759,1790,1387-12-20
3/11/2009,1794,1819,1761,1772,806446253,449321,103,1770,1819,1387-12-21
3/14/2009,1817,1825,1817,1780,1656369412,907624,102,1772,1825,1387-12-24
3/16/2009,1833,1833,1828,1782,409087237,223189,50,1780,1833,1387-12-26
3/17/2009,1835,1835,1835,1787,1021964715,556929,43,1782,1835,1387-12-27
3/18/2009,1794,1800,1732,1754,1774016019,1011596,114,1787,1770,1387-12-28
3/25/2009,1755,1806,1755,1754,430073634,243715,17,1754,1806,1388-01-05
3/28/2009,1806,1806,1806,1755,214068792,118532,20,1754,1806,1388-01-08
3/29/2009,1807,1807,1807,1757,533513136,295248,24,1755,1807,1388-01-09
3/30/2009,1809,1809,1809,1759,511008129,282481,23,1757,1809,1388-01-10
3/31/2009,1811,1811,1800,1769,2237348686,1235850,125,1759,1810,1388-01-11
4/4/2009,1822,1822,1822,1770,311822546,171143,18,1769,1822,1388-01-15
4/5/2009,1823,1823,1823,1771,154289605,84635,12,1770,1823,1388-01-16
4/6/2009,1824,1824,1824,1775,959969376,526299,47,1771,1824,1388-01-17
4/7/2009,1828,1828,1828,1780,1018545148,557191,68,1775,1828,1388-01-18
4/8/2009,1833,1833,1833,1782,484062306,264082,22,1780,1833,1388-01-19
4/11/2009,1835,1835,1835,1782,56319820,30692,7,1782,1835,1388-01-22
4/12/2009,1835,1835,1835,1790,1673688820,912092,44,1782,1835,1388-01-23
4/13/2009,1843,1843,1800,1810,4782894059,2601161,369,1790,1810,1388-01-24
4/14/2009,1802,1830,1770,1809,1173881862,652863,80,1810,1798,1388-01-25
4/15/2009,1801,1811,1780,1808,816215076,455277,74,1809,1781,1388-01-26
4/18/2009,1800,1800,1754,1766,16281050563,9219676,186,1808,1754,1388-01-29
4/19/2009,1790,1818,1775,1791,5693839249,3133968,221,1766,1818,1388-01-30
4/20/2009,1844,1844,1844,1799,1674353844,908001,60,1791,1844,1388-01-31
4/21/2009,1852,1852,1852,1799,89933120,48560,7,1799,1852,1388-02-01
4/22/2009,1852,1852,1806,1810,3080043128,1674153,203,1799,1842,1388-02-02
4/25/2009,1847,1847,1756,1806,2081096696,1163156,145,1810,1800,1388-02-05
4/26/2009,1798,1820,1778,1805,1815162847,1009201,110,1806,1805,1388-02-06
4/27/2009,1800,1801,1779,1803,1460204898,815360,122,1805,1779,1388-02-07
4/28/2009,1799,1803,1760,1799,10641829696,5914954,130,1803,1772,1388-02-08
4/29/2009,1790,1790,1763,1797,1016249615,571927,77,1799,1776,1388-02-09
5/2/2009,1770,1798,1756,1794,1137789303,645319,99,1797,1779,1388-02-12
5/3/2009,1779,1779,1741,1785,2382521788,1358340,147,1794,1760,1388-02-13
5/4/2009,1750,1838,1735,1792,3759836863,2080737,204,1785,1838,1388-02-14
5/5/2009,1845,1845,1845,1797,1081376640,586112,41,1792,1845,1388-02-15
5/6/2009,1850,1850,1850,1797,91486200,49452,11,1797,1850,1388-02-16
5/9/2009,1850,1850,1850,1798,142795950,77187,7,1797,1850,1388-02-19
5/10/2009,1851,1851,1851,1799,250958580,135580,10,1798,1851,1388-02-20
5/11/2009,1852,1852,1852,1822,5017247644,2709097,106,1799,1852,1388-02-21
5/12/2009,1876,1876,1876,1843,4718149380,2515005,97,1822,1876,1388-02-22
5/13/2009,1898,1898,1898,1869,5607333524,2954338,107,1843,1898,1388-02-23
5/16/2009,1940,1940,1801,1907,13454470284,7053500,536,1869,1906,1388-02-26
5/17/2009,1959,1959,1855,1894,9473523262,5012489,211,1907,1900,1388-02-27
5/18/2009,1917,1917,1838,1873,4531965627,2462168,234,1894,1838,1388-02-28
5/19/2009,1871,1929,1871,1882,3746544650,1969515,142,1873,1874,1388-02-29
5/20/2009,1883,1935,1880,1885,2511906357,1324885,172,1882,1896,1388-02-30
5/23/2009,1941,1941,1898,1891,3006809165,1574071,149,1885,1909,1388-03-02
5/24/2009,1930,1940,1880,1884,12607557404,6692340,139,1891,1889,1388-03-03
5/25/2009,1900,1900,1855,1865,20916597366,11212616,107,1884,1874,1388-03-04
5/26/2009,1895,1895,1842,1870,43530139400,23277384,102,1865,1862,1388-03-05
5/27/2009,1868,1924,1841,1875,3416449483,1809850,144,1870,1923,1388-03-06
5/30/2009,1910,1912,1860,1877,6367947727,3388959,181,1875,1880,1388-03-09
5/31/2009,1882,1910,1865,1882,15915460843,8457775,688,1877,1900,1388-03-10
6/1/2009,1928,1938,1890,1903,56817725842,29855571,203,1882,1938,1388-03-11
6/2/2009,1960,1960,1960,1929,5659215800,2887355,121,1903,1960,1388-03-12
6/3/2009,1986,1986,1986,1986,18599932650,9365525,339,1929,1986,1388-03-13
6/6/2009,2045,2045,2009,2045,92080076321,45028304,1321,1986,2045,1388-03-16
6/7/2009,2100,2106,2045,2068,1.1262E+11,54450733,964,2045,2106,1388-03-17
6/8/2009,2120,2130,2100,2108,9405809014,4426340,253,2068,2130,1388-03-18
6/9/2009,2171,2171,2171,2122,3097257150,1426650,63,2108,2171,1388-03-19
6/10/2009,2185,2185,2185,2156,7407611035,3390211,160,2122,2185,1388-03-20
6/13/2009,2169,2220,2100,2187,41974902483,19189087,1312,2156,2142,1388-03-23
6/14/2009,2127,2164,2122,2122,47748793361,22498389,947,2187,2122,1388-03-24
6/23/2009,1699,1750,1661,1695,25832263208,15236944,982,1522,1662,1388-04-02
6/24/2009,1694,1697,1645,1684,3328902588,2004220,223,1695,1645,1388-04-03
6/27/2009,1634,1634,1634,1682,495802986,303429,30,1684,1634,1388-04-06
6/28/2009,1632,1632,1632,1681,230821920,141435,26,1682,1632,1388-04-07
6/29/2009,1631,1631,1631,1680,194413569,119199,24,1681,1631,1388-04-08
6/30/2009,1630,1630,1630,1678,464403300,284910,32,1680,1630,1388-04-09
7/1/2009,1628,1628,1628,1636,8716258276,5353967,155,1678,1628,1388-04-10
7/4/2009,1587,1587,1587,1590,9464982264,5964072,160,1636,1587,1388-04-13
7/5/2009,1543,1613,1543,1556,46188493803,29690819,1590,1590,1610,1388-04-14
7/7/2009,1602,1602,1602,1585,6373568214,3978507,170,1556,1602,1388-04-16
7/11/2009,1603,1617,1550,1573,19597245950,12457812,816,1585,1569,1388-04-20
7/12/2009,1578,1579,1526,1529,13251292615,8668889,476,1573,1526,1388-04-21
7/13/2009,1543,1543,1484,1503,7509328364,5017785,404,1529,1500,1388-04-22
7/14/2009,1505,1539,1473,1497,12222109654,8162902,424,1503,1508,1388-04-23
7/15/2009,1520,1541,1496,1530,10172812354,6649509,396,1497,1541,1388-04-24
7/18/2009,1568,1575,1560,1541,2555857991,1623278,142,1530,1575,1388-04-27
7/19/2009,1587,1587,1587,1560,4183852536,2636328,134,1541,1587,1388-04-28
7/21/2009,1606,1606,1606,1589,6437002176,4008096,236,1560,1606,1388-04-30
7/22/2009,1618,1635,1579,1612,12051498101,7474107,607,1589,1600,1388-04-31
7/25/2009,1610,1612,1595,1609,2760717231,1723433,169,1612,1612,1388-05-03
7/26/2009,1600,1600,1563,1597,3943841757,2497511,285,1609,1570,1388-05-04
7/27/2009,1556,1573,1550,1551,10349016249,6674326,455,1597,1570,1388-05-05
7/28/2009,1550,1579,1506,1542,6416998925,4175226,339,1551,1579,1388-05-06
7/29/2009,1550,1588,1550,1553,2838358839,1794766,124,1542,1588,1388-05-07
8/1/2009,1599,1599,1581,1589,7896336870,4939066,319,1553,1599,1388-05-10
8/2/2009,1636,1636,1636,1617,6086224296,3720186,207,1589,1636,1388-05-11
8/3/2009,1665,1665,1602,1658,26265137746,15842662,878,1617,1602,1388-05-12
8/4/2009,1628,1641,1609,1637,5804662594,3580073,234,1658,1610,1388-05-13
8/5/2009,1623,1686,1623,1670,8278836046,4929741,288,1637,1686,1388-05-14
8/8/2009,1720,1720,1720,1685,3186470280,1852599,100,1670,1720,1388-05-17
8/9/2009,1735,1735,1735,1706,4549117950,2621970,117,1685,1735,1388-05-18
8/10/2009,1757,1757,1757,1757,35037336733,19941569,823,1706,1757,1388-05-19
8/11/2009,1809,1809,1809,1782,5437398132,3005748,161,1757,1809,1388-05-20
8/12/2009,1835,1835,1835,1794,2715649530,1479918,72,1782,1835,1388-05-21
8/15/2009,1847,1847,1847,1821,6016624664,3257512,145,1794,1847,1388-05-24
8/16/2009,1875,1875,1875,1852,6842701875,3649441,153,1821,1875,1388-05-25
8/17/2009,1907,1907,1907,1878,5703520438,2990834,120,1852,1907,1388-05-26
8/18/2009,1934,1934,1878,1932,91116674159,47165484,2469,1878,1934,1388-05-27
8/19/2009,1948,1955,1882,1920,14065236369,7325706,578,1932,1890,1388-05-28
8/22/2009,1970,1977,1950,1958,8675764276,4392924,261,1920,1977,1388-05-31
8/23/2009,2016,2016,2016,1997,8558990496,4245531,207,1958,2016,1388-06-01
8/24/2009,2056,2056,2056,2025,6227809040,3029090,143,1997,2056,1388-06-02
8/25/2009,2085,2085,2085,2061,7928026935,3802411,177,2025,2085,1388-06-03
8/26/2009,2122,2122,2122,2084,5044061904,2377032,119,2061,2122,1388-06-04
8/29/2009,2146,2146,2022,2112,76767805790,36344526,1863,2084,2050,1388-06-07
8/30/2009,2079,2079,2049,2086,5490311434,2677845,224,2112,2049,1388-06-08
8/31/2009,2024,2079,2024,2028,47378104459,23362664,1465,2086,2024,1388-06-09
9/1/2009,2020,2088,2012,2079,38995515967,18753686,1225,2028,2080,1388-06-10
9/2/2009,2090,2118,2051,2082,18952890434,9102570,655,2079,2079,1388-06-11
9/5/2009,2080,2096,2020,2030,23383447992,11516772,776,2082,2020,1388-06-14
9/6/2009,2021,2040,1970,1979,20352269586,10283264,586,2030,1970,1388-06-15
9/7/2009,1923,2030,1920,1965,27039732606,13763683,901,1979,2020,1388-06-16
9/8/2009,2023,2023,2023,2009,9774047626,4831462,215,1965,2023,1388-06-17
9/9/2009,2069,2069,2069,2025,3431254428,1658412,99,2009,2069,1388-06-18
9/13/2009,2085,2085,2085,2058,7154733795,3431527,156,2025,2085,1388-06-22
9/14/2009,2119,2119,2088,2118,89924050040,42457911,2661,2058,2117,1388-06-23
9/19/2009,2119,2120,2061,2107,5080996578,2430677,278,2118,2090,1388-06-28
9/21/2009,2107,2167,2073,2107,11867067969,5632460,554,2107,2083,1388-06-30
9/22/2009,2083,2170,2083,2164,40845965205,18871830,1324,2107,2170,1388-06-31
9/23/2009,2197,2228,2190,2224,28003438054,12593172,772,2164,2228,1388-07-01
9/26/2009,2206,2270,2158,2208,30538486562,13828388,954,2224,2180,1388-07-04
9/27/2009,2189,2189,2142,2147,19312324413,8995792,645,2208,2142,1388-07-05
9/28/2009,2090,2139,2083,2091,13763301562,6581281,528,2147,2083,1388-07-06
9/29/2009,2060,2147,2060,2107,13328998374,6324901,548,2091,2120,1388-07-07
9/30/2009,2100,2148,2050,2080,24752749496,11902124,601,2107,2073,1388-07-08
10/3/2009,2142,2142,2136,2142,27066981494,12636625,558,2080,2142,1388-07-11
10/4/2009,2206,2206,2170,2203,1.00444E+11,45586064,2112,2142,2206,1388-07-12
10/5/2009,2200,2230,2155,2180,31658865890,14525370,947,2203,2155,1388-07-13
10/6/2009,2178,2178,2115,2133,30019228057,14073992,1052,2180,2132,1388-07-14
10/7/2009,2158,2190,2150,2173,16833400473,7746576,739,2133,2170,1388-07-15
10/10/2009,2183,2183,2108,2125,19440498544,9148945,728,2173,2108,1388-07-18
10/11/2009,2099,2099,2062,2089,7693179294,3727005,266,2125,2062,1388-07-19
10/12/2009,2027,2027,2027,2086,643542095,317485,48,2089,2027,1388-07-20
10/13/2009,2024,2062,2024,2026,44089760593,21765356,1265,2086,2030,1388-07-21
10/17/2009,2054,2054,1966,1972,30691933555,15567278,1101,2026,1967,1388-07-25
10/18/2009,1930,2000,1914,1956,11726679308,5998683,560,1972,1951,1388-07-26
10/19/2009,1988,2014,1987,2013,15199994096,7549335,419,1956,2014,1388-07-27
10/20/2009,2073,2073,2039,2072,30375878345,14657331,807,2013,2073,1388-07-28
10/21/2009,2133,2134,2060,2118,27202415378,12841585,838,2072,2069,1388-07-29
10/24/2009,2099,2120,2055,2081,11487910117,5533676,483,2118,2060,1388-08-02
10/25/2009,2070,2070,2020,2032,13466040891,6627898,537,2081,2025,1388-08-03
10/26/2009,2026,2065,2020,2033,6956489941,3420262,383,2032,2020,1388-08-04
10/27/2009,2033,2089,2030,2054,9676987332,4694017,489,2033,2041,1388-08-05
10/28/2009,2060,2082,2026,2051,10906957248,5317873,488,2054,2053,1388-08-06
10/31/2009,2050,2058,1990,2015,13458401622,6678316,568,2051,1990,1388-08-09
11/1/2009,1975,1997,1955,1962,18860057278,9612086,763,2015,1955,1388-08-10
11/2/2009,1950,1955,1904,1906,27446245535,14399772,1009,1962,1904,1388-08-11
11/3/2009,1880,1940,1852,1894,11901551840,6283461,416,1906,1913,1388-08-12
11/4/2009,1949,1950,1920,1948,12232768716,6276848,264,1894,1950,1388-08-13
12/15/2009,1749,1749,1624,1678,33396052298,19901653,1097,1948,1651,1388-09-24
12/16/2009,1635,1690,1620,1630,15193899033,9319561,591,1678,1620,1388-09-25
12/19/2009,1573,1662,1573,1591,14377192209,9035189,524,1630,1648,1388-09-28
12/20/2009,1646,1646,1646,1626,5032284526,3057281,82,1591,1646,1388-09-29
12/21/2009,1682,1682,1670,1682,36298403503,21585734,651,1626,1682,1388-09-30
12/22/2009,1700,1719,1625,1683,11099288266,6595430,610,1682,1660,1388-10-01
12/23/2009,1656,1700,1627,1671,6828359698,4091733,321,1683,1671,1388-10-02
12/28/2009,1681,1681,1613,1636,5359651620,3308041,234,1671,1613,1388-10-07
12/29/2009,1595,1627,1595,1620,3943807887,2457130,211,1636,1627,1388-10-08
12/30/2009,1617,1676,1616,1646,5031383882,3029604,296,1620,1655,1388-10-09
1/2/2010,1690,1703,1690,1703,8225866364,4830598,154,1646,1703,1388-10-12
1/3/2010,1762,1762,1714,1759,38683863389,21987690,819,1703,1720,1388-10-13
1/4/2010,1720,1780,1700,1740,7602860891,4372311,336,1759,1750,1388-10-14
1/5/2010,1751,1800,1751,1799,27007110274,15014701,714,1740,1800,1388-10-15
1/6/2010,1800,1861,1800,1858,33064414087,17792573,743,1799,1861,1388-10-16
1/9/2010,1923,1923,1923,1870,1650639741,858367,43,1858,1923,1388-10-19
1/10/2010,1935,1935,1870,1929,74333968934,38543262,1560,1870,1909,1388-10-20
1/11/2010,1910,1996,1903,1984,46775803412,23574833,1183,1929,1996,1388-10-21
1/12/2010,2007,2038,1929,1966,21342415109,10853296,797,1984,1950,1388-10-22
1/13/2010,1940,1960,1902,1930,11818259748,6121902,481,1966,1931,1388-10-23
1/16/2010,1933,1980,1911,1940,18432910206,9502692,605,1930,1915,1388-10-26
1/17/2010,1969,1969,1900,1924,22368292891,11626510,665,1940,1911,1388-10-27
1/18/2010,1930,1938,1880,1905,8791130270,4615110,477,1924,1880,1388-10-28
1/19/2010,1895,1920,1870,1895,8592457586,4535939,385,1905,1917,1388-10-29
1/20/2010,1919,1935,1900,1909,13879926979,7271525,503,1895,1919,1388-10-30
1/26/2010,1982,2006,1938,1958,35802180394,18286051,1017,1909,1957,1388-11-06
1/27/2010,1940,1949,1920,1934,9194253288,4755187,422,1958,1930,1388-11-07
1/30/2010,1867,1889,1867,1867,39273808145,21030169,893,1934,1867,1388-11-10
1/31/2010,1829,1870,1829,1861,5483931591,2952205,282,1867,1859,1388-11-11
2/1/2010,1841,1926,1839,1883,6114009143,3229445,259,1861,1926,1388-11-12
2/2/2010,1948,1948,1911,1945,22570429851,11602071,588,1883,1916,1388-11-13
2/3/2010,1940,1989,1940,1957,10553926303,5392805,400,1945,1959,1388-11-14
2/6/2010,1926,1926,1897,1921,5974269466,3141101,313,1957,1906,1388-11-17
2/7/2010,1900,1910,1892,1907,5671209397,2986610,243,1921,1892,1388-11-18
2/8/2010,1899,1899,1863,1893,4488586994,2389613,261,1907,1863,1388-11-19
2/9/2010,1870,1898,1860,1885,3906334610,2082556,177,1893,1870,1388-11-20
2/10/2010,1880,1930,1880,1901,13742138263,7228331,415,1885,1892,1388-11-21
2/14/2010,1929,1967,1929,1950,10351410914,5309215,364,1901,1967,1388-11-25
2/16/2010,1980,2010,1953,1986,9537535644,4802770,393,1950,1970,1388-11-27
2/17/2010,1950,1960,1938,1967,4992164076,2558796,274,1986,1948,1388-11-28
2/20/2010,1949,1990,1946,1966,15087616202,7674226,321,1967,1980,1388-12-01
2/21/2010,1980,2034,1976,2015,10044277296,4985179,309,1966,2034,1388-12-02
2/22/2010,2085,2085,2043,2083,68725711522,32991611,1299,2015,2085,1388-12-03
2/23/2010,2121,2155,2101,2140,48117756110,22485175,1236,2083,2140,1388-12-04
2/24/2010,2119,2129,2080,2101,14364109976,6838201,535,2140,2111,1388-12-05
2/27/2010,2090,2090,2043,2067,9094884834,4404431,393,2101,2050,1388-12-08
2/28/2010,2050,2100,2050,2068,7237180710,3498786,325,2067,2072,1388-12-09
3/1/2010,2085,2093,2052,2071,10794049054,5211609,369,2068,2065,1388-12-10
3/2/2010,2080,2143,2080,2125,21400997558,10072273,680,2071,2100,1388-12-11
3/3/2010,2113,2145,2110,2127,29164147791,13714406,478,2125,2115,1388-12-12
3/6/2010,2170,2201,2161,2190,29573012865,13504064,827,2127,2183,1388-12-15
3/7/2010,2189,2189,2158,2174,12690452998,5836266,501,2190,2172,1388-12-16
3/8/2010,2175,2220,2171,2195,25507945699,11623456,723,2174,2220,1388-12-17
3/9/2010,2222,2271,2222,2269,24563075601,10826279,613,2195,2271,1388-12-18
3/10/2010,2290,2320,2223,2267,29721615626,13108913,788,2269,2240,1388-12-19
3/13/2010,2261,2319,2241,2294,26976594049,11757753,845,2267,2310,1388-12-22
3/14/2010,2302,2343,2300,2320,22714084992,9791891,615,2294,2315,1388-12-23
3/15/2010,2339,2339,2265,2296,22500706189,9800541,665,2320,2280,1388-12-24
3/16/2010,2216,2287,2216,2218,20483198867,9234365,471,2296,2216,1388-12-25
3/17/2010,2170,2295,2170,2253,26555658065,11786466,696,2218,2249,1388-12-26
3/27/2010,2331,2331,2331,2256,355104540,152340,26,2253,2331,1389-01-07
3/28/2010,2334,2334,2334,2256,14118366,6049,5,2256,2334,1389-01-08
3/29/2010,2334,2334,2334,2278,3103713522,1329783,25,2256,2334,1389-01-09
3/30/2010,2357,2357,2357,2279,138247478,58654,8,2278,2357,1389-01-10
3/31/2010,2358,2358,2358,2286,943200000,400000,16,2279,2358,1389-01-11
4/3/2010,2366,2366,2366,2303,2452993088,1036768,33,2286,2366,1389-01-14
4/4/2010,2383,2383,2383,2383,1.31742E+11,55284140,646,2303,2383,1389-01-15
4/5/2010,2466,2466,2466,2422,5431143060,2202410,99,2383,2466,1389-01-16
4/6/2010,2506,2506,2506,2469,6671836570,2662345,93,2422,2506,1389-01-17
4/7/2010,2555,2555,2555,2555,18299903895,7162389,118,2469,2555,1389-01-18
4/10/2010,2644,2644,2644,2606,7223019332,2731853,72,2555,2644,1389-01-21
4/11/2010,2697,2697,2697,2624,2549830104,945432,55,2606,2697,1389-01-22
4/12/2010,2715,2715,2715,2674,7055163705,2598587,102,2624,2715,1389-01-23
4/13/2010,2767,2767,2767,2767,14464293276,5227428,166,2674,2767,1389-01-24
4/14/2010,2863,2863,2760,2854,4.7891E+11,167801382,5336,2767,2863,1389-01-25
4/17/2010,2800,2859,2755,2770,93885311553,33899285,1804,2854,2761,1389-01-28
4/18/2010,2797,2866,2791,2848,66692600667,23415608,1804,2770,2866,1389-01-29
4/19/2010,2947,2947,2947,2939,12811837899,4347417,174,2848,2947,1389-01-30
4/20/2010,3030,3041,2900,3001,1.37983E+11,45972425,2671,2939,2997,1389-01-31
4/21/2010,2941,2950,2896,2910,78829141343,27093587,1403,3001,2940,1389-02-01
4/24/2010,2809,2809,2809,2809,21962349085,7818565,229,2910,2809,1389-02-04
4/25/2010,2712,2786,2711,2717,70784700504,26056953,1076,2809,2711,1389-02-05
4/26/2010,2660,2750,2660,2712,56312524648,20760817,1429,2717,2711,1389-02-06
4/27/2010,2716,2730,2618,2638,42812391496,16226066,1239,2712,2622,1389-02-07
4/28/2010,2581,2618,2546,2555,32419916380,12688272,753,2638,2546,1389-02-08
5/1/2010,2560,2644,2560,2638,18043683003,6839472,321,2555,2644,1389-02-11
5/2/2010,2700,2720,2600,2663,25348035550,9517098,746,2638,2670,1389-02-12
5/3/2010,2670,2670,2570,2577,23616286870,9164074,642,2663,2570,1389-02-13
5/4/2010,2551,2580,2487,2513,18912524562,7524416,679,2577,2500,1389-02-14
5/5/2010,2488,2488,2426,2427,23560912890,9705925,599,2513,2426,1389-02-15
5/8/2010,2343,2343,2343,2372,7286123163,3109741,103,2427,2343,1389-02-18
5/9/2010,2340,2455,2340,2412,28144784453,11667253,685,2372,2455,1389-02-19
5/10/2010,2496,2496,2496,2490,10967438976,4394006,214,2412,2496,1389-02-20
5/11/2010,2577,2577,2486,2561,46985360055,18346525,925,2490,2530,1389-02-21
5/12/2010,2485,2500,2472,2510,6951413753,2808034,225,2561,2472,1389-02-22
5/15/2010,2423,2520,2423,2444,58983003610,24136134,1069,2510,2520,1389-02-25
5/16/2010,2490,2526,2431,2499,12536459838,5015766,382,2444,2505,1389-02-26
5/18/2010,2519,2519,2412,2438,13874025264,5690101,428,2499,2432,1389-02-28
5/19/2010,2420,2500,2390,2462,22985304212,9336267,604,2438,2488,1389-02-29
5/25/2010,2480,2517,2450,2485,51051704733,20543303,738,2462,2477,1389-03-04
5/26/2010,2480,2480,2399,2407,18787895603,7806472,519,2485,2399,1389-03-05
5/29/2010,2400,2490,2380,2413,6935121593,2870330,282,2407,2394,1389-03-08
5/30/2010,2400,2410,2334,2388,5415427655,2292418,248,2413,2348,1389-03-09
5/31/2010,2380,2380,2307,2352,7693533093,3292311,258,2388,2320,1389-03-10
6/1/2010,2340,2400,2340,2393,56179543969,23473249,323,2352,2397,1389-03-11
6/2/2010,2399,2400,2350,2389,4952365616,2077131,228,2393,2389,1389-03-12
6/6/2010,2378,2378,2306,2309,11588880667,5019394,396,2389,2306,1389-03-16
6/7/2010,2300,2300,2232,2261,8772293546,3898605,334,2309,2260,1389-03-17
6/8/2010,2250,2258,2211,2250,4143225744,1855960,218,2261,2223,1389-03-18
6/9/2010,2250,2257,2210,2242,5905016224,2642301,273,2250,2239,1389-03-19
6/12/2010,2249,2320,2231,2299,12488648182,5431881,354,2242,2295,1389-03-22
6/13/2010,2320,2378,2320,2342,8163643307,3462869,320,2299,2338,1389-03-23
6/14/2010,2360,2422,2360,2393,10628193512,4433910,455,2342,2398,1389-03-24
6/15/2010,2434,2440,2360,2415,8514480487,3514373,380,2393,2378,1389-03-25
6/16/2010,2360,2399,2342,2381,8139737534,3436685,315,2415,2342,1389-03-26
6/19/2010,2340,2374,2305,2367,3985901571,1701846,226,2381,2305,1389-03-29
6/20/2010,2367,2367,2289,2337,5820993787,2518887,228,2367,2301,1389-03-30
6/21/2010,2310,2317,2294,2327,3381613497,1467982,169,2337,2311,1389-03-31
6/22/2010,2325,2396,2324,2339,12373658891,5289691,189,2327,2328,1389-04-01
6/23/2010,2364,2364,2306,2339,5076391482,2171224,197,2339,2335,1389-04-02
6/28/2010,2399,2445,2373,2397,5860877537,2445567,229,2339,2395,1389-04-07
6/29/2010,2380,2445,2380,2413,12974203585,5377651,413,2397,2440,1389-04-08
6/30/2010,2439,2450,2399,2416,75159415275,31109696,1416,2413,2399,1389-04-09
7/7/2010,2066,2115,2050,2075,53549581711,25801110,1449,1916,2083,1389-04-16
7/11/2010,2101,2158,2091,2143,14320605789,6681831,463,2075,2158,1389-04-20
7/12/2010,2180,2220,2110,2171,18421134519,8486006,625,2143,2120,1389-04-21
7/13/2010,2141,2148,2103,2127,33640868496,15816998,377,2171,2130,1389-04-22
7/14/2010,2129,2153,2125,2129,1.1836E+11,55586329,522,2127,2140,1389-04-23
7/17/2010,2140,2192,2125,2137,54158216654,25347598,454,2129,2154,1389-04-26
7/18/2010,2161,2170,2137,2146,8182774676,3809028,327,2137,2145,1389-04-27
7/19/2010,2160,2166,2140,2151,9814313433,4563252,302,2146,2151,1389-04-28
7/20/2010,2159,2165,2140,2153,8867381987,4117283,354,2151,2140,1389-04-29
7/21/2010,2150,2230,2150,2187,19880228922,9088567,860,2153,2180,1389-04-30
7/24/2010,2250,2274,2241,2271,32164435409,14165491,833,2187,2274,1389-05-02
7/25/2010,2328,2358,2300,2329,94101829389,40398663,1236,2271,2351,1389-05-03
7/26/2010,2360,2379,2290,2322,25291769213,10892722,745,2329,2300,1389-05-04
7/28/2010,2349,2370,2300,2339,15486634361,6619858,407,2322,2349,1389-05-06
7/31/2010,2363,2432,2363,2412,17080201493,7082764,498,2339,2418,1389-05-09
8/1/2010,2413,2499,2413,2458,54345641485,22105504,1271,2412,2468,1389-05-10
8/2/2010,2550,2556,2531,2554,26628230870,10426096,411,2458,2556,1389-05-11
8/3/2010,2656,2656,2590,2637,61657729609,23384438,1086,2554,2592,1389-05-12
8/4/2010,2600,2700,2580,2640,43810314741,16597088,1134,2637,2629,1389-05-13
8/7/2010,2602,2710,2602,2689,30053259776,11177249,608,2640,2653,1389-05-16
8/8/2010,2671,2690,2610,2658,32681293224,12295814,787,2689,2633,1389-05-17
8/9/2010,2620,2636,2552,2575,26503293118,10294157,803,2658,2552,1389-05-18
8/10/2010,2520,2619,2520,2575,25864299975,10045162,618,2575,2580,1389-05-19
8/11/2010,2591,2629,2576,2602,32596069163,12528825,550,2575,2579,1389-05-20
8/14/2010,2583,2583,2498,2521,10226937819,4077836,205,2602,2498,1389-05-23
8/15/2010,2431,2520,2430,2446,13847217266,5661717,421,2521,2439,1389-05-24
8/16/2010,2432,2543,2432,2514,9764067260,3860118,341,2446,2543,1389-05-25
8/17/2010,2597,2600,2564,2566,9579992651,3713426,300,2514,2570,1389-05-26
8/18/2010,2590,2620,2570,2591,46099680106,17790334,557,2566,2590,1389-05-27
8/21/2010,2544,2590,2510,2560,6361153789,2512191,211,2591,2510,1389-05-30
8/22/2010,2524,2530,2480,2540,5147707112,2047927,221,2560,2510,1389-05-31
8/23/2010,2570,2641,2570,2620,15972623810,6097488,398,2540,2637,1389-06-01
8/24/2010,2639,2650,2581,2618,19026290160,7267479,493,2620,2650,1389-06-02
8/25/2010,2620,2680,2600,2649,19692989543,7434108,483,2618,2630,1389-06-03
8/28/2010,2640,2700,2630,2673,11940555414,4464210,306,2649,2694,1389-06-06
8/29/2010,2700,2779,2699,2762,38501862316,13941422,718,2673,2779,1389-06-07
8/30/2010,2839,2872,2763,2851,51528946946,18074914,941,2762,2770,1389-06-08
8/31/2010,2805,2900,2799,2840,42611712032,15006467,1046,2851,2869,1389-06-09
9/4/2010,2915,2953,2915,2951,60627169707,20544788,844,2840,2953,1389-06-13
9/5/2010,3001,3069,2974,3031,1.11377E+11,36744193,1244,2951,2998,1389-06-14
9/6/2010,3152,3152,3050,3119,81220481406,26039709,1364,3031,3065,1389-06-15
9/7/2010,3040,3099,2995,3004,72878757757,24261024,961,3119,2995,1389-06-16
9/8/2010,2930,3017,2900,2974,25057491822,8424538,630,3004,2966,1389-06-17
9/12/2010,2913,2960,2899,2931,15336208164,5231943,392,2974,2925,1389-06-21
9/13/2010,2911,2913,2814,2829,49475167306,17487690,625,2931,2820,1389-06-22
9/14/2010,2830,2884,2773,2801,14746691126,5264085,367,2829,2799,1389-06-23
9/15/2010,2810,2828,2773,2788,13857012509,4969602,307,2801,2790,1389-06-24
9/18/2010,2777,2799,2731,2778,7894501019,2849048,249,2788,2750,1389-06-27
9/19/2010,2774,2780,2667,2692,21455465755,7971443,602,2778,2690,1389-06-28
9/20/2010,2689,2690,2621,2652,12004000960,4529388,336,2692,2690,1389-06-29
9/21/2010,2679,2758,2640,2726,10837761564,3954197,305,2652,2758,1389-06-30
9/22/2010,2835,2835,2800,2827,25787456173,9120985,555,2726,2824,1389-06-31
9/25/2010,2800,2849,2759,2807,15239996350,5428464,320,2827,2800,1389-07-03
9/26/2010,2800,2819,2695,2708,16247398434,5998795,316,2807,2730,1389-07-04
9/27/2010,2690,2710,2661,2693,6463621145,2413626,262,2708,2710,1389-07-05
9/28/2010,2698,2720,2670,2697,13530808749,5017800,322,2693,2684,1389-07-06
9/29/2010,2700,2750,2681,2718,14687087372,5403265,300,2697,2714,1389-07-07
10/2/2010,2710,2750,2671,2704,28478297375,10530826,281,2718,2703,1389-07-10
10/3/2010,2662,2730,2662,2700,20236049947,7494048,190,2704,2700,1389-07-11
10/5/2010,2700,2719,2700,2703,9683340842,3581224,169,2700,2701,1389-07-13
10/6/2010,2701,2714,2680,2700,5936628921,2201628,191,2703,2680,1389-07-14
10/9/2010,2700,2789,2700,2746,17502217191,6372968,317,2700,2750,1389-07-17
10/10/2010,2750,2800,2675,2747,20680664519,7527308,308,2746,2679,1389-07-18
10/11/2010,2695,2737,2680,2707,12679098069,4683800,317,2747,2691,1389-07-19
10/12/2010,2698,2730,2599,2608,24546935141,9412355,310,2707,2599,1389-07-20
10/13/2010,2510,2511,2504,2520,10068318034,4019641,173,2608,2504,1389-07-21
10/16/2010,2450,2594,2437,2516,4817124235,1919828,234,2520,2545,1389-07-24
10/17/2010,2559,2600,2501,2530,2603691631,1008659,153,2516,2580,1389-07-25
10/18/2010,2601,2631,2591,2596,8467507199,3222299,210,2530,2617,1389-07-26
10/19/2010,2601,2670,2500,2588,6143231538,2380336,192,2596,2500,1389-07-27
10/20/2010,2580,2580,2500,2580,1479605953,587194,83,2588,2532,1389-07-28
10/23/2010,2560,2650,2550,2590,3225291647,1232323,99,2580,2580,1389-08-01
10/26/2010,2598,2598,2525,2537,1928620380,760199,63,2590,2530,1389-08-04
10/27/2010,2530,2600,2513,2544,14729844221,5790668,164,2537,2590,1389-08-05
10/30/2010,2580,2625,2574,2561,3564151091,1370034,113,2544,2610,1389-08-08
10/31/2010,2562,2619,2501,2558,1683490283,663794,95,2561,2521,1389-08-09
11/1/2010,2550,2550,2470,2551,1652650912,659256,92,2558,2490,1389-08-10
11/2/2010,2500,2550,2449,2525,4470329059,1800025,152,2551,2500,1389-08-11
11/3/2010,2549,2549,2471,2529,11322442738,4475921,93,2525,2503,1389-08-12
11/6/2010,2540,2590,2530,2541,5189357228,2028595,132,2529,2550,1389-08-15
11/7/2010,2540,2540,2481,2532,2599088200,1039834,96,2541,2500,1389-08-16
11/8/2010,2476,2489,2461,2514,3309852179,1340537,139,2532,2470,1389-08-17
11/9/2010,2499,2529,2474,2510,2686520388,1076067,96,2514,2510,1389-08-18
11/10/2010,2510,2510,2494,2508,2445235304,977312,115,2510,2500,1389-08-19
11/13/2010,2500,2519,2472,2503,2176074807,876589,126,2508,2499,1389-08-22
11/16/2010,2500,2500,2451,2496,5319998679,2139101,122,2503,2460,1389-08-25
11/20/2010,2461,2487,2424,2475,22800817820,9212959,135,2496,2440,1389-08-29
11/21/2010,2440,2500,2430,2493,14030417318,5627295,236,2475,2489,1389-08-30
11/22/2010,2490,2568,2490,2520,56272390660,22333229,174,2493,2508,1389-09-01
11/23/2010,2520,2550,2501,2518,2504299206,996828,103,2520,2548,1389-09-02
11/24/2010,2500,2560,2500,2534,14946841904,5899605,160,2518,2542,1389-09-03
11/27/2010,2557,2634,2555,2564,6682862009,2580318,165,2534,2560,1389-09-06
1/26/2011,2666,2666,2666,2566,205066054,76919,8,2564,2666,1389-11-06
1/29/2011,2668,2668,2668,2568,202733316,75987,5,2566,2668,1389-11-09
1/30/2011,2670,2670,2670,2570,225438780,84434,8,2568,2670,1389-11-10
1/31/2011,2672,2672,2672,2672,24316749760,9100580,165,2570,2672,1389-11-11
2/1/2011,2778,2778,2778,2778,33614588952,12100284,236,2672,2778,1389-11-12
2/5/2011,3000,3120,3000,3120,1.9222E+11,61609211,1192,2778,3120,1389-11-16
2/6/2011,3244,3244,3190,3241,4.05531E+11,125114401,5721,3120,3244,1389-11-17
2/19/2011,2200,2240,2172,2204,57690119717,26174531,1658,2291,2190,1389-11-30
2/20/2011,2194,2194,2140,2165,29851064516,13789877,1116,2204,2150,1389-12-01
2/22/2011,2140,2158,2100,2140,25662806358,11989484,810,2165,2129,1389-12-03
2/23/2011,2152,2225,2149,2181,53323348534,24454283,1006,2140,2225,1389-12-04
2/26/2011,2268,2268,2220,2266,42517133508,18760603,589,2181,2268,1389-12-07
2/27/2011,2356,2356,2320,2345,72371695200,30858299,1679,2266,2330,1389-12-08
2/28/2011,2340,2340,2252,2274,17020030633,7485814,707,2345,2252,1389-12-09
3/1/2011,2248,2248,2189,2227,8190894597,3700492,423,2274,2190,1389-12-10
3/2/2011,2228,2316,2228,2281,19582261922,8583188,645,2227,2269,1389-12-11
3/5/2011,2317,2338,2280,2308,16123563925,6986855,583,2281,2280,1389-12-14
3/6/2011,2310,2354,2300,2318,8964717915,3862921,441,2308,2300,1389-12-15
3/7/2011,2303,2330,2284,2322,2.08274E+11,89697529,924,2318,2296,1389-12-16
3/8/2011,2310,2310,2295,2300,42608747583,18522707,1130,2322,2300,1389-12-17
3/9/2011,2301,2350,2301,2334,12620523135,5407756,585,2300,2330,1389-12-18
3/12/2011,2344,2344,2301,2324,7969037573,3435226,366,2334,2320,1389-12-21
3/13/2011,2320,2399,2320,2371,14680632005,6191058,533,2324,2360,1389-12-22
3/14/2011,2400,2465,2400,2464,37326309814,15146973,616,2371,2465,1389-12-23
3/15/2011,2550,2562,2521,2553,68147077973,26689305,1463,2464,2561,1389-12-24
3/16/2011,2571,2655,2531,2644,43095234941,16300612,1031,2553,2655,1389-12-25
3/19/2011,2728,2749,2681,2723,29868231236,10970339,892,2644,2720,1389-12-28
3/26/2011,2760,2831,2760,2829,51813213809,18317793,500,2723,2831,1390-01-06
3/27/2011,2942,2942,2845,2914,41257850943,14158400,1263,2829,2860,1390-01-07
3/28/2011,2867,2940,2865,2899,35508810678,12250055,898,2914,2881,1390-01-08
3/29/2011,2900,2960,2860,2912,33150432023,11384626,736,2899,2890,1390-01-09
3/30/2011,2898,2903,2796,2811,41611563196,14803080,876,2912,2796,1390-01-10
4/3/2011,2801,2846,2716,2757,30794624229,11168587,1086,2811,2800,1390-01-14
4/4/2011,2840,2867,2840,2865,16006253387,5587364,342,2757,2867,1390-01-15
4/5/2011,2979,2979,2870,2949,68581494371,23257347,1823,2865,2913,1390-01-16
4/6/2011,2950,3066,2916,3009,64158223383,21320485,1681,2949,3066,1390-01-17
4/9/2011,3129,3129,2970,3099,76799932799,24784735,1647,3009,3041,1390-01-20
4/10/2011,3050,3065,2976,2998,16787663721,5600526,686,3099,2976,1390-01-21
4/11/2011,2940,3050,2879,2925,30472248221,10416697,1166,2998,2879,1390-01-22
4/12/2011,2902,3000,2841,2897,21309326426,7355733,857,2925,2860,1390-01-23
4/13/2011,2885,2889,2820,2849,17733069932,6224823,653,2897,2872,1390-01-24
4/16/2011,2905,2950,2880,2923,19371382143,6627752,680,2849,2899,1390-01-27
4/17/2011,2950,2950,2819,2857,11504471448,4042205,529,2923,2840,1390-01-28
4/18/2011,2880,2880,2780,2810,12767289971,4547033,641,2857,2796,1390-01-29
4/19/2011,2815,2860,2703,2751,11059488596,4035502,558,2810,2770,1390-01-30
4/20/2011,2740,2861,2740,2846,14841438507,5214572,598,2751,2839,1390-01-31
4/23/2011,2880,2880,2783,2831,12005062145,4242600,448,2846,2850,1390-02-03
4/24/2011,2840,2895,2780,2827,17585256478,6220655,554,2831,2780,1390-02-04
4/25/2011,2870,2870,2716,2739,15996336412,5839926,567,2827,2730,1390-02-05
4/26/2011,2760,2765,2711,2734,10823110116,3960637,489,2739,2728,1390-02-06
4/27/2011,2765,2765,2631,2714,10764661389,3972456,560,2734,2738,1390-02-07
4/30/2011,2680,2700,2606,2613,14238989571,5448499,256,2714,2606,1390-02-10
5/1/2011,2509,2715,2509,2568,44011982149,17137217,1122,2613,2660,1390-02-11
5/2/2011,2670,2670,2670,2636,8474016630,3173789,81,2568,2670,1390-02-12
5/3/2011,2741,2741,2741,2741,15025427412,5481732,152,2636,2741,1390-02-13
5/4/2011,2850,2850,2850,2838,11982354750,4204335,215,2741,2850,1390-02-14
5/8/2011,2860,2860,2732,2784,35476744741,12742467,987,2838,2750,1390-02-18
5/9/2011,2829,2895,2823,2893,96150304828,33240474,1261,2784,2895,1390-02-19
5/10/2011,3007,3008,2933,3001,1.17253E+11,39065951,1659,2893,2944,1390-02-20
5/11/2011,2944,2986,2900,2931,18520084425,6318987,662,3001,2940,1390-02-21
5/14/2011,2910,2910,2880,2921,3627714548,1253512,72,2931,2882,1390-02-24
5/15/2011,2895,2905,2855,2875,16736168626,5820333,568,2921,2896,1390-02-25
5/16/2011,2949,2984,2870,2908,14433956248,4963766,610,2875,2921,1390-02-26
5/17/2011,2950,2980,2906,2927,9083496163,3091862,387,2908,2925,1390-02-27
5/18/2011,2935,3044,2935,3014,53595308710,17782106,1451,2927,3044,1390-02-28
5/21/2011,3050,3134,3031,3126,1.85061E+11,59208761,2690,3014,3134,1390-02-31
5/22/2011,3134,3179,3072,3140,1.26887E+11,40403453,1939,3126,3170,1390-03-01
5/23/2011,3102,3250,3070,3217,2.64802E+11,82310326,2168,3140,3213,1390-03-02
5/24/2011,3209,3250,3104,3173,40580913317,12790058,1102,3217,3111,1390-03-03
5/25/2011,3111,3111,3047,3053,51915350892,17003871,927,3173,3047,1390-03-04
5/28/2011,3030,3165,2931,2985,56346769915,18874382,1068,3053,2932,1390-03-07
5/29/2011,2960,2965,2866,2872,30152235976,10498647,821,2985,2866,1390-03-08
5/30/2011,2880,2986,2880,2977,34629083046,11631246,619,2872,2986,1390-03-09
5/31/2011,3088,3096,3062,3094,56354162730,18215871,1026,2977,3096,1390-03-10
6/1/2011,3099,3120,3052,3078,45660660422,14836739,926,3094,3060,1390-03-11
6/6/2011,3120,3201,3119,3175,41941623573,13208088,841,3078,3150,1390-03-16
6/7/2011,3150,3197,3061,3100,15816896413,5101831,507,3175,3197,1390-03-17
6/8/2011,3100,3224,3020,3196,1.15461E+11,36126007,2054,3100,3224,1390-03-18
6/11/2011,3270,3295,3125,3187,37627910274,11806771,865,3196,3140,1390-03-21
6/12/2011,3110,3199,3090,3170,14139647340,4461374,403,3187,3170,1390-03-22
6/13/2011,3168,3250,3150,3204,43847119365,13684828,1016,3170,3190,1390-03-23
6/14/2011,3200,3230,3076,3102,55274478596,17819499,1008,3204,3076,1390-03-24
6/15/2011,3070,3105,2978,3015,64645243470,21441036,1517,3102,3060,1390-03-25
6/18/2011,3071,3135,3071,3119,48423580587,15525723,901,3015,3135,1390-03-28
6/19/2011,3136,3190,3083,3114,26965055645,8660008,631,3119,3100,1390-03-29
6/20/2011,3100,3109,3071,3102,13851303397,4476833,365,3114,3090,1390-03-30
6/21/2011,3099,3158,3087,3110,9499744269,3042476,297,3102,3091,1390-03-31
6/22/2011,3107,3139,3080,3105,7066478661,2283655,286,3110,3088,1390-04-01
6/25/2011,3081,3149,3021,3092,7785845928,2539681,329,3105,3021,1390-04-04
6/26/2011,3010,3050,2969,2976,31858886552,10706275,701,3092,2969,1390-04-05
6/27/2011,2890,2900,2857,2861,49819320461,17414029,798,2976,2858,1390-04-06
6/28/2011,2871,2959,2867,2897,27567826536,9515117,653,2861,2900,1390-04-07
6/29/2011,2964,3012,2940,2980,18184898104,6054259,530,2897,3012,1390-04-08
7/2/2011,3065,3090,3020,3062,23706322466,7741672,650,2980,3050,1390-04-11
7/3/2011,3066,3099,2980,3030,37791001233,12473274,783,3062,3010,1390-04-12
7/4/2011,3010,3049,2980,3019,9264270933,3086158,327,3030,2980,1390-04-13
7/5/2011,3030,3068,2955,3004,14367412299,4798381,409,3019,2979,1390-04-14
7/6/2011,2970,3018,2952,2997,9565989479,3202836,345,3004,2960,1390-04-15
7/9/2011,2990,3013,2910,2987,4241356030,1440649,222,2997,2935,1390-04-18
7/10/2011,3030,3106,3000,3052,25258376177,8276919,794,2987,3049,1390-04-19
7/11/2011,3041,3051,3000,3044,8172235322,2699038,325,3052,3048,1390-04-20
7/12/2011,3025,3038,2995,3031,7417104642,2469096,297,3044,3010,1390-04-21
7/13/2011,3003,3020,3000,3015,15732667129,5232596,477,3031,3012,1390-04-22
7/16/2011,3020,3040,3010,3028,35592772923,11755688,952,3015,3030,1390-04-25
7/25/2011,2821,2879,2821,2837,25570931811,9013578,779,2728,2827,1390-05-03
7/26/2011,2842,2950,2833,2923,50364355239,17231525,1376,2837,2929,1390-05-04
7/27/2011,2920,2945,2863,2898,18167565604,6269650,627,2923,2869,1390-05-05
7/30/2011,2884,2911,2831,2862,13846124715,4837203,412,2898,2852,1390-05-08
7/31/2011,2863,2863,2783,2814,45534048444,16181189,1115,2862,2800,1390-05-09
8/1/2011,2835,2910,2830,2905,1.50827E+11,51914680,1138,2814,2900,1390-05-10
8/2/2011,2930,2959,2885,2909,27996387904,9624495,767,2905,2898,1390-05-11
8/3/2011,2905,2978,2905,2950,47013762456,15935982,1356,2909,2945,1390-05-12
8/6/2011,2878,2888,2832,2850,24321573566,8534224,727,2950,2864,1390-05-15
8/7/2011,2888,2893,2850,2863,12459291550,4337077,463,2850,2850,1390-05-16
8/8/2011,2840,2887,2797,2827,25899425290,9160970,739,2863,2839,1390-05-17
8/9/2011,2800,2809,2714,2736,46489386924,16993746,1005,2827,2800,1390-05-18
8/10/2011,2810,2845,2803,2820,17925062739,6313804,684,2736,2845,1390-05-19
8/13/2011,2840,2850,2810,2824,13929063047,4928609,423,2820,2830,1390-05-22
8/14/2011,2840,2841,2791,2818,16390717284,5821856,535,2824,2799,1390-05-23
8/15/2011,2801,2839,2775,2803,12447657168,4459476,380,2818,2790,1390-05-24
8/16/2011,2800,2818,2770,2791,16308520286,5850207,516,2803,2780,1390-05-25
8/17/2011,2799,2902,2789,2887,74001553884,25632457,1180,2791,2890,1390-05-26
8/20/2011,2902,2950,2851,2899,26323388057,9079971,606,2887,2881,1390-05-29
8/21/2011,2900,2920,2863,2901,20576451066,7091198,481,2899,2900,1390-05-30
8/23/2011,2910,3005,2902,2964,35677429590,12035439,1124,2901,2992,1390-06-01
8/24/2011,3028,3068,2960,2995,14927191893,4954818,600,2964,2960,1390-06-02
8/27/2011,3031,3060,2971,3008,13800693786,4575492,599,2995,2985,1390-06-05
8/28/2011,2986,2987,2920,2975,11893287217,4039600,560,3008,2923,1390-06-06
8/29/2011,2945,3094,2945,3073,1.6993E+11,55303034,1735,2975,3094,1390-06-07
8/30/2011,3128,3195,3107,3189,2.80174E+11,87856305,4585,3073,3195,1390-06-08
9/3/2011,3190,3250,3112,3198,47777987460,14940090,1160,3189,3200,1390-06-12
9/4/2011,3200,3240,3150,3193,25914564900,8116104,783,3198,3170,1390-06-13
9/5/2011,3175,3270,3151,3212,25217138103,7850764,810,3193,3204,1390-06-14
9/6/2011,3227,3320,3176,3269,56174797877,17186331,1274,3212,3290,1390-06-15
9/7/2011,3300,3399,3291,3385,3.75866E+11,111031790,2616,3269,3399,1390-06-16
9/10/2011,3400,3476,3390,3420,31109117230,9095135,816,3385,3400,1390-06-19
9/11/2011,3410,3449,3383,3406,71686134640,21046794,1355,3420,3414,1390-06-20
9/12/2011,3357,3428,3357,3391,1.02122E+11,30116141,1575,3406,3410,1390-06-21
9/13/2011,3390,3392,3266,3315,45076795391,13598489,840,3391,3281,1390-06-22
9/14/2011,3280,3300,3208,3247,24078256611,7421829,620,3315,3250,1390-06-23
9/17/2011,3229,3309,3229,3254,1.12984E+11,34726889,587,3247,3250,1390-06-26
9/18/2011,3250,3300,3240,3259,41683091167,12789346,493,3254,3261,1390-06-27
9/19/2011,3268,3282,3245,3262,11735407968,3594351,331,3259,3256,1390-06-28
9/20/2011,3272,3274,3250,3262,14388417384,4411881,326,3262,3260,1390-06-29
9/21/2011,3250,3274,3220,3259,14959070391,4594104,424,3262,3240,1390-06-30
9/25/2011,3137,3179,3129,3132,29074748686,9283637,811,3259,3160,1390-07-03
9/26/2011,3120,3150,3060,3107,18917923542,6103189,467,3132,3125,1390-07-04
9/27/2011,3151,3219,3151,3186,20186152509,6300035,499,3107,3180,1390-07-05
9/28/2011,3200,3200,3172,3186,5542500191,1740236,224,3186,3179,1390-07-06
10/1/2011,3180,3188,3132,3181,7222876538,2278705,244,3186,3160,1390-07-09
10/2/2011,3180,3186,3137,3170,8273655885,2626729,328,3181,3146,1390-07-10
10/3/2011,3140,3160,3101,3156,8168575622,2610603,404,3170,3117,1390-07-11
10/4/2011,3140,3150,3112,3150,6322407752,2018211,274,3156,3117,1390-07-12
10/5/2011,3139,3161,3120,3145,7994710321,2550069,320,3150,3128,1390-07-13
10/8/2011,3156,3198,3120,3138,18817204366,5999594,481,3145,3130,1390-07-16
10/9/2011,3130,3137,3099,3118,18890253195,6069486,523,3138,3100,1390-07-17
10/10/2011,3100,3130,3100,3115,19536941993,6274353,309,3118,3125,1390-07-18
10/11/2011,3125,3189,3125,3152,1.58647E+11,50337815,513,3115,3150,1390-07-19
10/12/2011,3159,3180,3110,3144,15273025406,4866232,481,3152,3120,1390-07-20
10/15/2011,3120,3129,3075,3124,9402310035,3040118,358,3144,3089,1390-07-23
10/16/2011,3090,3090,3000,3026,22545428932,7460102,611,3124,3000,1390-07-24
10/17/2011,2950,3050,2950,3013,13618532079,4533241,426,3026,3029,1390-07-25
10/18/2011,3030,3048,3000,3016,7175946904,2374203,330,3013,3022,1390-07-26
10/19/2011,3033,3069,3004,3019,8117444991,2682523,299,3016,3029,1390-07-27
10/22/2011,3000,3020,2940,2988,17374380946,5835647,422,3019,2950,1390-07-30
10/23/2011,2950,2997,2930,2963,16716519274,5658849,405,2988,2940,1390-08-01
10/24/2011,2940,2940,2872,2929,10453664846,3617451,361,2963,2882,1390-08-02
10/25/2011,2913,2980,2913,2932,6695392210,2277027,265,2929,2940,1390-08-03
10/26/2011,2935,2945,2892,2926,9354292026,3207483,330,2932,2892,1390-08-04
10/29/2011,2940,2940,2870,2910,10859878695,3753885,324,2926,2880,1390-08-07
10/30/2011,2898,2898,2860,2896,10145066789,3524171,367,2910,2880,1390-08-08
10/31/2011,2889,2913,2870,2892,10072170601,3488166,358,2896,2870,1390-08-09
11/1/2011,2884,2884,2864,2882,10751554535,3744026,328,2892,2883,1390-08-10
11/2/2011,2911,2911,2840,2877,12081741603,4206321,460,2882,2840,1390-08-11
11/5/2011,2861,2861,2762,2829,12256132767,4388221,412,2877,2790,1390-08-14
11/6/2011,2751,2769,2716,2786,9780460708,3574093,461,2829,2750,1390-08-15
11/8/2011,2700,2730,2682,2736,11336849640,4207594,419,2786,2700,1390-08-17
11/9/2011,2750,2839,2740,2768,11874222047,4249434,414,2736,2820,1390-08-18
11/12/2011,2845,2860,2780,2782,5765366585,2044947,310,2768,2780,1390-08-21
11/13/2011,2797,2797,2720,2774,7466984430,2707435,271,2782,2744,1390-08-22
11/14/2011,2744,2789,2741,2773,4846954331,1751303,164,2774,2750,1390-08-23
11/16/2011,2773,2798,2740,2770,5431694416,1966205,198,2773,2774,1390-08-25
11/19/2011,2770,2849,2750,2776,7866342397,2822661,254,2770,2770,1390-08-28
11/20/2011,2790,2790,2734,2764,10707045180,3889536,337,2776,2750,1390-08-29
11/21/2011,2788,2788,2730,2758,4058542598,1484744,156,2764,2733,1390-08-30
11/22/2011,2720,2798,2648,2684,30661221849,11425488,682,2758,2648,1390-09-01
11/23/2011,2605,2648,2582,2635,10915215537,4206740,397,2684,2586,1390-09-02
11/26/2011,2600,2648,2581,2625,6818394487,2617507,313,2635,2590,1390-09-05
11/27/2011,2599,2599,2520,2524,20708837858,8205300,607,2625,2520,1390-09-06
11/28/2011,2500,2560,2444,2518,32230572442,12798242,737,2524,2543,1390-09-07
11/29/2011,2530,2618,2530,2566,10918635921,4188230,556,2518,2599,1390-09-08
11/30/2011,2560,2575,2490,2561,9247202877,3619047,317,2566,2574,1390-09-09
12/3/2011,2599,2630,2560,2574,8386624781,3235335,298,2561,2595,1390-09-12
12/4/2011,2600,2676,2600,2667,28751791946,10778981,894,2574,2676,1390-09-13
12/7/2011,2730,2767,2691,2731,22295159380,8163996,896,2667,2708,1390-09-16
12/10/2011,2780,2780,2623,2698,12351536302,4616147,499,2731,2630,1390-09-19
12/11/2011,2670,2670,2596,2649,10138098066,3898803,373,2698,2599,1390-09-20
12/12/2011,2619,2619,2580,2627,8329295140,3207516,360,2649,2600,1390-09-21
12/13/2011,2600,2649,2570,2623,5791651719,2216439,280,2627,2580,1390-09-22
12/14/2011,2600,2611,2584,2611,10884962393,4184479,263,2623,2609,1390-09-23
12/17/2011,2600,2600,2556,2601,5594800166,2171105,264,2611,2560,1390-09-26
12/18/2011,2576,2649,2575,2608,11190157828,4281149,341,2601,2617,1390-09-27
12/19/2011,2628,2633,2582,2605,9022289913,3469169,269,2608,2584,1390-09-28
12/20/2011,2600,2604,2580,2600,8211374110,3167355,289,2605,2595,1390-09-29
12/21/2011,2585,2604,2575,2597,5941977517,2293805,276,2600,2600,1390-09-30
12/24/2011,2580,2600,2550,2573,15439062835,6015341,317,2597,2550,1390-10-03
12/25/2011,2580,2580,2551,2572,8557173850,3330191,282,2573,2577,1390-10-04
12/26/2011,2573,2594,2551,2571,4164750967,1621461,239,2572,2590,1390-10-05
12/27/2011,2562,2580,2530,2567,7267652137,2839587,237,2571,2550,1390-10-06
12/28/2011,2552,2600,2550,2564,10805361523,4217177,287,2567,2550,1390-10-07
12/31/2011,2560,2660,2549,2592,43330424544,16715394,1038,2564,2630,1390-10-10
1/1/2012,2695,2695,2620,2675,25721360270,9616994,929,2592,2636,1390-10-11
1/2/2012,2650,2680,2600,2657,8721075331,3311272,365,2675,2640,1390-10-12
1/3/2012,2655,2763,2653,2741,29001185891,10579032,1014,2657,2763,1390-10-13
1/4/2012,2751,2849,2751,2819,37900031896,13446272,1381,2741,2810,1390-10-14
1/7/2012,2812,2850,2740,2813,13942834759,4963725,524,2819,2760,1390-10-17
1/8/2012,2780,2840,2750,2806,12696335404,4531668,390,2813,2800,1390-10-18
1/9/2012,2800,2918,2781,2903,42667136799,14696789,1215,2806,2895,1390-10-19
1/10/2012,2921,2970,2880,2911,11052896271,3787001,567,2903,2880,1390-10-20
1/11/2012,2866,2930,2860,2905,16010276560,5516236,455,2911,2903,1390-10-21
1/15/2012,2914,3021,2914,3011,50962604062,16926605,1149,2905,3021,1390-10-25
1/16/2012,3069,3126,3060,3095,33526882893,10833343,950,3011,3080,1390-10-26
1/17/2012,3073,3099,2981,3007,24326923627,8089455,695,3095,3001,1390-10-27
1/18/2012,2981,3078,2917,3035,21733641428,7154924,627,3007,3047,1390-10-28
1/21/2012,3059,3100,3024,3046,10117956168,3306164,339,3035,3043,1390-11-01
1/23/2012,3015,3057,2950,2981,25305111839,8487884,693,3046,2995,1390-11-03
1/25/2012,2990,3005,2950,2964,24395612703,8230350,626,2981,2963,1390-11-05
1/28/2012,3050,3079,3000,3012,16807003994,5544880,551,2964,3040,1390-11-08
1/29/2012,3021,3021,2961,3004,9357704881,3126717,327,3012,2972,1390-11-09
1/30/2012,2999,3001,2980,2999,6414668407,2147290,272,3004,2988,1390-11-10
1/31/2012,3040,3118,3000,3074,34976551254,11378325,1059,2999,3050,1390-11-11
2/1/2012,3096,3096,3020,3063,9110640279,2991414,397,3074,3050,1390-11-12
2/4/2012,3030,3050,2988,3030,14839246181,4928093,513,3063,2990,1390-11-15
2/5/2012,2981,2981,2912,2982,11618036568,3956316,384,3030,2931,1390-11-16
2/6/2012,2921,2940,2881,2960,7778773692,2665044,388,2982,2915,1390-11-17
2/7/2012,2900,2900,2871,2930,8456977152,2935415,359,2960,2872,1390-11-18
2/8/2012,2880,2945,2860,2920,6408071332,2213881,336,2930,2940,1390-11-19
2/12/2012,2920,2938,2872,2913,8384626585,2890894,300,2920,2888,1390-11-23
2/13/2012,2899,2900,2863,2906,4953237333,1720149,253,2913,2865,1390-11-24
2/14/2012,2860,2875,2790,2822,16881453554,6033069,480,2906,2790,1390-11-25
2/15/2012,2789,2850,2730,2808,7920806415,2845153,296,2822,2850,1390-11-26
2/21/2012,2768,2768,2661,2722,3102338666,1139903,92,2808,2725,1390-12-02
2/22/2012,2700,2711,2650,2683,16129091386,6036765,515,2722,2700,1390-12-03
2/25/2012,2686,2690,2656,2677,6520021385,2446661,245,2683,2670,1390-12-06
2/26/2012,2650,2748,2649,2691,6748632377,2481181,325,2677,2712,1390-12-07
2/27/2012,2749,2798,2744,2715,5178175144,1856445,242,2691,2798,1390-12-08
2/28/2012,2823,2823,2817,2823,23758649883,8417061,397,2715,2823,1390-12-09
2/29/2012,2850,2898,2818,2827,1.65737E+11,58628939,600,2823,2823,1390-12-10
3/3/2012,2833,2895,2833,2836,7534674851,2639996,310,2827,2849,1390-12-13
3/4/2012,2869,2869,2802,2836,3252081312,1146898,233,2836,2840,1390-12-14
3/5/2012,2821,2868,2783,2833,3345733985,1188235,234,2836,2820,1390-12-15
3/6/2012,2800,2830,2772,2823,7005623981,2500465,238,2833,2773,1390-12-16
3/7/2012,2850,2934,2850,2860,10512008873,3621107,414,2823,2883,1390-12-17
3/10/2012,2916,2918,2850,2872,7571970038,2615698,305,2860,2910,1390-12-20
3/11/2012,2886,2986,2886,2968,30775099055,10368043,904,2872,2960,1390-12-21
3/12/2012,2970,2970,2850,2915,15940410962,5509282,383,2968,2877,1390-12-22
3/13/2012,2804,2937,2799,2890,8640733703,3031055,281,2915,2920,1390-12-23
3/14/2012,2919,2998,2919,2912,7449017319,2518664,272,2890,2960,1390-12-24
3/17/2012,2945,2965,2926,2942,18357875429,6225480,309,2912,2949,1390-12-27
3/18/2012,2931,3009,2931,2968,13210021528,4421421,335,2942,3000,1390-12-28
3/24/2012,3000,3086,3000,2988,4200884419,1362977,125,2968,3086,1391-01-05
3/25/2012,3107,3107,3015,3100,63915083881,20618237,838,2988,3107,1391-01-06
3/26/2012,3107,3107,3000,3081,13403737742,4372115,352,3100,3090,1391-01-07
3/27/2012,3082,3150,3082,3110,14280711543,4562281,383,3081,3140,1391-01-08
3/28/2012,3140,3170,3100,3115,7517113079,2403686,268,3110,3145,1391-01-09
4/2/2012,3090,3150,3049,3109,4986215257,1616812,212,3115,3050,1391-01-14
4/3/2012,3040,3050,2989,3078,7343121204,2440265,313,3109,3005,1391-01-15
4/4/2012,2990,3075,2990,3071,4130943328,1358733,181,3078,3049,1391-01-16
4/7/2012,3005,3050,3005,3061,4942875548,1635542,184,3071,3017,1391-01-19
4/8/2012,3020,3140,3020,3099,22265824100,7176831,607,3061,3099,1391-01-20
4/9/2012,3064,3182,3064,3145,25098814174,7980770,661,3099,3139,1391-01-21
4/10/2012,3150,3270,3150,3253,59284251843,18226526,1723,3145,3249,1391-01-22
4/11/2012,3251,3269,3190,3247,15333293191,4728417,524,3253,3250,1391-01-23
4/14/2012,3185,3364,3185,3310,29329053446,8860947,641,3247,3309,1391-01-26
4/15/2012,3442,3442,3365,3422,68147338265,19915446,1024,3310,3380,1391-01-27
4/16/2012,3355,3355,3286,3301,25037077385,7589666,811,3422,3322,1391-01-28
4/17/2012,3301,3320,3210,3295,9692063795,2950037,319,3301,3312,1391-01-29
4/18/2012,3300,3378,3300,3307,8749753479,2626717,290,3295,3319,1391-01-30
4/21/2012,3345,3345,3185,3288,10088710727,3095427,324,3307,3212,1391-02-02
4/22/2012,3249,3249,3187,3246,12451955881,3886332,353,3288,3200,1391-02-03
4/23/2012,3200,3200,3151,3219,10045173030,3158411,274,3246,3191,1391-02-04
4/24/2012,3180,3250,3170,3215,8827083406,2752417,291,3219,3216,1391-02-05
4/28/2012,3213,3230,3149,3198,10332136015,3255546,280,3215,3149,1391-02-09
4/29/2012,3150,3150,3071,3081,47537295079,15428891,689,3198,3120,1391-02-10
4/30/2012,3065,3134,3065,3096,13186387018,4241001,313,3081,3130,1391-02-11
5/1/2012,3102,3128,3095,3108,17489464495,5618957,384,3096,3096,1391-02-12
5/2/2012,3060,3100,3060,3081,54911647328,17823644,318,3108,3099,1391-02-13
5/5/2012,3099,3099,3057,3077,6887585493,2244806,237,3081,3059,1391-02-16
5/6/2012,3060,3150,3060,3093,12707941010,4089026,254,3077,3085,1391-02-17
5/7/2012,3061,3078,3057,3083,8035395180,2622160,238,3093,3070,1391-02-18
5/8/2012,3080,3080,3051,3080,4486780807,1463239,215,3083,3073,1391-02-19
5/9/2012,3071,3080,3021,3063,10835992412,3562116,300,3080,3040,1391-02-20
5/12/2012,3056,3056,2941,3025,8404496668,2840812,282,3063,2941,1391-02-23
5/13/2012,2921,2987,2906,2996,7420673104,2527098,315,3025,2934,1391-02-24
5/14/2012,2950,3000,2950,2990,11108330294,3723028,346,2996,2980,1391-02-25
5/15/2012,3000,3030,2946,2984,5555343629,1874550,175,2990,2969,1391-02-26
5/16/2012,2997,2997,2930,2980,2651705505,898559,146,2984,2930,1391-02-27
5/19/2012,2950,2950,2891,2971,2670011919,919369,182,2980,2910,1391-02-30
5/20/2012,2910,2940,2890,2962,3355684878,1152206,203,2971,2910,1391-02-31
5/21/2012,2920,2997,2900,2962,3015850807,1018577,228,2962,2997,1391-03-01
5/22/2012,3000,3040,2999,2975,5620462603,1863177,283,2962,3010,1391-03-02
5/23/2012,3047,3080,3041,2992,4781462658,1561740,275,2975,3050,1391-03-03
5/26/2012,3000,3000,2897,2979,4414228146,1508696,241,2992,2934,1391-03-06
5/27/2012,2944,2968,2932,2975,3646697283,1235516,171,2979,2958,1391-03-07
5/28/2012,2950,2960,2889,2954,7074087470,2432036,291,2975,2890,1391-03-08
5/29/2012,2900,2906,2888,2943,4010004652,1386920,202,2954,2890,1391-03-09
5/30/2012,2885,2901,2873,2929,5986891714,2069932,240,2943,2873,1391-03-10
6/2/2012,2890,2890,2850,2917,3903245240,1363244,205,2929,2850,1391-03-13
6/5/2012,2856,2870,2810,2909,2099385596,740828,176,2917,2840,1391-03-16
6/6/2012,2830,2839,2820,2899,2574358356,910940,172,2909,2830,1391-03-17
6/9/2012,2822,2822,2784,2887,2361727878,845467,137,2899,2784,1391-03-20
6/10/2012,2772,2820,2772,2837,11433562359,4094499,372,2887,2782,1391-03-21
6/11/2012,2828,2870,2820,2838,1.37256E+11,48365061,295,2837,2866,1391-03-22
6/12/2012,2860,2860,2791,2835,2544016956,904313,171,2838,2791,1391-03-23
6/13/2012,2800,2850,2792,2839,29624806875,10435084,178,2835,2835,1391-03-24
6/16/2012,2830,2835,2796,2835,3212251884,1141973,179,2839,2800,1391-03-27
6/17/2012,2800,2810,2755,2825,3327435534,1200357,216,2835,2777,1391-03-28
6/19/2012,2757,2800,2757,2821,2751903490,985160,117,2825,2780,1391-03-30
6/20/2012,2790,2790,2709,2782,7639215039,2814069,331,2821,2709,1391-03-31
6/23/2012,2671,2671,2671,2775,1224413110,458410,37,2782,2671,1391-04-03
6/24/2012,2664,2680,2664,2665,28926524837,10856112,365,2775,2664,1391-04-04
6/25/2012,2565,2660,2559,2630,7235281429,2815592,233,2665,2559,1391-04-05
6/26/2012,2525,2527,2525,2611,3497732425,1385197,151,2630,2525,1391-04-06
6/27/2012,2507,2508,2507,2507,41083738214,16387602,545,2611,2507,1391-04-07
6/30/2012,2557,2597,2470,2518,8651140360,3416489,439,2507,2504,1391-04-10
7/1/2012,2525,2525,2475,2512,3758364701,1510448,212,2518,2486,1391-04-11
7/2/2012,2520,2540,2490,2527,1.21031E+11,47888997,903,2512,2510,1391-04-12
7/3/2012,2530,2548,2494,2515,10381580013,4143499,405,2527,2500,1391-04-13
7/4/2012,2519,2528,2488,2512,14093588583,5612272,339,2515,2515,1391-04-14
7/7/2012,2534,2534,2495,2508,9122958664,3644446,263,2512,2504,1391-04-17
7/8/2012,2500,2500,2408,2414,32054085914,13280468,590,2508,2408,1391-04-18
7/9/2012,2425,2425,2358,2403,7029349779,2948542,312,2414,2401,1391-04-19
7/10/2012,2400,2450,2396,2411,17370993471,7202207,814,2403,2400,1391-04-20
7/11/2012,2446,2446,2400,2413,14853639581,6154742,417,2411,2408,1391-04-21
7/14/2012,2431,2459,2425,2424,7316297174,2998011,314,2413,2451,1391-04-24
8/1/2012,2130,2135,2126,2130,24512723888,11507905,526,2124,2130,1391-05-11
8/4/2012,2120,2120,2045,2082,10573305511,5138024,316,2130,2045,1391-05-14
8/5/2012,1999,2037,1999,2005,14424974615,7216051,339,2082,1999,1391-05-15
8/6/2012,1946,2058,1935,1991,12485418765,6283112,540,2005,1941,1391-05-16
8/7/2012,1965,1969,1912,1968,4622383907,2410583,263,1991,1915,1391-05-17
8/8/2012,1929,1954,1895,1954,5781569260,2994028,288,1968,1934,1391-05-18
8/11/2012,1960,2032,1960,1990,8454396712,4183610,446,1954,2032,1391-05-21
8/12/2012,2058,2058,1951,1992,3224070511,1612962,285,1990,1982,1391-05-22
8/13/2012,2000,2029,1977,1995,2246062826,1116079,188,1992,2024,1391-05-23
8/14/2012,2039,2074,2032,2035,8812875360,4261304,251,1995,2074,1391-05-24
8/15/2012,2116,2116,2116,2039,869024272,410692,43,2035,2116,1391-05-25
8/18/2012,2120,2120,2120,2040,197251160,93043,11,2039,2120,1391-05-28
8/21/2012,2121,2121,2121,2042,502456416,236896,11,2040,2121,1391-05-31
8/22/2012,2123,2123,2123,2046,873060397,411239,16,2042,2123,1391-06-01
8/25/2012,2127,2127,2127,2047,280285425,131775,10,2046,2127,1391-06-04
8/26/2012,2210,2298,2210,2232,42182857225,18895817,1313,2047,2220,1391-06-05
8/27/2012,2229,2248,2158,2219,7247089583,3290918,535,2232,2239,1391-06-06
9/2/2012,2240,2307,2211,2289,25056169837,10945411,632,2219,2307,1391-06-12
9/3/2012,2345,2380,2320,2377,69472965950,29221944,1110,2289,2380,1391-06-13
9/4/2012,2400,2472,2380,2459,78794821624,32040758,1660,2377,2472,1391-06-14
9/5/2012,2500,2529,2421,2471,24425308581,9883881,801,2459,2455,1391-06-15
9/8/2012,2457,2522,2431,2482,22674187163,9133615,710,2471,2450,1391-06-18
9/9/2012,2448,2478,2383,2396,22742386078,9491040,815,2482,2429,1391-06-19
9/10/2012,2393,2491,2393,2467,50300372701,20392385,1003,2396,2491,1391-06-20
9/11/2012,2502,2530,2420,2477,17578069900,7093799,617,2467,2420,1391-06-21
9/15/2012,2500,2576,2481,2559,29723937260,11617227,969,2477,2555,1391-06-25
9/16/2012,2557,2600,2490,2546,9210909996,3638600,424,2559,2547,1391-06-26
9/17/2012,2500,2598,2500,2556,14655155666,5726483,498,2546,2540,1391-06-27
9/18/2012,2550,2590,2500,2542,10894877078,4304599,461,2556,2510,1391-06-28
9/19/2012,2508,2549,2460,2506,13221085814,5310293,552,2542,2469,1391-06-29
9/22/2012,2470,2606,2470,2597,56078314188,21596603,1343,2506,2606,1391-07-01
9/23/2012,2690,2700,2586,2657,46250261924,17403845,1158,2597,2680,1391-07-02
9/24/2012,2621,2700,2588,2648,17747892881,6704904,617,2657,2670,1391-07-03
9/25/2012,2651,2729,2642,2683,46465455988,17317124,1130,2648,2691,1391-07-04
9/26/2012,2735,2790,2730,2788,49962970456,17921694,783,2683,2790,1391-07-05
9/29/2012,2899,2899,2862,2899,72155109635,24890309,991,2788,2899,1391-07-08
9/30/2012,3014,3014,2862,2980,95898238038,32184553,1896,2899,2926,1391-07-09
10/1/2012,2930,2980,2861,2907,41437227697,14254058,989,2980,2861,1391-07-10
10/2/2012,2851,3020,2799,2915,85890700615,29467609,1855,2907,2999,1391-07-11
10/3/2012,3031,3031,2971,3029,1.34382E+11,44360056,1523,2915,2974,1391-07-12
10/6/2012,3020,3069,2960,3012,45245567071,15023088,1013,3029,2998,1391-07-15
10/7/2012,3030,3132,3016,3084,80894368280,26233023,1956,3012,3100,1391-07-16
10/8/2012,3130,3197,3110,3166,44893962229,14179511,1077,3084,3186,1391-07-17
10/9/2012,3233,3245,3112,3173,30974012188,9762991,1061,3166,3130,1391-07-18
10/10/2012,3101,3101,3047,3060,46993487969,15357552,1276,3173,3055,1391-07-19
10/13/2012,3039,3039,2938,2976,19432650546,6563929,681,3060,2938,1391-07-22
10/14/2012,2911,3090,2883,3016,52828080823,17517899,1368,2976,3065,1391-07-23
10/15/2012,3086,3136,3076,3126,60251641290,19274999,1342,3016,3100,1391-07-24
10/16/2012,3100,3200,3091,3156,52955409617,16780143,1486,3126,3114,1391-07-25
10/17/2012,3123,3280,3101,3190,93737983885,29384570,2086,3156,3267,1391-07-26
10/22/2012,3781,3820,3691,3746,2.9628E+11,79095495,4875,3190,3735,1391-08-01
10/23/2012,3740,3790,3621,3706,98059925037,26462618,2341,3746,3691,1391-08-02
10/24/2012,3676,3848,3670,3752,1.12488E+11,29981039,2639,3706,3790,1391-08-03
10/27/2012,3802,3894,3792,3852,81080186410,21047064,2084,3752,3823,1391-08-06
10/28/2012,3859,3859,3738,3774,58429496193,15481359,1598,3852,3754,1391-08-07
10/29/2012,3745,3750,3670,3707,64481961068,17394623,1614,3774,3702,1391-08-08
10/30/2012,3683,3790,3640,3698,92343228884,24970059,1908,3707,3660,1391-08-09
10/31/2012,3639,3640,3555,3593,80129201842,22302046,1835,3698,3600,1391-08-10
11/4/2012,3590,3649,3520,3579,44995770113,12572818,999,3593,3550,1391-08-14
11/5/2012,3520,3520,3436,3438,75059710748,21829919,1696,3579,3436,1391-08-15
11/6/2012,3410,3560,3410,3507,45113603029,12865310,1211,3438,3526,1391-08-16
11/7/2012,3599,3647,3550,3616,87228568419,24120300,2131,3507,3647,1391-08-17
11/10/2012,3650,3650,3530,3582,33662616757,9398520,979,3616,3559,1391-08-20
11/11/2012,3566,3581,3470,3536,15707227356,4484830,700,3582,3480,1391-08-21
11/12/2012,3479,3539,3400,3487,23022789661,6618830,782,3536,3480,1391-08-22
11/13/2012,3480,3588,3480,3541,25274582053,7127959,798,3487,3530,1391-08-23
11/14/2012,3552,3670,3552,3617,43701558369,12081923,1169,3541,3589,1391-08-24
11/17/2012,3580,3580,3481,3504,32583714736,9300002,1072,3617,3481,1391-08-27
11/18/2012,3480,3520,3440,3493,17795642869,5102913,603,3504,3466,1391-08-28
11/19/2012,3485,3485,3381,3413,22924240274,6739661,849,3493,3391,1391-08-29
11/20/2012,3380,3495,3333,3399,17675928557,5210516,686,3413,3420,1391-08-30
11/21/2012,3429,3500,3425,3414,8730241386,2535256,401,3399,3450,1391-09-01
11/26/2012,3500,3550,3452,3482,15775066243,4466318,507,3414,3550,1391-09-06
11/27/2012,3619,3621,3582,3584,20866478980,5766289,393,3482,3621,1391-09-07
11/28/2012,3640,3725,3600,3689,81430694429,22072695,1872,3584,3660,1391-09-08
12/1/2012,3661,3798,3658,3739,53557669780,14322958,1265,3689,3764,1391-09-11
12/2/2012,3772,3875,3741,3831,88001825557,22968001,1687,3739,3790,1391-09-12
12/3/2012,3800,3831,3731,3804,1.19544E+11,31421963,1434,3831,3780,1391-09-13
12/4/2012,3830,3900,3820,3853,92342679739,23964462,1353,3804,3840,1391-09-14
12/5/2012,3850,4007,3850,3979,1.30823E+11,32876728,1986,3853,4007,1391-09-15
12/8/2012,4138,4138,4073,4136,1.79344E+11,43365928,1691,3979,4090,1391-09-18
12/9/2012,4099,4250,4085,4150,1.17637E+11,28345352,2591,4136,4198,1391-09-19
12/10/2012,4250,4316,4210,4276,99435123349,23252596,1921,4150,4239,1391-09-20
12/11/2012,4255,4299,4192,4242,60912646784,14359720,1530,4276,4200,1391-09-21
12/12/2012,4189,4189,4140,4170,95738632991,22959399,1269,4242,4186,1391-09-22
12/15/2012,4200,4295,4190,4212,40636918359,9648790,891,4170,4209,1391-09-25
12/16/2012,4230,4380,4212,4334,98770033590,22790040,1664,4212,4380,1391-09-26
12/17/2012,4485,4507,4471,4499,60772577433,13508635,613,4334,4507,1391-09-27
12/18/2012,4678,4678,4603,4674,3.07914E+11,65878747,3339,4499,4678,1391-09-28
12/19/2012,4740,4859,4701,4800,1.51287E+11,31519409,3075,4674,4729,1391-09-29
12/22/2012,4800,4800,4680,4752,88482392593,18619565,1818,4800,4731,1391-10-02
12/23/2012,4810,4942,4810,4931,1.46937E+11,29799690,1910,4752,4942,1391-10-03
12/24/2012,5110,5128,5009,5112,1.8356E+11,35905689,3651,4931,5127,1391-10-04
12/25/2012,5120,5150,4908,4978,1.24854E+11,25082051,2421,5112,4909,1391-10-05
12/26/2012,4902,5177,4900,5106,1.22099E+11,23914038,2532,4978,5040,1391-10-06
12/29/2012,5030,5105,4902,4938,1.01057E+11,20466968,2217,5106,4923,1391-10-09
12/30/2012,4897,4897,4761,4803,1.02627E+11,21367178,1844,4938,4820,1391-10-10
12/31/2012,4830,4995,4830,4938,62219442329,12600121,1472,4803,4995,1391-10-11
1/1/2013,5000,5070,4850,4953,57283192440,11566172,1397,4938,4875,1391-10-12
1/2/2013,4960,4960,4755,4861,24731890473,5136607,697,4953,4830,1391-10-13
1/6/2013,4813,4880,4667,4727,55033781726,11642722,1412,4861,4710,1391-10-17
1/7/2013,4702,4799,4680,4726,46224975846,9781395,1155,4727,4770,1391-10-18
1/8/2013,4803,4848,4755,4802,36000348780,7493763,912,4726,4790,1391-10-19
1/9/2013,4770,4888,4763,4845,44793512273,9244506,775,4802,4880,1391-10-20
1/13/2013,4857,4994,4850,4870,1.08045E+11,22185752,1416,4845,4861,1391-10-24
1/14/2013,4896,5064,4881,5031,1.32223E+11,26280904,2697,4870,5064,1391-10-25
1/15/2013,5119,5219,5010,5126,69677154606,13592903,1692,5031,5010,1391-10-26
1/16/2013,5040,5100,4965,5047,93558614019,18537755,1784,5126,5020,1391-10-27
1/19/2013,4870,4888,4846,4849,1.07139E+11,22094106,1607,5047,4846,1391-10-30
1/20/2013,4721,4840,4685,4743,58646969006,12365464,1690,4849,4700,1391-11-01
1/21/2013,4760,4840,4567,4652,67019198435,14405747,2124,4743,4568,1391-11-02
1/22/2013,4501,4549,4466,4470,78726428976,17614126,1215,4652,4466,1391-11-03
1/23/2013,4556,4648,4556,4642,95720397290,20620367,2174,4470,4648,1391-11-04
1/26/2013,4768,4790,4646,4680,40163400937,8582727,1020,4642,4653,1391-11-07
1/27/2013,4650,4650,4493,4498,56134041666,12479283,984,4680,4493,1391-11-08
1/28/2013,4421,4600,4421,4510,33608693219,7451630,888,4498,4540,1391-11-09
1/30/2013,4542,4590,4421,4487,14860894250,3335126,588,4510,4440,1391-11-11
2/2/2013,4491,4620,4410,4500,58613805139,13024548,1222,4487,4420,1391-11-14
2/5/2013,4475,4530,4400,4494,8422673966,1881451,368,4500,4470,1391-11-17
2/6/2013,4520,4673,4520,4653,70690636655,15193953,1125,4494,4673,1391-11-18
2/9/2013,4680,4800,4610,4724,42799246204,9060396,1037,4653,4798,1391-11-21
2/11/2013,4806,4912,4806,4887,66674362731,13641875,1456,4724,4912,1391-11-23
2/12/2013,4990,5074,4804,4896,1.78E+11,36355088,1041,4887,4830,1391-11-24
2/13/2013,4800,4896,4780,4849,24621082021,5103138,802,4896,4790,1391-11-25
2/16/2013,4825,4867,4750,4822,32383050282,6721053,742,4849,4845,1391-11-28
2/17/2013,4839,4951,4792,4870,49312964567,10126044,946,4822,4850,1391-11-29
2/18/2013,4895,4945,4792,4851,44565351055,9186536,896,4870,4800,1391-11-30
2/19/2013,4835,4850,4725,4776,45222328832,9468896,879,4851,4744,1391-12-01
2/20/2013,4750,4797,4702,4730,37767355748,7984451,765,4776,4721,1391-12-02
2/23/2013,4700,4700,4588,4648,28319522496,6121713,817,4730,4640,1391-12-05
2/24/2013,4620,4620,4463,4533,45204750140,9972996,893,4648,4463,1391-12-06
2/25/2013,4462,4500,4360,4426,1.00914E+11,22799528,856,4533,4470,1391-12-07
2/26/2013,4402,4580,4402,4500,23277340428,5130268,759,4426,4549,1391-12-08
2/27/2013,4600,4680,4500,4510,1.01828E+12,225783985,1288,4500,4590,1391-12-09
3/2/2013,4500,4500,4330,4346,80089213836,18428526,1589,4510,4330,1391-12-12
3/3/2013,4350,4450,4301,4392,3.90784E+11,88973628,676,4346,4350,1391-12-13
3/4/2013,4375,4450,4282,4355,28516175196,6558561,725,4392,4300,1391-12-14
3/5/2013,4300,4338,4181,4216,37159181057,8812987,1045,4355,4197,1391-12-15
3/6/2013,4202,4250,4099,4158,58331599915,14028822,1097,4216,4170,1391-12-16
3/9/2013,4200,4298,4132,4198,2.44133E+11,58153600,694,4158,4156,1391-12-19
3/10/2013,4198,4365,4171,4353,1.5725E+11,36123748,1085,4198,4365,1391-12-20
3/11/2013,4400,4457,4200,4319,13305455735,3116586,590,4353,4240,1391-12-21
3/12/2013,4240,4350,4174,4299,1.52561E+11,35483725,632,4319,4320,1391-12-22
3/13/2013,4270,4467,4270,4444,2.88674E+11,64964663,1011,4299,4363,1391-12-23
3/16/2013,4380,4429,4267,4267,2.76519E+12,648001016,850,4444,4267,1391-12-26
3/17/2013,4200,4260,4190,4220,1.67581E+12,397108047,437,4267,4221,1391-12-27
3/18/2013,4250,4388,4230,4299,29193369648,6772449,1126,4220,4388,1391-12-28
3/25/2013,4470,4470,4470,4470,50394838110,11274013,315,4299,4470,1392-01-05
3/26/2013,4648,4648,4558,4634,42955967844,9270526,1131,4470,4610,1392-01-06
3/27/2013,4630,4630,4490,4576,23086002164,5078018,815,4634,4500,1392-01-07
3/30/2013,4500,4535,4419,4535,14763963325,3296359,668,4576,4520,1392-01-10
3/31/2013,4524,4579,4500,4536,11464270963,2525712,457,4535,4530,1392-01-11
4/3/2013,4496,4496,4360,4494,11012492272,2499661,557,4536,4402,1392-01-14
4/6/2013,4421,4455,4315,4432,14165179261,3259583,746,4494,4335,1392-01-17
4/7/2013,4385,4385,4280,4398,9541022262,2212861,578,4432,4336,1392-01-18
4/8/2013,4300,4417,4280,4351,20026320050,4635708,795,4398,4310,1392-01-19
4/9/2013,4300,4400,4300,4347,62177656522,14304820,675,4351,4336,1392-01-20
4/10/2013,4340,4340,4277,4298,39586073368,9209687,828,4347,4301,1392-01-21
4/13/2013,4260,4277,4200,4222,29542284031,7010571,704,4298,4277,1392-01-24
4/15/2013,4174,4340,4174,4254,18204931599,4253015,546,4222,4282,1392-01-26
4/16/2013,4283,4310,4240,4261,33183174294,7787362,779,4254,4260,1392-01-27
4/17/2013,4261,4265,4198,4235,25600204682,6055000,668,4261,4220,1392-01-28
4/20/2013,4220,4220,4082,4135,29133282345,7062357,841,4235,4100,1392-01-31
4/21/2013,4100,4300,4068,4153,23742145087,5708776,789,4135,4190,1392-02-01
4/22/2013,4200,4319,4200,4312,35031339091,8124532,564,4153,4319,1392-02-02
4/23/2013,4470,4484,4413,4481,35451644163,7911315,555,4312,4484,1392-02-03
4/24/2013,4590,4590,4368,4441,33907639193,7636381,1239,4481,4371,1392-02-04
4/27/2013,4371,4438,4302,4411,22593378314,5140081,728,4441,4420,1392-02-07
4/28/2013,4401,4489,4356,4409,30228384402,6857189,777,4411,4401,1392-02-08
4/29/2013,4420,4577,4420,4514,80676277051,17873925,1135,4409,4550,1392-02-09
4/30/2013,4573,4610,4451,4496,37128833831,8257638,841,4514,4460,1392-02-10
5/1/2013,4470,4540,4470,4507,44609696334,9898567,971,4496,4494,1392-02-11
5/4/2013,4603,4687,4603,4682,54968449296,11739782,613,4507,4687,1392-02-14
5/5/2013,4869,4869,4560,4774,1.08511E+11,22727829,1766,4682,4725,1392-02-15
5/6/2013,4700,4740,4613,4687,47558334169,10147367,970,4774,4682,1392-02-16
5/7/2013,4730,4730,4500,4603,20707808411,4557204,701,4687,4600,1392-02-17
5/8/2013,4552,4590,4440,4502,46516409021,10331677,763,4603,4500,1392-02-18
5/11/2013,4451,4680,4451,4632,44963822060,9706444,877,4502,4600,1392-02-21
5/12/2013,4770,4770,4488,4636,29763755529,6419324,703,4632,4530,1392-02-22
5/13/2013,4540,4540,4451,4553,18999307869,4236867,496,4636,4451,1392-02-23
5/14/2013,4450,4450,4371,4446,20835417213,4758361,661,4553,4381,1392-02-24
5/15/2013,4400,4550,4280,4365,25236383127,5817939,701,4446,4310,1392-02-25
5/18/2013,4350,4350,4191,4251,21754043472,5185016,564,4365,4191,1392-02-28
5/19/2013,4100,4340,4100,4234,11030138021,2625777,382,4251,4302,1392-02-29
5/20/2013,4299,4376,4250,4243,4614709088,1074114,386,4234,4280,1392-02-30
5/21/2013,4281,4359,4200,4251,10084543288,2361767,453,4243,4310,1392-02-31
5/22/2013,4250,4310,4150,4255,7693069075,1802244,361,4251,4300,1392-03-01
5/25/2013,4300,4425,4293,4290,7528497161,1705624,291,4255,4425,1392-03-04
5/26/2013,4459,4459,4360,4322,9344709632,2121155,426,4290,4370,1392-03-05
5/27/2013,4398,4400,4193,4267,24808892741,5838055,726,4322,4300,1392-03-06
5/28/2013,4330,4380,4260,4279,8272956021,1916548,366,4267,4360,1392-03-07
5/29/2013,4350,4450,4345,4400,27086880189,6110450,602,4279,4450,1392-03-08
6/1/2013,4576,4576,4400,4434,13645891870,3041062,620,4400,4430,1392-03-11
6/2/2013,4455,4550,4435,4454,10246796677,2275233,424,4434,4479,1392-03-12
6/3/2013,4502,4509,4431,4456,8137692267,1823223,448,4454,4458,1392-03-13
6/8/2013,4480,4480,4351,4436,9672101309,2205806,345,4456,4353,1392-03-18
6/9/2013,4400,4447,4360,4425,10735149791,2438639,341,4436,4410,1392-03-19
6/10/2013,4410,4500,4405,4432,7452134946,1671005,294,4425,4462,1392-03-20
6/11/2013,4486,4609,4470,4522,24529066047,5377176,693,4432,4609,1392-03-21
6/12/2013,4702,4702,4632,4698,67993072718,14471775,1207,4522,4702,1392-03-22
6/15/2013,4885,4885,4885,4728,6133918640,1255664,111,4698,4885,1392-03-25
6/16/2013,4917,4917,4917,4853,25110932154,5106962,196,4728,4917,1392-03-26
6/17/2013,5047,5047,4980,5044,3.08573E+11,61177395,3690,4853,5047,1392-03-27
6/18/2013,5050,5150,4980,5043,75234647948,14919792,1673,5044,5020,1392-03-28
6/19/2013,5000,5000,4920,4980,30137184384,6072871,962,5043,4964,1392-03-29
6/22/2013,4880,4900,4781,4795,76638131698,15984106,1593,4980,4782,1392-04-01
6/23/2013,4709,4850,4700,4785,33901034613,7086772,998,4795,4805,1392-04-02
6/25/2013,4813,4976,4777,4899,39400045385,8042229,1174,4785,4940,1392-04-04
6/26/2013,5045,5045,4890,4979,36932477310,7412429,1050,4899,4960,1392-04-05
6/29/2013,5040,5171,5000,5102,58063668427,11380243,1348,4979,5170,1392-04-08
6/30/2013,5190,5306,5120,5297,1.48346E+11,28007637,2493,5102,5306,1392-04-09
7/1/2013,5380,5500,5230,5337,62684114253,11745911,1423,5297,5240,1392-04-10
7/2/2013,5180,5230,5124,5159,96233713777,18654872,1708,5337,5130,1392-04-11
7/3/2013,5050,5198,5021,5113,90338506149,17667453,2535,5159,5103,1392-04-12
7/6/2013,5131,5317,5131,5283,1.19944E+11,22704720,1559,5113,5317,1392-04-15
7/7/2013,5350,5364,5100,5209,62853340606,12065624,1406,5283,5206,1392-04-16
7/8/2013,5162,5200,5090,5160,33239814143,6453461,834,5209,5150,1392-04-17
7/9/2013,5103,5180,4980,5103,31974870856,6282424,908,5160,5067,1392-04-18
7/10/2013,5142,5290,5080,5155,52484654257,10182165,998,5103,5111,1392-04-19
7/13/2013,5150,5150,5000,5074,29751307974,5893325,825,5155,5050,1392-04-22
7/14/2013,5074,5074,4941,4990,37897826296,7597664,741,5074,5000,1392-04-23
7/15/2013,5020,5070,4962,4989,25016161447,5014125,864,4990,4972,1392-04-24
7/16/2013,5000,5048,4972,4999,1.42538E+11,28511163,1930,4989,5020,1392-04-25
7/28/2013,3590,3590,3581,3590,51418555032,14323744,744,3233,3582,1392-05-06
7/29/2013,3680,3733,3601,3712,71556185703,19276853,1390,3590,3733,1392-05-07
7/31/2013,3860,3860,3860,3860,38797427420,10051147,319,3712,3860,1392-05-09
8/3/2013,3980,4013,3840,3937,1.33794E+11,33981232,3820,3860,3889,1392-05-12
8/4/2013,3900,3929,3780,3842,38793704225,10098002,1519,3937,3790,1392-05-13
8/5/2013,3850,3850,3720,3807,16856839229,4457936,793,3842,3780,1392-05-14
8/6/2013,3800,3930,3720,3880,29814953092,7682996,1156,3807,3880,1392-05-15
8/7/2013,3929,3988,3790,3855,54922803829,14245885,1701,3880,3800,1392-05-16
8/11/2013,3890,3950,3806,3866,27127895106,7015193,1282,3855,3818,1392-05-20
8/12/2013,3864,3864,3753,3822,16510599570,4358280,1039,3866,3820,1392-05-21
8/13/2013,3830,3830,3700,3755,25976972072,6932357,1226,3822,3700,1392-05-22
8/14/2013,3737,3797,3670,3732,17718691510,4765486,975,3755,3709,1392-05-23
8/17/2013,3765,3830,3650,3707,28061539758,7571980,1291,3732,3698,1392-05-26
8/18/2013,3700,3740,3633,3686,25815368187,7008246,922,3707,3650,1392-05-27
8/19/2013,3688,3716,3650,3690,17443852044,4724259,862,3686,3686,1392-05-28
8/20/2013,3700,3700,3630,3676,11352559885,3106473,575,3690,3640,1392-05-29
8/21/2013,3651,3658,3628,3659,13672659649,3754345,594,3676,3650,1392-05-30
8/24/2013,3650,3650,3602,3648,10496161398,2892649,767,3659,3627,1392-06-02
8/25/2013,3630,3633,3598,3625,15326274349,4250999,842,3648,3598,1392-06-03
8/26/2013,3580,3599,3535,3593,15781023145,4420854,701,3625,3590,1392-06-04
8/27/2013,3580,3720,3450,3549,25963494620,7319953,1183,3593,3470,1392-06-05
8/28/2013,3410,3460,3408,3408,31952178440,9374565,661,3549,3408,1392-06-06
8/31/2013,3380,3544,3380,3482,21327950736,6090255,913,3408,3500,1392-06-09
9/1/2013,3525,3621,3525,3570,20080940943,5570391,942,3482,3621,1392-06-10
9/3/2013,3696,3696,3550,3595,16608868843,4597672,757,3570,3552,1392-06-12
9/4/2013,3480,3480,3452,3567,5351076652,1549089,221,3595,3452,1392-06-13
9/7/2013,3425,3430,3425,3487,15009090951,4381904,526,3567,3425,1392-06-16
9/8/2013,3400,3495,3400,3460,20548801770,5952277,717,3487,3470,1392-06-17
9/9/2013,3546,3546,3458,3472,9118623100,2609113,499,3460,3480,1392-06-18
9/10/2013,3595,3610,3570,3510,7764047755,2151976,195,3472,3610,1392-06-19
9/11/2013,3650,3650,3650,3650,34560426500,9468610,573,3510,3650,1392-06-20
9/14/2013,3740,3740,3550,3644,12803897151,3520357,651,3650,3650,1392-06-23
9/15/2013,3679,3750,3601,3667,17536864087,4763824,690,3644,3620,1392-06-24
9/16/2013,3620,3660,3574,3650,8920372036,2468046,405,3667,3626,1392-06-25
9/17/2013,3649,3710,3620,3654,7987332730,2178796,478,3650,3630,1392-06-26
9/18/2013,3740,3740,3681,3686,18708762169,5052861,707,3654,3699,1392-06-27
9/21/2013,3710,3740,3655,3704,23154018215,6242842,921,3686,3667,1392-06-30
9/22/2013,3685,3685,3569,3681,8785627753,2419320,560,3704,3650,1392-06-31
9/23/2013,3669,3746,3650,3696,24915249944,6737350,929,3681,3695,1392-07-01
9/24/2013,3714,3714,3685,3696,13225286241,3578054,485,3696,3700,1392-07-02
9/25/2013,3720,3740,3645,3695,16765321416,4537839,658,3696,3650,1392-07-03
9/28/2013,3750,3750,3673,3705,29114988503,7857600,886,3695,3695,1392-07-06
9/29/2013,3740,3740,3660,3710,24825495015,6689959,786,3705,3733,1392-07-07
9/30/2013,3703,3858,3703,3834,65454951073,17073342,1621,3710,3858,1392-07-08
10/1/2013,3901,3987,3851,3936,55024984270,13981611,1661,3834,3960,1392-07-09
10/2/2013,3960,3991,3880,3936,28643207384,7277520,1096,3936,3940,1392-07-10
10/5/2013,3960,3980,3880,3928,20048447167,5110006,733,3936,3950,1392-07-13
10/6/2013,3851,4025,3851,3953,25851778393,6531833,1027,3928,3983,1392-07-14
10/7/2013,3990,3997,3911,3946,19063406924,4835510,613,3953,3930,1392-07-15
10/8/2013,3910,3970,3890,3921,29768615905,7593229,664,3946,3917,1392-07-16
10/9/2013,3900,4000,3871,3913,1.44631E+12,369647413,1057,3921,3970,1392-07-17
10/12/2013,3940,4069,3920,4069,1.49459E+12,367353866,797,3913,4069,1392-07-20
10/13/2013,4231,4231,4133,4224,8.50274E+11,201292316,1893,4069,4190,1392-07-21
10/14/2013,4280,4392,4160,4317,5.84025E+11,135299839,2435,4224,4370,1392-07-22
10/15/2013,4370,4489,4370,4481,81771202285,18246906,1219,4317,4489,1392-07-23
10/19/2013,4660,4660,4522,4655,1.3519E+11,29044462,1672,4481,4567,1392-07-27
10/20/2013,4500,4687,4469,4556,69421991308,15236816,1724,4655,4560,1392-07-28
10/21/2013,4719,4735,4650,4697,96792660269,20608525,1698,4556,4650,1392-07-29
10/22/2013,4700,4700,4510,4592,24261982916,5339147,1050,4697,4530,1392-07-30
10/23/2013,4549,4700,4409,4580,39249993286,8569511,1041,4592,4660,1392-08-01
10/26/2013,4676,4700,4560,4639,67027530173,14447384,1485,4580,4561,1392-08-04
10/27/2013,4561,4562,4454,4485,31801029230,7112016,856,4639,4500,1392-08-05
10/28/2013,4490,4550,4470,4490,16700440943,3714642,522,4485,4550,1392-08-06
10/29/2013,4490,4555,4413,4482,16787943748,3752230,668,4490,4455,1392-08-07
10/30/2013,4470,4524,4450,4483,17605868349,3926819,523,4482,4461,1392-08-08
11/2/2013,4460,4465,4400,4461,16948432722,3819169,583,4483,4410,1392-08-11
11/3/2013,4440,4440,4377,4407,28903875653,6572470,690,4461,4380,1392-08-12
11/4/2013,4362,4380,4340,4389,12423472193,2851168,489,4407,4347,1392-08-13
11/5/2013,4390,4440,4373,4390,16602365106,3781275,550,4389,4380,1392-08-14
11/6/2013,4399,4420,4360,4388,16940309809,3861500,605,4390,4368,1392-08-15
11/9/2013,4400,4439,4332,4369,18537007415,4258374,762,4388,4348,1392-08-18
11/10/2013,4321,4322,4195,4267,24000103392,5673617,842,4369,4229,1392-08-19
11/11/2013,4205,4265,4172,4216,24163457285,5754889,1064,4267,4199,1392-08-20
11/12/2013,4211,4357,4180,4232,19890527110,4687689,799,4216,4300,1392-08-21
11/16/2013,4350,4401,4250,4293,20623201620,4761046,965,4232,4292,1392-08-25
11/17/2013,4370,4370,4280,4293,10417992740,2427126,483,4293,4287,1392-08-26
11/18/2013,4290,4464,4280,4350,18539457560,4215736,670,4293,4464,1392-08-27
11/19/2013,4524,4524,4400,4474,50238816378,11229274,1885,4350,4498,1392-08-28
11/20/2013,4542,4542,4423,4468,14148067254,3171858,464,4474,4440,1392-08-29
11/23/2013,4499,4538,4372,4472,27428384438,6131568,737,4468,4400,1392-09-02
11/24/2013,4455,4486,4350,4421,26168163101,5939843,1114,4472,4410,1392-09-03
11/25/2013,4418,4418,4280,4331,35697972785,8241741,1476,4421,4291,1392-09-04
11/26/2013,4340,4349,4246,4287,23765496281,5566183,1043,4331,4250,1392-09-05
11/27/2013,4270,4365,4212,4270,67818650887,15883419,1628,4287,4260,1392-09-06
11/30/2013,4251,4360,4237,4318,39287663278,9099342,1173,4270,4350,1392-09-09
12/1/2013,4330,4490,4330,4488,1.50222E+11,33475054,2060,4318,4487,1392-09-10
12/2/2013,4535,4565,4400,4497,42286835770,9402475,1647,4488,4450,1392-09-11
12/3/2013,4559,4560,4380,4491,19032069912,4242279,840,4497,4430,1392-09-12
12/4/2013,4361,4480,4325,4426,17196184731,3940964,982,4491,4330,1392-09-13
12/7/2013,4399,4399,4297,4369,19433162254,4490561,878,4426,4321,1392-09-16
12/8/2013,4299,4465,4261,4359,46946862810,10769352,1310,4369,4350,1392-09-17
12/9/2013,4450,4500,4380,4437,43823266159,9877723,1262,4359,4430,1392-09-18
12/10/2013,4479,4614,4479,4600,83288070611,18106317,1709,4437,4614,1392-09-19
12/11/2013,4689,4689,4510,4590,33356162447,7268591,1274,4600,4530,1392-09-20
12/14/2013,4407,4599,4407,4472,34057816419,7618600,919,4590,4460,1392-09-23
12/15/2013,4500,4650,4499,4612,54931305082,11911278,1155,4472,4650,1392-09-24
12/16/2013,4796,4796,4780,4796,1.49812E+11,31236972,1250,4612,4796,1392-09-25
12/17/2013,4850,4850,4630,4722,52252366638,11065284,1535,4796,4681,1392-09-26
12/18/2013,4651,4797,4534,4602,69454188440,15092779,1837,4722,4534,1392-09-27
12/21/2013,4501,4600,4422,4469,68695826610,15370751,1519,4602,4440,1392-09-30
12/22/2013,4500,4520,4396,4420,2.67607E+11,60546016,2828,4469,4400,1392-10-01
12/24/2013,4500,4596,4471,4577,1.47319E+11,32186832,1476,4420,4596,1392-10-03
12/25/2013,4760,4760,4760,4719,28523214720,5992272,274,4577,4760,1392-10-04
12/28/2013,4907,4907,4810,4905,3.64586E+11,74324534,4961,4719,4900,1392-10-07
12/29/2013,4899,4899,4730,4797,51775449045,10794157,1856,4905,4735,1392-10-08
12/30/2013,4741,4850,4710,4810,48954477735,10178082,1246,4797,4800,1392-10-09
1/1/2014,4870,4870,4725,4814,37297090759,7745000,965,4810,4725,1392-10-11
1/4/2014,4841,5006,4732,4940,75350705050,15253701,1715,4814,5006,1392-10-14
1/5/2014,5022,5121,4940,5050,62072239588,12292364,1613,4940,5100,1392-10-15
1/6/2014,5125,5200,5010,5094,33758929503,6591199,1277,5050,5130,1392-10-16
1/7/2014,5161,5170,4976,5022,47762160407,9529044,1391,5094,5007,1392-10-17
1/8/2014,5000,5029,4923,4992,58740027639,11767171,5395,5022,4999,1392-10-18
1/11/2014,5030,5155,4972,5024,1.74047E+11,34639918,3109,4992,5000,1392-10-21
1/12/2014,4910,4980,4824,4838,52200254709,10789353,944,5024,4950,1392-10-22
1/13/2014,4932,5006,4900,4919,68089259554,13842907,908,4838,4910,1392-10-23
1/14/2014,4998,4998,4781,4896,23160592668,4759418,679,4919,4860,1392-10-24
1/15/2014,4810,4898,4720,4779,55100333755,11529622,755,4896,4800,1392-10-25
1/18/2014,4703,4840,4674,4767,15167186575,3201520,538,4779,4700,1392-10-28
1/20/2014,4650,4740,4577,4693,20372190048,4441394,403,4767,4577,1392-10-30
1/21/2014,4600,4800,4520,4680,22734893225,4874840,655,4693,4560,1392-11-01
1/22/2014,4561,4599,4493,4574,29562709269,6560433,780,4680,4493,1392-11-02
1/25/2014,4450,4698,4440,4577,27039708494,5905074,701,4574,4480,1392-11-05
1/26/2014,4500,4577,4394,4498,22834889635,5175412,694,4577,4394,1392-11-06
1/27/2014,4322,4449,4319,4394,28977086147,6691727,760,4498,4399,1392-11-07
1/28/2014,4402,4549,4401,4406,7711941791,1724613,420,4394,4430,1392-11-08
1/29/2014,4433,4582,4406,4454,22024591473,4881187,844,4406,4582,1392-11-09
2/1/2014,4591,4630,4500,4503,17889742867,3896724,748,4454,4550,1392-11-12
2/2/2014,4589,4589,4350,4481,11284922147,2559953,555,4503,4390,1392-11-13
2/3/2014,4410,4449,4350,4463,9360843126,2132355,384,4481,4448,1392-11-14
2/4/2014,4411,4441,4303,4429,13288350404,3060418,595,4463,4350,1392-11-15
2/5/2014,4260,4330,4252,4387,11216217479,2635652,465,4429,4252,1392-11-16
2/8/2014,4212,4250,4212,4212,70941172526,16841252,728,4387,4212,1392-11-19
2/9/2014,4085,4370,4085,4369,1.59252E+12,364471314,564,4212,4365,1392-11-20
2/10/2014,4369,4380,4210,4369,1.68679E+12,386119797,1106,4369,4297,1392-11-21
2/12/2014,4221,4221,4195,4331,9967599550,2375230,295,4369,4195,1392-11-23
2/15/2014,4161,4369,4158,4322,6092070623,1429561,358,4331,4200,1392-11-26
2/16/2014,4260,4470,4202,4337,11018723562,2512858,664,4322,4400,1392-11-27
2/17/2014,4360,4467,4250,4359,18548589753,4222183,1189,4337,4359,1392-11-28
2/18/2014,4280,4281,4185,4322,11559362494,2744734,676,4359,4274,1392-11-29
2/19/2014,4250,4370,4201,4315,17037048964,3960291,821,4322,4315,1392-11-30
2/22/2014,4300,4350,4260,4314,13638871777,3163778,635,4315,4314,1392-12-03
2/23/2014,4251,4280,4188,4287,11916170841,2829974,804,4314,4200,1392-12-04
2/24/2014,4175,4175,4120,4238,13821996281,3346587,758,4287,4150,1392-12-05
2/25/2014,4110,4111,4069,4196,11370468984,2790658,655,4238,4069,1392-12-06
2/26/2014,4029,4105,4029,4154,12212733566,3019661,791,4196,4060,1392-12-07
3/1/2014,4001,4160,4001,4136,9938528116,2438524,574,4154,4110,1392-12-10
3/2/2014,4028,4100,3990,4103,11975467786,2982487,688,4136,4009,1392-12-11
3/3/2014,4000,4000,3939,4062,11237593410,2845520,576,4103,3939,1392-12-12
3/4/2014,3910,4040,3900,4043,8454174339,2133048,485,4062,3997,1392-12-13
3/5/2014,3979,4099,3960,4041,11124783814,2756116,617,4043,4041,1392-12-14
3/8/2014,4060,4060,3950,4032,30773553823,7638241,436,4041,4029,1392-12-17
3/9/2014,3950,3969,3901,4013,7818758220,1990993,372,4032,3910,1392-12-18
3/10/2014,3900,3958,3900,3995,8016225601,2047297,347,4013,3942,1392-12-19
3/11/2014,3911,3950,3881,3981,6910648041,1768273,449,3995,3917,1392-12-20
3/12/2014,3876,4095,3840,3968,57172642434,14407619,677,3981,3990,1392-12-21
3/15/2014,3950,4126,3950,4081,1.03342E+11,25325646,1085,3968,4126,1392-12-24
3/16/2014,4170,4244,4150,4153,1.2227E+12,294436057,1031,4081,4244,1392-12-25
3/17/2014,4287,4319,4202,4314,51905076291,12032571,941,4153,4319,1392-12-26
3/18/2014,4325,4400,4229,4339,2.24964E+12,518443000,642,4314,4255,1392-12-27
3/19/2014,4300,4338,4230,4323,12554684151,2932433,600,4339,4300,1392-12-28
3/25/2014,4349,4349,4280,4320,4511379501,1050613,238,4323,4281,1393-01-05
3/26/2014,4309,4309,4171,4306,4960787321,1183230,206,4320,4190,1393-01-06
3/29/2014,4190,4230,4135,4296,3724721114,889408,272,4306,4230,1393-01-09
3/30/2014,4181,4284,4142,4292,4689848819,1102556,281,4296,4280,1393-01-10
3/31/2014,4290,4294,4180,4281,11033707461,2599289,351,4292,4200,1393-01-11
4/5/2014,4240,4240,4150,4260,9895528902,2365684,381,4281,4170,1393-01-16
4/6/2014,4136,4160,4090,4213,13620386720,3316797,463,4260,4120,1393-01-17
4/7/2014,4101,4190,4080,4199,6557372648,1592575,479,4213,4094,1393-01-18
4/8/2014,4100,4186,4089,4178,12071875274,2929708,376,4199,4106,1393-01-19
4/9/2014,4137,4178,4081,4178,1.51154E+12,361816894,348,4178,4127,1393-01-20
4/12/2014,4100,4143,4020,4148,8852420895,2195652,419,4178,4031,1393-01-23
4/13/2014,4014,4148,3992,4146,1.5167E+12,365835340,721,4148,4037,1393-01-24
4/14/2014,4000,4050,3981,4033,37153460578,9254751,924,4146,4010,1393-01-25
4/15/2014,3900,4020,3900,3991,26058571660,6572960,787,4033,4000,1393-01-26
4/16/2014,4018,4085,3980,4003,14165511877,3515574,459,3991,3981,1393-01-27
4/19/2014,4000,4000,3845,3991,5416060154,1384706,297,4003,3955,1393-01-30
4/20/2014,4040,4110,4031,4019,16647818142,4095961,347,3991,4070,1393-01-31
4/21/2014,4060,4179,4050,4164,69751916109,16750846,792,4019,4179,1393-02-01
4/22/2014,4290,4330,4233,4316,74076851241,17165137,1514,4164,4233,1393-02-02
4/23/2014,4316,4344,4160,4318,65344822633,15132847,1227,4316,4317,1393-02-03
4/26/2014,4320,4490,4320,4480,56871316829,12695783,1232,4318,4486,1393-02-06
4/27/2014,4560,4560,4330,4446,20372628151,4629231,807,4480,4331,1393-02-07
4/28/2014,4330,4453,4276,4402,50892210772,11562361,742,4446,4400,1393-02-08
4/29/2014,4390,4438,4300,4385,17454089426,4006732,451,4402,4330,1393-02-09
4/30/2014,4300,4380,4300,4376,10297095146,2370312,401,4385,4350,1393-02-10
5/3/2014,4380,4380,4270,4361,10657019811,2472307,399,4376,4302,1393-02-13
5/4/2014,4367,4377,4281,4355,9041442363,2089042,416,4361,4325,1393-02-14
5/5/2014,4349,4398,4300,4357,13402743323,3072850,369,4355,4367,1393-02-15
5/6/2014,4370,4397,4310,4372,68776061907,15729992,628,4357,4351,1393-02-16
5/7/2014,4379,4379,4304,4366,9118744247,2101043,246,4372,4338,1393-02-17
5/10/2014,4334,4349,4282,4355,8148678155,1893142,305,4366,4290,1393-02-20
5/11/2014,4285,4299,4183,4341,5409747861,1275952,297,4355,4232,1393-02-21
5/12/2014,4200,4250,4170,4323,6179849938,1469606,360,4341,4210,1393-02-22
5/14/2014,4310,4310,4172,4299,13551362486,3193717,371,4323,4300,1393-02-24
5/17/2014,4180,4263,4160,4277,9688674333,2308107,319,4299,4263,1393-02-27
5/18/2014,4279,4279,4157,4249,17216383493,4094808,744,4277,4170,1393-02-28
5/19/2014,4200,4246,4150,4225,13027940057,3126735,365,4249,4151,1393-02-29
5/20/2014,4240,4290,4240,4260,43379519935,10178652,691,4225,4252,1393-02-30
5/21/2014,4290,4294,4252,4289,1.87397E+11,43689185,403,4260,4260,1393-02-31
5/24/2014,4292,4292,4200,4281,5653727547,1337479,215,4289,4222,1393-03-03
5/25/2014,4210,4278,4168,4271,1.14787E+11,26878822,766,4281,4180,1393-03-04
5/26/2014,4180,4180,4130,4238,12103328678,2916079,427,4271,4150,1393-03-05
5/28/2014,4120,4169,4120,4223,7930163310,1909181,342,4238,4160,1393-03-07
5/31/2014,4200,4200,4116,4199,23550532441,5638023,431,4223,4117,1393-03-10
6/1/2014,4167,4167,4033,4181,6952034478,1701718,317,4199,4090,1393-03-11
6/2/2014,4150,4154,4081,4166,8142455195,1986649,377,4181,4082,1393-03-12
6/3/2014,4150,4179,4073,4157,5995060594,1461952,287,4166,4073,1393-03-13
6/7/2014,4140,4140,4050,4144,6342752085,1559813,338,4157,4056,1393-03-17
6/8/2014,4100,4100,4001,4131,4906919097,1217450,279,4144,4040,1393-03-18
6/9/2014,4049,4049,4006,4117,5369289466,1335230,281,4131,4006,1393-03-19
6/10/2014,4035,4039,4002,4107,4665355013,1160710,229,4117,4010,1393-03-20
6/11/2014,4091,4099,3943,4060,16560672461,4156717,475,4107,3944,1393-03-21
6/14/2014,4040,4070,3898,4023,11451568603,2919046,405,4060,3898,1393-03-24
6/15/2014,3980,3980,3865,3997,8484266100,2178869,332,4023,3900,1393-03-25
6/16/2014,3900,3990,3885,3981,8294657891,2118330,373,3997,3900,1393-03-26
6/17/2014,3949,3949,3822,3947,13956814659,3597074,325,3981,3826,1393-03-27
6/18/2014,3851,3930,3850,3929,12852420934,3304563,360,3947,3928,1393-03-28
6/21/2014,3950,4050,3930,3947,13528546565,3394793,486,3929,4015,1393-03-31
6/22/2014,4020,4104,3996,4010,26496368532,6541512,585,3947,4104,1393-04-01
6/23/2014,4066,4090,4000,4017,14816123176,3676580,349,4010,4000,1393-04-02
6/24/2014,4050,4099,3952,4055,32115424289,7891802,484,4017,3952,1393-04-03
6/25/2014,4050,4080,3893,4028,37447253181,9306858,724,4055,3979,1393-04-04
6/28/2014,3990,3990,3867,4013,5530250660,1413407,323,4028,3880,1393-04-07
6/29/2014,3880,3880,3853,3997,4310618782,1117674,154,4013,3853,1393-04-08
6/30/2014,3838,3858,3838,3962,9236656068,2406399,194,3997,3838,1393-04-09
7/1/2014,3804,3959,3804,3943,10993765446,2827114,320,3962,3933,1393-04-10
7/2/2014,3890,3949,3890,3937,8933372365,2280948,361,3943,3912,1393-04-11
7/5/2014,3980,4094,3980,4015,23558795231,5770698,744,3937,4080,1393-04-14
7/6/2014,4080,4098,3889,4005,6996854763,1769199,352,4015,3899,1393-04-15
7/7/2014,3920,3938,3880,3985,7988126218,2049164,296,4005,3926,1393-04-16
7/8/2014,3901,4078,3900,3994,12220723268,3043357,477,3985,4001,1393-04-17
7/9/2014,4035,4068,3921,3993,11847657706,2968157,373,3994,4040,1393-04-18
7/12/2014,4050,4090,4011,4009,8942263320,2197069,452,3993,4059,1393-04-21
7/13/2014,4080,4090,4010,4027,17236254784,4251038,580,4009,4080,1393-04-22
7/14/2014,4090,4090,4040,4039,17006089026,4192004,496,4027,4050,1393-04-23
7/15/2014,4021,4060,3879,3970,35797002717,9046767,1207,4039,3900,1393-04-24
7/23/2014,3350,3399,3330,3356,9579417033,2854596,270,3310,3340,1393-05-01
7/26/2014,3389,3430,3360,3366,12773018301,3774353,484,3356,3370,1393-05-04
7/27/2014,3420,3420,3350,3366,6290133682,1870314,273,3366,3367,1393-05-05
7/28/2014,3371,3372,3335,3362,9248273443,2758895,603,3366,3350,1393-05-06
8/10/2014,2759,2759,2660,2736,11725708679,4285245,245,2670,2750,1393-05-19
8/11/2014,2736,2740,2681,2737,2.83639E+11,103638282,568,2736,2685,1393-05-20
8/12/2014,2700,2740,2680,2730,21363617215,7831770,439,2737,2690,1393-05-21
8/13/2014,2700,2700,2637,2718,4825223338,1815622,365,2730,2640,1393-05-22
8/16/2014,2680,2680,2610,2690,7947531205,3036092,358,2718,2610,1393-05-25
8/17/2014,2640,2640,2583,2671,5747700513,2214874,471,2690,2599,1393-05-26
8/18/2014,2600,2650,2567,2659,4560352672,1756704,269,2671,2573,1393-05-27
8/19/2014,2590,2700,2553,2655,27831280227,10483090,599,2659,2607,1393-05-28
8/20/2014,2650,2650,2551,2646,3087713363,1200332,263,2655,2556,1393-05-29
8/23/2014,2570,2680,2541,2616,20110310464,7722800,513,2646,2542,1393-06-01
8/24/2014,2577,2577,2512,2560,15964482480,6334137,509,2616,2518,1393-06-02
8/25/2014,2558,2558,2468,2547,4721126135,1897050,382,2560,2476,1393-06-03
8/26/2014,2529,2529,2490,2537,5996703938,2397161,384,2547,2490,1393-06-04
8/27/2014,2538,2580,2480,2529,7318526974,2917618,357,2537,2498,1393-06-05
8/30/2014,2540,2540,2474,2525,2892207816,1159328,254,2529,2480,1393-06-08
8/31/2014,2525,2525,2436,2515,4925948479,1991871,263,2525,2458,1393-06-09
9/1/2014,2489,2498,2450,2510,3647855305,1470132,235,2515,2470,1393-06-10
9/2/2014,2470,2489,2430,2502,4030014176,1641014,294,2510,2446,1393-06-11
9/3/2014,2450,2502,2421,2496,17586998147,7054735,856,2502,2470,1393-06-12
9/6/2014,2515,2515,2470,2498,7596166381,3036167,371,2496,2480,1393-06-15
9/7/2014,2500,2590,2470,2524,14101226596,5530869,710,2498,2577,1393-06-16
9/8/2014,2580,2610,2550,2562,27883328225,10883313,538,2524,2587,1393-06-17
9/9/2014,2580,2637,2520,2599,57298724806,22046889,608,2562,2575,1393-06-18
9/10/2014,2560,2600,2501,2595,4000926625,1556403,218,2599,2570,1393-06-19
9/13/2014,2600,2600,2492,2585,4358747769,1721569,311,2595,2500,1393-06-22
9/14/2014,2593,2595,2482,2562,9790342796,3882939,475,2585,2550,1393-06-23
9/15/2014,2549,2550,2513,2558,3458825027,1368060,190,2562,2539,1393-06-24
9/16/2014,2550,2550,2500,2555,2635705635,1041626,245,2558,2500,1393-06-25
9/17/2014,2547,2547,2500,2551,3099912332,1228194,223,2555,2529,1393-06-26
9/20/2014,2548,2548,2519,2549,2245790029,887889,265,2551,2522,1393-06-29
9/21/2014,2550,2550,2500,2545,4304728037,1705697,315,2549,2504,1393-06-30
9/22/2014,2549,2549,2506,2543,4086715716,1614170,216,2545,2520,1393-06-31
9/23/2014,2544,2544,2500,2539,3645353142,1449499,206,2543,2504,1393-07-01
9/24/2014,2520,2520,2500,2536,2855192504,1138037,282,2539,2501,1393-07-02
9/27/2014,2520,2520,2489,2531,4467435449,1784647,355,2536,2494,1393-07-05
9/28/2014,2530,2531,2470,2521,47463226282,18823554,336,2531,2480,1393-07-06
9/29/2014,2522,2522,2470,2513,33217160346,13220336,466,2521,2515,1393-07-07
9/30/2014,2514,2599,2512,2527,9552545270,3741633,465,2513,2580,1393-07-08
10/1/2014,2590,2606,2530,2542,7264438036,2811009,325,2527,2565,1393-07-09
10/4/2014,2599,2599,2560,2548,3927260450,1520835,263,2542,2599,1393-07-12
10/6/2014,2594,2600,2570,2551,2621740174,1014629,177,2548,2580,1393-07-14
10/7/2014,2562,2596,2550,2553,59863363947,23450173,228,2551,2551,1393-07-15
10/8/2014,2587,2587,2540,2553,5318416108,2081552,328,2553,2553,1393-07-16
10/14/2014,2587,2589,2520,2554,2016647579,787597,160,2553,2520,1393-07-22
10/15/2014,2554,2599,2537,2557,7530381684,2936765,301,2554,2551,1393-07-23
10/18/2014,2560,2644,2540,2569,6938046117,2664091,360,2557,2621,1393-07-26
10/19/2014,2601,2601,2579,2573,4191302593,1615689,222,2569,2601,1393-07-27
10/20/2014,2604,2675,2604,2669,52416314761,19639247,931,2573,2670,1393-07-28
10/21/2014,2700,2728,2626,2674,9515544066,3544955,334,2669,2650,1393-07-29
10/22/2014,2674,2680,2590,2664,7527182283,2853992,333,2674,2638,1393-07-30
10/25/2014,2635,2640,2596,2655,5377251403,2054596,238,2664,2606,1393-08-03
10/26/2014,2655,2670,2616,2654,6803683350,2564934,352,2655,2616,1393-08-04
10/27/2014,2675,2675,2590,2650,5085200673,1933190,288,2654,2630,1393-08-05
10/28/2014,2647,2647,2595,2645,3536639899,1355345,198,2650,2600,1393-08-06
10/29/2014,2630,2630,2597,2630,9883855944,3799744,428,2645,2610,1393-08-07
11/1/2014,2623,2669,2590,2627,14177920075,5404540,605,2630,2595,1393-08-10
11/2/2014,2629,2650,2575,2618,8266625090,3182024,477,2627,2595,1393-08-11
11/5/2014,2610,2619,2580,2612,10528046018,4046102,525,2618,2618,1393-08-14
11/8/2014,2620,2648,2579,2605,18948778646,7283227,632,2612,2583,1393-08-17
11/9/2014,2599,2600,2567,2600,6199518829,2400806,385,2605,2585,1393-08-18
11/10/2014,2598,2598,2567,2592,8779568113,3409539,375,2600,2580,1393-08-19
11/11/2014,2588,2601,2551,2589,10126963075,3920468,490,2592,2577,1393-08-20
11/12/2014,2589,2600,2550,2585,6194008516,2407975,446,2589,2550,1393-08-21
11/15/2014,2580,2580,2500,2574,4364616244,1732991,358,2585,2518,1393-08-24
11/16/2014,2548,2548,2505,2564,4646003282,1847207,371,2574,2516,1393-08-25
11/17/2014,2519,2547,2498,2553,6736490093,2674667,379,2564,2500,1393-08-26
11/18/2014,2529,2529,2470,2535,7931837795,3182110,378,2553,2490,1393-08-27
11/19/2014,2470,2495,2440,2505,10797115239,4384973,484,2535,2450,1393-08-28
11/22/2014,2495,2495,2434,2489,7254383935,2963009,412,2505,2440,1393-09-01
11/23/2014,2463,2541,2460,2490,5643578225,2263071,313,2489,2476,1393-09-02
11/24/2014,2491,2540,2441,2488,15246352705,6133222,629,2490,2441,1393-09-03
11/25/2014,2460,2460,2389,2467,6458570070,2689085,460,2488,2389,1393-09-04
11/26/2014,2401,2444,2369,2418,13259104371,5588721,558,2467,2369,1393-09-05
11/29/2014,2399,2399,2322,2335,22817630945,9808182,663,2418,2322,1393-09-08
11/30/2014,2360,2360,2242,2254,26834630207,11903517,840,2335,2242,1393-09-09
12/1/2014,2252,2343,2244,2324,35590608049,15317141,597,2254,2289,1393-09-10
12/2/2014,2342,2342,2252,2317,3616652277,1590136,314,2324,2268,1393-09-11
12/3/2014,2300,2300,2232,2306,3730299697,1662083,298,2317,2232,1393-09-12
12/6/2014,2250,2373,2215,2343,36327932555,15506602,487,2306,2300,1393-09-15
12/7/2014,2300,2300,2252,2334,3022595225,1329851,251,2343,2252,1393-09-16
12/8/2014,2270,2310,2250,2327,2908423232,1277253,233,2334,2270,1393-09-17
12/9/2014,2270,2298,2234,2295,11710265551,5180032,342,2327,2240,1393-09-18
12/10/2014,2251,2255,2216,2289,2728806136,1219284,201,2295,2216,1393-09-19
12/14/2014,2217,2248,2198,2244,11779182512,5356559,302,2289,2200,1393-09-23
12/15/2014,2195,2195,2155,2201,11502321513,5334608,429,2244,2160,1393-09-24
12/16/2014,2126,2200,2126,2195,3748985946,1734451,217,2201,2135,1393-09-25
12/17/2014,2181,2181,2125,2192,1233103610,577491,155,2195,2126,1393-09-26
12/20/2014,2141,2180,2113,2188,2541147795,1180516,195,2192,2170,1393-09-29
12/22/2014,2190,2219,2180,2189,3642491979,1659025,323,2188,2186,1393-10-01
12/24/2014,2200,2200,2145,2187,1820123088,841693,217,2189,2158,1393-10-03
12/27/2014,2123,2190,2114,2181,3221492343,1502799,255,2187,2189,1393-10-06
12/28/2014,2181,2209,2169,2182,2643920776,1208789,213,2181,2185,1393-10-07
12/29/2014,2182,2243,2182,2191,1.58127E+11,72187222,334,2182,2190,1393-10-08
12/30/2014,2190,2210,2151,2191,4574660105,2086866,281,2191,2190,1393-10-09
12/31/2014,2191,2210,2150,2190,4010608933,1834372,317,2191,2150,1393-10-10
1/3/2015,2190,2200,2151,2189,1742772074,798863,130,2190,2188,1393-10-13
1/4/2015,2199,2199,2158,2188,1142948409,526304,107,2189,2162,1393-10-14
1/5/2015,2180,2210,2170,2188,3096344512,1415931,265,2188,2188,1393-10-15
1/6/2015,2200,2218,2138,2186,3454109871,1590820,214,2188,2164,1393-10-16
1/7/2015,2186,2190,2158,2184,8067709105,3700733,339,2186,2179,1393-10-17
1/10/2015,2175,2184,2097,2149,28726299269,13370205,389,2184,2097,1393-10-20
1/11/2015,2071,2118,2064,2138,2892965016,1400926,211,2149,2095,1393-10-21
1/12/2015,2066,2149,2066,2138,2820115966,1319737,332,2138,2138,1393-10-22
1/13/2015,2120,2120,2071,2135,1455971839,695229,139,2138,2090,1393-10-23
1/14/2015,2101,2101,2076,2133,1150643725,550968,126,2135,2100,1393-10-24
1/17/2015,2100,2100,2081,2125,4300505705,2054202,217,2133,2099,1393-10-27
1/18/2015,2080,2081,2040,2117,2716879207,1320712,234,2125,2042,1393-10-28
1/19/2015,2050,2050,2033,2109,2333641770,1143765,201,2117,2033,1393-10-29
1/20/2015,2050,2050,2025,2104,1422214959,701090,163,2109,2030,1393-10-30
1/21/2015,2049,2049,2020,2100,1182391039,583814,73,2104,2020,1393-11-01
1/24/2015,2016,2016,2016,2094,1429460928,709058,76,2100,2016,1393-11-04
1/25/2015,2011,2011,2011,2089,1250387514,621774,71,2094,2011,1393-11-05
1/26/2015,2006,2006,2006,2084,1219170572,607762,43,2089,2006,1393-11-06
1/27/2015,2001,2001,2001,2063,5591670438,2794438,115,2084,2001,1393-11-07
1/28/2015,1981,2040,1981,2017,15870054972,7934671,740,2063,2006,1393-11-08
1/31/2015,2000,2055,2000,2019,10404173012,5147258,575,2017,2025,1393-11-11
2/1/2015,2038,2039,1992,2033,30066471966,14789563,343,2019,1999,1393-11-12
2/2/2015,2000,2032,1980,2031,1.05484E+11,51929674,236,2033,2000,1393-11-13
2/3/2015,2049,2049,1981,2031,6404688901,3155538,244,2031,2020,1393-11-14
2/4/2015,2010,2031,2001,2030,3018518965,1491590,240,2031,2010,1393-11-15
2/7/2015,2029,2030,1997,2025,6685231024,3330278,325,2030,2000,1393-11-18
2/8/2015,2000,2000,1970,2021,2649287989,1335202,228,2025,1980,1393-11-19
2/9/2015,1990,2005,1941,2014,3358504692,1713540,263,2021,1941,1393-11-20
2/10/2015,1934,1997,1934,2003,6919599934,3519033,297,2014,1950,1393-11-21
2/14/2015,1996,1996,1942,2002,889309306,454037,121,2003,1955,1393-11-25
2/15/2015,1991,1991,1923,1996,3330265113,1710716,219,2002,1932,1393-11-26
2/16/2015,1924,2006,1924,2004,51016659091,25453739,344,1996,1999,1393-11-27
2/17/2015,2005,2006,1950,2002,2671918688,1344713,152,2004,1975,1393-11-28
2/18/2015,1997,2010,1942,2008,74427237095,37069729,221,2002,1942,1393-11-29
2/21/2015,1980,1999,1954,1996,3876332041,1960183,229,2008,1954,1393-12-02
2/22/2015,1970,1979,1917,1947,7644010314,3953017,472,1996,1917,1393-12-03
2/23/2015,1920,1970,1890,1965,32355786130,16469407,221,1947,1910,1393-12-04
2/24/2015,1900,1943,1888,1921,6077020738,3202958,260,1965,1896,1393-12-05
2/25/2015,1900,1910,1849,1859,11315779431,6087351,837,1921,1880,1393-12-06
2/28/2015,1850,1856,1814,1853,4659577440,2523300,229,1859,1844,1393-12-09
3/1/2015,1883,1883,1844,1857,15886683125,8556413,375,1853,1867,1393-12-10
3/2/2015,1852,1909,1852,1868,2851356922,1504343,271,1857,1908,1393-12-11
3/3/2015,1910,1911,1890,1911,80237331957,41996703,293,1868,1910,1393-12-12
3/4/2015,1920,1951,1886,1923,16256744805,8454428,1142,1911,1886,1393-12-13
3/7/2015,1937,1937,1852,1901,3991508384,2136010,253,1923,1868,1393-12-16
3/8/2015,1899,1930,1876,1905,9984309946,5239861,358,1901,1915,1393-12-17
3/9/2015,1920,1925,1900,1911,5822162396,3038896,415,1905,1920,1393-12-18
3/10/2015,1914,1930,1900,1910,5391399785,2824844,293,1911,1900,1393-12-19
3/11/2015,1921,1929,1909,1925,18739237920,9733113,235,1910,1909,1393-12-20
3/14/2015,1924,1930,1850,1896,9356924680,4938648,393,1925,1880,1393-12-23
3/15/2015,1891,1919,1891,1901,4429642394,2323618,323,1896,1900,1393-12-24
3/16/2015,1910,1915,1897,1901,4225157789,2221777,284,1901,1900,1393-12-25
3/17/2015,1920,1923,1896,1902,1276081588,667523,203,1901,1915,1393-12-26
3/18/2015,1920,1977,1908,1920,15186369719,7909237,986,1902,1910,1393-12-27
3/25/2015,1950,1950,1911,1920,2079754812,1083259,188,1920,1920,1394-01-05
3/28/2015,1960,1996,1911,1945,7005990778,3581975,445,1920,1995,1394-01-08
3/29/2015,1999,2022,1996,2018,12195131695,6042766,582,1945,2022,1394-01-09
3/30/2015,2084,2089,2010,2045,7670097715,3730970,466,2018,2035,1394-01-10
3/31/2015,2050,2100,2022,2069,8514844959,4103688,546,2045,2091,1394-01-11
4/4/2015,2151,2151,2151,2151,22991137731,10688581,262,2069,2151,1394-01-15
4/5/2015,2237,2237,2233,2237,98868593409,44197173,2029,2151,2237,1394-01-16
4/6/2015,2290,2300,2162,2239,23126383237,10329716,1121,2237,2215,1394-01-17
4/7/2015,2240,2240,2180,2202,23431846101,10639228,824,2239,2180,1394-01-18
4/8/2015,2190,2230,2150,2187,13041460066,5962208,801,2202,2151,1394-01-19
4/11/2015,2190,2190,2105,2142,14387178873,6717229,523,2187,2120,1394-01-22
4/12/2015,2110,2111,2057,2068,20505043742,9916218,1080,2142,2058,1394-01-23
4/13/2015,2050,2065,2000,2047,4353668711,2150742,280,2068,2048,1394-01-24
4/14/2015,2016,2070,2008,2045,4738421750,2319352,374,2047,2050,1394-01-25
4/15/2015,2050,2075,2030,2056,26155078902,12722999,387,2045,2073,1394-01-26
4/18/2015,2060,2138,2030,2107,20636226437,9793802,997,2056,2130,1394-01-29
4/19/2015,2171,2171,2060,2115,7451530610,3518339,445,2107,2130,1394-01-30
4/20/2015,2102,2149,2065,2099,5923580686,2837668,354,2115,2078,1394-01-31
4/21/2015,2081,2110,2072,2091,4627506696,2222535,276,2099,2110,1394-02-01
4/22/2015,2100,2100,2050,2082,5122086524,2470964,317,2091,2050,1394-02-02
4/25/2015,2082,2082,2040,2066,5801858374,2824528,314,2082,2040,1394-02-05
4/26/2015,2041,2054,2020,2057,2744844495,1350092,224,2066,2040,1394-02-06
4/27/2015,2010,2024,2000,2027,6165139430,3067520,302,2057,2018,1394-02-07
4/28/2015,1981,2000,1981,2011,3904526010,1963363,348,2027,1986,1394-02-08
4/29/2015,2001,2040,1999,2010,4110373028,2046961,289,2011,2037,1394-02-09
5/3/2015,2020,2020,1980,2001,4794925351,2406614,316,2010,1980,1394-02-13
5/4/2015,2000,2000,1970,1995,2798222414,1413722,220,2001,1981,1394-02-14
5/5/2015,1972,1990,1939,1977,5276193531,2688988,263,1995,1940,1394-02-15
5/6/2015,1935,1979,1929,1962,4270381788,2198423,217,1977,1950,1394-02-16
5/9/2015,1944,1950,1890,1936,4564377850,2393974,354,1962,1896,1394-02-19
5/10/2015,1900,1939,1892,1924,3260712944,1716840,260,1936,1895,1394-02-20
5/11/2015,1886,1930,1886,1920,2247832566,1178293,196,1924,1930,1394-02-21
5/12/2015,1924,1985,1920,1930,3140575290,1608157,247,1920,1925,1394-02-22
5/13/2015,1930,1950,1925,1931,2933344780,1516505,164,1930,1933,1394-02-23
5/17/2015,1930,2007,1910,1961,6831504637,3457558,338,1931,2003,1394-02-27
5/18/2015,1995,1995,1960,1965,2138792234,1081281,208,1961,1978,1394-02-28
5/19/2015,1980,1980,1952,1966,747678156,378934,88,1965,1975,1394-02-29
5/20/2015,1980,1995,1961,1977,5662873350,2851928,320,1966,1991,1394-02-30
5/23/2015,1995,1998,1956,1981,6447760598,3251747,286,1977,1970,1394-03-02
5/24/2015,1982,2040,1982,1998,5437632386,2702662,311,1981,2020,1394-03-03
5/25/2015,2000,2028,2000,2002,2601814483,1291130,147,1998,2012,1394-03-04
5/26/2015,2001,2020,1999,2004,3918803147,1953086,196,2002,2001,1394-03-05
5/27/2015,2019,2020,1980,2005,4608431741,2297407,813,2004,2003,1394-03-06
5/30/2015,2000,2010,1940,1991,3735538641,1899043,327,2005,1967,1394-03-09
5/31/2015,1970,2010,1950,1989,3131782479,1578071,590,1991,1952,1394-03-10
6/1/2015,2000,2020,1980,2000,6398176221,3189244,1504,1989,2020,1394-03-11
6/2/2015,2011,2025,1990,2011,9751746397,4848529,998,2000,2017,1394-03-12
6/6/2015,2012,2017,1983,2006,4117218369,2059051,143,2011,1983,1394-03-16
6/7/2015,2000,2000,1921,1992,3511408894,1785963,223,2006,1954,1394-03-17
6/8/2015,2000,2000,1922,1982,5119020807,2595951,473,1992,1939,1394-03-18
6/9/2015,1926,1937,1895,1926,6676654030,3508602,372,1982,1900,1394-03-19
6/10/2015,1940,1940,1898,1906,9143796518,4798168,682,1926,1899,1394-03-20
6/13/2015,1906,1908,1888,1901,4555926548,2404060,333,1906,1895,1394-03-23
6/14/2015,1902,1902,1880,1895,5084043997,2689646,290,1901,1880,1394-03-24
6/15/2015,1894,1894,1857,1884,3800795985,2036576,183,1895,1860,1394-03-25
6/16/2015,1884,1886,1852,1875,3886214238,2086731,290,1884,1866,1394-03-26
6/17/2015,1880,1935,1870,1888,3327921036,1738289,226,1875,1910,1394-03-27
6/20/2015,1945,1945,1882,1892,2658484959,1397446,183,1888,1888,1394-03-30
6/21/2015,1915,1924,1900,1896,3441911767,1806941,254,1892,1900,1394-03-31
6/22/2015,1900,1920,1898,1900,3012969133,1579321,199,1896,1903,1394-04-01
6/23/2015,1891,1940,1891,1903,2341917251,1225003,201,1900,1920,1394-04-02
6/24/2015,1903,1940,1889,1910,3724085669,1936389,266,1903,1935,1394-04-03
6/27/2015,1920,1930,1898,1908,3736266038,1961195,226,1910,1910,1394-04-06
6/28/2015,1899,1900,1881,1902,4958026549,2615485,167,1908,1896,1394-04-07
6/29/2015,1891,1900,1883,1900,1814426128,960674,152,1902,1900,1394-04-08
6/30/2015,1891,1940,1891,1908,3197627547,1660329,277,1900,1929,1394-04-09
7/1/2015,1940,1941,1917,1918,5909763559,3070811,420,1908,1930,1394-04-10
7/4/2015,1930,1945,1911,1928,13525924182,7014050,550,1918,1920,1394-04-13
7/5/2015,1938,1938,1900,1916,8974151256,4686162,394,1928,1900,1394-04-14
7/6/2015,1911,1911,1883,1902,8301788101,4370751,377,1916,1905,1394-04-15
7/7/2015,1900,1910,1860,1893,29600659443,15638867,1418,1902,1900,1394-04-16
7/11/2015,1900,1900,1851,1884,7709077455,4096921,530,1893,1898,1394-04-20
7/12/2015,1901,1917,1890,1899,8376406276,4403518,550,1884,1910,1394-04-21
7/13/2015,1931,1950,1880,1897,28198021853,14861968,1772,1899,1885,1394-04-22
7/14/2015,1920,1920,1860,1886,17165293965,9103670,821,1897,1870,1394-04-23
7/15/2015,1887,1899,1820,1845,20021659551,10850856,966,1886,1860,1394-04-24
9/9/2015,1170,1207,1170,1187,17158254326,14460212,915,1395,1180,1394-06-18
9/12/2015,1200,1235,1164,1187,8472407004,7140864,694,1187,1166,1394-06-21
9/13/2015,1171,1171,1140,1174,3607007686,3132523,346,1187,1160,1394-06-22
9/14/2015,1169,1198,1163,1177,6655909868,5650260,389,1174,1177,1394-06-23
9/15/2015,1179,1180,1135,1171,1943482256,1696706,248,1177,1149,1394-06-24
9/16/2015,1150,1158,1125,1155,4682701765,4113979,366,1171,1144,1394-06-25
9/19/2015,1140,1154,1110,1146,3072136045,2729045,323,1155,1110,1394-06-28
9/20/2015,1112,1125,1089,1109,6613856825,6050942,504,1146,1089,1394-06-29
9/21/2015,1070,1120,1055,1098,4226042759,3898627,345,1109,1080,1394-06-30
9/22/2015,1099,1100,1070,1089,4434632139,4108563,302,1098,1070,1394-06-31
9/23/2015,1073,1094,1068,1083,2944720053,2748959,310,1089,1070,1394-07-01
9/26/2015,1077,1087,1055,1081,1528958903,1432476,172,1083,1065,1394-07-04
9/27/2015,1075,1082,1055,1076,3187495460,2989073,275,1081,1060,1394-07-05
9/28/2015,1069,1079,1057,1073,4246498758,3974692,240,1076,1061,1394-07-06
9/29/2015,1075,1095,1070,1077,3779319660,3485117,294,1073,1090,1394-07-07
9/30/2015,1099,1099,1078,1081,4464000852,4107385,281,1077,1081,1394-07-08
10/3/2015,1082,1100,1077,1086,4253419872,3894320,307,1081,1087,1394-07-11
10/4/2015,1096,1128,1081,1111,14625431444,13162227,358,1086,1128,1394-07-12
10/5/2015,1120,1158,1120,1121,3055493254,2664993,349,1111,1145,1394-07-13
10/6/2015,1149,1166,1125,1135,5710590155,4979316,373,1121,1158,1394-07-14
10/7/2015,1157,1188,1157,1162,6671196045,5657134,467,1135,1179,1394-07-15
10/10/2015,1165,1189,1147,1162,6742308279,5801407,546,1162,1160,1394-07-18
10/28/2015,1107,1107,1060,1069,6800152380,6358695,470,1041,1066,1394-08-06
10/31/2015,1061,1080,1048,1066,4348584568,4096207,438,1069,1075,1394-08-09
11/1/2015,1075,1075,1053,1069,6416061374,5991981,451,1066,1070,1394-08-10
11/2/2015,1070,1074,1058,1068,2022694003,1900397,191,1069,1060,1394-08-11
11/3/2015,1074,1074,1060,1068,2216799373,2077919,225,1068,1071,1394-08-12
11/4/2015,1062,1079,1062,1069,2535464446,2369047,196,1068,1078,1394-08-13
11/7/2015,1077,1090,1066,1074,4597931117,4257111,403,1069,1090,1394-08-16
11/8/2015,1099,1120,1070,1088,7053002817,6446793,596,1074,1085,1394-08-17
11/9/2015,1099,1112,1075,1087,2161865234,1995991,205,1088,1084,1394-08-18
11/10/2015,1091,1094,1078,1088,4019175592,3691983,235,1087,1094,1394-08-19
11/11/2015,1098,1098,1075,1095,15594322853,14244813,258,1088,1075,1394-08-20
11/14/2015,1090,1096,1070,1094,2293210664,2105187,180,1095,1090,1394-08-23
11/15/2015,1081,1104,1080,1092,5759806653,5277975,333,1094,1098,1394-08-24
11/16/2015,1090,1104,1087,1102,19419931105,17624171,231,1092,1090,1394-08-25
11/17/2015,1091,1099,1085,1100,1297347690,1190479,133,1102,1090,1394-08-26
11/18/2015,1098,1119,1085,1098,3270100489,2987734,255,1100,1119,1394-08-27
11/21/2015,1109,1130,1089,1110,7491845052,6726643,397,1098,1130,1394-08-30
11/22/2015,1120,1134,1112,1116,5044002952,4493492,264,1110,1120,1394-09-01
11/23/2015,1116,1143,1108,1114,28738099814,25793343,1326,1116,1110,1394-09-02
11/24/2015,1135,1140,1105,1123,5593313049,4944017,302,1114,1120,1394-09-03
11/25/2015,1138,1145,1110,1128,5805003187,5128262,269,1123,1133,1394-09-04
11/28/2015,1129,1138,1109,1135,9901048822,8720698,127,1128,1110,1394-09-07
11/29/2015,1110,1160,1109,1137,7868130486,6919181,319,1135,1160,1394-09-08
11/30/2015,1143,1170,1110,1138,16366862569,14385706,544,1137,1168,1394-09-09
12/1/2015,1126,1138,1120,1132,4136094407,3678474,258,1138,1120,1394-09-10
12/5/2015,1130,1131,1109,1129,1440077216,1292824,131,1132,1110,1394-09-14
12/6/2015,1100,1110,1073,1119,2200362265,2030701,267,1129,1078,1394-09-15
12/7/2015,1076,1090,1070,1112,1402424207,1305344,155,1119,1070,1394-09-16
12/8/2015,1070,1119,1066,1115,20088276420,18021056,178,1112,1117,1394-09-17
12/9/2015,1079,1090,1070,1103,2932798415,2728760,189,1115,1075,1394-09-18
12/13/2015,1095,1095,1065,1096,2010453953,1880627,158,1103,1068,1394-09-22
12/14/2015,1065,1085,1063,1092,1511644878,1412087,148,1096,1069,1394-09-23
12/15/2015,1071,1083,1066,1089,1210433454,1129796,133,1092,1070,1394-09-24
12/16/2015,1080,1118,1065,1091,9244934898,8470821,385,1089,1097,1394-09-25
12/19/2015,1071,1079,1064,1088,1311118193,1224922,183,1091,1065,1394-09-28
12/20/2015,1064,1100,1050,1095,22282169637,20343017,210,1088,1057,1394-09-29
12/21/2015,1060,1100,1060,1092,11531211528,10559121,191,1095,1100,1394-09-30
12/22/2015,1072,1111,1070,1109,13165431350,11871613,142,1092,1090,1394-10-01
12/23/2015,1080,1110,1074,1104,5115355012,4655880,228,1109,1099,1394-10-02
12/26/2015,1099,1099,1064,1093,3206443713,2994606,228,1104,1067,1394-10-05
12/27/2015,1080,1082,1060,1084,3689770579,3451026,258,1093,1068,1394-10-06
12/28/2015,1064,1081,1060,1079,3195719170,2992397,287,1084,1060,1394-10-07
12/30/2015,1070,1074,1058,1076,1695696432,1593381,191,1079,1062,1394-10-09
1/2/2016,1076,1078,1050,1069,3526117122,3335121,337,1076,1051,1394-10-12
1/3/2016,1060,1084,1040,1079,19572991911,18147736,295,1069,1050,1394-10-13
1/4/2016,1067,1067,1030,1043,8664220112,8338864,613,1079,1036,1394-10-14
1/5/2016,1050,1050,1028,1039,6315390743,6091727,503,1043,1033,1394-10-15
1/6/2016,1062,1062,1030,1041,9508927249,9132782,767,1039,1040,1394-10-16
1/9/2016,1050,1050,1011,1033,5215294630,5082694,570,1041,1012,1394-10-19
1/10/2016,1010,1020,998,1017,5223835609,5206855,575,1033,1001,1394-10-20
1/11/2016,1000,1030,1000,1015,4557478478,4502523,399,1017,1005,1394-10-21
1/12/2016,1010,1020,999,1004,7588938754,7577074,636,1015,1000,1394-10-22
1/13/2016,1001,1007,995,1001,7762374665,7761819,593,1004,1002,1394-10-23
1/16/2016,1019,1040,1003,1016,10094512273,9939689,799,1001,1024,1394-10-26
1/17/2016,1050,1059,1000,1016,15345719745,15096857,975,1016,1002,1394-10-27
1/18/2016,1000,1050,999,1025,7834470877,7618030,585,1016,1035,1394-10-28
1/19/2016,1035,1051,1029,1031,4885084198,4707453,439,1025,1033,1394-10-29
1/20/2016,1021,1060,1018,1038,6742764193,6468174,613,1031,1041,1394-10-30
1/23/2016,1056,1085,1056,1067,10069518688,9429664,779,1038,1084,1394-11-03
1/24/2016,1090,1120,1085,1119,62507248329,55876423,1726,1067,1120,1394-11-04
1/25/2016,1174,1174,1168,1174,2.57739E+11,219539914,4972,1119,1174,1394-11-05
1/26/2016,1219,1220,1175,1207,1.02435E+11,84861629,4157,1174,1178,1394-11-06
1/27/2016,1200,1210,1147,1155,58271924233,50435885,2714,1207,1147,1394-11-07
1/30/2016,1141,1199,1111,1149,44451926590,38673783,1983,1155,1125,1394-11-10
1/31/2016,1130,1158,1110,1134,27594816394,24342674,1387,1149,1130,1394-11-11
2/1/2016,1144,1190,1135,1180,96892378204,82136085,2983,1134,1190,1394-11-12
2/2/2016,1239,1239,1201,1239,2.48124E+11,200292727,4834,1180,1239,1394-11-13
2/3/2016,1275,1300,1250,1297,3.21223E+11,247682646,7618,1239,1300,1394-11-14
2/6/2016,1320,1343,1278,1306,62686060579,47986438,3071,1297,1285,1394-11-17
2/7/2016,1295,1340,1251,1290,94379626471,73182113,3938,1306,1268,1394-11-18
2/8/2016,1295,1354,1251,1321,1.35103E+11,102283592,6036,1290,1354,1394-11-19
2/9/2016,1387,1387,1320,1377,1.56051E+11,113292438,4238,1321,1336,1394-11-20
2/10/2016,1336,1369,1309,1336,55892558105,41850966,2677,1377,1310,1394-11-21
2/13/2016,1320,1320,1270,1277,38227264572,29931513,1581,1336,1270,1394-11-24
2/14/2016,1277,1289,1215,1255,44181696736,35207756,2076,1277,1250,1394-11-25
2/15/2016,1286,1297,1260,1286,36927512566,28719396,1976,1255,1289,1394-11-26
2/16/2016,1309,1309,1238,1262,36805409411,29165062,1792,1286,1258,1394-11-27
2/17/2016,1273,1325,1221,1318,1.07708E+11,81726508,2520,1262,1325,1394-11-28
2/20/2016,1358,1383,1270,1358,1.46807E+11,108104917,5121,1318,1338,1394-12-01
2/21/2016,1369,1376,1313,1353,77012742066,56930294,2047,1358,1338,1394-12-02
2/22/2016,1340,1381,1339,1355,43862803527,32372069,1991,1353,1351,1394-12-03
2/23/2016,1367,1367,1290,1335,83276874108,62376352,1775,1355,1339,1394-12-04
2/24/2016,1339,1340,1295,1308,16932340835,12948025,924,1335,1295,1394-12-05
2/27/2016,1291,1339,1280,1306,23837702334,18245856,1222,1308,1294,1394-12-08
2/28/2016,1297,1317,1270,1284,20142190516,15691093,1060,1306,1271,1394-12-09
2/29/2016,1280,1309,1254,1286,47736418403,37120485,1356,1284,1267,1394-12-10
3/1/2016,1287,1296,1250,1264,21076862716,16671936,1244,1286,1250,1394-12-11
3/2/2016,1260,1264,1225,1247,29653405046,23774075,1030,1264,1241,1394-12-12
3/5/2016,1255,1298,1245,1267,47012419673,37113213,2226,1247,1260,1394-12-15
3/6/2016,1271,1290,1251,1262,36178885972,28669010,1533,1267,1259,1394-12-16
3/7/2016,1258,1269,1245,1261,43384403365,34399051,1833,1262,1262,1394-12-17
3/8/2016,1285,1324,1269,1318,4.07414E+11,309032240,10276,1261,1324,1394-12-18
3/9/2016,1344,1383,1335,1374,1.8617E+11,135527086,5690,1318,1383,1394-12-19
3/12/2016,1442,1442,1442,1442,99960476798,69320719,1649,1374,1442,1394-12-22
3/14/2016,1514,1514,1481,1512,3.47915E+11,230157722,7996,1442,1514,1394-12-24
3/15/2016,1519,1519,1437,1452,1.8313E+11,126143639,6047,1512,1437,1394-12-25
3/16/2016,1440,1470,1380,1404,1.00284E+11,71444636,4039,1452,1450,1394-12-26
3/26/2016,1469,1474,1420,1474,1.21885E+11,82707686,2111,1404,1474,1395-01-07
3/27/2016,1530,1540,1461,1505,1.08151E+11,71864856,3552,1474,1515,1395-01-08
3/28/2016,1523,1525,1460,1501,59144681165,39408328,2508,1505,1476,1395-01-09
3/29/2016,1494,1494,1426,1442,62385327958,43250694,2700,1501,1455,1395-01-10
3/30/2016,1450,1505,1410,1480,64829129647,43809882,2283,1442,1460,1395-01-11
4/2/2016,1480,1490,1420,1435,34621344092,24124207,1747,1480,1422,1395-01-14
4/3/2016,1440,1447,1364,1379,40629257273,29460493,2102,1435,1390,1395-01-15
4/4/2016,1398,1430,1390,1413,49043352302,34700087,1580,1379,1400,1395-01-16
4/5/2016,1405,1440,1379,1412,59614676053,42226303,1649,1413,1390,1395-01-17
4/6/2016,1426,1426,1382,1401,46719482035,33351788,1756,1412,1385,1395-01-18
4/9/2016,1409,1438,1391,1409,29040442905,20616000,1469,1401,1408,1395-01-21
4/10/2016,1409,1437,1380,1421,94181204694,66259319,1712,1409,1383,1395-01-22
4/11/2016,1400,1422,1381,1401,27183880153,19403632,1369,1421,1408,1395-01-23
4/12/2016,1450,1467,1390,1416,1.51193E+11,106771653,5929,1401,1390,1395-01-24
4/13/2016,1420,1458,1346,1413,67991726034,48102035,1853,1416,1352,1395-01-25
4/16/2016,1430,1434,1343,1365,31819705754,23312743,1197,1413,1343,1395-01-28
4/17/2016,1310,1390,1297,1352,34971412932,25866431,1692,1365,1362,1395-01-29
4/18/2016,1393,1419,1393,1416,25317173212,17883611,862,1352,1419,1395-01-30
4/19/2016,1486,1486,1431,1476,1.72688E+11,117008305,5349,1416,1470,1395-01-31
4/20/2016,1475,1527,1430,1465,82390398502,56228054,3631,1476,1439,1395-02-01
4/23/2016,1476,1485,1413,1456,52294794066,35912985,1835,1465,1426,1395-02-04
4/24/2016,1440,1449,1403,1420,37704653436,26555605,1896,1456,1425,1395-02-05
4/25/2016,1422,1467,1422,1442,37558954663,26052523,1664,1420,1440,1395-02-06
4/26/2016,1425,1440,1399,1411,33919833628,24042726,1677,1442,1410,1395-02-07
4/27/2016,1429,1429,1381,1403,25062282622,17858226,1395,1411,1397,1395-02-08
4/30/2016,1400,1432,1390,1408,27258601525,19363889,1224,1403,1397,1395-02-11
5/1/2016,1400,1400,1369,1381,15712618073,11381171,1142,1408,1378,1395-02-12
5/2/2016,1380,1408,1369,1385,50363796041,36373070,2087,1381,1382,1395-02-13
5/3/2016,1400,1400,1356,1377,21972373410,15961836,1239,1385,1357,1395-02-14
5/4/2016,1356,1404,1318,1359,77240012606,56848538,2476,1377,1330,1395-02-15
5/7/2016,1369,1389,1310,1360,51822305096,38099855,1698,1359,1340,1395-02-18
5/8/2016,1334,1389,1317,1351,46396707958,34333310,1441,1360,1320,1395-02-19
5/9/2016,1332,1369,1318,1336,27094842816,20285302,1382,1351,1320,1395-02-20
5/10/2016,1311,1376,1292,1340,61719409333,46056840,1998,1336,1319,1395-02-21
5/11/2016,1330,1363,1286,1331,52784295287,39672408,1591,1340,1310,1395-02-22
5/14/2016,1319,1355,1312,1329,20162508784,15174689,1232,1331,1321,1395-02-25
5/15/2016,1310,1333,1290,1303,48133358520,36946392,2304,1329,1299,1395-02-26
5/16/2016,1300,1318,1275,1302,73483700394,56450414,2362,1303,1281,1395-02-27
5/17/2016,1277,1313,1275,1291,47487298916,36796283,1767,1302,1280,1395-02-28
5/18/2016,1292,1344,1292,1315,36569357877,27798861,1971,1291,1303,1395-02-29
5/21/2016,1320,1328,1288,1301,24195790075,18595133,1446,1315,1300,1395-03-01
5/23/2016,1300,1300,1282,1293,39299249191,30400682,1460,1301,1285,1395-03-03
5/24/2016,1285,1289,1272,1280,23134567134,18077060,1250,1293,1273,1395-03-04
5/25/2016,1285,1318,1273,1300,42107703423,32397855,1401,1280,1287,1395-03-05
5/28/2016,1300,1301,1269,1282,14100974189,11001557,1024,1300,1271,1395-03-08
5/29/2016,1284,1294,1249,1272,60273749997,47400052,2096,1282,1251,1395-03-09
5/30/2016,1260,1280,1255,1270,11209135494,8824486,693,1272,1268,1395-03-10
5/31/2016,1262,1267,1241,1252,12567340965,10036850,681,1270,1241,1395-03-11
6/1/2016,1249,1269,1244,1251,17093844000,13666639,940,1252,1257,1395-03-12
6/5/2016,1250,1269,1250,1264,29371091877,23243383,834,1251,1250,1395-03-16
6/6/2016,1241,1250,1230,1241,10238703160,8250318,816,1264,1242,1395-03-17
6/7/2016,1249,1249,1222,1230,9518280716,7738041,662,1241,1230,1395-03-18
6/8/2016,1230,1258,1206,1235,35037557134,28375943,1230,1230,1213,1395-03-19
6/11/2016,1221,1232,1174,1184,20069108126,16945926,1335,1235,1177,1395-03-22
6/12/2016,1185,1217,1158,1191,37001142235,31067939,1125,1184,1186,1395-03-23
6/13/2016,1182,1214,1160,1200,30721563101,25602779,678,1191,1185,1395-03-24
6/14/2016,1175,1212,1150,1200,49644722732,41357481,899,1200,1171,1395-03-25
6/15/2016,1166,1187,1161,1174,9753416957,8310160,584,1200,1170,1395-03-26
6/18/2016,1180,1188,1136,1154,10119754586,8767860,826,1174,1136,1395-03-29
6/19/2016,1136,1177,1121,1163,23552739397,20255593,683,1154,1135,1395-03-30
6/20/2016,1123,1148,1120,1139,7103515917,6280591,492,1163,1130,1395-03-31
6/21/2016,1137,1189,1123,1152,37780998289,32791859,1554,1139,1189,1395-04-01
6/22/2016,1189,1209,1180,1199,12679749540,10573181,597,1152,1209,1395-04-02
6/25/2016,1207,1210,1173,1201,30002891358,24972912,882,1199,1191,1395-04-05
6/26/2016,1208,1228,1170,1212,34776500545,28698079,1021,1201,1200,1395-04-06
6/28/2016,1221,1272,1220,1250,94812248428,75842801,1631,1212,1234,1395-04-08
6/29/2016,1245,1259,1200,1242,51077063086,41121366,850,1250,1224,1395-04-09
7/2/2016,1235,1263,1230,1246,24307894556,19512994,1263,1242,1250,1395-04-12
7/3/2016,1251,1251,1231,1243,10492232681,8441623,618,1246,1231,1395-04-13
7/4/2016,1234,1267,1200,1247,34148331752,27391202,847,1243,1208,1395-04-14
7/5/2016,1215,1243,1201,1231,6651463437,5437415,381,1247,1216,1395-04-15
7/9/2016,1234,1244,1185,1210,17486387781,14452276,1023,1231,1190,1395-04-19
7/10/2016,1196,1250,1186,1229,31731488759,25817150,754,1210,1199,1395-04-20
7/11/2016,1203,1241,1189,1225,33482135505,27328910,692,1229,1200,1395-04-21
7/12/2016,1200,1237,1195,1225,30996839711,25296180,587,1225,1196,1395-04-22
7/13/2016,1210,1237,1190,1223,37467265403,30630656,838,1225,1210,1395-04-23
7/16/2016,1207,1251,1201,1236,40431667735,32713966,1688,1223,1241,1395-04-26
7/17/2016,1240,1290,1229,1262,69430455075,55033316,2298,1236,1270,1395-04-27
7/23/2016,1260,1272,1253,1264,8643956614,6839933,256,1212,1264,1395-05-02
7/24/2016,1269,1327,1269,1316,1.26681E+11,96241850,3854,1264,1327,1395-05-03
7/25/2016,1340,1367,1289,1325,43815144015,33079683,1895,1316,1318,1395-05-04
7/26/2016,1278,1329,1271,1303,30446307644,23357926,1402,1325,1286,1395-05-05
7/27/2016,1358,1358,1282,1320,78832915504,59720502,1486,1303,1286,1395-05-06
7/31/2016,1297,1355,1297,1321,90074583928,68178685,3150,1320,1314,1395-05-10
8/1/2016,1308,1312,1278,1307,76683977598,58668233,837,1321,1280,1395-05-11
8/2/2016,1311,1330,1301,1314,40471606211,30806589,1614,1307,1310,1395-05-12
8/3/2016,1328,1338,1299,1319,17748020854,13460560,748,1314,1302,1395-05-13
8/6/2016,1305,1384,1300,1360,1.43071E+11,105234217,5101,1319,1369,1395-05-16
8/7/2016,1370,1407,1337,1360,71158512493,52320497,1784,1360,1337,1395-05-17
8/8/2016,1347,1347,1317,1327,9979654897,7519416,582,1360,1330,1395-05-18
8/9/2016,1337,1350,1330,1341,10972947852,8180324,591,1327,1331,1395-05-19
8/10/2016,1340,1345,1308,1319,11140249643,8444785,735,1341,1312,1395-05-20
8/13/2016,1319,1344,1296,1314,34319613025,26114978,1174,1319,1300,1395-05-23
8/14/2016,1311,1320,1300,1309,6659930673,5097859,532,1314,1302,1395-05-24
8/15/2016,1301,1310,1290,1299,8631998734,6653039,458,1309,1294,1395-05-25
8/16/2016,1290,1329,1280,1308,18229485277,13937942,688,1299,1328,1395-05-26
8/17/2016,1299,1310,1287,1302,4693684109,3623463,314,1308,1300,1395-05-27
8/20/2016,1290,1296,1282,1295,4575705403,3557084,347,1302,1286,1395-05-30
8/21/2016,1285,1307,1260,1294,28229966247,21814619,612,1295,1285,1395-05-31
8/22/2016,1288,1288,1261,1277,6304152357,4971680,468,1294,1265,1395-06-01
8/23/2016,1261,1285,1260,1270,9652166731,7601229,459,1277,1261,1395-06-02
8/24/2016,1260,1290,1259,1280,25439567385,19877898,514,1270,1260,1395-06-03
8/27/2016,1262,1263,1242,1249,12651746529,10128196,560,1280,1250,1395-06-06
8/28/2016,1249,1249,1200,1214,17223546199,14190313,946,1249,1215,1395-06-07
8/29/2016,1201,1246,1200,1225,15355313240,12536296,654,1214,1222,1395-06-08
8/30/2016,1240,1250,1213,1241,9428110056,7591622,459,1225,1249,1395-06-09
8/31/2016,1250,1250,1216,1231,6873394951,5601965,343,1241,1216,1395-06-10
9/3/2016,1220,1238,1194,1209,10057012560,8319975,490,1231,1200,1395-06-13
9/4/2016,1210,1210,1177,1187,8731285845,7371136,530,1209,1181,1395-06-14
9/5/2016,1198,1199,1187,1191,29739982164,24969211,933,1187,1190,1395-06-15
9/6/2016,1198,1198,1182,1191,4629379005,3889842,400,1191,1188,1395-06-16
9/7/2016,1190,1201,1189,1192,5366180474,4495904,374,1191,1201,1395-06-17
9/10/2016,1200,1214,1181,1204,13840996798,11499595,576,1192,1200,1395-06-20
9/11/2016,1212,1212,1189,1201,4083140910,3412007,321,1204,1196,1395-06-21
9/13/2016,1193,1204,1185,1198,4101052188,3438521,251,1201,1185,1395-06-23
9/14/2016,1181,1210,1180,1194,7999853109,6708450,420,1198,1190,1395-06-24
9/17/2016,1182,1199,1180,1188,4671336062,3951666,324,1194,1185,1395-06-27
9/18/2016,1181,1195,1175,1180,13199026733,11182391,649,1188,1175,1395-06-28
9/19/2016,1174,1191,1174,1181,3096623355,2619738,274,1180,1182,1395-06-29
9/21/2016,1185,1196,1180,1183,5729125990,4834792,448,1181,1188,1395-06-31
9/24/2016,1190,1207,1190,1196,7730282144,6439227,572,1183,1201,1395-07-03
9/25/2016,1202,1207,1184,1195,7933661140,6641359,624,1196,1184,1395-07-04
9/26/2016,1186,1194,1185,1191,5899840726,4962365,388,1195,1193,1395-07-05
9/27/2016,1199,1241,1193,1222,21065262450,17237913,1143,1191,1231,1395-07-06
9/28/2016,1230,1260,1218,1242,10689073337,8603062,794,1222,1225,1395-07-07
10/1/2016,1247,1251,1220,1240,6034242811,4871618,522,1242,1228,1395-07-10
10/2/2016,1236,1239,1199,1212,8695156237,7191190,578,1240,1201,1395-07-11
10/3/2016,1201,1216,1182,1194,14082167273,11797840,950,1212,1186,1395-07-12
10/4/2016,1192,1207,1192,1197,9366464814,7824366,607,1194,1195,1395-07-13
10/5/2016,1200,1209,1181,1191,8609918421,7236619,690,1197,1184,1395-07-14
10/8/2016,1186,1205,1186,1193,4237630954,3542811,396,1191,1195,1395-07-17
10/9/2016,1192,1235,1192,1220,12452653900,10204486,786,1193,1222,1395-07-18
10/10/2016,1220,1230,1210,1219,5708076705,4682229,379,1220,1220,1395-07-19
10/15/2016,1230,1246,1219,1231,9750944523,7919203,616,1219,1231,1395-07-24
10/16/2016,1221,1240,1210,1218,7806620939,6427343,384,1231,1210,1395-07-25
10/17/2016,1230,1230,1210,1221,32053926471,26259852,546,1218,1230,1395-07-26
10/18/2016,1230,1230,1200,1211,11487501751,9484745,588,1221,1200,1395-07-27
10/19/2016,1220,1238,1210,1223,23100335936,18894200,1165,1211,1229,1395-07-28
10/22/2016,1240,1250,1227,1242,10885453538,8764455,749,1223,1239,1395-08-01
10/23/2016,1244,1244,1212,1233,8938661228,7257243,506,1242,1223,1395-08-02
10/24/2016,1233,1238,1211,1221,11455781214,9380587,588,1233,1214,1395-08-03
10/25/2016,1228,1280,1228,1254,35528248617,28328055,1585,1221,1254,1395-08-04
10/26/2016,1253,1316,1250,1306,1.0886E+11,83347900,3568,1254,1316,1395-08-05
10/29/2016,1326,1371,1326,1359,64119185431,47184271,2882,1306,1331,1395-08-08
10/30/2016,1339,1339,1301,1310,21579350607,16473448,1332,1359,1310,1395-08-09
10/31/2016,1306,1329,1286,1299,34583636094,26623243,1489,1310,1300,1395-08-10
11/1/2016,1308,1315,1269,1295,27359035289,21123121,1192,1299,1270,1395-08-11
11/2/2016,1290,1302,1285,1294,8776130217,6781734,540,1295,1292,1395-08-12
11/5/2016,1283,1300,1270,1282,8761907127,6840888,595,1294,1278,1395-08-15
11/6/2016,1280,1297,1268,1282,9402653702,7336643,537,1282,1297,1395-08-16
11/7/2016,1295,1339,1295,1319,22356986388,16951393,1104,1282,1332,1395-08-17
11/8/2016,1339,1376,1330,1355,69972615530,51644605,2172,1319,1369,1395-08-18
11/9/2016,1296,1350,1288,1305,63349443788,48545271,2152,1355,1340,1395-08-19
11/12/2016,1369,1370,1352,1369,2.18734E+11,159801816,5421,1305,1370,1395-08-22
11/13/2016,1380,1380,1332,1356,30508897372,22493564,1338,1369,1350,1395-08-23
11/14/2016,1344,1359,1331,1343,32089107087,23887201,1221,1356,1340,1395-08-24
11/15/2016,1342,1357,1311,1321,15394378620,11654804,694,1343,1316,1395-08-25
11/16/2016,1310,1325,1291,1302,16414909384,12604097,727,1321,1291,1395-08-26
11/19/2016,1300,1333,1281,1304,16589660753,12719442,782,1302,1328,1395-08-29
11/21/2016,1320,1332,1300,1309,5980547825,4557368,365,1304,1309,1395-09-01
11/22/2016,1311,1329,1309,1314,10422311879,7933064,526,1309,1320,1395-09-02
11/23/2016,1319,1321,1304,1313,11447761679,8720436,569,1314,1305,1395-09-03
11/26/2016,1320,1350,1310,1330,16357042917,12294168,692,1313,1312,1395-09-06
11/27/2016,1329,1330,1310,1318,9525353310,7232114,368,1330,1320,1395-09-07
11/29/2016,1307,1360,1307,1337,22214970170,16611761,996,1318,1360,1395-09-09
12/3/2016,1327,1348,1310,1323,16053341954,12130998,851,1337,1331,1395-09-13
12/4/2016,1331,1360,1324,1347,37049070513,27511836,1273,1323,1345,1395-09-14
12/5/2016,1365,1402,1358,1387,1.17887E+11,85008765,3962,1347,1390,1395-09-15
12/6/2016,1400,1456,1385,1439,2.34136E+11,162692651,6651,1387,1412,1395-09-16
12/7/2016,1414,1470,1410,1448,1.01971E+11,70418126,3344,1439,1444,1395-09-17
12/10/2016,1441,1441,1399,1411,27142627528,19231114,1347,1448,1400,1395-09-20
12/11/2016,1396,1400,1378,1391,17850939274,12830063,849,1411,1394,1395-09-21
12/12/2016,1400,1424,1385,1403,17663290233,12592333,826,1391,1397,1395-09-22
12/13/2016,1390,1410,1390,1399,9385225752,6710011,477,1403,1397,1395-09-23
12/14/2016,1390,1438,1382,1418,35320768868,24915880,993,1399,1420,1395-09-24
12/18/2016,1408,1448,1404,1426,19954117372,13992421,841,1418,1410,1395-09-28
12/19/2016,1428,1429,1391,1406,13115992114,9331849,569,1426,1419,1395-09-29
12/20/2016,1400,1413,1384,1395,19873122646,14249311,830,1406,1402,1395-09-30
12/21/2016,1382,1419,1382,1400,8664566802,6186715,389,1395,1411,1395-10-01
12/24/2016,1398,1404,1385,1398,7378431819,5281105,424,1400,1385,1395-10-04
12/25/2016,1391,1398,1377,1382,14059996569,10173483,635,1398,1382,1395-10-05
12/26/2016,1390,1411,1386,1399,30671548643,21928570,1021,1382,1410,1395-10-06
12/27/2016,1407,1409,1377,1385,22662537045,16364490,849,1399,1381,1395-10-07
12/28/2016,1380,1382,1362,1372,16640196105,12129871,707,1385,1365,1395-10-08
12/31/2016,1360,1377,1352,1361,11904268966,8745289,507,1372,1358,1395-10-11
1/1/2017,1360,1360,1340,1349,12451696707,9231106,622,1361,1346,1395-10-12
1/2/2017,1348,1397,1345,1367,23475335941,17175228,768,1349,1380,1395-10-13
1/3/2017,1367,1385,1355,1368,13488053388,9856959,470,1367,1370,1395-10-14
1/4/2017,1370,1399,1370,1390,14523166189,10446286,659,1368,1398,1395-10-15
1/7/2017,1400,1410,1387,1399,21302608209,15230630,874,1390,1388,1395-10-18
1/8/2017,1394,1420,1378,1401,22225522863,15864974,941,1399,1412,1395-10-19
1/9/2017,1397,1420,1378,1406,19069443303,13565685,708,1401,1403,1395-10-20
1/11/2017,1400,1431,1400,1417,24989131333,17634207,966,1406,1411,1395-10-22
1/14/2017,1420,1433,1403,1420,13035583652,9178460,548,1417,1415,1395-10-25
1/15/2017,1420,1459,1405,1436,25072390628,17459075,1051,1420,1434,1395-10-26
1/16/2017,1421,1455,1421,1443,27506485538,19057010,927,1436,1436,1395-10-27
1/17/2017,1448,1450,1425,1442,18748550677,13005289,684,1443,1450,1395-10-28
1/18/2017,1440,1485,1427,1458,35333284874,24228603,1251,1442,1451,1395-10-29
1/21/2017,1451,1472,1442,1461,16788051925,11491564,748,1458,1443,1395-11-02
1/22/2017,1441,1470,1440,1459,26512577784,18173166,825,1461,1441,1395-11-03
1/23/2017,1445,1468,1436,1458,22853671839,15673107,755,1459,1455,1395-11-04
1/24/2017,1440,1463,1439,1454,25928810407,17837770,880,1458,1450,1395-11-05
1/25/2017,1450,1456,1428,1440,14140558835,9821791,590,1454,1430,1395-11-06
1/28/2017,1439,1445,1401,1418,15149832652,10687236,705,1440,1409,1395-11-09
1/29/2017,1402,1418,1395,1404,11143433228,7936988,527,1418,1418,1395-11-10
1/30/2017,1400,1420,1397,1408,9664119895,6864928,399,1404,1407,1395-11-11
1/31/2017,1407,1420,1391,1409,20274637359,14385633,706,1408,1418,1395-11-12
2/1/2017,1400,1419,1396,1406,7673041231,5461156,349,1409,1401,1395-11-13
2/4/2017,1400,1400,1361,1370,14431202703,10537077,678,1406,1370,1395-11-16
2/5/2017,1370,1380,1356,1373,17154623305,12495512,652,1370,1379,1395-11-17
2/6/2017,1373,1379,1362,1370,8025018883,5858866,366,1373,1370,1395-11-18
2/7/2017,1369,1375,1356,1363,10867178053,7971399,434,1370,1357,1395-11-19
2/8/2017,1356,1398,1351,1379,10775107728,7812930,443,1363,1373,1395-11-20
2/11/2017,1380,1401,1352,1367,18833378926,13775716,674,1379,1367,1395-11-23
2/12/2017,1365,1400,1353,1388,25407521685,18302752,837,1367,1387,1395-11-24
2/13/2017,1375,1400,1369,1387,18712050048,13491339,676,1388,1370,1395-11-25
2/14/2017,1364,1415,1363,1395,27057531681,19396246,1010,1387,1389,1395-11-26
2/15/2017,1381,1430,1380,1419,18121603029,12774958,811,1395,1415,1395-11-27
2/26/2017,1420,1437,1401,1419,40494317959,28541559,1114,1419,1401,1395-12-08
2/27/2017,1418,1430,1402,1418,34744161278,24506808,1090,1419,1410,1395-12-09
2/28/2017,1410,1430,1407,1412,37061541843,26256400,1084,1418,1410,1395-12-10
3/1/2017,1410,1420,1405,1414,26953557445,19061482,1030,1412,1414,1395-12-11
3/4/2017,1410,1429,1400,1415,21765853402,15380475,811,1414,1408,1395-12-14
3/5/2017,1399,1428,1382,1411,18737975001,13276201,670,1415,1390,1395-12-15
3/6/2017,1408,1420,1389,1402,15877931098,11328354,489,1411,1390,1395-12-16
3/7/2017,1386,1420,1380,1410,32719844832,23203705,981,1402,1400,1395-12-17
3/8/2017,1398,1418,1382,1397,10896433357,7798083,378,1410,1384,1395-12-18
3/11/2017,1398,1415,1369,1394,39994679392,28690206,1165,1397,1369,1395-12-21
3/12/2017,1395,1400,1369,1385,25970711472,18750568,823,1394,1370,1395-12-22
3/13/2017,1372,1399,1351,1373,28105790476,20466463,926,1385,1360,1395-12-23
3/18/2017,1394,1430,1388,1409,11196153484,7948662,312,1373,1409,1395-12-28
3/25/2017,1427,1427,1393,1408,3117468291,2215304,200,1409,1412,1396-01-05
3/26/2017,1400,1420,1385,1408,7855841886,5580798,348,1408,1404,1396-01-06
3/27/2017,1410,1420,1389,1409,8493586422,6028539,400,1408,1410,1396-01-07
3/28/2017,1410,1419,1393,1408,4677752724,3323272,230,1409,1407,1396-01-08
3/29/2017,1410,1420,1393,1409,3893009951,2758171,250,1408,1410,1396-01-09
4/3/2017,1412,1412,1394,1406,3977006737,2837101,311,1409,1396,1396-01-14
4/4/2017,1407,1420,1390,1409,11932997839,8468208,551,1406,1400,1396-01-15
4/5/2017,1408,1418,1396,1402,9231310341,6588089,365,1409,1400,1396-01-16
4/8/2017,1390,1407,1385,1398,15432172968,11042275,573,1402,1385,1396-01-19
4/9/2017,1381,1400,1381,1390,13885522198,9990092,509,1398,1388,1396-01-20
4/10/2017,1389,1390,1365,1373,22394260971,16309268,935,1390,1365,1396-01-21
4/12/2017,1390,1390,1330,1349,48789942915,36179735,1749,1373,1340,1396-01-23
4/15/2017,1360,1371,1319,1331,1.36293E+11,102363933,3836,1349,1338,1396-01-26
4/16/2017,1320,1353,1320,1331,81118159278,60936003,2863,1331,1320,1396-01-27
4/17/2017,1319,1365,1311,1333,21772666855,16338905,888,1331,1330,1396-01-28
4/18/2017,1350,1352,1313,1330,43370377446,32620987,1487,1333,1313,1396-01-29
4/19/2017,1317,1386,1317,1354,31828793624,23501677,1191,1330,1333,1396-01-30
4/22/2017,1336,1348,1329,1335,13152772375,9855281,649,1354,1332,1396-02-02
4/23/2017,1329,1335,1318,1323,12893012683,9746180,592,1335,1335,1396-02-03
4/24/2017,1339,1360,1318,1344,16023773383,11922528,629,1323,1325,1396-02-04
4/26/2017,1348,1358,1329,1343,11596314275,8636685,508,1344,1355,1396-02-06
4/29/2017,1360,1372,1341,1360,25111012716,18461688,888,1343,1350,1396-02-09
4/30/2017,1342,1380,1333,1355,14139648476,10434448,489,1360,1350,1396-02-10
5/1/2017,1350,1378,1343,1367,16431868972,12023346,581,1355,1360,1396-02-11
5/2/2017,1361,1363,1344,1360,4924576375,3642451,257,1367,1344,1396-02-12
5/3/2017,1350,1380,1340,1365,11294751620,8274997,448,1360,1380,1396-02-13
5/6/2017,1350,1375,1336,1356,5050391098,3750833,285,1365,1340,1396-02-16
5/7/2017,1338,1370,1329,1356,23338710605,17205115,808,1356,1350,1396-02-17
5/8/2017,1360,1380,1343,1369,14090229658,10288410,592,1356,1349,1396-02-18
5/9/2017,1342,1380,1341,1373,19207051631,13990751,729,1369,1369,1396-02-19
5/10/2017,1360,1389,1350,1371,30803324268,22472853,1067,1373,1371,1396-02-20
5/13/2017,1352,1379,1350,1366,8373827767,6131796,352,1371,1353,1396-02-23
5/14/2017,1352,1373,1346,1364,13359282666,9796974,462,1366,1351,1396-02-24
5/15/2017,1350,1378,1340,1361,13664786595,10043116,525,1364,1345,1396-02-25
5/16/2017,1358,1371,1341,1361,8635284111,6343443,329,1361,1348,1396-02-26
5/17/2017,1377,1377,1330,1349,20114793999,14906745,656,1361,1335,1396-02-27
5/20/2017,1351,1372,1344,1350,5871055275,4345263,289,1349,1344,1396-02-30
5/21/2017,1361,1377,1345,1363,10443033201,7663949,417,1350,1363,1396-02-31
5/22/2017,1365,1371,1351,1366,12464288572,9123709,487,1363,1360,1396-03-01
5/23/2017,1351,1381,1348,1370,13942406221,10180590,535,1366,1355,1396-03-02
5/24/2017,1374,1398,1355,1381,20194191969,14617656,809,1370,1390,1396-03-03
5/27/2017,1385,1416,1380,1395,12818598985,9190499,580,1381,1385,1396-03-06
5/28/2017,1380,1415,1380,1405,10926132238,7776437,492,1395,1390,1396-03-07
5/29/2017,1390,1419,1390,1409,13983998883,9921926,617,1405,1392,1396-03-08
5/30/2017,1385,1430,1385,1414,27353466466,19349853,989,1409,1400,1396-03-09
5/31/2017,1400,1428,1388,1416,36464261031,25747128,1007,1414,1389,1396-03-10
6/3/2017,1390,1396,1384,1400,5542262514,3994494,280,1416,1388,1396-03-13
6/6/2017,1400,1418,1380,1400,13672989029,9767260,543,1400,1415,1396-03-16
6/7/2017,1410,1410,1361,1388,6248529022,4522419,318,1400,1390,1396-03-17
6/10/2017,1395,1409,1388,1395,9409265409,6741977,381,1388,1407,1396-03-20
6/11/2017,1407,1409,1387,1404,13925758766,9921404,569,1395,1395,1396-03-21
6/12/2017,1389,1400,1385,1401,2248556484,1616187,126,1404,1386,1396-03-22
6/13/2017,1384,1399,1376,1397,3591215207,2586039,172,1401,1381,1396-03-23
6/14/2017,1377,1400,1377,1396,2578354962,1853264,134,1397,1383,1396-03-24
6/17/2017,1398,1400,1360,1376,9699627141,7050920,345,1396,1361,1396-03-27
6/18/2017,1377,1396,1360,1377,23323376765,16935760,574,1376,1363,1396-03-28
6/25/2017,1400,1417,1399,1404,22574008521,16083557,755,1377,1417,1396-04-04
6/28/2017,1411,1454,1411,1437,14731731501,10254788,673,1404,1432,1396-04-07
7/1/2017,1441,1457,1439,1448,28947802124,19991212,991,1437,1440,1396-04-10
7/2/2017,1435,1459,1418,1439,24787150844,17224346,745,1448,1418,1396-04-11
7/3/2017,1422,1446,1421,1432,12544517576,8757442,442,1439,1432,1396-04-12
7/4/2017,1421,1446,1421,1436,13996747880,9747544,458,1432,1433,1396-04-13
7/5/2017,1430,1455,1430,1443,18376592978,12735686,563,1436,1443,1396-04-14
7/8/2017,1449,1450,1439,1445,21503661520,14878854,640,1443,1446,1396-04-17
7/9/2017,1447,1453,1445,1450,31441029157,21690765,919,1445,1450,1396-04-18
7/10/2017,1449,1522,1445,1508,92963545569,61655018,2426,1450,1520,1396-04-19
7/11/2017,1502,1521,1496,1504,33877417208,22519882,1050,1508,1497,1396-04-20
7/12/2017,1485,1521,1485,1509,22267662769,14755660,694,1504,1518,1396-04-21
7/15/2017,1507,1544,1507,1531,60195988262,39327013,1443,1509,1529,1396-04-24
7/16/2017,1532,1551,1531,1544,39118560177,25342052,1136,1531,1543,1396-04-25
7/17/2017,1541,1621,1529,1583,1.81759E+11,114850435,4405,1544,1619,1396-04-26
7/23/2017,1635,1635,1580,1602,2.15982E+11,134810511,3982,1483,1602,1396-05-01
7/24/2017,1600,1643,1584,1617,1.61131E+11,99618612,5346,1602,1625,1396-05-02
7/25/2017,1619,1638,1614,1629,81340381281,49937327,2700,1617,1630,1396-05-03
7/26/2017,1634,1710,1634,1681,1.47649E+11,87808056,3547,1629,1650,1396-05-04
7/29/2017,1670,1670,1617,1644,27956646165,17008431,1165,1681,1651,1396-05-07
7/30/2017,1642,1680,1642,1662,30796053471,18527808,1588,1644,1656,1396-05-08
7/31/2017,1652,1714,1652,1693,74207659484,43822176,2669,1662,1690,1396-05-09
8/1/2017,1716,1716,1690,1700,60067237873,35333955,2841,1693,1700,1396-05-10
8/2/2017,1700,1701,1683,1692,37730083651,22294532,1643,1700,1689,1396-05-11
8/6/2017,1695,1695,1655,1672,39842264518,23831412,3192,1692,1660,1396-05-15
8/7/2017,1677,1692,1671,1680,45465017656,27063210,2240,1672,1681,1396-05-16
8/8/2017,1690,1700,1673,1685,47071134059,27933850,2365,1680,1700,1396-05-17
8/9/2017,1700,1769,1700,1750,1.55941E+11,89115078,4305,1685,1763,1396-05-18
8/12/2017,1777,1802,1751,1778,53784975090,30246469,2182,1750,1800,1396-05-21
8/13/2017,1762,1815,1762,1796,47717727886,26572950,1977,1778,1779,1396-05-22
8/14/2017,1780,1810,1766,1800,93557141243,51978081,2180,1796,1805,1396-05-23
8/15/2017,1800,1801,1760,1778,46384269752,26089712,2495,1800,1770,1396-05-24
8/16/2017,1780,1790,1767,1775,25032454913,14102512,1626,1778,1775,1396-05-25
8/19/2017,1786,1810,1780,1796,46222179001,25739060,1711,1775,1791,1396-05-28
8/20/2017,1780,1800,1773,1790,25026964787,13978955,1716,1796,1794,1396-05-29
8/21/2017,1798,1809,1787,1796,46867420072,26090115,2047,1790,1791,1396-05-30
8/22/2017,1805,1860,1800,1821,68603780221,37676155,2670,1796,1819,1396-05-31
8/23/2017,1840,1840,1816,1825,59043497000,32351336,2195,1821,1827,1396-06-01
8/26/2017,1835,1910,1823,1874,94087950622,50203913,3270,1825,1870,1396-06-04
8/27/2017,1879,1879,1857,1867,32998117324,17674886,2079,1874,1873,1396-06-05
8/28/2017,1875,1912,1856,1890,65078656170,34431612,2160,1867,1910,1396-06-06
8/29/2017,1916,1982,1916,1960,1.93101E+11,98542716,5151,1890,1940,1396-06-07
8/30/2017,1957,1965,1881,1914,54862007729,28666469,1965,1960,1900,1396-06-08
9/2/2017,1919,1919,1869,1892,23613058696,12482740,2213,1914,1880,1396-06-11
9/3/2017,1898,1908,1864,1876,17358142699,9253296,1286,1892,1877,1396-06-12
9/4/2017,1860,1930,1860,1900,29018861774,15274811,1808,1876,1898,1396-06-13
9/5/2017,1900,1952,1900,1928,27478651526,14255174,991,1900,1923,1396-06-14
9/6/2017,1909,1943,1897,1916,21071463615,10995856,643,1928,1924,1396-06-15
9/10/2017,1876,1900,1861,1881,21572692301,11471433,866,1916,1883,1396-06-19
9/11/2017,1888,1923,1870,1903,51735723491,27180535,1291,1881,1910,1396-06-20
9/12/2017,1900,1933,1900,1918,27983427061,14588444,900,1903,1922,1396-06-21
9/13/2017,1910,1946,1900,1916,77857932200,40641068,1479,1918,1940,1396-06-22
9/16/2017,1918,1943,1900,1906,48435724365,25413420,1042,1916,1900,1396-06-25
9/17/2017,1900,1938,1900,1921,24226745366,12609609,803,1906,1929,1396-06-26
9/18/2017,1907,2000,1907,1965,59939671515,30503244,1537,1921,1983,1396-06-27
9/19/2017,1980,2034,1980,2019,75829959657,37552672,1845,1965,2019,1396-06-28
9/20/2017,2020,2048,2020,2035,73808676885,36264921,1683,2019,2035,1396-06-29
9/23/2017,2016,2016,1985,1997,51690110502,25885423,1337,2035,2000,1396-07-01
9/24/2017,2004,2010,1961,1979,32559800793,16453193,922,1997,1973,1396-07-02
9/25/2017,1978,1985,1956,1967,38306679905,19469986,1343,1979,1970,1396-07-03
9/26/2017,1959,1969,1956,1961,30502658284,15552918,1137,1967,1960,1396-07-04
9/27/2017,1966,1998,1956,1975,41954023374,21247509,1995,1961,1998,1396-07-05
10/2/2017,1994,1999,1945,1956,40999682941,20957984,995,1975,1950,1396-07-10
10/3/2017,1945,1962,1939,1949,38555290802,19784431,836,1956,1950,1396-07-11
10/4/2017,1942,1960,1939,1944,26562759653,13666016,865,1949,1942,1396-07-12
10/7/2017,1936,1959,1905,1925,32558320577,16910088,817,1944,1906,1396-07-15
10/8/2017,1929,1930,1887,1907,59279374199,31080227,1322,1925,1905,1396-07-16
10/9/2017,1900,1929,1900,1914,20083019626,10491709,518,1907,1912,1396-07-17
10/10/2017,1933,1950,1926,1938,14421987300,7441629,433,1914,1940,1396-07-18
10/11/2017,1944,1960,1916,1939,31004354753,15988809,798,1938,1950,1396-07-19
10/14/2017,1966,2006,1962,1988,41253749206,20750405,904,1939,1980,1396-07-22
10/15/2017,1988,2012,1985,2002,90700635383,45305402,1908,1988,2010,1396-07-23
10/16/2017,2011,2055,2011,2040,80464995522,39440098,1776,2002,2048,1396-07-24
10/17/2017,2037,2103,2037,2075,1.83876E+11,88615056,2852,2040,2100,1396-07-25
10/18/2017,2111,2130,2099,2115,97871794640,46270556,2318,2075,2126,1396-07-26
10/21/2017,2240,2280,2230,2256,2.51999E+11,111715486,5064,2115,2270,1396-07-29
10/22/2017,2290,2315,2230,2274,90341222569,39722918,2654,2256,2230,1396-07-30
10/23/2017,2250,2287,2203,2265,88001412234,38848602,2253,2274,2287,1396-08-01
10/24/2017,2281,2355,2279,2323,1.15784E+11,49835197,2808,2265,2342,1396-08-02
10/25/2017,2335,2380,2335,2360,63798330086,27032435,2803,2323,2362,1396-08-03
10/28/2017,2379,2420,2360,2399,1.07388E+11,44755740,3281,2360,2408,1396-08-06
10/29/2017,2426,2430,2366,2395,92624762313,38666187,2824,2399,2376,1396-08-07
10/30/2017,2380,2381,2337,2351,56887509133,24200634,1837,2395,2340,1396-08-08
10/31/2017,2332,2372,2299,2337,67251633510,28780922,1492,2351,2332,1396-08-09
11/1/2017,2349,2349,2317,2333,51887416577,22244931,1208,2337,2330,1396-08-10
11/4/2017,2307,2340,2307,2327,39463506780,16958764,1076,2333,2329,1396-08-13
11/5/2017,2321,2329,2310,2319,33581175659,14480849,946,2327,2313,1396-08-14
11/6/2017,2310,2327,2290,2304,61229855392,26571452,1294,2319,2307,1396-08-15
11/7/2017,2300,2322,2300,2310,29770688397,12887741,745,2304,2313,1396-08-16
11/8/2017,2309,2350,2300,2309,23983876340,10386660,757,2310,2300,1396-08-17
11/11/2017,2300,2330,2269,2283,44793110157,19620945,993,2309,2279,1396-08-20
11/12/2017,2268,2300,2261,2288,31909077493,13946740,794,2283,2290,1396-08-21
11/13/2017,2311,2348,2311,2330,46333384243,19888384,1128,2288,2345,1396-08-22
11/14/2017,2340,2370,2333,2352,38595934294,16406770,972,2330,2360,1396-08-23
11/15/2017,2356,2420,2353,2399,97041440444,40450398,2212,2352,2408,1396-08-24
11/18/2017,2407,2430,2407,2420,39322768735,16247263,1271,2399,2420,1396-08-27
11/20/2017,2430,2462,2423,2450,76107221569,31069687,1705,2420,2460,1396-08-29
11/21/2017,2452,2560,2452,2525,1.41196E+11,55922640,2972,2450,2559,1396-08-30
11/22/2017,2550,2614,2550,2592,1.03321E+11,39858499,2416,2525,2609,1396-09-01
11/25/2017,2650,2674,2598,2628,71333202839,27140064,2058,2592,2600,1396-09-04
11/26/2017,2630,2712,2572,2650,1.43132E+11,54014316,2802,2628,2690,1396-09-05
11/28/2017,2700,2772,2681,2740,1.99338E+11,72760572,3720,2650,2745,1396-09-07
11/29/2017,2774,2774,2691,2717,1.17675E+11,43316491,2464,2740,2720,1396-09-08
12/2/2017,2725,2765,2725,2738,50982362138,18620043,1270,2717,2730,1396-09-11
12/3/2017,2712,2735,2670,2692,88524284137,32881516,1901,2738,2699,1396-09-12
12/4/2017,2692,2720,2671,2701,59671662832,22092725,1293,2692,2710,1396-09-13
12/5/2017,2700,2720,2690,2699,30125114044,11162686,838,2701,2702,1396-09-14
12/9/2017,2701,2752,2701,2738,34701128937,12672857,888,2699,2738,1396-09-18
12/10/2017,2730,2742,2729,2732,32678843181,11960200,841,2738,2733,1396-09-19
12/11/2017,2720,2796,2720,2771,1.33071E+11,48019020,2329,2732,2771,1396-09-20
12/12/2017,2781,2909,2781,2886,1.62015E+11,56136860,2901,2771,2900,1396-09-21
12/13/2017,2900,2945,2800,2850,2.52076E+11,88434887,4226,2886,2800,1396-09-22
12/16/2017,2840,2900,2800,2826,3.51966E+11,124551445,5033,2850,2898,1396-09-25
12/17/2017,2900,2949,2830,2850,5.22764E+11,183433032,6246,2826,2869,1396-09-26
12/18/2017,2860,2900,2854,2871,92672185547,32281473,1612,2850,2860,1396-09-27
12/19/2017,2851,2874,2848,2854,68572125585,24026270,1478,2871,2849,1396-09-28
12/20/2017,2853,2936,2852,2890,1.05023E+11,36335911,2022,2854,2920,1396-09-29
12/23/2017,2929,3025,2929,2997,2.76617E+11,92302517,4285,2890,3010,1396-10-02
12/24/2017,3002,3034,2999,3014,80939191953,26851650,1724,2997,3020,1396-10-03
12/25/2017,3021,3124,3020,3093,2.42875E+11,78531773,3863,3014,3119,1396-10-04
12/26/2017,3127,3129,3024,3077,1.17889E+11,38307067,2625,3093,3090,1396-10-05
12/27/2017,3080,3087,3001,3038,1.4614E+11,48098134,2712,3077,3005,1396-10-06
12/30/2017,3000,3041,2911,3000,2.17755E+11,72586869,3269,3038,2983,1396-10-09
12/31/2017,2950,3005,2850,2943,5.0134E+11,170346099,7363,3000,3001,1396-10-10
1/1/2018,2963,3014,2943,2964,1.23375E+11,41629722,2296,2943,2965,1396-10-11
1/2/2018,2980,2990,2924,2956,1.39153E+11,47074830,2137,2964,2940,1396-10-12
1/3/2018,2970,2970,2913,2934,59818464932,20388813,1261,2956,2950,1396-10-13
1/6/2018,2905,2976,2905,2945,88353324666,30003330,1498,2934,2931,1396-10-16
1/7/2018,2950,2957,2857,2895,97331074569,33622303,2111,2945,2870,1396-10-17
1/8/2018,2890,2922,2865,2890,84108777703,29104036,1397,2895,2871,1396-10-18
1/9/2018,2891,2895,2851,2860,52048786054,18197832,1131,2890,2861,1396-10-19
1/10/2018,2850,2870,2834,2848,1.06417E+11,37371765,1823,2860,2840,1396-10-20
1/13/2018,2895,2917,2846,2880,63077148101,21902045,1265,2848,2874,1396-10-23
1/14/2018,2899,2999,2891,2958,2.15366E+11,72815892,3713,2880,2970,1396-10-24
1/15/2018,3000,3035,3000,3017,1.36687E+11,45304390,2424,2958,3017,1396-10-25
1/16/2018,3040,3080,3035,3059,1.43297E+11,46843572,2623,3017,3067,1396-10-26
1/17/2018,3050,3137,3050,3100,1.49642E+11,48264548,2564,3059,3099,1396-10-27
1/20/2018,3090,3130,2985,3050,89522887741,29352618,2256,3100,3000,1396-10-30
1/21/2018,3000,3000,2957,2977,53070906904,17826533,1370,3050,2975,1396-11-01
1/22/2018,2973,3025,2968,2985,46175440433,15470465,1125,2977,2982,1396-11-02
1/23/2018,2985,3010,2970,2985,51127531954,17127052,1085,2985,3010,1396-11-03
1/24/2018,3012,3047,2950,2998,1.15262E+11,38447670,1999,2985,2950,1396-11-04
1/27/2018,2964,2964,2890,2906,1.20923E+11,41606913,2553,2998,2918,1396-11-07
1/28/2018,2910,2934,2891,2905,78977970243,27187774,1529,2906,2894,1396-11-08
1/29/2018,2890,2900,2860,2879,68901273911,23928711,1718,2905,2867,1396-11-09
1/30/2018,2881,2904,2851,2878,60497516479,21020330,1319,2879,2851,1396-11-10
1/31/2018,2851,2894,2842,2855,49138434871,17209294,1215,2878,2849,1396-11-11
2/3/2018,2840,2848,2777,2795,94968596505,33971980,2434,2855,2789,1396-11-14
2/4/2018,2785,2830,2780,2801,70533256931,25181768,1513,2795,2795,1396-11-15
2/5/2018,2805,2844,2782,2818,57811727103,20516541,1279,2801,2834,1396-11-16
2/6/2018,2845,2897,2830,2868,94218736928,32850443,2105,2818,2896,1396-11-17
2/7/2018,2899,2989,2883,2962,1.24153E+11,41917158,2576,2868,2985,1396-11-18
2/13/2018,3011,3015,2968,2994,84039527773,28072068,1826,2962,2974,1396-11-24
2/14/2018,2982,3005,2969,2988,72738414293,24340332,1444,2994,2993,1396-11-25
2/17/2018,2968,2990,2915,2963,47598350982,16064570,1224,2988,2920,1396-11-28
2/18/2018,2920,2960,2885,2915,47620700665,16337263,1090,2963,2900,1396-11-29
2/19/2018,2873,2940,2873,2908,31762867702,10921340,752,2915,2900,1396-11-30
2/21/2018,2899,2899,2849,2867,55055187285,19205208,1319,2908,2890,1396-12-02
2/24/2018,2875,2875,2840,2852,35760784047,12536904,978,2867,2845,1396-12-05
2/25/2018,2846,2890,2841,2855,31938518003,11187659,785,2852,2853,1396-12-06
2/26/2018,2876,2918,2868,2889,57107971684,19768483,1309,2855,2900,1396-12-07
2/27/2018,2912,2975,2912,2945,64861578516,22021266,1375,2889,2931,1396-12-08
2/28/2018,2945,2969,2925,2946,28846320318,9792666,715,2945,2944,1396-12-09
3/3/2018,2930,2930,2856,2880,58268950066,20232509,1089,2946,2857,1396-12-12
3/4/2018,2850,2900,2850,2877,45529253034,15824500,960,2880,2861,1396-12-13
3/5/2018,2877,2886,2856,2870,42521491647,14815132,717,2877,2856,1396-12-14
3/6/2018,2857,2900,2850,2871,43133240604,15025026,936,2870,2851,1396-12-15
3/7/2018,2870,2880,2849,2871,72737967646,25338045,1163,2871,2850,1396-12-16
3/10/2018,2875,2878,2820,2850,70399229221,24699626,1195,2871,2822,1396-12-19
3/11/2018,2820,2832,2803,2820,52339519726,18563047,1014,2850,2830,1396-12-20
3/12/2018,2833,2850,2818,2841,28013877995,9861803,737,2820,2840,1396-12-21
3/13/2018,2849,2880,2843,2871,63130085501,21989200,904,2841,2870,1396-12-22
3/14/2018,2879,2880,2834,2852,45500572277,15954051,828,2871,2855,1396-12-23
3/17/2018,2864,2870,2834,2846,46210925745,16235924,827,2852,2853,1396-12-26
3/18/2018,2849,2850,2819,2829,50475305226,17839730,952,2846,2826,1396-12-27
3/19/2018,2844,2905,2828,2877,42533165101,14782742,916,2829,2875,1396-12-28
3/25/2018,2900,2900,2850,2872,14352200501,4996777,338,2877,2870,1397-01-05
3/26/2018,2898,2900,2867,2880,14028150601,4871709,333,2872,2894,1397-01-06
3/27/2018,2871,2898,2869,2885,18063694991,6262255,398,2880,2880,1397-01-07
3/28/2018,2895,2962,2893,2946,80376702920,27284175,1661,2885,2960,1397-01-08
4/3/2018,2972,3009,2971,2994,52254090973,17451836,1361,2946,2985,1397-01-14
4/4/2018,2980,2995,2941,2963,18975771145,6403809,651,2994,2950,1397-01-15
4/7/2018,2961,2961,2860,2905,35276781177,12142140,1046,2963,2875,1397-01-18
4/8/2018,2880,2898,2820,2864,70121467957,24483397,1285,2905,2860,1397-01-19
4/9/2018,2899,3007,2855,2978,2.1404E+11,71882390,3749,2864,3007,1397-01-20
4/10/2018,2949,2949,2845,2895,92552478471,31965771,1502,2978,2910,1397-01-21
4/11/2018,2920,2920,2845,2870,59185441646,20625075,971,2895,2860,1397-01-22
4/15/2018,2899,2900,2835,2865,22010453300,7683619,652,2870,2839,1397-01-26
4/16/2018,2854,2857,2780,2805,62147042009,22152127,1442,2865,2790,1397-01-27
4/17/2018,2800,2850,2800,2820,28189256025,9995389,665,2805,2811,1397-01-28
4/18/2018,2815,2868,2795,2815,54670202223,19423324,942,2820,2800,1397-01-29
4/21/2018,2810,2810,2748,2765,42755440177,15460879,1212,2815,2755,1397-02-01
4/22/2018,2777,2777,2709,2720,57553804620,21161331,1541,2765,2720,1397-02-02
4/23/2018,2710,2780,2705,2746,33237868904,12102022,919,2720,2767,1397-02-03
4/24/2018,2751,2847,2751,2811,28582566700,10168338,790,2746,2824,1397-02-04
4/25/2018,2810,2870,2810,2857,36900353998,12916078,862,2811,2842,1397-02-05
4/28/2018,2839,2839,2760,2794,26478458403,9476921,617,2857,2770,1397-02-08
4/29/2018,2755,2808,2745,2767,18621039243,6729069,475,2794,2756,1397-02-09
4/30/2018,2750,2777,2725,2744,33791503490,12316400,723,2767,2732,1397-02-10
5/1/2018,2724,2791,2716,2753,25574426464,9289806,543,2744,2779,1397-02-11
5/5/2018,2779,2783,2716,2749,31200274719,11348083,591,2753,2716,1397-02-15
5/6/2018,2721,2818,2721,2774,58697741597,21158893,862,2749,2780,1397-02-16
5/7/2018,2770,2869,2770,2850,43346921906,15209253,963,2774,2850,1397-02-17
5/8/2018,2851,2885,2812,2852,35994840446,12619088,803,2850,2823,1397-02-18
5/9/2018,2845,2845,2741,2813,2.31984E+11,82480996,2477,2852,2770,1397-02-19
5/12/2018,2799,2848,2778,2805,1.54265E+11,54993816,2278,2813,2780,1397-02-22
5/13/2018,2810,2823,2793,2809,95543381999,34008762,1412,2805,2818,1397-02-23
5/14/2018,2824,2860,2823,2849,92885367850,32605876,1973,2809,2850,1397-02-24
5/15/2018,2866,2885,2840,2856,42067677554,14729419,896,2849,2849,1397-02-25
5/16/2018,2860,2864,2841,2854,51076322582,17896328,766,2856,2858,1397-02-26
5/19/2018,2850,2870,2840,2855,38682705665,13550682,762,2854,2855,1397-02-29
5/20/2018,2851,2910,2851,2888,55265983574,19134426,1176,2855,2910,1397-02-30
5/21/2018,2911,2936,2896,2912,84131610450,28889926,1511,2888,2918,1397-02-31
5/22/2018,2920,2958,2919,2931,65917225323,22488717,1269,2912,2923,1397-03-01
5/23/2018,2911,2969,2911,2948,1.18021E+11,40031614,2006,2931,2960,1397-03-02
5/26/2018,2990,3095,2982,3059,2.77516E+11,90732912,4534,2948,3070,1397-03-05
5/27/2018,3077,3077,3026,3047,1.06534E+11,34966579,2069,3059,3049,1397-03-06
5/28/2018,3047,3083,3035,3051,97963798370,32109161,1800,3047,3045,1397-03-07
5/29/2018,3062,3071,3051,3062,57373026749,18736708,1248,3051,3060,1397-03-08
5/30/2018,3069,3155,3060,3114,2.20927E+11,70955603,3487,3062,3155,1397-03-09
6/2/2018,3152,3220,3152,3191,1.4894E+11,46675306,2532,3114,3189,1397-03-12
6/3/2018,3198,3253,3180,3221,86017025740,26701381,2009,3191,3250,1397-03-13
6/9/2018,3255,3268,3222,3241,49029426855,15127234,1171,3221,3235,1397-03-19
6/10/2018,3229,3239,3165,3195,1.18421E+11,37066828,1982,3241,3165,1397-03-20
6/11/2018,3190,3196,3152,3182,93231062411,29303794,1427,3195,3193,1397-03-21
6/12/2018,3196,3320,3185,3266,1.172E+11,35889978,1973,3182,3320,1397-03-22
6/13/2018,3351,3429,3351,3427,4.51157E+11,131646682,3830,3266,3429,1397-03-23
6/17/2018,3598,3598,3521,3598,7.24824E+11,201455433,5592,3427,3598,1397-03-27
6/18/2018,3750,3777,3660,3726,6.17123E+11,165621502,7669,3598,3670,1397-03-28
6/19/2018,3700,3912,3650,3835,2.81598E+11,73433191,3736,3726,3912,1397-03-29
6/20/2018,4003,4003,3855,3916,3.35674E+11,85715572,4135,3835,3880,1397-03-30
6/23/2018,3900,3983,3831,3901,2.37561E+11,60903357,3370,3916,3962,1397-04-02
6/24/2018,3960,4096,3960,4084,8.73649E+11,213915020,9509,3901,4094,1397-04-03
6/25/2018,4200,4288,4195,4286,1.34775E+12,314465711,11974,4084,4288,1397-04-04
6/26/2018,4270,4299,4073,4193,4.61116E+11,109984278,6138,4286,4170,1397-04-05
6/27/2018,4200,4249,3984,4028,6.96612E+11,172942555,6826,4193,3985,1397-04-06
6/30/2018,4035,4145,3911,4029,3.95621E+11,98181934,5121,4028,3976,1397-04-09
7/1/2018,3940,3980,3828,3855,4.80047E+11,124521862,5353,4029,3850,1397-04-10
7/2/2018,3851,4019,3851,3963,2.43324E+11,61392817,3213,3855,3998,1397-04-11
7/3/2018,4040,4161,4003,4131,3.73526E+11,90416960,4665,3963,4143,1397-04-12
7/4/2018,4200,4210,4011,4129,2.36859E+11,57360799,3336,4131,4090,1397-04-13
7/7/2018,4097,4097,3943,3994,2.20247E+11,55146314,2598,4129,3950,1397-04-16
7/8/2018,3980,3991,3948,3964,1.00202E+11,25279568,1602,3994,3962,1397-04-17
7/10/2018,4000,4100,3972,4001,2.11594E+11,52885260,2598,3964,3980,1397-04-19
7/11/2018,3965,3968,3871,3919,1.70959E+11,43621201,3346,4001,3900,1397-04-20
7/14/2018,3930,3938,3797,3836,1.57136E+11,40962049,2723,3919,3800,1397-04-23
7/15/2018,3810,3845,3770,3807,1.10109E+11,28922585,1773,3836,3844,1397-04-24
7/16/2018,3814,3880,3801,3820,91306678600,23900477,1830,3807,3801,1397-04-25
7/17/2018,3820,3820,3770,3790,2.2488E+11,59328181,3354,3820,3792,1397-04-26
7/23/2018,3641,3649,3601,3629,1.68607E+11,46456843,1906,3540,3620,1397-05-01
7/24/2018,3638,3660,3560,3603,1.31305E+11,36442057,1983,3629,3598,1397-05-02
7/25/2018,3600,3745,3591,3659,2.1195E+11,57927106,3022,3603,3720,1397-05-03
7/28/2018,3841,3841,3830,3841,2.08103E+11,54179527,1585,3659,3841,1397-05-06
7/29/2018,4033,4033,3910,4009,5.52793E+11,137902254,7293,3841,4033,1397-05-07
7/30/2018,4088,4209,4051,4202,5.70391E+11,135735293,4624,4009,4209,1397-05-08
7/31/2018,4412,4412,4412,4412,1.36482E+11,30934240,700,4202,4412,1397-05-09
8/1/2018,4538,4538,4325,4438,8.53188E+11,192234557,10106,4412,4390,1397-05-10
8/4/2018,4389,4500,4333,4411,5.14058E+11,116527538,6622,4438,4500,1397-05-13
8/5/2018,4525,4631,4525,4627,1.20593E+12,260608113,9152,4411,4631,1397-05-14
8/6/2018,4858,4858,4701,4851,1.95367E+12,402745783,15072,4627,4740,1397-05-15
8/7/2018,4770,4970,4671,4836,7.60409E+11,157241306,11346,4851,4750,1397-05-16
8/8/2018,4830,4850,4690,4720,4.24967E+11,90041745,5275,4836,4717,1397-05-17
8/11/2018,4675,4698,4561,4623,3.31422E+11,71695309,4622,4720,4640,1397-05-20
8/12/2018,4640,4815,4600,4672,3.15175E+11,67466162,4080,4623,4630,1397-05-21
8/13/2018,4601,4610,4499,4536,3.16204E+11,69704298,4062,4672,4570,1397-05-22
8/14/2018,4541,4740,4541,4645,4.75017E+11,102268210,5102,4536,4665,1397-05-23
8/15/2018,4531,4588,4490,4524,4.18667E+11,92549493,4623,4645,4560,1397-05-24
8/18/2018,4513,4600,4463,4522,1.93497E+11,42787696,3148,4524,4590,1397-05-27
8/19/2018,4620,4738,4616,4667,1.57762E+11,33805601,2768,4522,4621,1397-05-28
8/20/2018,4711,4900,4711,4885,1.19512E+12,244672211,9472,4667,4900,1397-05-29
8/21/2018,4755,4879,4700,4785,3.20463E+11,66970452,4175,4885,4805,1397-05-30
8/25/2018,4820,4820,4591,4678,2.59403E+11,55448842,4490,4785,4602,1397-06-03
8/26/2018,4600,4900,4582,4782,2.283E+11,47736849,3866,4678,4820,1397-06-04
8/27/2018,4880,4920,4752,4845,2.83713E+11,58561180,3918,4782,4830,1397-06-05
8/28/2018,4770,4777,4603,4666,2.86874E+11,61480035,3975,4845,4670,1397-06-06
8/29/2018,4681,4730,4589,4624,1.87258E+11,40495751,2753,4666,4600,1397-06-07
9/1/2018,4610,4650,4499,4532,2.5662E+11,56622339,4044,4624,4510,1397-06-10
9/2/2018,4530,4530,4388,4410,4.57766E+11,103793052,5395,4532,4464,1397-06-11
9/3/2018,4490,4630,4401,4538,2.48745E+11,54814083,3428,4410,4630,1397-06-12
9/4/2018,4690,4720,4590,4647,2.03764E+11,43853092,3246,4538,4600,1397-06-13
9/5/2018,4610,4669,4521,4606,1.57148E+11,34121226,2363,4647,4660,1397-06-14
9/8/2018,4641,4748,4579,4656,2.68476E+11,57656889,4239,4606,4616,1397-06-17
9/9/2018,4600,4750,4575,4673,2.94299E+11,62982378,4499,4656,4749,1397-06-18
9/10/2018,4780,4906,4780,4903,9.20717E+11,187787517,7285,4673,4906,1397-06-19
9/11/2018,5050,5148,4955,5118,7.99977E+11,156318564,7516,4903,5148,1397-06-20
9/12/2018,5373,5641,5373,5477,9.43633E+11,172289926,8199,5118,5451,1397-06-21
9/15/2018,5589,5589,5250,5399,7.53843E+11,139633614,10958,5477,5290,1397-06-24
9/16/2018,5250,5399,5130,5206,6.78113E+11,130244731,7185,5399,5299,1397-06-25
9/17/2018,5310,5380,5150,5240,4.42471E+11,84434172,5944,5206,5179,1397-06-26
9/18/2018,5140,5269,5061,5184,4.72377E+11,91126951,5112,5240,5210,1397-06-27
9/22/2018,5240,5310,5212,5262,3.69931E+11,70299892,4932,5184,5240,1397-06-31
9/23/2018,5221,5380,5221,5308,4.51171E+11,85003736,5711,5262,5360,1397-07-01
9/24/2018,5407,5573,5395,5518,4.43206E+11,80321619,6015,5308,5572,1397-07-02
9/25/2018,5700,5793,5655,5758,4.94411E+11,85867112,6853,5518,5760,1397-07-03
9/26/2018,5890,6021,5794,5925,6.6671E+11,112523240,8612,5758,5950,1397-07-04
9/29/2018,6190,6190,5921,6034,6.205E+11,102834373,9686,5925,6149,1397-07-07
9/30/2018,6195,6335,6149,6315,1.15079E+12,182219733,9279,6034,6335,1397-07-08
10/1/2018,6630,6630,6202,6532,1.04917E+12,160615000,12276,6315,6400,1397-07-09
10/2/2018,6440,6440,6206,6214,9.61653E+11,154749494,7480,6532,6206,1397-07-10
10/3/2018,5975,6299,5975,6140,5.36799E+11,87423553,7632,6214,6240,1397-07-11
10/6/2018,6140,6412,5833,5996,7.65166E+11,127612924,8400,6140,5834,1397-07-14
10/7/2018,5820,5996,5697,5731,1.77979E+12,310558307,12564,5996,5697,1397-07-15
10/8/2018,5690,6017,5690,5865,6.63576E+11,113145358,7966,5731,6015,1397-07-16
10/9/2018,6100,6158,6051,6141,5.41308E+11,88145190,5848,5865,6099,1397-07-17
10/10/2018,6190,6223,6079,6146,3.44337E+11,56024305,4860,6141,6148,1397-07-18
10/13/2018,6185,6228,5839,5893,4.17107E+11,70783678,4917,6146,5900,1397-07-21
10/14/2018,5941,6100,5920,5977,75448708127,12622487,960,5893,6040,1397-07-22
10/15/2018,6055,6265,6055,6206,4.58708E+11,73910186,5839,5977,6265,1397-07-23
10/16/2018,6300,6355,6196,6265,3.55934E+11,56808663,4647,6206,6230,1397-07-24
10/17/2018,6022,6350,6000,6154,1.60865E+12,261402007,11350,6265,6327,1397-07-25
10/20/2018,6262,6444,6261,6342,2.77752E+11,43794197,4440,6154,6339,1397-07-28
10/21/2018,6350,6400,6227,6309,3.42998E+11,54366087,3790,6342,6270,1397-07-29
10/22/2018,6310,6310,6100,6219,2.9639E+11,47657657,3339,6309,6294,1397-07-30
10/23/2018,6219,6219,5990,6082,3.1626E+11,52001112,3573,6219,6093,1397-08-01
10/24/2018,6100,6100,5902,5989,2.04151E+11,34089940,2819,6082,5970,1397-08-02
10/27/2018,5989,6100,5880,5959,2.0945E+11,35149678,2615,5989,5891,1397-08-05
10/28/2018,5950,5990,5936,5956,2.2534E+11,37834030,2940,5959,5980,1397-08-06
10/29/2018,6000,6070,5957,5999,1.85797E+11,30971786,2300,5956,5957,1397-08-07
10/31/2018,6000,6050,5920,5991,2.20188E+11,36752008,2475,5999,5948,1397-08-09
11/3/2018,5950,5997,5816,5895,3.33978E+11,56658338,3527,5991,5821,1397-08-12
11/4/2018,5900,5950,5805,5878,1.28534E+11,21867703,2003,5895,5825,1397-08-13
11/5/2018,5885,5930,5855,5886,1.57892E+11,26827123,2186,5878,5900,1397-08-14
11/6/2018,5914,5950,5850,5882,1.76719E+11,30046385,2437,5886,5858,1397-08-15
11/10/2018,5880,5910,5752,5825,1.76235E+11,30256007,2464,5882,5770,1397-08-19
11/11/2018,5845,5845,5602,5707,1.45197E+11,25440054,2291,5825,5702,1397-08-20
11/12/2018,5749,5794,5733,5756,1.2434E+11,21602310,1780,5707,5760,1397-08-21
11/13/2018,5840,5880,5769,5818,1.20956E+11,20790448,1874,5756,5769,1397-08-22
11/14/2018,5822,5849,5754,5803,1.73647E+11,29923111,2087,5818,5780,1397-08-23
11/17/2018,5780,5798,5515,5651,1.78199E+11,31532894,3347,5803,5522,1397-08-26
11/18/2018,5551,5555,5369,5434,2.51225E+11,46235249,3369,5651,5498,1397-08-27
11/19/2018,5490,5568,5447,5511,1.0121E+11,18366446,1750,5434,5501,1397-08-28
11/20/2018,5500,5599,5500,5531,69360738646,12540723,1375,5511,5541,1397-08-29
11/21/2018,5471,5588,5437,5487,90631292359,16518250,1630,5531,5443,1397-08-30
11/24/2018,5409,5440,5213,5254,69257588437,13181961,974,5487,5213,1397-09-03
11/26/2018,5135,5290,5120,5195,3.31634E+11,63842374,3768,5254,5200,1397-09-05
11/27/2018,5243,5350,5195,5241,75031932070,14317226,1885,5195,5220,1397-09-06
11/28/2018,5235,5241,4989,5045,1.96836E+11,39017983,3313,5241,5030,1397-09-07
12/1/2018,4990,4999,4793,4875,4.76403E+11,97731978,4793,5045,4910,1397-09-10
12/2/2018,4950,5118,4950,5084,2.23826E+11,44025493,3148,4875,5118,1397-09-11
12/3/2018,5250,5337,5151,5285,1.1236E+11,21261740,2604,5084,5289,1397-09-12
12/4/2018,5369,5369,5121,5255,1.7314E+11,32946474,2140,5285,5259,1397-09-13
12/5/2018,5200,5330,5171,5270,1.06892E+11,20283154,1838,5255,5267,1397-09-14
12/8/2018,5270,5275,5145,5213,96803295185,18571155,1849,5270,5175,1397-09-17
12/9/2018,5170,5240,5090,5152,88528373551,17183553,1438,5213,5139,1397-09-18
12/10/2018,5152,5190,5120,5150,74834572132,14530523,1255,5152,5140,1397-09-19
12/11/2018,5170,5180,5061,5143,80857144041,15722071,1206,5150,5072,1397-09-20
12/12/2018,5000,5130,4950,5054,1.173E+11,23209204,2064,5143,5010,1397-09-21
12/15/2018,5048,5060,4960,5026,63802733634,12695652,1241,5054,4982,1397-09-24
12/16/2018,4973,4980,4840,4914,1.03263E+11,21015445,1833,5026,4880,1397-09-25
12/17/2018,4820,4987,4669,4763,2.11275E+11,44353159,2875,4914,4700,1397-09-26
12/18/2018,4778,4790,4644,4746,1.12599E+11,23724471,2114,4763,4669,1397-09-27
12/19/2018,4601,4697,4509,4545,1.29514E+11,28495309,2520,4746,4564,1397-09-28
12/22/2018,4580,4580,4540,4554,68563895269,15057314,1357,4545,4560,1397-10-01
12/23/2018,4603,4781,4602,4747,1.06113E+11,22353014,2315,4554,4760,1397-10-02
12/24/2018,4860,4861,4755,4806,1.08782E+11,22634085,2151,4747,4780,1397-10-03
12/25/2018,4806,4848,4700,4742,66842437045,14096584,1417,4806,4730,1397-10-04
12/26/2018,4780,4880,4740,4805,1.22702E+11,25537182,1888,4742,4816,1397-10-05
12/29/2018,4804,5000,4796,4877,78865411891,16171412,1618,4805,4941,1397-10-08
12/30/2018,4921,4957,4891,4929,67007936939,13595634,1442,4877,4900,1397-10-09
12/31/2018,4915,4940,4830,4889,65376101772,13372959,1261,4929,4830,1397-10-10
1/1/2019,4889,4897,4761,4812,52981742581,11009272,1367,4889,4770,1397-10-11
1/2/2019,4715,4887,4645,4751,94576216571,19906632,1620,4812,4690,1397-10-12
1/5/2019,4786,4786,4670,4704,43258222471,9196638,1187,4751,4670,1397-10-15
1/6/2019,4645,4789,4645,4705,55588308815,11815119,1288,4704,4718,1397-10-16
1/7/2019,4759,4899,4710,4802,77337890405,16106344,1767,4705,4799,1397-10-17
1/8/2019,4810,4930,4807,4896,95663752576,19539442,1670,4802,4900,1397-10-18
1/9/2019,4921,4995,4920,4945,50755837458,10264412,1215,4896,4940,1397-10-19
1/12/2019,4951,4970,4889,4938,39037088716,7904697,1030,4945,4910,1397-10-22
1/13/2019,4853,5053,4853,4977,1.2193E+11,24499175,2542,4938,4973,1397-10-23
1/14/2019,5029,5083,4999,5031,68207412888,13556723,1630,4977,5018,1397-10-24
1/15/2019,5033,5140,5033,5108,93699359580,18344147,1927,5031,5120,1397-10-25
1/16/2019,5125,5137,5084,5104,99276962527,19451360,1604,5108,5110,1397-10-26
1/19/2019,5109,5117,5087,5105,51481611130,10085060,1471,5104,5107,1397-10-29
1/20/2019,5070,5103,4977,5033,75343927770,14968653,1288,5105,5030,1397-10-30
1/21/2019,5004,5100,4906,4969,1.11949E+11,22530670,1495,5033,4973,1397-11-01
1/22/2019,4995,5032,4968,4986,46788790005,9383440,1003,4969,4979,1397-11-02
1/23/2019,5005,5079,4921,4982,68057542506,13660741,1465,4986,4930,1397-11-03
1/26/2019,4999,4999,4880,4930,45664937591,9263104,1145,4982,4900,1397-11-06
1/27/2019,4899,4899,4733,4800,1.06131E+11,22111859,1822,4930,4749,1397-11-07
1/28/2019,4850,4874,4725,4765,49703896319,10430587,1166,4800,4745,1397-11-08
1/29/2019,4720,4849,4720,4794,57053039873,11899865,1005,4765,4799,1397-11-09
1/30/2019,4900,4919,4840,4891,55266083751,11298814,1771,4794,4865,1397-11-10
2/2/2019,4908,4920,4790,4863,34616117643,7118939,928,4891,4800,1397-11-13
2/3/2019,4850,4898,4726,4786,95339665849,19919186,1494,4863,4820,1397-11-14
2/4/2019,4801,4900,4792,4838,56303143208,11636611,1204,4786,4849,1397-11-15
2/5/2019,4800,4980,4800,4921,1.25491E+11,25499269,2042,4838,4950,1397-11-16
2/6/2019,4950,4950,4889,4924,82181749713,16688733,1392,4921,4930,1397-11-17
2/10/2019,4929,4985,4872,4906,47374937774,9657438,1179,4924,4875,1397-11-21
2/12/2019,4920,4950,4866,4888,70621395284,14448155,1570,4906,4880,1397-11-23
2/20/2019,3010,3120,3010,3046,4.19457E+11,137718369,5530,2820,3110,1397-12-01
2/23/2019,3168,3198,3148,3196,6.44157E+11,201549362,9623,3046,3198,1397-12-04
2/24/2019,3251,3275,3180,3245,2.89518E+11,89210761,6024,3196,3229,1397-12-05
2/25/2019,3251,3379,3251,3322,2.17811E+11,65568770,4916,3245,3337,1397-12-06
2/26/2019,3270,3330,3230,3275,1.38036E+11,42152442,3221,3322,3257,1397-12-07
2/27/2019,3250,3294,3235,3255,97041129194,29809873,2492,3275,3235,1397-12-08
3/2/2019,3268,3270,3159,3188,98685745084,30955210,2611,3255,3160,1397-12-11
3/3/2019,3158,3188,3131,3165,1.02396E+11,32356501,2392,3188,3167,1397-12-12
3/4/2019,3166,3204,3150,3167,92421960251,29182731,2183,3165,3152,1397-12-13
3/5/2019,3160,3170,3110,3144,83309401623,26497564,1916,3167,3150,1397-12-14
3/6/2019,3141,3198,3136,3150,1.05115E+11,33367510,2178,3144,3169,1397-12-15
3/9/2019,3149,3160,3121,3145,83759266586,26631513,1645,3150,3136,1397-12-18
3/10/2019,3130,3282,3121,3206,2.04202E+11,63700618,3445,3145,3238,1397-12-19
3/11/2019,3245,3366,3245,3352,4.30662E+11,128488094,6105,3206,3300,1397-12-20
3/12/2019,3364,3444,3310,3405,1.80627E+11,53047535,3902,3352,3418,1397-12-21
3/13/2019,3428,3525,3370,3471,2.80822E+11,80902768,5556,3405,3405,1397-12-22
3/16/2019,3435,3496,3400,3466,1.31311E+11,37889433,3605,3471,3460,1397-12-25
3/17/2019,3475,3475,3402,3429,1.41927E+11,41393814,2787,3466,3412,1397-12-26
3/18/2019,3439,3530,3415,3478,1.56496E+11,44997647,3041,3429,3470,1397-12-27
3/19/2019,3497,3541,3480,3515,1.66705E+11,47425139,3677,3478,3519,1397-12-28
3/25/2019,3530,3531,3497,3506,98603616988,28121230,1678,3515,3500,1398-01-05
3/26/2019,3516,3519,3480,3497,66072878386,18896498,1693,3506,3519,1398-01-06
3/27/2019,3528,3586,3500,3557,84495436538,23757584,2001,3497,3583,1398-01-07
3/30/2019,3605,3730,3605,3686,1.74935E+11,47453747,3507,3557,3700,1398-01-10
3/31/2019,3700,3732,3611,3675,1.03487E+11,28159704,3424,3686,3670,1398-01-11
4/6/2019,3671,3683,3621,3654,85622310484,23433538,2286,3675,3675,1398-01-17
4/7/2019,3673,3770,3670,3729,1.3954E+11,37421159,2969,3654,3700,1398-01-18
4/8/2019,3653,3761,3593,3705,2.96731E+11,80089704,5663,3729,3724,1398-01-19
4/9/2019,3720,3798,3699,3756,3.57433E+11,95166991,5642,3705,3782,1398-01-20
4/10/2019,3820,3943,3800,3930,7.66635E+11,195084157,9899,3756,3943,1398-01-21
4/13/2019,4000,4000,3880,3936,2.30003E+11,58430145,5789,3930,3891,1398-01-24
4/14/2019,3885,3959,3870,3921,1.92064E+11,48980107,3742,3936,3940,1398-01-25
4/15/2019,3957,4095,3951,4052,3.40809E+11,84106222,5134,3921,4050,1398-01-26
4/16/2019,4050,4062,3950,4021,3.05073E+11,75869278,6222,4052,3965,1398-01-27
4/17/2019,3951,4010,3921,3978,1.74918E+11,43966566,3343,4021,3969,1398-01-28
4/20/2019,3999,4020,3980,4003,2.08894E+11,52190645,4343,3978,4006,1398-01-31
4/22/2019,4024,4050,3943,3983,2.19641E+11,55150517,3820,4003,3950,1398-02-02
4/23/2019,3922,4000,3922,3974,1.51204E+11,38052018,2380,3983,3954,1398-02-03
4/24/2019,3994,4020,3962,3992,1.74163E+11,43630592,2937,3974,4012,1398-02-04
4/27/2019,3986,4027,3970,3991,1.48018E+11,37091902,3074,3992,4026,1398-02-07
4/28/2019,4040,4149,4040,4107,2.74413E+11,66816031,4222,3991,4120,1398-02-08
4/29/2019,4108,4312,4108,4279,8.79682E+11,205588050,8558,4107,4312,1398-02-09
4/30/2019,4420,4430,4240,4350,2.67971E+11,61597932,4800,4279,4329,1398-02-10
5/1/2019,4295,4444,4290,4391,1.94567E+11,44306231,3979,4350,4408,1398-02-11
5/4/2019,4410,4550,4401,4487,2.61191E+11,58207882,4655,4391,4503,1398-02-14
5/5/2019,4600,4600,4350,4499,2.90351E+11,64536009,4850,4487,4436,1398-02-15
5/6/2019,4443,4444,4275,4295,6.15776E+11,143365604,7301,4499,4275,1398-02-16
5/7/2019,4250,4330,4100,4216,3.66428E+11,86917031,5722,4295,4285,1398-02-17
5/8/2019,4250,4389,4233,4336,2.89424E+11,66752568,4836,4216,4368,1398-02-18
5/11/2019,4209,4340,4127,4212,3.05355E+11,72487944,5471,4336,4180,1398-02-21
5/12/2019,4110,4250,4019,4126,2.23726E+11,54223782,3643,4212,4174,1398-02-22
5/13/2019,4170,4276,4170,4233,1.33685E+11,31581771,2278,4126,4249,1398-02-23
5/14/2019,4250,4340,4221,4292,1.55023E+11,36115999,2658,4233,4230,1398-02-24
5/15/2019,4250,4300,4211,4245,94177964800,22185485,1791,4292,4231,1398-02-25
5/18/2019,4250,4261,4120,4187,1.16318E+11,27782110,2481,4245,4151,1398-02-28
5/19/2019,4130,4200,4122,4162,1.45049E+11,34848004,2394,4187,4171,1398-02-29
5/20/2019,4150,4249,4150,4187,1.42172E+11,33957022,2166,4162,4188,1398-02-30
5/21/2019,4200,4352,4200,4295,1.94879E+11,45369223,2857,4187,4295,1398-02-31
5/22/2019,4296,4333,4250,4273,75572250568,17685100,1653,4295,4274,1398-03-01
5/25/2019,4219,4299,4219,4251,72899540572,17147374,1374,4273,4259,1398-03-04
5/26/2019,4250,4329,4250,4288,1.32198E+11,30832557,2312,4251,4255,1398-03-05
5/28/2019,4400,4502,4400,4499,8.56201E+11,190310337,7721,4288,4502,1398-03-07
5/29/2019,4565,4565,4451,4500,1.38006E+11,30665657,2877,4499,4470,1398-03-08
6/1/2019,4475,4478,4340,4390,1.97711E+11,45032953,2582,4500,4382,1398-03-11
6/2/2019,4350,4429,4343,4385,2.05871E+11,46946800,3091,4390,4370,1398-03-12
6/3/2019,4398,4399,4375,4385,1.59726E+11,36423696,2646,4385,4381,1398-03-13
6/8/2019,4400,4444,4350,4378,1.09069E+11,24913408,1870,4385,4389,1398-03-18
6/9/2019,4352,4478,4351,4444,1.90391E+11,42838835,2952,4378,4400,1398-03-19
6/10/2019,4463,4470,4391,4417,1.5343E+11,34735005,2550,4444,4391,1398-03-20
6/11/2019,4431,4432,4360,4382,97928613400,22348465,1793,4417,4370,1398-03-21
6/12/2019,4400,4406,4345,4382,1.8191E+11,41510171,2946,4382,4360,1398-03-22
6/15/2019,4304,4365,4301,4336,1.46077E+11,33688105,2072,4382,4350,1398-03-25
6/16/2019,4301,4510,4300,4375,2.41665E+11,55241225,3626,4336,4340,1398-03-26
6/17/2019,4338,4450,4310,4349,1.66989E+11,38400053,2782,4375,4325,1398-03-27
6/18/2019,4411,4467,4348,4399,2.26768E+11,51555380,3174,4349,4375,1398-03-28
6/19/2019,4399,4399,4332,4351,1.85455E+11,42625991,2726,4399,4340,1398-03-29
6/22/2019,4300,4400,4300,4365,1.21159E+11,27758329,1809,4351,4370,1398-04-01
6/23/2019,4351,4422,4351,4388,1.408E+11,32089275,2143,4365,4417,1398-04-02
6/24/2019,4420,4550,4404,4499,2.64194E+11,58724043,3423,4388,4530,1398-04-03
6/25/2019,4554,4723,4490,4698,6.92484E+11,147395625,7870,4499,4723,1398-04-04
6/26/2019,4799,4874,4770,4835,2.88473E+11,59660458,4923,4698,4845,1398-04-05
6/30/2019,4870,4871,4720,4772,1.13219E+11,23727806,2759,4835,4729,1398-04-09
7/1/2019,4661,4710,4609,4640,1.67392E+11,36076884,2890,4772,4660,1398-04-10
7/2/2019,4689,4689,4550,4583,1.35605E+11,29587731,2563,4640,4568,1398-04-11
7/3/2019,4594,4620,4449,4499,1.68592E+11,37477038,3455,4583,4480,1398-04-12
7/6/2019,4497,4497,4371,4408,1.50023E+11,34036128,2861,4499,4401,1398-04-15
7/7/2019,4405,4455,4398,4424,98621008933,22293420,2144,4408,4428,1398-04-16
7/8/2019,4435,4549,4435,4504,2.19935E+11,48828347,4048,4424,4505,1398-04-17
7/9/2019,4530,4547,4430,4472,2.18699E+11,48902641,3479,4504,4430,1398-04-18
7/10/2019,4450,4480,4445,4461,1.68143E+11,37695735,2995,4472,4460,1398-04-19
7/13/2019,4463,4480,4400,4428,1.45436E+11,32847132,3028,4461,4425,1398-04-22
7/14/2019,4432,4446,4401,4419,2.40921E+11,54514198,4314,4428,4421,1398-04-23
7/15/2019,4420,4505,4390,4425,2.46193E+11,55637123,4400,4419,4400,1398-04-24
7/16/2019,4430,4430,4249,4311,2.23696E+11,51891347,4327,4425,4289,1398-04-25
7/17/2019,4290,4350,4250,4297,2.92585E+11,68088206,5870,4311,4288,1398-04-26
7/22/2019,4196,4200,4100,4147,1.89677E+11,45741206,3640,3997,4120,1398-04-31
7/23/2019,4150,4150,4060,4090,96825962895,23676615,2989,4147,4079,1398-05-01
7/24/2019,4095,4139,4061,4101,1.44204E+11,35163887,2963,4090,4095,1398-05-02
7/27/2019,4060,4110,3996,4017,1.5198E+11,37830454,3934,4101,4000,1398-05-05
7/28/2019,4050,4120,4011,4054,89531578930,22085899,2393,4017,4077,1398-05-06
7/29/2019,4100,4102,4025,4054,63699873135,15712337,1882,4054,4048,1398-05-07
7/30/2019,4060,4079,4016,4034,80942927966,20065684,1957,4054,4030,1398-05-08
7/31/2019,4020,4033,3999,4009,1.18327E+11,29517675,3102,4034,4008,1398-05-09
8/3/2019,4000,4000,3950,3966,1.26589E+11,31918382,3507,4009,3960,1398-05-12
8/4/2019,3980,3980,3923,3952,79218751524,20044701,2537,3966,3960,1398-05-13
8/5/2019,3960,3970,3905,3938,1.4109E+11,35825542,3681,3952,3943,1398-05-14
8/6/2019,3949,3949,3855,3879,1.85425E+11,47808062,4436,3938,3890,1398-05-15
8/7/2019,3856,3884,3856,3876,1.19876E+11,30927302,3517,3879,3880,1398-05-16
8/10/2019,3855,3870,3805,3826,1.17582E+11,30731968,3704,3876,3808,1398-05-19
8/11/2019,3800,3890,3795,3829,1.12596E+11,29406196,3494,3826,3829,1398-05-20
8/13/2019,3880,3914,3805,3865,1.1577E+11,29955942,4676,3829,3900,1398-05-22
8/14/2019,3976,3989,3935,3975,1.64192E+11,41310406,5071,3865,3971,1398-05-23
8/17/2019,3996,4027,3880,3931,1.09917E+11,27961634,4198,3975,3890,1398-05-26
8/18/2019,3890,3938,3890,3902,84596348834,21677522,2448,3931,3899,1398-05-27
8/19/2019,3918,3918,3860,3895,1.21652E+11,31231287,3218,3902,3892,1398-05-28
8/21/2019,3969,3969,3870,3901,1.35301E+11,34680392,4050,3895,3918,1398-05-30
8/24/2019,3928,3928,3847,3870,1.77391E+11,45831957,6045,3901,3869,1398-06-02
8/25/2019,3870,3900,3836,3869,1.53788E+11,39748870,4157,3870,3877,1398-06-03
8/26/2019,3884,4010,3883,3976,3.20324E+11,80567372,7344,3869,3988,1398-06-04
8/27/2019,4043,4075,4000,4040,2.68784E+11,66537758,6591,3976,4007,1398-06-05
8/28/2019,4028,4128,3962,4082,2.44284E+11,59847896,5474,4040,4110,1398-06-06
8/31/2019,4180,4286,4180,4268,8.05226E+11,188663037,11464,4082,4286,1398-06-09
9/1/2019,4380,4442,4286,4339,3.30169E+11,76090189,8348,4268,4320,1398-06-10
9/2/2019,4365,4365,4123,4221,2.5308E+11,59960593,6463,4339,4200,1398-06-11
9/3/2019,4173,4432,4173,4380,7.77441E+11,177510532,13839,4221,4430,1398-06-12
9/4/2019,4490,4540,4433,4489,6.33615E+11,141142184,12954,4380,4500,1398-06-13
9/7/2019,4518,4518,4435,4481,3.02081E+11,67416432,10081,4489,4480,1398-06-16
9/8/2019,4482,4491,4400,4428,2.41044E+11,54437544,8548,4481,4415,1398-06-17
9/11/2019,4467,4480,4375,4427,1.96479E+11,44385226,5600,4428,4473,1398-06-20
9/14/2019,4480,4581,4450,4509,3.55732E+11,78897157,7152,4427,4542,1398-06-23
9/15/2019,4516,4521,4440,4484,2.22064E+11,49522402,6006,4509,4500,1398-06-24
9/16/2019,4520,4559,4466,4499,2.64229E+11,58734351,6141,4484,4473,1398-06-25
9/17/2019,4475,4480,4360,4402,2.48928E+11,56546079,6888,4499,4369,1398-06-26
9/18/2019,4344,4349,4200,4291,2.23633E+11,52116075,5032,4402,4346,1398-06-27
9/21/2019,4245,4375,4245,4303,1.11609E+11,25934730,4186,4291,4292,1398-06-30
9/22/2019,4299,4444,4270,4369,3.27418E+11,74938697,6080,4303,4420,1398-06-31
9/23/2019,4487,4579,4421,4523,3.34481E+11,73957861,6586,4369,4560,1398-07-01
9/24/2019,4580,4580,4430,4510,1.80573E+11,40034355,4587,4523,4505,1398-07-02
9/25/2019,4499,4563,4455,4514,1.74433E+11,38639739,5035,4510,4526,1398-07-03
9/28/2019,4575,4739,4572,4723,6.44224E+11,136413113,10288,4514,4734,1398-07-06
9/29/2019,4800,4800,4613,4692,1.72966E+11,36864120,5519,4723,4701,1398-07-07
9/30/2019,4735,4801,4688,4732,2.7371E+11,57843822,5254,4692,4780,1398-07-08
10/1/2019,4781,4784,4530,4647,3.4347E+11,73912719,6502,4732,4604,1398-07-09
10/2/2019,4600,4639,4549,4585,1.9677E+11,42915226,4145,4647,4600,1398-07-10
10/5/2019,4585,4610,4511,4558,2.20837E+11,48451495,4673,4585,4520,1398-07-13
10/6/2019,4477,4499,4360,4453,1.80078E+11,40436555,3822,4558,4480,1398-07-14
10/7/2019,4500,4545,4420,4470,2.07788E+11,46489109,4091,4453,4450,1398-07-15
10/8/2019,4451,4529,4302,4384,1.75435E+11,40019517,4095,4470,4349,1398-07-16
10/9/2019,4323,4451,4323,4408,2.24225E+11,50865537,3972,4384,4449,1398-07-17
10/12/2019,4451,4628,4442,4582,6.20188E+11,135353076,7729,4408,4628,1398-07-20
10/13/2019,4740,4741,4570,4637,1.94894E+11,42034074,4607,4582,4582,1398-07-21
10/14/2019,4650,4689,4500,4595,1.89791E+11,41300290,4188,4637,4539,1398-07-22
10/15/2019,4580,4680,4420,4477,2.79759E+11,62482126,4976,4595,4450,1398-07-23
10/16/2019,4460,4600,4460,4524,1.27864E+11,28264094,3403,4477,4500,1398-07-24
10/20/2019,4561,4678,4380,4458,1.9018E+11,42658937,4235,4524,4400,1398-07-28
10/21/2019,4551,4650,4460,4566,3.16819E+11,69380067,5755,4458,4633,1398-07-29
10/22/2019,4680,4710,4560,4644,1.80562E+11,38879978,4211,4566,4639,1398-07-30
10/23/2019,4680,4681,4544,4573,2.44578E+11,53479735,4545,4644,4550,1398-08-01
10/26/2019,4610,4614,4559,4576,1.31729E+11,28788791,2887,4573,4572,1398-08-04
10/28/2019,4600,4610,4529,4573,1.39849E+11,30583169,3401,4576,4580,1398-08-06
10/30/2019,4591,4639,4584,4612,2.19154E+11,47515122,5249,4573,4599,1398-08-08
11/2/2019,4631,4645,4500,4568,1.5688E+11,34343570,4679,4612,4555,1398-08-11
11/3/2019,4579,4598,4528,4554,1.10549E+11,24274233,3308,4568,4533,1398-08-12
11/4/2019,4575,4590,4475,4521,1.47402E+11,32603577,3807,4554,4499,1398-08-13
11/5/2019,4510,4598,4474,4512,1.45138E+11,32163735,3646,4521,4540,1398-08-14
11/9/2019,4550,4610,4500,4532,1.15338E+11,25448947,3454,4512,4510,1398-08-18
11/10/2019,4499,4532,4481,4498,1.02137E+11,22707837,2446,4532,4510,1398-08-19
11/11/2019,4500,4551,4480,4499,1.01266E+11,22507786,2500,4498,4498,1398-08-20
11/12/2019,4500,4549,4475,4487,91940407936,20490208,3135,4499,4480,1398-08-21
11/13/2019,4480,4500,4452,4482,1.45679E+11,32505242,3582,4487,4493,1398-08-22
11/16/2019,4549,4549,4452,4475,1.02926E+11,22998443,2731,4482,4453,1398-08-25
11/17/2019,4439,4529,4397,4452,2.21412E+11,49731900,3229,4475,4435,1398-08-26
11/18/2019,4488,4499,4415,4442,91321105038,20557669,2505,4452,4419,1398-08-27
11/19/2019,4473,4497,4419,4440,69381947630,15624847,2441,4442,4429,1398-08-28
11/20/2019,4450,4478,4393,4411,1.16111E+11,26322584,2947,4440,4404,1398-08-29
11/23/2019,4400,4400,4365,4383,1.12728E+11,25721985,3266,4411,4379,1398-09-02
11/24/2019,4380,4408,4350,4374,1.0527E+11,24068738,3096,4383,4360,1398-09-03
11/25/2019,4390,4397,4349,4368,1.0968E+11,25110536,3628,4374,4376,1398-09-04
11/26/2019,4419,4420,4361,4379,91861087449,20976160,3155,4368,4378,1398-09-05
11/27/2019,4417,4425,4372,4398,93703139613,21304838,2875,4379,4380,1398-09-06
11/30/2019,4440,4456,4390,4409,2.14555E+11,48659958,5052,4398,4400,1398-09-09
12/1/2019,4446,4577,4410,4484,3.34526E+11,74611238,6328,4409,4500,1398-09-10
12/2/2019,4610,4645,4491,4562,3.00957E+11,65976536,6267,4484,4549,1398-09-11
12/3/2019,4590,4653,4550,4609,2.12945E+11,46200501,5092,4562,4620,1398-09-12
12/4/2019,4650,4650,4570,4601,1.95286E+11,42445863,4365,4609,4621,1398-09-13
12/7/2019,4740,4831,4725,4800,6.76727E+11,140984936,11769,4601,4785,1398-09-16
12/8/2019,4830,4990,4820,4903,4.27644E+11,87229341,8145,4800,4920,1398-09-17
12/9/2019,4989,4995,4865,4906,2.43847E+11,49707633,6596,4903,4878,1398-09-18
12/10/2019,4950,4979,4883,4941,3.7515E+11,75927443,6697,4906,4900,1398-09-19
12/11/2019,4880,4915,4839,4879,1.64942E+11,33806431,4417,4941,4895,1398-09-20
12/14/2019,4915,4980,4897,4937,3.59126E+11,72744710,6276,4879,4967,1398-09-23
12/15/2019,4990,5120,4961,5048,3.90747E+11,77412645,7271,4937,5029,1398-09-24
12/16/2019,5060,5060,4998,5019,1.52045E+11,30294915,3954,5048,5021,1398-09-25
12/17/2019,5020,5104,5020,5091,3.34973E+11,65796658,6041,5019,5081,1398-09-26
12/18/2019,5110,5224,5081,5183,3.11707E+11,60143651,5884,5091,5195,1398-09-27
12/21/2019,5230,5266,5196,5238,2.09774E+11,40049540,5315,5183,5260,1398-09-30
12/22/2019,5296,5460,5268,5363,4.10186E+11,76481176,7525,5238,5430,1398-10-01
12/23/2019,5514,5535,5250,5446,3.7395E+11,68670299,7614,5363,5400,1398-10-02
12/24/2019,5432,5462,5330,5399,1.90003E+11,35192423,5181,5446,5360,1398-10-03
12/25/2019,5379,5379,5252,5284,2.22017E+11,42018897,6509,5399,5299,1398-10-04
12/28/2019,5300,5439,5299,5360,2.73852E+11,51087866,6250,5284,5384,1398-10-07
12/29/2019,5500,5500,5381,5442,2.65229E+11,48734408,6186,5360,5476,1398-10-08
12/30/2019,5499,5549,5481,5511,3.6438E+11,66113626,7003,5442,5525,1398-10-09
12/31/2019,5590,5631,5455,5577,3.94226E+11,70687324,8095,5511,5602,1398-10-10
1/1/2020,5650,5855,5647,5814,8.09631E+11,139267200,12242,5577,5799,1398-10-11
1/4/2020,5524,5544,5524,5524,2.31972E+12,419929040,16803,5814,5524,1398-10-14
1/5/2020,5530,5800,5530,5715,7.42975E+11,129997241,14770,5524,5800,1398-10-15
1/13/2020,4000,4019,3899,3976,2.85706E+12,718660988,37833,3555,4000,1398-10-23
1/14/2020,4000,4017,3903,3974,7.10215E+11,178731503,17625,3976,3950,1398-10-24
1/15/2020,3900,3980,3850,3926,4.12383E+11,105050384,13169,3974,3920,1398-10-25
1/18/2020,3980,4000,3891,3950,8.68987E+11,219976080,19024,3926,3939,1398-10-28
1/19/2020,3911,3955,3888,3913,4.96319E+11,126845211,12247,3950,3910,1398-10-29
1/20/2020,3910,3922,3803,3844,6.29882E+11,163862388,18565,3913,3820,1398-10-30
1/21/2020,3815,3828,3748,3791,4.42447E+11,116697256,13167,3844,3750,1398-11-01
1/22/2020,3780,3840,3733,3801,3.75209E+11,98702175,11133,3791,3836,1398-11-02
1/25/2020,3839,3840,3799,3816,3.95124E+11,103554430,12940,3801,3807,1398-11-05
1/26/2020,3869,3869,3729,3765,3.35504E+11,89103849,10836,3816,3740,1398-11-06
1/27/2020,3731,3853,3688,3778,3.41164E+11,90299058,8657,3765,3801,1398-11-07
1/28/2020,3840,3940,3819,3874,4.67259E+11,120613900,12062,3778,3910,1398-11-08
2/1/2020,3965,3965,3796,3853,2.54774E+11,66129050,9321,3874,3800,1398-11-12
2/2/2020,3810,3910,3786,3870,2.5898E+11,66923282,8138,3853,3898,1398-11-13
2/3/2020,3909,4059,3899,4001,6.81654E+11,170381419,14119,3870,3989,1398-11-14
2/4/2020,4063,4069,3896,3972,2.93879E+11,73993133,8960,4001,3950,1398-11-15
2/5/2020,3994,3994,3899,3926,3.62866E+11,92421571,10366,3972,3948,1398-11-16
2/8/2020,4020,4020,3889,3948,4.97579E+11,126039935,11359,3926,3901,1398-11-19
2/9/2020,4000,4000,3898,3925,3.0671E+11,78140364,8194,3948,3950,1398-11-20
2/10/2020,3950,3990,3800,3918,3.39556E+11,86656376,9519,3925,3929,1398-11-21
2/12/2020,3929,4020,3929,3979,7.10432E+11,178530575,14256,3918,4000,1398-11-23
2/15/2020,4040,4078,3938,4006,6.19372E+11,154628478,12997,3979,3993,1398-11-26
2/16/2020,4059,4206,4010,4168,1.79551E+12,430782117,18883,4006,4206,1398-11-27
2/17/2020,4349,4374,4255,4329,1.62786E+12,376064567,24412,4168,4300,1398-11-28
2/18/2020,4370,4376,4210,4288,9.03031E+11,210601472,16211,4329,4300,1398-11-29
2/19/2020,4329,4329,4235,4277,7.37476E+11,172411174,13927,4288,4240,1398-11-30
2/22/2020,4100,4396,4100,4297,7.42623E+11,172810546,13106,4277,4350,1398-12-03
2/23/2020,4411,4511,4405,4461,1.34331E+12,301117928,22558,4297,4505,1398-12-04
2/24/2020,4590,4650,4433,4512,1.06496E+12,236031176,19688,4461,4630,1398-12-05
2/25/2020,4665,4737,4602,4703,1.74926E+12,371914178,23517,4512,4737,1398-12-06
2/26/2020,4888,4888,4700,4774,8.42091E+11,176398293,18055,4703,4715,1398-12-07
2/29/2020,4550,4677,4536,4578,1.38842E+12,303292073,23065,4774,4536,1398-12-10
3/1/2020,4537,4647,4500,4603,6.42444E+11,139572044,13809,4578,4601,1398-12-11
3/2/2020,4642,4722,4601,4678,8.96968E+11,191761660,14317,4603,4670,1398-12-12
3/3/2020,4730,4911,4720,4816,1.43626E+12,298232723,18939,4678,4911,1398-12-13
3/4/2020,5000,5055,4820,4966,1.22586E+12,246866390,17220,4816,4920,1398-12-14
3/7/2020,4920,5119,4818,4977,1.3405E+12,269340186,19002,4966,4950,1398-12-17
3/9/2020,4729,4777,4729,4730,7.58214E+11,160307128,9206,4977,4729,1398-12-19
3/10/2020,4510,4710,4501,4594,8.22639E+11,179063359,16223,4730,4515,1398-12-20
3/11/2020,4600,4814,4599,4718,3.89687E+11,82595898,10269,4594,4670,1398-12-21
3/14/2020,4602,4659,4483,4497,4.68656E+11,104211448,6623,4718,4483,1398-12-24
3/15/2020,4380,4550,4274,4417,7.59679E+11,171993669,14409,4497,4499,1398-12-25
3/16/2020,4568,4593,4446,4535,6.26347E+11,138110458,14198,4417,4578,1398-12-26
3/17/2020,4585,4608,4452,4537,5.31309E+11,117098437,10409,4535,4600,1398-12-27
3/18/2020,4626,4662,4536,4622,5.04942E+11,109237495,11748,4537,4639,1398-12-28
3/24/2020,4525,4549,4391,4411,3.60776E+11,81785766,9409,4622,4391,1399-01-05
3/25/2020,4441,4522,4400,4453,4.86884E+11,109339844,14626,4411,4460,1399-01-06
3/28/2020,4400,4520,4329,4413,1.14222E+12,258849936,29098,4453,4494,1399-01-09
3/29/2020,4500,4550,4450,4490,6.3307E+11,140995529,15932,4413,4464,1399-01-10
3/30/2020,4450,4525,4414,4481,4.73397E+11,105642056,11024,4490,4491,1399-01-11
4/4/2020,4577,4703,4510,4665,8.42543E+11,180596289,17484,4481,4650,1399-01-16
4/5/2020,4700,4751,4600,4698,5.62819E+11,119810418,13873,4665,4699,1399-01-17
4/6/2020,4700,4718,4600,4665,4.85364E+11,104034987,11578,4698,4680,1399-01-18
4/7/2020,4738,4898,4700,4841,1.1728E+12,242271587,15572,4665,4898,1399-01-19
4/8/2020,5000,5083,4945,5071,8.48749E+11,167361051,10689,4841,5083,1399-01-20
4/11/2020,5289,5324,5157,5297,1.26219E+12,238264769,21824,5071,5267,1399-01-23
4/12/2020,5330,5561,5327,5522,9.56455E+11,173208702,15473,5297,5561,1399-01-24
4/13/2020,5730,5730,5402,5523,6.35198E+11,115016599,12856,5522,5500,1399-01-25
4/14/2020,5260,5590,5260,5443,6.71226E+11,123314843,16389,5523,5451,1399-01-26
4/15/2020,5400,5715,5390,5663,6.99521E+11,123535206,11079,5443,5715,1399-01-27
4/18/2020,5946,5946,5910,5946,3.8983E+11,65565430,5056,5663,5946,1399-01-30
4/19/2020,6243,6243,5649,6197,1.18608E+12,191387234,14385,5946,6066,1399-01-31
4/20/2020,6170,6506,6162,6480,8.95326E+11,138177573,9851,6197,6506,1399-02-01
4/21/2020,6804,6804,6740,6799,1.76317E+11,25932767,2343,6480,6750,1399-02-02
4/26/2020,7138,7494,7138,7481,1.71883E+12,229746254,12284,6799,7494,1399-02-07
4/27/2020,7855,7855,7855,7855,1.1196E+12,142533610,7932,7481,7855,1399-02-08
4/28/2020,8247,8247,8247,8247,1.02429E+12,124202025,6890,7855,8247,1399-02-09
4/29/2020,8659,8659,8659,8659,8.37391E+11,96707645,3331,8247,8659,1399-02-10
5/2/2020,9091,9091,9091,9091,1.22962E+12,135256635,4342,8659,9091,1399-02-13
5/3/2020,9545,9545,9545,9545,1.24081E+12,129995424,4287,9091,9545,1399-02-14
5/4/2020,10022,10022,10021,10022,4.69246E+12,468215951,28525,9545,10022,1399-02-15
5/5/2020,10523,10523,9615,10262,1.10927E+13,1080966094,110855,10022,9760,1399-02-16
5/6/2020,9749,10727,9749,10198,6.49102E+12,636475471,73200,10262,10330,1399-02-17
5/9/2020,10695,10707,10500,10701,3.80038E+12,355155961,23398,10198,10707,1399-02-20
5/10/2020,11236,11236,11236,11236,2.78171E+11,24757092,804,10701,11236,1399-02-21
5/13/2020,11650,12232,11068,11550,5.88985E+12,509965126,57935,11236,11068,1399-02-24
5/16/2020,10973,10973,10973,10973,2.86776E+11,26134681,5211,11550,10973,1399-02-27
5/17/2020,10425,10425,10425,10425,4.23465E+11,40620147,5539,10973,10425,1399-02-28
5/18/2020,10020,10700,9904,10165,8.75669E+12,861474427,89696,10425,10224,1399-02-29
5/19/2020,10350,10350,9657,9755,3.16319E+12,324276938,44852,10165,9657,1399-02-30
5/20/2020,9268,9433,9268,9274,2.25047E+12,242669672,23703,9755,9268,1399-02-31
5/23/2020,8811,8811,8811,8811,1.21302E+12,137670564,11602,9274,8811,1399-03-03
5/26/2020,8371,8811,8371,8385,2.97804E+12,355168587,32188,8808,8371,1399-03-06
5/27/2020,8150,8804,8150,8655,2.67034E+12,308524869,35096,8385,8804,1399-03-07
5/30/2020,9087,9087,9080,9087,2.17454E+12,239302335,19256,8655,9087,1399-03-10
5/31/2020,9350,9541,8633,9047,2.39116E+12,264309250,40758,9087,8996,1399-03-11
6/1/2020,9040,9449,8774,9190,1.37869E+12,150021727,25000,9047,9207,1399-03-12
6/2/2020,9430,9649,9274,9626,2.83493E+12,294517212,26426,9190,9649,1399-03-13
6/6/2020,10000,10107,9800,10066,1.67509E+12,166412659,16994,9626,10107,1399-03-17
6/7/2020,10569,10569,10107,10562,2.41348E+12,228499778,17705,10066,10549,1399-03-18
6/8/2020,10034,11090,10034,10589,3.83566E+12,362219387,55100,10562,10270,1399-03-19
6/9/2020,10420,11070,10380,10763,3.2825E+12,304990042,41186,10589,10835,1399-03-20
6/10/2020,11100,11301,11050,11291,3.1126E+12,275676980,19884,10763,11301,1399-03-21
6/13/2020,11850,11850,11790,11850,4.65789E+12,393121085,35286,11291,11850,1399-03-24
6/14/2020,12000,12090,11260,11680,4.14057E+12,354608361,60392,11850,11800,1399-03-25
6/15/2020,11700,11880,11160,11470,3.44732E+12,300459716,50009,11680,11280,1399-03-26
6/16/2020,11320,11990,11100,11690,4.34253E+12,371368524,48400,11470,11890,1399-03-27
6/20/2020,12200,12270,12010,12260,2.64831E+12,216076048,24294,11690,12270,1399-03-31
6/21/2020,12870,12870,12500,12860,4.03036E+12,313371052,37924,12260,12870,1399-04-01
6/22/2020,13500,13500,13100,13490,3.0611E+12,226987185,24775,12860,13500,1399-04-02
6/23/2020,14160,14160,14160,14160,2.0376E+11,14389854,976,13490,14160,1399-04-03
6/27/2020,14860,14860,14860,14860,1.70294E+12,114599090,9502,14160,14860,1399-04-07
6/28/2020,15600,15600,14300,15390,1.13863E+13,740019948,101074,14860,15120,1399-04-08
6/29/2020,14800,16150,14630,15110,6.93699E+12,459042305,88743,15390,15540,1399-04-09
6/30/2020,15860,15860,15860,15860,2.12579E+12,134034481,17444,15110,15860,1399-04-10
7/1/2020,16650,16650,16650,16650,2.27709E+12,136762363,14947,15860,16650,1399-04-11
7/4/2020,17480,17480,15820,16910,9.54891E+12,564699680,111457,16650,16970,1399-04-14
7/5/2020,17300,17750,16070,17520,4.6497E+12,265465012,43224,16910,17750,1399-04-15
7/6/2020,18390,18390,18390,18390,1.93642E+12,105297588,6662,17520,18390,1399-04-16
7/7/2020,19300,19300,19300,19300,3.39946E+12,176137871,9547,18390,19300,1399-04-17
7/8/2020,20260,20260,18340,20080,1.7939E+13,893263244,173613,19300,19460,1399-04-18
7/11/2020,19500,21080,19080,20150,6.82572E+12,338823684,59164,20080,21080,1399-04-21
7/12/2020,21150,21150,21000,21150,1.11523E+13,527309863,86314,20150,21150,1399-04-22
7/13/2020,21150,22200,20100,21930,1.7464E+13,796433515,154135,21150,22200,1399-04-23
7/14/2020,23020,23020,22900,23020,2.57432E+12,111838508,28384,21930,23000,1399-04-24
7/18/2020,21870,21870,21870,21870,1.19087E+12,54452078,33394,23020,21870,1399-04-28
7/19/2020,20780,22960,20780,22170,1.96586E+13,886851975,148385,21870,22960,1399-04-29
7/20/2020,23260,23270,21070,23260,2.01102E+13,864680953,173561,22170,23270,1399-04-30
7/21/2020,22740,24420,22100,23640,1.84058E+13,778642302,222795,23260,22500,1399-04-31
7/22/2020,23200,24820,22460,22690,8.06157E+12,355217157,112934,23640,22460,1399-05-01
7/25/2020,23400,23820,21560,23180,1.21537E+13,524224778,170906,22690,22300,1399-05-04
7/26/2020,22920,24330,22030,22210,3.49005E+12,157129954,64738,23180,22030,1399-05-05
7/27/2020,21100,21990,21100,21190,1.0584E+13,499427002,117520,22210,21100,1399-05-06
7/28/2020,21500,22240,20140,20710,7.52594E+12,363457353,98010,21190,20140,1399-05-07
7/29/2020,19690,20500,19680,19750,1.12428E+13,569322331,142628,20710,19830,1399-05-08
8/1/2020,20600,20730,19000,20650,5.16647E+12,250228158,64841,19750,20730,1399-05-11
8/2/2020,21680,21680,20800,21430,8.85659E+12,413360829,121774,20650,21390,1399-05-12
8/3/2020,21600,22500,20360,20940,2.79245E+12,133363122,45764,21430,20370,1399-05-13
8/10/2020,19200,20140,18700,19280,3.46366E+12,179613365,44608,20720,19110,1399-05-20
8/11/2020,19000,20240,18320,18620,7.80136E+12,418906516,110197,19280,18480,1399-05-21
8/12/2020,19550,19550,17690,19060,9.45891E+12,496178223,110378,18620,18600,1399-05-22
8/15/2020,18870,19200,18110,18200,7.26204E+12,399122646,86542,19060,18110,1399-05-25
8/16/2020,18200,18490,17290,17440,9.0659E+12,519906075,110715,18200,17300,1399-05-26
8/17/2020,18310,18310,17900,18300,4.98512E+12,272467806,34053,17440,18310,1399-05-27
8/18/2020,18860,19210,17390,18080,7.80626E+12,431821069,96145,18300,17700,1399-05-28
8/19/2020,17180,17180,17180,17180,2.66657E+12,155213627,26576,18080,17180,1399-05-29
8/22/2020,17800,18030,16350,17570,6.50055E+12,369911387,82507,17180,17580,1399-06-01
8/23/2020,17940,18000,16700,16830,7.06028E+12,419529484,56036,17570,16700,1399-06-02
8/24/2020,17500,17670,15990,16250,1.0573E+13,650651559,100132,16830,16700,1399-06-03
8/25/2020,17060,17060,17060,17060,1.00875E+12,59129576,7302,16250,17060,1399-06-04
8/26/2020,17910,17910,17910,17910,5.40018E+11,30151735,3110,17060,17910,1399-06-05
8/31/2020,18800,18800,17910,18720,1.56681E+13,836882421,114025,17910,18800,1399-06-10
9/1/2020,18690,19450,17790,18500,7.55016E+12,408200456,84980,18720,18000,1399-06-11
9/2/2020,17950,18100,17580,17610,5.64808E+12,320807603,47981,18500,17580,1399-06-12
9/5/2020,18150,18490,18000,18380,6.31743E+12,343688943,66449,17610,18490,1399-06-15
9/6/2020,19290,19290,18000,18930,8.47471E+12,447589909,89314,18380,18410,1399-06-16
9/7/2020,18120,18400,17990,18030,1.16549E+12,64652211,12780,18930,17990,1399-06-17
9/8/2020,17130,17130,17130,17130,2.60544E+11,15209824,3630,18030,17130,1399-06-18
9/9/2020,16280,17580,16280,16740,6.28676E+12,375517715,62947,17130,17370,1399-06-19
9/12/2020,17570,17570,17110,17560,4.99667E+12,284629059,48362,16740,17570,1399-06-22
9/13/2020,17590,18430,16690,17860,1.08913E+13,609948922,89659,17560,18430,1399-06-23
9/14/2020,18500,18750,18010,18670,4.07081E+12,218019660,31669,17860,18750,1399-06-24
9/15/2020,19600,19600,19600,19600,1.89148E+12,96504033,13528,18670,19600,1399-06-25
9/16/2020,20580,20580,20100,20550,1.02914E+13,500745007,77447,19600,20580,1399-06-26
9/19/2020,21380,21570,20500,21330,9.42082E+12,441572984,78858,20550,21160,1399-06-29
9/20/2020,20990,21300,20270,20550,2.8566E+12,139013548,34946,21330,20270,1399-06-30
9/21/2020,19530,19530,19530,19530,1.00459E+12,51438183,7069,20550,19530,1399-06-31
9/22/2020,19500,20270,18560,19130,8.55077E+12,446998696,81239,19530,19900,1399-07-01
9/23/2020,19980,20080,19160,19880,5.08803E+12,255917094,61805,19130,20070,1399-07-02
9/26/2020,20500,20630,19100,19810,5.1244E+12,258637027,59100,19880,20030,1399-07-05
9/27/2020,19430,19800,18820,18870,1.88865E+12,100078046,15092,19810,18820,1399-07-06
9/28/2020,17930,17930,17930,17930,1.53608E+12,85670776,6796,18870,17930,1399-07-07
9/29/2020,17040,18700,17040,17500,6.45753E+12,369086717,70828,17930,17960,1399-07-08
9/30/2020,18170,18290,17100,17920,3.08368E+12,172105119,42033,17500,18290,1399-07-09
10/3/2020,18290,18810,17930,18710,3.34236E+12,178638666,37819,17920,18810,1399-07-12
10/4/2020,18760,19000,17780,18210,5.42531E+12,297946667,62606,18710,18090,1399-07-13
10/5/2020,17610,18410,17330,17860,3.80778E+12,213147215,44472,18210,17700,1399-07-14
10/6/2020,17700,18350,17320,17860,3.9727E+12,222404695,56258,17860,18240,1399-07-15
10/7/2020,18280,18460,17550,18000,3.79324E+12,210699577,53829,17860,18060,1399-07-16
10/10/2020,17700,17990,17120,17490,4.41895E+12,252686562,67084,18000,17500,1399-07-19
10/11/2020,17600,18360,17560,18230,7.24221E+12,397335925,66811,17490,18030,1399-07-20
10/12/2020,18000,18260,17320,17600,5.67298E+12,322364710,64970,18230,18050,1399-07-21
10/13/2020,17600,18000,17020,17580,3.11295E+12,177118808,46400,17600,17630,1399-07-22
10/14/2020,17390,17620,16840,17030,3.12417E+12,183427178,50169,17580,16910,1399-07-23
10/18/2020,16700,16940,16180,16290,1.25637E+12,77129959,21448,17030,16180,1399-07-27
10/19/2020,15480,15480,15480,15480,1.86532E+12,120498847,14565,16290,15480,1399-07-28
10/20/2020,14710,14710,14710,14710,6.18644E+11,42056002,6464,15480,14710,1399-07-29
10/21/2020,14500,15250,13980,14330,5.1504E+12,359350446,69251,14710,14360,1399-07-30
10/24/2020,13960,14280,13620,13740,8.95101E+11,65151597,10681,14330,13620,1399-08-03
10/26/2020,13060,13700,13060,13080,5.76239E+12,440495689,44563,13740,13060,1399-08-05
10/27/2020,12850,13190,12430,12500,3.40901E+12,272763658,30884,13080,12440,1399-08-06
10/28/2020,12070,13010,11880,12440,3.53288E+12,284033286,46437,12500,12910,1399-08-07
10/31/2020,12900,13060,12450,13010,2.36745E+12,181913059,29424,12440,13060,1399-08-10
11/1/2020,13100,13120,12360,12510,2.42142E+12,193483428,30741,13010,12370,1399-08-11
11/2/2020,12100,12680,11910,12330,1.19131E+12,96584869,24997,12510,12310,1399-08-12
11/4/2020,12940,12940,12610,12940,2.01734E+12,155946138,14153,12330,12940,1399-08-14
11/7/2020,12300,12300,12300,12300,1.70879E+11,13892626,3335,12940,12300,1399-08-17
11/8/2020,11690,11690,11690,12040,47023515980,4022542,1530,12300,11690,1399-08-18
11/9/2020,11440,12060,11440,11540,5.17727E+12,448720148,43606,12040,11730,1399-08-19
11/10/2020,11840,11840,11250,11600,1.832E+12,157957655,32704,11540,11600,1399-08-20
11/11/2020,11650,12160,11290,11760,2.03603E+12,173100493,28812,11600,12000,1399-08-21
11/14/2020,12200,12340,12000,12310,9.78816E+11,79522632,8839,11760,12340,1399-08-24
11/15/2020,12920,12920,12310,12660,3.62103E+12,285931951,42647,12310,12420,1399-08-25
11/16/2020,12450,13250,12150,12970,2.15406E+12,166110885,31263,12660,12990,1399-08-26
11/17/2020,12990,13610,12980,13560,3.19437E+12,235596378,32557,12970,13610,1399-08-27
11/18/2020,14200,14230,13750,14210,1.49651E+12,105286012,11389,13560,14230,1399-08-28
11/21/2020,14700,14700,13500,13970,5.05953E+12,362214809,69792,14210,13500,1399-09-01
11/22/2020,13280,13900,13280,13390,5.68923E+12,424794132,52645,13970,13280,1399-09-02
11/23/2020,13070,13750,12890,13190,3.36428E+12,254999176,47836,13390,13090,1399-09-03
11/24/2020,13050,13250,12540,12640,4.13199E+12,327023562,52683,13190,12540,1399-09-04
11/25/2020,12350,13270,12350,13120,3.67466E+12,280121990,33060,12640,13270,1399-09-05
11/28/2020,13270,13770,12910,13650,6.31742E+12,462832122,59179,13120,13770,1399-09-08
11/29/2020,13980,14200,13250,13740,4.99364E+12,363363855,68399,13650,13810,1399-09-09
11/30/2020,13880,14420,13750,14250,6.62911E+12,465357397,69404,13740,14280,1399-09-10
12/1/2020,14220,14840,13900,14420,3.85053E+12,267082723,48231,14250,14250,1399-09-11
12/2/2020,14500,14750,13830,14320,2.70421E+12,188800494,44263,14420,14050,1399-09-12
12/5/2020,13900,14570,13900,14310,2.54483E+12,177800363,35806,14320,14390,1399-09-15
12/6/2020,14560,14840,14300,14560,3.00905E+12,206649764,44264,14310,14520,1399-09-16
12/7/2020,14520,14820,13840,14320,3.82165E+12,266796598,46853,14560,13980,1399-09-17
12/8/2020,14250,14650,13910,14320,2.93225E+12,204837728,38111,14320,14310,1399-09-18
12/9/2020,14200,14850,14020,14440,3.47259E+12,240497564,44818,14320,14770,1399-09-19
12/12/2020,15130,15160,14950,15160,9.1276E+12,602215894,48448,14440,15160,1399-09-22
12/13/2020,15200,15460,14800,15110,4.19221E+12,277490489,51027,15160,14880,1399-09-23
12/14/2020,14960,15170,14360,14550,3.78088E+12,259853930,37825,15110,14360,1399-09-24
12/15/2020,13980,14150,13830,13840,4.19835E+12,303302198,30337,14550,13830,1399-09-25
12/16/2020,13470,14260,13360,13930,2.44424E+12,175432644,34433,13840,14120,1399-09-26
12/19/2020,14550,14620,14300,14600,4.29957E+12,294540609,30191,13930,14620,1399-09-29
12/20/2020,14800,14880,14160,14510,2.65642E+12,183053486,30196,14600,14520,1399-09-30
12/21/2020,14510,14790,14010,14330,1.79178E+12,125040946,22858,14510,14150,1399-10-01
12/22/2020,14100,14450,14070,14250,2.2013E+12,154424442,26208,14330,14240,1399-10-02
12/23/2020,14200,14290,13870,14030,2.24234E+12,159829750,29569,14250,13960,1399-10-03
12/26/2020,13850,14200,13380,13560,2.99331E+12,220671994,32340,14030,13460,1399-10-06
12/27/2020,13330,13940,13170,13500,1.74414E+12,129166986,25460,13560,13620,1399-10-07
12/28/2020,13450,13950,12830,13640,1.35293E+12,99193496,23256,13500,13550,1399-10-08
12/29/2020,13530,13660,13150,13360,2.03076E+12,151977013,22333,13640,13610,1399-10-09
12/30/2020,13510,13610,12850,13220,1.60765E+12,121632790,23202,13360,12920,1399-10-10
1/2/2021,12700,13070,12560,12600,2.29735E+12,182265257,25300,13220,12560,1399-10-13
1/3/2021,12410,13130,12320,12640,1.18888E+12,94039761,20571,12600,12700,1399-10-14
1/4/2021,12720,13000,12570,12690,1.07452E+12,84691004,20590,12640,12640,1399-10-15
1/5/2021,12610,12750,12060,12320,1.73749E+12,141067026,22845,12690,12060,1399-10-16
1/6/2021,11850,12280,11710,11780,2.25456E+12,191378399,28550,12320,11720,1399-10-17
1/9/2021,11370,11700,11200,11260,1.78318E+12,158313112,23877,11780,11230,1399-10-20
1/10/2021,11650,11820,11500,11780,1.24322E+12,105531560,18609,11260,11820,1399-10-21
1/11/2021,12300,12300,11400,11870,9.71575E+11,81843369,19202,11780,11520,1399-10-22
1/12/2021,11500,11670,11280,11300,1.5495E+12,137108027,15784,11870,11280,1399-10-23
1/13/2021,11180,11500,10740,10840,1.61098E+12,148548869,21471,11300,10740,1399-10-24
1/16/2021,10370,10840,10300,10320,1.75264E+12,169871357,14152,10840,10300,1399-10-27
1/18/2021,9810,10000,9810,9810,1.68715E+12,171942544,18153,10320,9810,1399-10-29
1/19/2021,9400,10300,9390,10200,1.26579E+12,124121004,12768,9810,10300,1399-10-30
1/20/2021,10550,10710,10450,10680,3.96092E+11,37096676,4431,10200,10710,1399-11-01
1/23/2021,11210,11210,11210,11210,3.87496E+11,34566999,2648,10680,11210,1399-11-04
1/24/2021,11770,11770,11160,11620,2.88176E+12,248088725,34078,11210,11440,1399-11-05
1/25/2021,11400,12100,11100,11790,1.20638E+12,102333432,19715,11620,11710,1399-11-06
1/26/2021,11890,12150,11210,11680,1.56465E+12,133965745,25865,11790,11300,1399-11-07
1/27/2021,11580,11940,11190,11670,1.051E+12,90083984,12415,11680,11820,1399-11-08
1/30/2021,11830,12250,11830,12220,1.10137E+12,90129496,12609,11670,12250,1399-11-11
1/31/2021,12630,12700,11760,12090,1.26133E+12,104365384,18827,12220,11800,1399-11-12
2/1/2021,12000,12150,11490,11750,1.11138E+12,94614721,13359,12090,11490,1399-11-13
2/2/2021,11300,11600,11170,11230,1.09492E+12,97460009,12971,11750,11170,1399-11-14
2/3/2021,10750,11490,10670,10780,8.10372E+11,75189910,8201,11230,10670,1399-11-15
2/6/2021,10670,10800,10250,10300,1.13569E+12,110236217,14819,10780,10250,1399-11-18
2/7/2021,10800,10810,10500,10810,3.95412E+11,36586710,4029,10300,10810,1399-11-19
2/8/2021,11350,11350,11150,11340,1.79549E+12,158299571,14612,10810,11350,1399-11-20
2/9/2021,11680,11900,11480,11870,8.78149E+11,73986789,7898,11340,11900,1399-11-21
2/13/2021,12580,12580,12580,12580,1.08466E+12,86221150,4956,11870,12580,1399-11-25
2/14/2021,12750,13190,12400,12770,2.77406E+12,217250609,26560,12580,12570,1399-11-26
2/15/2021,12600,13030,12520,12660,1.98142E+12,156503255,20063,12770,12540,1399-11-27
2/16/2021,12550,12700,12410,12430,1.473E+12,118544579,12141,12660,12470,1399-11-28
2/17/2021,12300,12430,12190,12200,6.42912E+11,52683594,6312,12430,12200,1399-11-29
2/20/2021,12220,12530,11960,12090,1.42013E+12,117439487,18276,12200,12180,1399-12-02
2/21/2021,11890,12090,11850,11870,5.52042E+11,46505058,4804,12090,11850,1399-12-03
2/22/2021,11640,11820,11640,11650,1.52629E+12,131051701,12396,11870,11640,1399-12-04
2/23/2021,11430,12280,11420,11810,1.5945E+12,134965921,22624,11650,12170,1399-12-05
2/24/2021,12240,12240,11580,11830,9.19204E+11,77691558,16434,11810,11640,1399-12-06
2/27/2021,11600,11700,11600,11600,8.48352E+11,73127741,7767,11830,11600,1399-12-09
2/28/2021,11370,11620,11370,11390,8.80833E+11,77302357,6292,11600,11610,1399-12-10
3/1/2021,11690,11780,11360,11560,1.06117E+12,91798722,14642,11390,11730,1399-12-11
3/2/2021,11810,12100,11600,11820,7.39705E+11,62580371,10582,11560,11860,1399-12-12
3/3/2021,11900,11920,11600,11740,9.33916E+11,79521076,8799,11820,11910,1399-12-13
3/6/2021,11750,11800,11510,11570,7.16732E+11,61958127,8896,11740,11550,1399-12-16
3/7/2021,11450,12030,11450,11780,9.25201E+11,78545797,11613,11570,12030,1399-12-17
3/8/2021,12140,12480,11970,12410,2.1629E+12,174284774,19517,11780,12480,1399-12-18
3/9/2021,12700,13000,12240,12590,1.60438E+12,127413792,17137,12410,12400,1399-12-19
3/10/2021,12480,12640,12340,12500,1.10141E+12,88138499,12192,12590,12590,1399-12-20
3/13/2021,12380,13030,12380,12740,1.44491E+12,113400632,16928,12500,12710,1399-12-23
3/16/2021,13500,13500,13500,13500,7.71845E+11,57173706,3345,12740,13500,1399-12-26
3/17/2021,14310,14310,13860,14170,2.9436E+12,207764062,26202,13500,13990,1399-12-27
3/27/2021,14100,14320,13890,14060,1.07052E+12,76163418,15439,14170,13920,1400-01-07
3/28/2021,14060,14060,13780,13800,1.15942E+12,84018743,11461,14060,13780,1400-01-08
3/30/2021,13640,14300,13600,13970,7.77505E+11,55662597,11833,13800,13930,1400-01-10
3/31/2021,13900,14090,13700,13760,4.19956E+11,30518130,5643,13970,13700,1400-01-11
4/3/2021,13490,13490,13490,13490,3.73008E+11,27650708,1821,13760,13490,1400-01-14
4/4/2021,13230,13230,13230,13230,1.53414E+11,11595923,781,13490,13230,1400-01-15
4/5/2021,12970,13380,12970,13020,1.42397E+12,109388395,14212,13230,13370,1400-01-16
4/6/2021,13380,13410,12760,12960,7.03737E+11,54293452,10660,13020,12800,1400-01-17
4/7/2021,12750,12880,12710,12720,3.08364E+11,24243843,3428,12960,12710,1400-01-18
4/10/2021,12470,12530,12470,12470,2.5228E+11,20230451,1740,12720,12470,1400-01-21
4/11/2021,12230,12300,12230,12230,1.52477E+12,124626379,12667,12470,12230,1400-01-22
4/12/2021,12250,12530,12110,12310,9.45807E+11,76851728,12207,12230,12500,1400-01-23
4/13/2021,12700,13040,12600,12980,2.44952E+12,188712769,19672,12310,13040,1400-01-24
4/14/2021,13030,13170,12730,12950,1.37789E+12,106404742,13957,12980,12770,1400-01-25
4/17/2021,12700,12880,12700,12700,1.23123E+11,9692007,1202,12950,12700,1400-01-28
4/18/2021,12450,12450,12450,12470,1.05201E+11,8449852,619,12700,12450,1400-01-29
4/19/2021,12230,12590,12230,12290,1.73548E+12,141171735,14929,12470,12470,1400-01-30
4/20/2021,12310,12650,12120,12350,8.42586E+11,68198392,9962,12290,12180,1400-01-31
4/21/2021,12200,12360,11980,12110,6.75014E+11,55757581,7164,12350,12020,1400-02-01
4/24/2021,11800,12250,11800,12000,5.75701E+11,47959966,7339,12110,12130,1400-02-04
4/25/2021,11750,11990,11650,11760,7.12834E+11,60595344,6562,12000,11780,1400-02-05
4/26/2021,11710,12300,11710,12040,6.66962E+11,55383192,8584,11760,12220,1400-02-06
4/27/2021,12250,12760,12230,12660,1.54415E+12,121999895,12443,12040,12610,1400-02-07
4/28/2021,12670,13200,12450,12770,7.26552E+11,56904744,9133,12660,12660,1400-02-08
5/1/2021,12550,12750,12390,12420,5.80749E+11,46744067,5079,12770,12390,1400-02-11
5/2/2021,12050,12050,12050,12070,1.05852E+11,8784390,719,12420,12050,1400-02-12
5/3/2021,11710,11860,11710,11720,1.11763E+12,95381332,9929,12070,11710,1400-02-13
5/5/2021,11580,12210,11580,11970,7.86019E+11,65679451,9789,11720,11980,1400-02-15
5/8/2021,12010,12350,11680,11930,5.44485E+11,45623577,8182,11970,11820,1400-02-18
5/9/2021,11650,11750,11580,11580,6.90755E+11,59627396,5735,11930,11580,1400-02-19
5/10/2021,11410,12270,11400,12020,1.27938E+12,106481412,12821,11580,12270,1400-02-20
5/11/2021,12300,12740,12090,12660,1.76023E+12,138985009,12946,12020,12740,1400-02-21
5/12/2021,13100,13150,12450,12730,9.90735E+11,77854760,11861,12660,12670,1400-02-22
5/15/2021,12680,13190,12570,12910,7.70638E+11,59697544,9348,12730,12750,1400-02-25
5/16/2021,12940,13090,12580,12740,6.56635E+11,51548294,8088,12910,12580,1400-02-26
5/17/2021,12570,12700,12200,12470,5.12408E+11,41101240,6055,12740,12230,1400-02-27
5/18/2021,12220,12820,12220,12440,8.42392E+11,67706877,8784,12470,12290,1400-02-28
5/25/2021,9000,9000,8790,8900,5.82914E+11,65478842,7232,8870,8880,1400-03-04
5/26/2021,8900,9130,8760,8970,5.51146E+11,61427501,10754,8900,8990,1400-03-05
5/29/2021,9040,9410,9040,9390,9.21702E+11,98191699,6145,8970,9410,1400-03-08
5/30/2021,9850,9850,9450,9770,1.85323E+12,189740020,17198,9390,9610,1400-03-09
5/31/2021,9520,9950,9470,9640,8.11362E+11,84163749,9335,9770,9570,1400-03-10
6/1/2021,9520,9800,9520,9650,5.69296E+11,58977676,7348,9640,9570,1400-03-11
6/2/2021,9560,9940,9560,9840,8.80046E+11,89406208,9352,9650,9870,1400-03-12
6/7/2021,9970,10150,9920,10010,7.59662E+11,75864677,10968,9840,10000,1400-03-17
6/8/2021,9970,10140,9720,9930,9.34966E+11,94171046,11876,10010,9800,1400-03-18
6/9/2021,9700,9890,9630,9770,4.66894E+11,47787996,6554,9930,9840,1400-03-19
6/12/2021,9670,9850,9640,9740,7.65152E+11,78592576,7866,9770,9670,1400-03-22
6/13/2021,9650,9820,9550,9720,5.25946E+11,54092184,6396,9740,9750,1400-03-23
6/14/2021,9830,9930,9740,9850,8.3234E+11,84498866,8446,9720,9920,1400-03-24
6/15/2021,9900,10020,9750,9920,8.91977E+11,89910141,9679,9850,9760,1400-03-25
6/16/2021,9730,9960,9730,9920,1.1271E+12,113619491,8371,9920,9930,1400-03-26
6/19/2021,9910,10240,9880,10090,1.58803E+12,157409167,11316,9920,10210,1400-03-29
6/20/2021,10110,10290,9980,10140,1.14246E+12,112701749,9822,10090,10000,1400-03-30
6/21/2021,9870,10140,9860,10080,7.28769E+11,72315904,8171,10140,10060,1400-03-31
6/22/2021,10060,10390,10050,10210,9.96065E+11,97535316,11970,10080,10330,1400-04-01
6/23/2021,10380,10720,10230,10590,2.60767E+12,246232566,19090,10210,10720,1400-04-02
6/26/2021,10880,10960,10580,10800,1.55743E+12,144220200,20109,10590,10590,1400-04-05
6/27/2021,10650,10820,10520,10650,8.08571E+11,75911169,12782,10800,10610,1400-04-06
6/28/2021,10550,10690,10410,10610,7.30767E+11,68898363,10074,10650,10630,1400-04-07
6/29/2021,10510,10820,10510,10670,6.29648E+11,59021339,8894,10610,10620,1400-04-08
6/30/2021,10580,10730,10520,10630,5.06047E+11,47625377,8536,10670,10600,1400-04-09
7/3/2021,10630,10630,10100,10250,1.16877E+12,114014851,16321,10630,10100,1400-04-12
7/4/2021,10050,10470,10010,10270,5.72845E+11,55760104,9048,10250,10230,1400-04-13
7/5/2021,10130,10430,10130,10260,1.17611E+12,114635355,15407,10270,10380,1400-04-14
7/6/2021,10400,10770,10380,10690,2.34397E+12,219330222,23503,10260,10760,1400-04-15
7/7/2021,10490,10720,10330,10460,1.2163E+12,116233464,17032,10690,10420,1400-04-16
7/10/2021,10260,10430,10200,10260,9.0485E+11,88156494,11959,10460,10330,1400-04-19
7/11/2021,10400,10690,10350,10540,1.03984E+12,98697009,14398,10260,10590,1400-04-20
7/12/2021,10660,11060,10610,10850,1.69554E+12,156216780,19250,10540,10740,1400-04-21
7/13/2021,10720,11050,10660,10830,1.16813E+12,107829635,15788,10850,10700,1400-04-22
7/14/2021,10510,10770,10510,10670,8.95027E+11,83900309,12026,10830,10720,1400-04-23
7/17/2021,10730,10790,10510,10660,8.26923E+11,77603918,10842,10670,10640,1400-04-26
7/18/2021,10490,10630,10390,10490,1.0101E+12,96260142,12234,10660,10580,1400-04-27
7/26/2021,10840,10840,10660,10790,4.15617E+11,38512453,3324,10490,10710,1400-05-04
7/27/2021,10760,10800,10410,10540,1.1238E+12,106614974,13499,10790,10420,1400-05-05
7/28/2021,10350,10770,10350,10600,1.22168E+12,115208632,13123,10540,10650,1400-05-06
7/31/2021,10690,11050,10650,10950,2.53691E+12,231700713,24868,10600,11020,1400-05-09
8/8/2021,11020,11120,10860,11000,2.78519E+12,253156718,18100,10550,11000,1400-05-17
8/9/2021,11000,11480,11000,11330,2.49377E+12,220118923,24154,11000,11400,1400-05-18
8/10/2021,11550,11890,11470,11790,4.16418E+12,353301509,27255,11330,11890,1400-05-19
8/11/2021,12150,12370,12070,12280,4.18554E+12,340891219,36166,11790,12370,1400-05-20
8/14/2021,12490,12490,11900,12210,2.37221E+12,194218710,29310,12280,12370,1400-05-23
8/15/2021,12370,12490,11970,12330,1.92892E+12,156398366,19446,12210,12460,1400-05-24
8/22/2021,12400,12580,12110,12360,2.20036E+12,178042872,27877,12330,12400,1400-05-31
8/23/2021,12370,12420,12030,12250,1.59487E+12,130225077,20272,12360,12260,1400-06-01
8/24/2021,12160,12670,12160,12470,1.89125E+12,151607814,19624,12250,12500,1400-06-02
8/25/2021,12600,12610,12210,12370,1.51197E+12,122251981,19921,12470,12460,1400-06-03
8/28/2021,12420,12710,12290,12510,2.12844E+12,170089447,25828,12370,12650,1400-06-06
8/29/2021,12680,13100,12350,12630,3.41668E+12,270492020,32565,12510,12450,1400-06-07
8/30/2021,12450,12500,12000,12100,3.79447E+12,313525813,26640,12630,12000,1400-06-08
8/31/2021,11750,12270,11570,11930,1.92378E+12,161311348,23380,12100,11900,1400-06-09
9/1/2021,12000,12300,11750,12040,1.21873E+12,101181740,14077,11930,12110,1400-06-10
9/4/2021,12200,12250,11920,12060,1.27271E+12,105516641,17378,12040,12040,1400-06-13
9/5/2021,12050,12060,11720,11890,6.96751E+11,58579333,13019,12060,11890,1400-06-14
9/6/2021,11750,11950,11510,11800,1.31489E+12,111468142,17728,11890,11790,1400-06-15
9/7/2021,11500,11810,11400,11590,1.19504E+12,103122623,15824,11800,11520,1400-06-16
9/8/2021,11430,11800,11430,11600,1.27016E+12,109476794,21851,11590,11650,1400-06-17
9/11/2021,11750,11790,11460,11580,1.51884E+12,131105853,15124,11600,11490,1400-06-20
9/12/2021,11440,11450,11080,11260,1.20006E+12,106561064,17391,11580,11320,1400-06-21
9/13/2021,11200,11390,11060,11180,1.07047E+12,95728347,14257,11260,11190,1400-06-22
9/14/2021,11200,11430,11180,11310,9.34317E+11,82630655,13814,11180,11360,1400-06-23
9/15/2021,11220,11330,11100,11220,7.12022E+11,63440038,14600,11310,11240,1400-06-24
9/18/2021,11140,11150,10660,10710,1.18237E+12,110358481,17347,11220,10660,1400-06-27
9/19/2021,10450,10880,10290,10440,8.07093E+11,77340350,13109,10710,10390,1400-06-28
9/20/2021,10410,10590,10390,10480,6.94784E+11,66306057,10858,10440,10470,1400-06-29
9/21/2021,10480,10580,9980,10140,8.78695E+11,86617042,13281,10480,10160,1400-06-30
9/22/2021,10160,10280,9920,10100,9.99847E+11,98950600,15427,10140,10280,1400-06-31
9/25/2021,10280,10600,10280,10550,1.06993E+12,101417753,16336,10100,10580,1400-07-03
9/26/2021,10750,10750,10350,10500,5.12584E+11,48809259,10829,10550,10450,1400-07-04
9/28/2021,10600,10600,10350,10440,4.55163E+11,43601832,10422,10500,10490,1400-07-06
9/29/2021,10410,10660,10380,10480,6.49827E+11,61996626,10047,10440,10560,1400-07-07
10/2/2021,10590,11000,10590,10900,1.38665E+12,127159011,15429,10480,10870,1400-07-10
10/3/2021,10870,11020,10700,10860,7.0501E+11,64915676,9427,10900,10890,1400-07-11
10/4/2021,10890,10960,10720,10830,4.43536E+11,40935944,7689,10860,10790,1400-07-12
10/6/2021,10820,10840,10600,10670,7.66722E+11,71842154,11121,10830,10620,1400-07-14
10/9/2021,10620,10720,10260,10380,6.27966E+11,60522468,9303,10670,10350,1400-07-17
10/10/2021,10230,10410,10140,10280,4.55139E+11,44285258,7323,10380,10310,1400-07-18
10/11/2021,10300,10400,10210,10310,5.0117E+11,48597848,7594,10280,10210,1400-07-19
10/12/2021,10150,10250,9990,10070,6.83649E+11,67893378,10131,10310,10080,1400-07-20
10/13/2021,10020,10200,9970,10050,6.72672E+11,66932409,9869,10070,10180,1400-07-21
10/16/2021,10400,10550,10400,10550,9.981E+11,94628320,5615,10050,10550,1400-07-24
10/17/2021,10710,10950,10500,10600,1.06706E+12,100696047,11633,10550,10540,1400-07-25
10/18/2021,10500,10760,10400,10630,8.50988E+11,80021213,8684,10600,10690,1400-07-26
10/19/2021,10800,10870,10620,10770,5.60192E+11,52028961,7694,10630,10630,1400-07-27
10/20/2021,10620,10660,10430,10550,5.67245E+11,53755334,6227,10770,10470,1400-07-28
10/23/2021,11070,11070,10800,10990,3.07531E+12,279919222,25408,10550,10930,1400-08-01
10/25/2021,10990,11160,10820,10960,9.90474E+11,90378714,11675,10990,10870,1400-08-03
10/26/2021,10800,11180,10770,11050,9.90346E+11,89600552,10262,10960,11070,1400-08-04
10/27/2021,11070,11600,11040,11480,2.05325E+12,178922727,19469,11050,11600,1400-08-05
10/30/2021,11700,11730,11130,11310,1.086E+12,95982108,13625,11480,11700,1400-08-08
10/31/2021,11320,11440,10770,10980,1.5454E+12,140709717,14748,11310,10920,1400-08-09
11/1/2021,11200,11520,11200,11400,1.0428E+12,91477408,11467,10980,11380,1400-08-10
11/2/2021,11680,11840,11510,11670,9.42912E+11,80821341,9937,11400,11800,1400-08-11
11/3/2021,11810,12110,11750,11930,1.09695E+12,91949372,12940,11670,12040,1400-08-12
11/6/2021,12050,12480,12030,12290,1.84962E+12,150487290,21413,11930,12130,1400-08-15
11/7/2021,12050,12320,11680,11940,1.849E+12,154811384,20929,12290,11700,1400-08-16
11/8/2021,11710,12150,11620,11940,9.666E+11,80923031,11648,11940,12000,1400-08-17
11/9/2021,12030,12200,11880,12010,8.06502E+11,67165074,10873,11940,11940,1400-08-18
11/10/2021,11940,12080,11800,11970,9.01008E+11,75246306,10570,12010,12010,1400-08-19
11/13/2021,11800,11950,11510,11750,7.2484E+11,61711653,9829,11970,11690,1400-08-22
11/14/2021,11750,11930,11600,11740,7.10445E+11,60503628,9077,11750,11650,1400-08-23
11/15/2021,11650,11660,11160,11280,8.09288E+11,71773060,10567,11740,11250,1400-08-24
11/16/2021,11060,11390,11060,11220,5.16801E+11,46062879,7117,11280,11150,1400-08-25
11/17/2021,11150,11340,11050,11160,5.97675E+11,53548043,8786,11220,11200,1400-08-26
11/20/2021,11020,11190,10610,10690,1.43813E+12,134548898,17586,11160,10690,1400-08-29
11/21/2021,10700,11170,10570,10880,1.01559E+12,93324728,13456,10690,11040,1400-08-30
11/22/2021,11180,11290,10950,11130,7.22012E+11,64860126,10572,10880,11080,1400-09-01
11/23/2021,11120,11130,10800,10910,4.33959E+11,39776506,8463,11130,10820,1400-09-02
11/24/2021,10800,10940,10690,10770,5.58424E+11,51873959,7960,10910,10740,1400-09-03
11/27/2021,10350,10550,10240,10280,1.19205E+12,116006291,16071,10770,10240,1400-09-06
11/28/2021,10110,10450,10110,10300,7.54752E+11,73268483,9904,10280,10200,1400-09-07
11/29/2021,10300,10400,10120,10220,5.84364E+11,57199650,8523,10300,10160,1400-09-08
11/30/2021,10250,10250,10020,10100,5.69508E+11,56379579,9364,10220,10020,1400-09-09
12/1/2021,10080,10190,9980,10070,6.4174E+11,63712750,9695,10100,10130,1400-09-10
12/4/2021,10400,10420,9990,10100,6.24409E+11,61827229,9648,10070,10230,1400-09-13
12/5/2021,10270,10470,10210,10320,6.63248E+11,64240048,8119,10100,10300,1400-09-14
12/6/2021,10350,10380,10160,10270,3.92663E+11,38216266,5740,10320,10190,1400-09-15
12/7/2021,10170,10370,10130,10260,3.75099E+11,36566182,5121,10270,10280,1400-09-16
12/8/2021,10260,10650,10260,10460,5.32026E+11,50875004,7184,10260,10480,1400-09-17
12/11/2021,10540,10600,10320,10410,4.05066E+11,38903883,5344,10460,10350,1400-09-20
12/12/2021,10300,10300,10050,10120,5.15192E+11,50932531,5566,10410,10120,1400-09-21
12/13/2021,10090,10190,9620,9790,1.30934E+12,133774229,15950,10120,9620,1400-09-22
12/14/2021,9670,10020,9630,9850,6.59248E+11,66947017,7942,9790,9900,1400-09-23
12/15/2021,9850,10100,9770,9870,4.1213E+11,41755901,8472,9850,9840,1400-09-24
12/18/2021,9910,10070,9880,9950,4.22257E+11,42451768,6070,9870,9930,1400-09-27
12/19/2021,9910,9990,9590,9700,4.20691E+11,43384852,6730,9950,9680,1400-09-28
12/20/2021,9920,10060,9830,9950,6.29591E+11,63269962,6417,9700,9960,1400-09-29
12/21/2021,9960,10230,9960,10120,6.93793E+11,68536996,5995,9950,10170,1400-09-30
12/22/2021,10300,10620,10210,10550,1.20296E+12,114037521,9305,10120,10620,1400-10-01
12/25/2021,10800,11060,10580,10810,1.02824E+12,95133663,13112,10550,10630,1400-10-04
12/26/2021,10590,10950,10450,10710,7.69932E+11,71882370,8826,10810,10910,1400-10-05
12/27/2021,11000,11240,10870,11100,1.17431E+12,105818947,11795,10710,10960,1400-10-06
12/28/2021,11090,11090,10820,10960,6.37999E+11,58207314,7189,11100,10970,1400-10-07
12/29/2021,10940,11070,10680,10820,8.63067E+11,79734418,7422,10960,10680,1400-10-08
1/1/2022,10680,10680,10450,10530,5.72053E+11,54312297,6498,10820,10480,1400-10-11
1/2/2022,10540,10680,10480,10570,3.78579E+11,35831288,5119,10530,10680,1400-10-12
1/3/2022,10690,10720,10490,10570,3.16164E+11,29918409,4132,10570,10510,1400-10-13
1/4/2022,10440,10500,10360,10390,4.14731E+11,39916173,4486,10570,10380,1400-10-14
1/5/2022,10390,10490,10330,10400,2.77922E+11,26713888,3902,10390,10430,1400-10-15
1/8/2022,10400,10560,10240,10360,4.28293E+11,41338897,5721,10400,10410,1400-10-18
1/9/2022,10230,10300,9970,10060,6.08531E+11,60495870,7467,10360,10070,1400-10-19
1/10/2022,10020,10180,9960,10030,4.93991E+11,49246139,5983,10060,10060,1400-10-20
1/11/2022,10180,10270,10040,10100,2.81137E+11,27833048,4386,10030,10050,1400-10-21
1/12/2022,10020,10180,10010,10100,3.09719E+11,30675607,4504,10100,10040,1400-10-22
1/15/2022,10100,10200,9970,10050,5.8607E+11,58314729,5826,10100,10000,1400-10-25
1/16/2022,10060,10100,9890,9990,3.981E+11,39831559,5531,10050,10030,1400-10-26
1/17/2022,10010,10100,9820,9930,4.22462E+11,42529152,6437,9990,9940,1400-10-27
1/18/2022,9820,9830,9440,9580,8.04643E+11,83956395,9512,9930,9540,1400-10-28
1/19/2022,9620,9760,9580,9620,4.54972E+11,47305116,6183,9580,9620,1400-10-29
1/22/2022,9900,10100,9840,9970,5.81773E+11,58374900,8085,9620,9900,1400-11-02
1/23/2022,9900,9900,9550,9700,4.87278E+11,50232031,5841,9970,9650,1400-11-03
1/24/2022,9600,9760,9430,9560,4.6743E+11,48904568,6079,9700,9480,1400-11-04
1/25/2022,9430,9650,9100,9480,2.93504E+12,309472216,12985,9560,9640,1400-11-05
1/26/2022,9920,9950,9720,9920,8.54013E+11,86080853,8962,9480,9950,1400-11-06
1/29/2022,10240,10410,10100,10390,9.37937E+11,90300564,6831,9920,10410,1400-11-09
1/30/2022,10610,10800,10520,10660,1.78557E+12,167499431,13047,10390,10710,1400-11-10
1/31/2022,10710,10900,10680,10740,7.37878E+11,68680765,8425,10660,10760,1400-11-11
2/1/2022,10850,10850,10740,10760,1.35634E+12,126077575,6991,10740,10750,1400-11-12
2/2/2022,10760,10830,10760,10790,1.02898E+12,95405420,6633,10760,10820,1400-11-13
2/5/2022,10800,10840,10790,10810,1.19698E+12,110739404,6628,10790,10830,1400-11-16
2/6/2022,10810,10820,10310,10670,3.94928E+12,370043527,14669,10810,10550,1400-11-17
2/7/2022,10340,10540,10340,10440,5.2143E+11,49945065,3981,10670,10440,1400-11-18
2/8/2022,10440,10500,10210,10390,6.57433E+11,63260500,4967,10440,10280,1400-11-19
2/9/2022,10310,10490,10080,10330,6.33146E+11,61317877,8068,10390,10480,1400-11-20
2/12/2022,10410,10500,10140,10260,3.54383E+11,34530073,4678,10330,10210,1400-11-23
2/13/2022,10140,10260,10100,10220,5.72751E+11,56030732,3761,10260,10210,1400-11-24
2/14/2022,10380,10580,10300,10480,6.80101E+11,64920148,6077,10220,10560,1400-11-25
2/16/2022,10540,10610,10470,10490,5.60894E+11,53472515,4437,10480,10490,1400-11-27
2/19/2022,10490,10500,10470,10490,9.85779E+11,93975742,5003,10490,10490,1400-11-30
2/20/2022,10500,10510,10470,10490,7.22905E+11,68904742,4368,10490,10500,1400-12-01
2/21/2022,10490,10490,10260,10360,4.23369E+11,40848872,6366,10490,10300,1400-12-02
2/22/2022,10410,10460,10330,10400,6.61967E+11,63647744,5350,10360,10450,1400-12-03
2/23/2022,10400,10470,10390,10400,4.57519E+11,43979966,3814,10400,10410,1400-12-04
2/26/2022,10400,10410,10070,10240,4.47417E+11,43711296,5928,10400,10130,1400-12-07
2/27/2022,10100,10190,10000,10050,3.24651E+11,32296255,5692,10240,10080,1400-12-08
2/28/2022,10010,10210,10010,10110,3.85261E+11,38119433,5355,10050,10100,1400-12-09
3/2/2022,10160,10180,10020,10070,2.57174E+11,25550776,4557,10110,10040,1400-12-11
3/5/2022,10100,10360,10070,10170,6.72276E+11,66073828,7225,10070,10330,1400-12-14
3/6/2022,10350,10670,10320,10590,1.7866E+12,168635516,12189,10170,10670,1400-12-15
3/7/2022,10710,10960,10560,10740,7.92672E+11,73826403,8636,10590,10650,1400-12-16
3/8/2022,10620,10650,10420,10530,5.33907E+11,50706125,5465,10740,10550,1400-12-17
3/9/2022,10470,10790,10470,10590,6.61009E+11,62395650,5895,10530,10550,1400-12-18
3/12/2022,10540,10610,10360,10470,5.94573E+11,56776747,5778,10590,10440,1400-12-21
3/13/2022,10340,10630,10310,10510,5.05429E+11,48103494,4904,10470,10470,1400-12-22
3/14/2022,10460,10580,10460,10520,3.93553E+11,37398632,3885,10510,10520,1400-12-23
3/15/2022,10520,10590,10450,10520,4.48239E+11,42623906,3934,10520,10520,1400-12-24
3/16/2022,10520,10750,10500,10670,3.32493E+11,31151156,4262,10520,10700,1400-12-25
3/19/2022,10780,11060,10770,10940,5.92879E+11,54184282,6637,10670,11020,1400-12-28
3/26/2022,11400,11480,11100,11440,1.43361E+12,125349807,8955,10940,11480,1401-01-06
3/27/2022,11570,11850,11460,11670,9.97204E+11,85471309,10221,11440,11720,1401-01-07
3/28/2022,11750,11940,11620,11750,6.97502E+11,59376845,8237,11670,11790,1401-01-08
3/29/2022,11850,11850,11410,11510,8.26642E+11,71795937,8666,11750,11420,1401-01-09
3/30/2022,11420,11700,11310,11610,4.10813E+11,35378688,5410,11510,11680,1401-01-10
4/3/2022,11780,12190,11650,12160,1.78637E+12,146890520,9301,11610,12190,1401-01-14
4/4/2022,12670,12670,12020,12360,2.84199E+12,229946162,18851,12160,12150,1401-01-15
4/5/2022,12200,12420,12010,12300,1.26802E+12,103074692,11113,12360,12280,1401-01-16
4/6/2022,12280,12370,11940,12060,8.65449E+11,71742464,9884,12300,11960,1401-01-17
4/9/2022,11850,12100,11670,11980,5.90239E+11,49277413,6963,12060,12000,1401-01-20
4/10/2022,12060,12330,12060,12220,7.53425E+11,61678908,6930,11980,12160,1401-01-21
4/11/2022,12230,12330,12210,12260,6.5013E+11,53011076,6513,12220,12330,1401-01-22
4/12/2022,11800,11930,11650,11680,2.07981E+12,178129847,14148,12260,11650,1401-01-23
4/13/2022,11570,11970,11570,11860,6.86884E+11,57938049,6783,11680,11950,1401-01-24
4/16/2022,11900,12080,11870,11990,7.07921E+11,59035946,6469,11860,12010,1401-01-27
4/17/2022,12000,12070,11800,11990,9.27699E+11,77393649,8126,11990,12050,1401-01-28
4/20/2022,12110,12140,12000,12080,4.48168E+11,37106890,3902,11990,12130,1401-01-31
4/24/2022,12240,12240,11790,11910,6.02161E+11,50561981,7452,12080,12000,1401-02-04
4/25/2022,11840,12200,11820,12050,9.81255E+11,81443515,7174,11910,12100,1401-02-05
4/26/2022,12060,12200,12010,12090,7.72072E+11,63858219,8023,12050,12090,1401-02-06
4/27/2022,12100,12150,11980,12080,9.30332E+11,77016131,8354,12090,12100,1401-02-07
4/30/2022,12070,12070,11900,11960,6.49715E+11,54328105,7700,12080,11930,1401-02-10
5/1/2022,11900,11990,11790,11880,6.13961E+11,51692308,6607,11960,11900,1401-02-11
5/2/2022,11810,11880,11740,11770,7.04561E+11,59839168,7545,11880,11790,1401-02-12
5/7/2022,11780,11970,11750,11820,7.94385E+11,67222216,8397,11770,11850,1401-02-17
5/8/2022,11820,12180,11820,12050,8.97416E+11,74499497,9796,11820,12170,1401-02-18
5/9/2022,12180,12180,11780,11940,1.07918E+12,90397371,9046,12050,11940,1401-02-19
5/10/2022,11940,11970,11820,11890,4.72765E+11,39754507,5574,11940,11830,1401-02-20
5/11/2022,11890,12240,11850,12120,8.92011E+11,73623774,7609,11890,12090,1401-02-21
5/14/2022,12220,12470,12050,12160,9.26594E+11,76201024,9297,12120,12130,1401-02-24
5/15/2022,12190,12240,11910,12090,6.52465E+11,53947704,7845,12160,12180,1401-02-25
5/16/2022,12100,12620,12090,12320,1.66496E+12,135088447,15602,12090,12500,1401-02-26
5/17/2022,12700,12890,12550,12770,1.93881E+12,151834110,16825,12320,12590,1401-02-27
5/18/2022,12630,12830,12510,12690,9.30344E+11,73293898,9650,12770,12750,1401-02-28
5/21/2022,12590,12660,12250,12550,7.70988E+11,61424001,7022,12690,12540,1401-02-31
5/22/2022,12560,12600,12400,12540,1.12988E+12,90110710,7097,12550,12560,1401-03-01
5/23/2022,12550,12580,12270,12400,1.24528E+12,100386697,8431,12540,12330,1401-03-02
5/24/2022,12390,12390,12180,12260,1.00412E+12,81883317,6780,12400,12290,1401-03-03
5/25/2022,12260,12280,11950,12110,1.00668E+12,83136147,10114,12260,12120,1401-03-04
5/28/2022,12120,12250,11750,11960,8.04836E+11,67288466,8097,12110,11980,1401-03-07
5/29/2022,11820,11890,11580,11730,6.99489E+11,59616472,6863,11960,11780,1401-03-08
5/30/2022,11800,11930,11680,11750,6.61386E+11,56275815,6326,11730,11760,1401-03-09
5/31/2022,11770,11900,11600,11750,3.347E+11,28475982,5298,11750,11700,1401-03-10
6/6/2022,11480,11480,11020,11280,7.02837E+11,62333539,6488,11750,11480,1401-03-16
6/7/2022,11340,11340,11150,11280,8.97226E+11,79572207,7000,11280,11270,1401-03-17
6/8/2022,11360,11360,11250,11290,5.69448E+11,50448912,4284,11280,11310,1401-03-18
6/11/2022,11260,11340,11150,11290,6.87301E+11,60888112,6432,11290,11310,1401-03-21
6/12/2022,11300,11700,11200,11460,8.17717E+11,71378541,7088,11290,11540,1401-03-22
6/13/2022,11600,12100,11600,11820,1.26348E+12,106858966,10013,11460,11660,1401-03-23
6/14/2022,11750,11910,11640,11820,7.90862E+11,66911238,5887,11820,11820,1401-03-24
6/15/2022,11730,11990,11580,11710,4.54047E+11,38764404,5093,11820,11820,1401-03-25
6/18/2022,11650,11750,11550,11610,7.04543E+11,60658889,5815,11710,11700,1401-03-28
6/19/2022,11660,11740,11560,11610,5.26782E+11,45368856,4662,11610,11610,1401-03-29
6/20/2022,11590,11740,11580,11620,5.78398E+11,49782910,4561,11610,11610,1401-03-30
6/21/2022,11580,11610,11460,11550,4.92497E+11,42656631,4072,11620,11480,1401-03-31
6/22/2022,11460,11550,11310,11440,4.92403E+11,43038062,4235,11550,11470,1401-04-01
6/25/2022,11320,11320,11070,11150,8.99157E+11,80665442,8481,11440,11080,1401-04-04
6/26/2022,11110,11120,10750,10890,8.31278E+11,76316596,6732,11150,10790,1401-04-05
6/27/2022,10800,10950,10780,10890,9.21595E+11,84656585,6689,10890,10900,1401-04-06
6/28/2022,10910,11050,10880,10930,4.90103E+11,44829513,5085,10890,10920,1401-04-07
6/29/2022,10920,10970,10900,10940,3.97508E+11,36334015,3670,10930,10930,1401-04-08
7/2/2022,10900,10930,10660,10830,4.33993E+11,40088493,5029,10940,10710,1401-04-11
7/3/2022,10820,10840,10630,10800,3.13664E+11,29044751,3937,10830,10840,1401-04-12
7/4/2022,10830,10900,10760,10800,3.01E+11,27861189,3696,10800,10790,1401-04-13
7/5/2022,10830,11100,10790,10980,6.61147E+11,60218627,6538,10800,10990,1401-04-14
7/6/2022,10960,11220,10930,11040,9.53796E+11,86387594,6988,10980,10930,1401-04-15
7/9/2022,10990,11300,10950,11100,7.60908E+11,68566315,5962,11040,10990,1401-04-18
7/11/2022,11280,11660,11210,11400,1.29831E+12,113911578,13596,11100,11300,1401-04-20
7/12/2022,11300,11460,11200,11370,8.5016E+11,74778647,6903,11400,11370,1401-04-21
7/13/2022,11400,11500,11200,11310,5.12431E+11,45327426,5997,11370,11370,1401-04-22
7/16/2022,11370,11370,10910,11080,5.33033E+11,48110092,6433,11310,11030,1401-04-25
7/17/2022,11090,11090,10910,10990,5.47339E+11,49798334,6205,11080,10990,1401-04-26
7/24/2022,10990,10990,10710,10930,3.0091E+11,27535444,1413,10990,10830,1401-05-02
7/25/2022,10890,10930,10500,10690,7.2747E+11,68029792,7488,10930,10540,1401-05-03
7/26/2022,10600,10760,10600,10690,4.9073E+11,45920539,4829,10690,10680,1401-05-04
7/27/2022,10700,11090,10680,10930,4.90875E+11,44930484,5716,10690,10930,1401-05-05
7/30/2022,10980,11170,10840,11040,5.40333E+11,48954520,6181,10930,10890,1401-05-08
7/31/2022,10830,11370,10690,11170,1.66185E+12,148767350,13410,11040,11350,1401-05-09
8/9/2022,5470,5500,5390,5460,6.92061E+11,126831611,6913,5240,5500,1401-05-18
8/10/2022,5590,5600,5480,5520,5.42781E+11,98255194,8348,5460,5520,1401-05-19
8/13/2022,5520,5850,5500,5780,8.64611E+11,149535604,9910,5520,5810,1401-05-22
8/14/2022,5850,5850,5650,5740,3.54087E+11,61677930,5739,5780,5720,1401-05-23
8/15/2022,5720,5750,5600,5670,3.95085E+11,69689904,5627,5740,5690,1401-05-24
8/16/2022,5730,5730,5510,5600,3.03614E+11,54168816,5039,5670,5590,1401-05-25
8/17/2022,5600,5650,5500,5560,4.23917E+11,76206181,5200,5600,5540,1401-05-26
8/21/2022,5420,5450,5400,5420,3.51314E+11,64793800,2068,5560,5430,1401-05-30
8/22/2022,5420,5420,5240,5310,6.21874E+11,117052411,8497,5420,5290,1401-05-31
8/23/2022,5230,5340,5220,5270,3.29123E+11,62393229,6703,5310,5280,1401-06-01
8/24/2022,5330,5370,5280,5330,3.65888E+11,68699416,5303,5270,5330,1401-06-02
8/27/2022,5380,5380,5300,5330,2.75202E+11,51647450,5280,5330,5320,1401-06-05
8/28/2022,5350,5350,5240,5270,2.60409E+11,49398850,4191,5330,5260,1401-06-06
8/29/2022,5270,5280,5200,5230,2.6165E+11,50011302,5179,5270,5210,1401-06-07
8/30/2022,5200,5280,5130,5170,2.34455E+11,45326522,5325,5230,5130,1401-06-08
8/31/2022,5160,5190,5120,5140,1.85445E+11,36092715,3911,5170,5120,1401-06-09
9/3/2022,5120,5170,5020,5090,3.31644E+11,65174611,5148,5140,5080,1401-06-12
9/4/2022,5100,5180,5070,5090,2.15397E+11,42292675,3891,5090,5090,1401-06-13
9/5/2022,5150,5150,5050,5080,2.47384E+11,48675596,4011,5090,5060,1401-06-14
9/6/2022,5080,5100,5020,5060,1.75609E+11,34701518,3234,5080,5070,1401-06-15
9/7/2022,5080,5090,5020,5060,2.15291E+11,42583792,3401,5060,5040,1401-06-16
9/10/2022,5050,5070,4990,5030,2.53874E+11,50441468,3581,5060,5040,1401-06-19
9/11/2022,5040,5060,5020,5030,1.89855E+11,37750629,3062,5030,5030,1401-06-20
9/12/2022,5100,5170,5050,5100,2.75376E+11,53997996,5170,5030,5130,1401-06-21
9/13/2022,5160,5230,5120,5180,4.00648E+11,77278407,4958,5100,5220,1401-06-22
9/14/2022,5250,5250,5120,5170,2.32828E+11,45054451,3908,5180,5150,1401-06-23
9/18/2022,5170,5190,5080,5110,1.7878E+11,34970851,3165,5170,5110,1401-06-27
9/19/2022,5110,5120,5080,5100,2.10165E+11,41222453,2704,5110,5090,1401-06-28
9/20/2022,5100,5110,5060,5080,1.51667E+11,29849060,2366,5100,5070,1401-06-29
9/21/2022,5050,5080,4990,5020,2.46376E+11,49116423,4401,5080,4990,1401-06-30
9/24/2022,4990,4990,4860,4910,2.32389E+11,47330516,4780,5020,4880,1401-07-02
9/26/2022,4880,5020,4870,4950,2.45443E+11,49543805,4308,4910,4920,1401-07-04
9/28/2022,4990,5110,4950,5040,2.24676E+11,44592048,3552,4950,5020,1401-07-06
10/1/2022,5060,5060,4900,4930,2.09323E+11,42451061,3400,5040,4900,1401-07-09
10/2/2022,4920,4970,4870,4930,1.73876E+11,35283387,2643,4930,4940,1401-07-10
10/3/2022,4930,4980,4900,4930,1.2873E+11,26126619,2143,4930,4910,1401-07-11
10/4/2022,4910,4960,4900,4920,1.08471E+11,22066425,2104,4930,4920,1401-07-12
10/8/2022,4920,4980,4899,4914,1.41391E+11,28772541,2848,4920,4902,1401-07-16
10/9/2022,4914,4920,4880,4909,2.7057E+11,55112475,2578,4914,4901,1401-07-17
10/10/2022,4909,4920,4879,4897,1.62277E+11,33137450,2719,4909,4910,1401-07-18
10/11/2022,4921,5060,4904,4979,1.85089E+11,37174234,2794,4897,5015,1401-07-19
10/12/2022,5055,5090,5018,5058,1.65805E+11,32782519,2532,4979,5065,1401-07-20
10/15/2022,5070,5080,4940,5030,1.4777E+11,29365546,2299,5058,5040,1401-07-23
10/16/2022,5040,5040,4930,4990,1.8728E+11,37568225,2303,5030,5010,1401-07-24
10/17/2022,5000,5000,4910,4980,1.48598E+11,29816705,2078,4990,5000,1401-07-25
10/18/2022,5000,5010,4910,4950,1.38832E+11,28056860,2405,4980,4930,1401-07-26
10/19/2022,4940,4960,4880,4910,1.07778E+11,21968294,2687,4950,4890,1401-07-27
10/22/2022,4901,4910,4859,4884,2.29284E+11,46946435,3411,4910,4874,1401-07-30
10/23/2022,4854,4855,4643,4732,3.70119E+11,78221679,6549,4884,4699,1401-08-01
10/24/2022,4640,4640,4416,4474,1.40341E+12,313694377,17347,4732,4471,1401-08-02
10/25/2022,4474,4493,4378,4432,5.74776E+11,129681942,8398,4474,4388,1401-08-03
10/26/2022,4424,4444,4214,4311,6.67858E+11,154912131,8843,4432,4285,1401-08-04
10/29/2022,4370,4404,4319,4361,7.58035E+11,173822689,6457,4311,4342,1401-08-07
10/30/2022,4394,4550,4365,4487,8.57329E+11,191063150,6832,4361,4550,1401-08-08
10/31/2022,4550,4590,4517,4549,5.34377E+11,117473603,5381,4487,4580,1401-08-09
11/1/2022,4580,4645,4560,4611,4.19711E+11,91024869,4478,4549,4582,1401-08-10
11/2/2022,4611,4669,4522,4610,5.25216E+11,113926621,4848,4611,4666,1401-08-11
11/5/2022,4660,4932,4660,4914,1.23888E+12,252089157,7470,4610,4932,1401-08-14
11/6/2022,4944,5050,4850,4949,7.6151E+11,153882871,8739,4914,4985,1401-08-15
11/7/2022,4985,5249,4950,5128,9.54037E+11,186032836,10364,4949,5214,1401-08-16
11/8/2022,5221,5347,5034,5166,9.25204E+11,179079767,10808,5128,5156,1401-08-17
11/9/2022,5149,5260,5021,5157,6.80771E+11,132021163,7188,5166,5160,1401-08-18
11/12/2022,5160,5340,5100,5210,5.65638E+11,108555719,7146,5157,5110,1401-08-21
11/13/2022,5110,5160,5020,5080,4.61236E+11,90819243,6412,5210,5080,1401-08-22
11/14/2022,5080,5110,4920,5030,4.16325E+11,82687906,4976,5080,5080,1401-08-23
11/15/2022,5030,5100,5000,5040,3.66174E+11,72657034,3830,5030,5070,1401-08-24
11/16/2022,5080,5110,5010,5060,2.43801E+11,48226617,3079,5040,5040,1401-08-25
11/19/2022,5040,5040,4820,4900,5.23602E+11,106945198,5745,5060,4920,1401-08-28
11/20/2022,4860,5050,4850,4980,2.5114E+11,50420114,3135,4900,4960,1401-08-29
11/21/2022,4990,5010,4920,4980,3.11527E+11,62515328,3290,4980,4950,1401-08-30
11/22/2022,4950,4990,4910,4950,1.58311E+11,31997103,2560,4980,4930,1401-09-01
11/23/2022,4950,4970,4900,4930,2.30021E+11,46624018,3450,4950,4920,1401-09-02
11/26/2022,4990,5000,4880,4912,2.00479E+11,40813436,3099,4930,4900,1401-09-05
11/27/2022,4900,4970,4871,4918,3.12633E+11,63563986,3372,4912,4950,1401-09-06
11/28/2022,4930,4945,4910,4922,3.25225E+11,66075060,3900,4918,4921,1401-09-07
12/3/2022,4969,5040,4949,4984,1.91635E+11,38451481,2198,4922,4990,1401-09-12
12/4/2022,4950,5020,4933,4987,3.70304E+11,74246594,4110,4984,4981,1401-09-13
12/5/2022,5000,5000,4929,4959,3.70763E+11,74759233,3729,4987,4988,1401-09-14
12/6/2022,4962,4963,4921,4940,2.62695E+11,53175287,3228,4959,4922,1401-09-15
12/7/2022,4915,4920,4815,4865,2.5656E+11,52737862,5099,4940,4817,1401-09-16
12/10/2022,4819,4819,4706,4756,3.45762E+11,72699016,4638,4865,4740,1401-09-19
12/11/2022,4759,4880,4759,4795,3.37452E+11,70375438,4971,4756,4806,1401-09-20
12/12/2022,4800,5030,4800,4965,4.69991E+11,94668209,5576,4795,5020,1401-09-21
12/13/2022,5051,5312,5051,5287,1.84128E+12,348239330,11985,4965,5312,1401-09-22
12/14/2022,5380,5647,5360,5467,1.13096E+12,206867820,10860,5287,5438,1401-09-23
12/17/2022,5450,5460,5320,5390,5.28401E+11,97960083,6174,5467,5410,1401-09-26
12/18/2022,5470,5720,5470,5620,9.39688E+11,167058795,7676,5390,5630,1401-09-27
12/19/2022,5700,5740,5500,5630,7.86143E+11,139743574,6804,5620,5580,1401-09-28
12/20/2022,5630,5650,5490,5550,4.39309E+11,79175063,4437,5630,5530,1401-09-29
12/21/2022,5490,5610,5450,5530,3.62672E+11,65637455,4222,5550,5540,1401-09-30
12/24/2022,5600,5910,5570,5830,1.12714E+12,193191975,10551,5530,5910,1401-10-03
12/25/2022,6000,6050,5830,5930,8.35853E+11,140889964,9149,5830,5880,1401-10-04
12/26/2022,5890,5940,5760,5880,7.08242E+11,120347075,8243,5930,5880,1401-10-05
12/28/2022,6100,6290,6100,6280,2.58421E+12,411315121,12332,5880,6290,1401-10-07
12/31/2022,5870,6250,5850,5970,2.07452E+12,347343782,18877,6280,5910,1401-10-10
1/1/2023,5870,6090,5700,5840,1.23427E+12,211337374,11497,5970,5920,1401-10-11
1/2/2023,6000,6030,5940,5980,7.6221E+11,127510359,7775,5840,5960,1401-10-12
1/3/2023,6020,6050,5850,5940,8.96675E+11,150830117,8137,5980,5900,1401-10-13
1/4/2023,5930,5930,5760,5800,4.99673E+11,86151879,6707,5940,5880,1401-10-14
1/7/2023,5880,5990,5800,5900,6.15326E+11,104310491,7624,5800,5930,1401-10-17
1/8/2023,6050,6220,5960,6080,1.29164E+12,212355054,11173,5900,6010,1401-10-18
1/9/2023,6050,6290,6010,6130,1.08512E+12,176884698,9445,6080,6210,1401-10-19
1/10/2023,6410,6550,6380,6500,2.6927E+12,414261588,18219,6130,6460,1401-10-20
1/11/2023,6480,6530,6300,6420,8.69126E+11,135329474,10207,6500,6350,1401-10-21
1/14/2023,6240,6470,6060,6300,1.01871E+12,161647166,9167,6420,6430,1401-10-24
1/16/2023,6430,6560,6380,6460,7.61003E+11,117797090,8144,6300,6470,1401-10-26
1/17/2023,6510,6560,6360,6440,9.46844E+11,147135689,9549,6460,6390,1401-10-27
1/18/2023,6410,6460,6350,6400,6.37188E+11,99567404,7617,6440,6380,1401-10-28
1/21/2023,6190,6310,6100,6140,1.58304E+12,257670035,14448,6400,6130,1401-11-01
1/22/2023,6130,6290,6110,6180,8.14438E+11,131724234,7806,6140,6240,1401-11-02
1/23/2023,6240,6380,6110,6230,8.52042E+11,136778785,7263,6180,6260,1401-11-03
1/24/2023,6220,6270,6140,6210,4.55517E+11,73351074,5084,6230,6210,1401-11-04
1/25/2023,6200,6200,6030,6080,7.19736E+11,118382059,6761,6210,6100,1401-11-05
1/28/2023,6140,6180,6020,6080,7.65625E+11,125951557,6878,6080,6030,1401-11-08
1/29/2023,6010,6020,5790,5870,1.11279E+12,189522032,9240,6080,5970,1401-11-09
1/30/2023,5800,6010,5680,5870,8.13329E+11,138509344,7765,5870,5970,1401-11-10
1/31/2023,5970,6100,5910,5990,5.40281E+11,90202536,5095,5870,5990,1401-11-11
2/1/2023,6000,6030,5960,5990,5.89616E+11,98408845,4478,5990,5980,1401-11-12
2/5/2023,5980,6000,5890,5950,9.36778E+11,157450063,5581,5990,5950,1401-11-16
2/6/2023,5950,6080,5940,6000,5.47904E+11,91392166,4885,5950,6050,1401-11-17
2/7/2023,6050,6270,6050,6180,6.48203E+11,104857562,5796,6000,6250,1401-11-18
2/8/2023,6220,6380,6200,6270,6.44619E+11,102835863,5958,6180,6210,1401-11-19
2/12/2023,6220,6300,6200,6260,5.37582E+11,85916203,4999,6270,6280,1401-11-23
2/13/2023,6290,6410,6260,6320,6.66608E+11,105500295,5363,6260,6290,1401-11-24
2/14/2023,6310,6350,6240,6300,6.40599E+11,101760189,5002,6320,6260,1401-11-25
2/15/2023,6260,6330,6210,6270,4.45507E+11,71012495,4058,6300,6270,1401-11-26
2/19/2023,6300,6580,6290,6420,1.33184E+12,207471282,10562,6270,6550,1401-11-30
2/20/2023,6830,6860,6700,6860,2.50557E+12,365385476,8715,6420,6860,1401-12-01
2/21/2023,7340,7340,7280,7340,5.50249E+12,749737326,19217,6860,7340,1401-12-02
2/22/2023,7380,7700,7250,7440,3.24761E+12,436560018,24118,7340,7640,1401-12-03
2/25/2023,7960,7960,7960,7960,2.11668E+12,265914635,6964,7440,7960,1401-12-06
2/26/2023,8510,8510,8220,8480,7.30453E+12,861116981,36474,7960,8510,1401-12-07
2/27/2023,8370,8750,8070,8450,4.43254E+12,524418093,29988,8480,8450,1401-12-08
2/28/2023,8550,8700,8270,8570,2.36062E+12,275533774,17938,8450,8480,1401-12-09
3/1/2023,8490,8560,8200,8350,3.17196E+12,379717791,18891,8570,8220,1401-12-10
3/4/2023,8210,8230,8020,8110,1.73356E+12,213687956,14240,8350,8050,1401-12-13
3/5/2023,8050,8350,8000,8080,1.19031E+12,147265490,10816,8110,8070,1401-12-14
3/6/2023,8070,8070,7760,7940,1.64396E+12,206946906,11062,8080,7960,1401-12-15
3/7/2023,8010,8490,8010,8440,4.63696E+12,549719790,20825,7940,8490,1401-12-16
3/11/2023,8440,8490,8100,8260,2.43086E+12,294411392,20572,8440,8120,1401-12-20
3/12/2023,8000,8060,7780,7920,1.73897E+12,219466342,13905,8260,7900,1401-12-21
3/13/2023,7920,8100,7880,7940,1.87426E+12,235952241,15895,7920,7930,1401-12-22
3/19/2023,5770,6060,5770,5890,5.24884E+12,891831928,25825,5260,6000,1401-12-28
3/25/2023,6150,6300,5910,6230,2.8451E+12,456619517,25586,5890,6300,1402-01-05
3/26/2023,6380,6570,6110,6320,2.29386E+12,362716933,29399,6230,6180,1402-01-06
3/27/2023,6200,6480,6050,6340,1.42776E+12,225341510,17960,6320,6400,1402-01-07
3/28/2023,6430,6460,6210,6310,2.01336E+12,319285689,25730,6340,6320,1402-01-08
3/29/2023,6330,6400,6250,6310,1.65151E+12,261767907,21753,6310,6320,1402-01-09
4/3/2023,6240,6300,6000,6210,2.01312E+12,324399386,24873,6310,6300,1402-01-14
4/4/2023,6300,6410,6160,6270,1.68514E+12,268808210,20456,6210,6180,1402-01-15
4/5/2023,6230,6280,6100,6210,2.0897E+12,336729315,20790,6270,6230,1402-01-16
4/8/2023,6220,6630,6180,6450,3.49951E+12,542465282,29235,6210,6430,1402-01-19
4/9/2023,6570,6570,6350,6420,2.02989E+12,316354456,21988,6450,6370,1402-01-20
4/10/2023,6400,6490,6110,6260,2.18761E+12,349421340,25972,6420,6170,1402-01-21
4/11/2023,6220,6320,6130,6200,1.37793E+12,222345202,14217,6260,6230,1402-01-22
4/15/2023,6300,6410,6260,6330,2.21378E+12,349695944,22662,6200,6290,1402-01-26
4/16/2023,6400,6420,6250,6320,1.93594E+12,306540311,18765,6330,6290,1402-01-27
4/17/2023,6330,6460,6270,6340,2.21906E+12,350123370,19831,6320,6320,1402-01-28
4/18/2023,6310,6500,6260,6370,2.56699E+12,403022157,24710,6340,6300,1402-01-29
4/19/2023,6370,6410,6230,6310,1.58392E+12,250828258,16527,6370,6300,1402-01-30
4/24/2023,6310,6340,6210,6280,1.51039E+12,240649139,14505,6310,6320,1402-02-04
4/25/2023,6240,6490,6240,6390,2.12357E+12,332099309,16769,6280,6340,1402-02-05
4/26/2023,6330,6500,6250,6400,2.23326E+12,349071534,17351,6390,6490,1402-02-06
4/29/2023,6670,6840,6670,6840,7.01276E+12,1025644709,28194,6400,6840,1402-02-09
4/30/2023,7060,7290,6880,7050,4.47711E+12,634600863,30140,6840,7110,1402-02-10
5/1/2023,7150,7170,6890,7070,3.05E+12,431638871,22946,7050,7120,1402-02-11
5/2/2023,7180,7370,7120,7280,2.70547E+12,371862610,18811,7070,7350,1402-02-12
5/3/2023,7340,7340,7140,7240,2.29856E+12,317542345,18767,7280,7210,1402-02-13
5/6/2023,7260,7360,7090,7230,2.23469E+12,308938513,19750,7240,7240,1402-02-16
5/7/2023,7230,7250,6730,6880,3.99789E+12,580962258,30154,7230,6730,1402-02-17
5/8/2023,6540,6870,6400,6480,2.77659E+12,428610795,20532,6880,6400,1402-02-18
5/9/2023,6170,6800,6170,6580,1.89005E+12,287446777,20856,6480,6730,1402-02-19
5/10/2023,6820,6820,6420,6560,2.09627E+12,319702220,16084,6580,6620,1402-02-20
5/13/2023,6560,6610,6200,6420,2.71789E+12,423664181,19008,6560,6520,1402-02-23
5/14/2023,6460,6790,6460,6670,1.52309E+12,228292468,13592,6420,6700,1402-02-24
5/15/2023,6750,6760,6590,6680,1.2617E+12,188982290,10152,6670,6730,1402-02-25
5/20/2023,6500,6520,6380,6440,1.27271E+12,197492942,11166,6680,6470,1402-02-30
5/21/2023,6380,6570,6320,6440,1.90566E+12,295904651,12351,6440,6530,1402-02-31
5/22/2023,6530,6580,6360,6410,1.23538E+12,192852613,12317,6440,6380,1402-03-01
5/23/2023,6440,6450,6310,6370,1.15288E+12,181098784,11495,6410,6340,1402-03-02
5/24/2023,6450,6460,6320,6360,9.27961E+11,145969153,9183,6370,6330,1402-03-03
5/27/2023,6300,6370,6170,6250,1.13741E+12,181880942,11296,6360,6300,1402-03-06
5/28/2023,6220,6250,6070,6130,1.04589E+12,170660998,10058,6250,6210,1402-03-07
5/29/2023,6210,6230,6110,6140,7.52948E+11,122716152,7651,6130,6120,1402-03-08
5/30/2023,6200,6210,6120,6140,9.03795E+11,147161500,7310,6140,6150,1402-03-09
5/31/2023,6150,6150,6020,6100,8.11105E+11,132886502,6705,6140,6140,1402-03-10
6/3/2023,6140,6160,6090,6120,4.14735E+11,67822579,5756,6100,6100,1402-03-13
6/6/2023,6150,6150,6100,6130,7.02582E+11,114689026,6008,6120,6130,1402-03-16
6/7/2023,6130,6200,6090,6130,7.46409E+11,121742996,6172,6130,6140,1402-03-17
6/10/2023,6060,6100,5820,5890,1.22804E+12,208352537,10322,6130,5870,1402-03-20
6/11/2023,5860,5860,5740,5820,7.85385E+11,134906296,9300,5890,5810,1402-03-21
6/12/2023,5700,5700,5460,5520,1.39722E+12,253173030,15366,5820,5510,1402-03-22
6/13/2023,5500,5700,5500,5590,5.35405E+11,95755494,6673,5520,5630,1402-03-23
6/14/2023,5730,5910,5680,5820,3.65446E+11,62838935,6240,5590,5800,1402-03-24
6/17/2023,5820,5910,5750,5810,3.66496E+11,63127519,5687,5820,5750,1402-03-27
6/18/2023,5790,5820,5590,5770,7.00113E+11,121290120,5627,5810,5780,1402-03-28
6/19/2023,5820,5820,5680,5710,5.66527E+11,99238817,5748,5770,5690,1402-03-29
6/20/2023,5710,5770,5640,5680,2.6244E+11,46171020,4077,5710,5700,1402-03-30
6/21/2023,5700,5750,5570,5660,4.20565E+11,74345505,6119,5680,5640,1402-03-31
6/24/2023,5600,5660,5540,5580,4.58262E+11,82124904,7530,5660,5620,1402-04-03
6/25/2023,5620,5780,5580,5650,3.75209E+11,66455705,5943,5580,5600,1402-04-04
6/26/2023,5600,5730,5560,5690,5.162E+11,90734114,5471,5650,5690,1402-04-05
6/27/2023,5700,5750,5570,5620,3.26439E+11,58122823,4637,5690,5620,1402-04-06
6/28/2023,5620,5640,5540,5580,2.42128E+11,43415863,4089,5620,5570,1402-04-07
7/1/2023,5560,5580,5490,5520,2.94346E+11,53327532,6061,5580,5500,1402-04-10
7/2/2023,5500,5660,5490,5580,2.63772E+11,47231036,4386,5520,5600,1402-04-11
7/3/2023,5640,5880,5590,5740,6.05475E+11,105465938,6428,5580,5830,1402-04-12
7/4/2023,5870,6030,5840,5930,7.73797E+11,130524700,8122,5740,5900,1402-04-13
7/5/2023,5870,5980,5850,5910,3.93682E+11,66622061,4641,5930,5890,1402-04-14
7/8/2023,5900,5930,5760,5830,3.79839E+11,65120779,5495,5910,5770,1402-04-17
7/9/2023,5770,5850,5730,5800,4.12802E+11,71151549,4266,5830,5800,1402-04-18
7/10/2023,5800,5880,5750,5770,4.37018E+11,75699210,4154,5800,5750,1402-04-19
7/11/2023,5720,5780,5570,5670,8.50374E+11,149920504,6515,5770,5580,1402-04-20
7/12/2023,5570,5600,5370,5470,5.80085E+11,106044406,7687,5670,5520,1402-04-21
7/15/2023,5530,5600,5470,5530,4.14984E+11,75064706,5105,5470,5510,1402-04-24
7/16/2023,5520,5520,5270,5340,5.29457E+11,99060289,6711,5530,5340,1402-04-25
7/17/2023,5280,5340,5000,5140,9.07932E+11,176626718,9791,5340,5260,1402-04-26
7/18/2023,5260,5490,5260,5460,1.22345E+12,224243595,9760,5140,5490,1402-04-27
7/24/2023,5010,5050,4990,5020,2.8686E+11,57109828,3685,4960,5050,1402-05-02
7/25/2023,5070,5140,4980,5030,3.5738E+11,71003596,6135,5020,5010,1402-05-03
7/26/2023,5000,5030,4920,5000,2.78768E+11,55747071,4389,5030,5000,1402-05-04
7/29/2023,5000,5030,4970,4990,3.28166E+11,65750231,4100,5000,4990,1402-05-07
7/30/2023,4990,5020,4900,4940,6.48449E+11,131186888,5611,4990,4920,1402-05-08
7/31/2023,4900,5040,4890,4970,3.23903E+11,65185000,3457,4940,4960,1402-05-09
8/1/2023,5040,5160,4960,5010,5.68271E+11,113361598,5019,4970,5160,1402-05-10
8/5/2023,5140,5360,5140,5300,7.29925E+11,137682646,7365,5010,5360,1402-05-14
8/6/2023,5380,5400,5250,5340,4.61208E+11,86390288,4993,5300,5390,1402-05-15
8/7/2023,5430,5430,5310,5370,4.51875E+11,84210683,3384,5340,5350,1402-05-16
8/8/2023,5340,5390,5220,5350,4.5809E+11,85572351,3271,5370,5340,1402-05-17
8/9/2023,5350,5400,5270,5320,3.13332E+11,58903565,3338,5350,5320,1402-05-18
8/12/2023,5200,5310,5110,5160,5.54046E+11,107356345,4451,5320,5130,1402-05-21
8/13/2023,5120,5220,5100,5170,3.03011E+11,58579340,3139,5160,5180,1402-05-22
8/14/2023,5180,5250,5120,5170,3.59684E+11,69543411,3425,5170,5160,1402-05-23
8/15/2023,5120,5180,5080,5120,3.32717E+11,64986507,2926,5170,5100,1402-05-24
8/16/2023,5090,5140,5080,5110,3.18954E+11,62458561,3092,5120,5100,1402-05-25
8/19/2023,5070,5110,5010,5050,3.79251E+11,75146488,4036,5110,5050,1402-05-28
8/20/2023,5050,5080,5040,5050,3.73197E+11,73867748,3473,5050,5050,1402-05-29
8/21/2023,5060,5110,5040,5060,2.6311E+11,52038276,2807,5050,5070,1402-05-30
8/22/2023,5070,5070,4970,5000,3.85568E+11,77110559,3725,5060,4990,1402-05-31
8/23/2023,4960,5050,4950,5000,3.48935E+11,69737133,3823,5000,5040,1402-06-01
8/26/2023,5110,5310,5050,5220,8.01176E+11,153494477,5931,5000,5260,1402-06-04
8/27/2023,5340,5580,5270,5500,1.28212E+12,233151626,9017,5220,5520,1402-06-05
8/28/2023,5590,5690,5480,5580,9.29474E+11,166512551,7310,5500,5550,1402-06-06
8/29/2023,5630,5730,5520,5610,7.39763E+11,131877599,5665,5580,5530,1402-06-07
8/30/2023,5510,5730,5510,5620,7.08472E+11,125955299,5462,5610,5610,1402-06-08
9/2/2023,5660,5720,5490,5590,7.50707E+11,134370385,5570,5620,5590,1402-06-11
9/3/2023,5590,5660,5520,5600,3.59585E+11,64217517,3701,5590,5600,1402-06-12
9/4/2023,5550,5740,5530,5670,5.69981E+11,100566866,4414,5600,5660,1402-06-13
9/5/2023,5690,5800,5590,5680,6.86717E+11,120871716,5165,5670,5620,1402-06-14
9/9/2023,5590,5760,5550,5610,4.40404E+11,78512848,4207,5680,5550,1402-06-18
9/10/2023,5520,5600,5470,5570,6.15543E+11,110475841,3824,5610,5550,1402-06-19
9/11/2023,5530,5600,5500,5550,4.12089E+11,74309985,3419,5570,5590,1402-06-20
9/12/2023,5600,5600,5530,5560,4.00713E+11,72110806,2838,5550,5550,1402-06-21
9/13/2023,5560,5600,5530,5560,5.76949E+11,103681013,5175,5560,5560,1402-06-22
9/17/2023,5560,5660,5530,5570,4.6278E+11,83045619,4871,5560,5560,1402-06-26
9/18/2023,5550,5610,5530,5570,8.41007E+11,151092451,4354,5570,5560,1402-06-27
9/19/2023,5570,5620,5550,5600,6.94573E+11,124079974,3278,5570,5610,1402-06-28
9/20/2023,5610,5650,5530,5590,7.14668E+11,127810415,3542,5600,5600,1402-06-29
9/23/2023,5550,5610,5550,5590,3.84805E+11,68876272,3201,5590,5580,1402-07-01
9/25/2023,5580,5610,5490,5540,6.25239E+11,112842856,4224,5590,5540,1402-07-03
9/26/2023,5560,5560,5500,5520,4.55205E+11,82486265,4196,5540,5510,1402-07-04
9/27/2023,5500,5540,5460,5500,4.9362E+11,89692328,3700,5520,5510,1402-07-05
9/30/2023,5510,5550,5340,5410,5.70334E+11,105515003,6119,5500,5350,1402-07-08
10/1/2023,5410,5430,5280,5310,5.70268E+11,107429619,4875,5410,5300,1402-07-09
10/2/2023,5280,5350,5250,5300,5.76615E+11,108710565,4104,5310,5300,1402-07-10
10/4/2023,5310,5360,5290,5300,4.5796E+11,86346374,3694,5300,5310,1402-07-12
10/7/2023,5300,5350,5260,5290,5.36383E+11,101466441,3916,5300,5290,1402-07-15
10/8/2023,5260,5270,5080,5130,6.94376E+11,135307065,6297,5290,5150,1402-07-16
10/9/2023,5080,5400,5080,5230,3.60611E+11,68912694,4532,5130,5180,1402-07-17
10/10/2023,5230,5290,5190,5240,3.04421E+11,58044386,3111,5230,5260,1402-07-18
10/11/2023,5300,5300,5190,5220,2.54035E+11,48623209,3041,5240,5230,1402-07-19
10/14/2023,5220,5230,5050,5140,3.57513E+11,69556400,3455,5220,5150,1402-07-22
10/15/2023,5120,5250,5110,5180,3.76249E+11,72600489,3218,5140,5240,1402-07-23
10/16/2023,5200,5290,5200,5240,2.54319E+11,48551498,3016,5180,5280,1402-07-24
10/18/2023,5240,5280,5190,5230,4.63799E+11,88764855,2908,5240,5260,1402-07-26
10/21/2023,5210,5240,5180,5210,4.62596E+11,88739679,3320,5230,5190,1402-07-29
10/22/2023,5300,5440,5300,5370,5.14261E+11,95757133,5329,5210,5380,1402-07-30
10/23/2023,5380,5460,5350,5390,4.63065E+11,85893078,4015,5370,5390,1402-08-01
10/24/2023,5360,5400,5280,5320,5.19055E+11,97500089,3586,5390,5300,1402-08-02
10/25/2023,5330,5390,5320,5350,3.29142E+11,61496230,2980,5320,5350,1402-08-03
10/28/2023,5330,5330,5160,5200,6.34709E+11,122006100,5596,5350,5160,1402-08-06
10/29/2023,5170,5270,5160,5230,2.98969E+11,57169267,3255,5200,5260,1402-08-07
10/30/2023,5250,5400,5250,5350,3.22141E+11,60200487,3317,5230,5390,1402-08-08
10/31/2023,5400,5420,5330,5360,4.57529E+11,85290364,3689,5350,5370,1402-08-09
11/1/2023,5330,5410,5220,5350,4.31903E+11,80699528,3521,5360,5390,1402-08-10
11/4/2023,5440,5630,5440,5510,6.48678E+11,117686304,4911,5350,5500,1402-08-13
11/5/2023,5580,5600,5510,5530,4.81131E+11,86997345,3855,5510,5550,1402-08-14
11/6/2023,5570,5580,5500,5540,3.98758E+11,71995985,3821,5530,5540,1402-08-15
11/7/2023,5520,5820,5520,5660,6.62535E+11,117065433,5807,5540,5720,1402-08-16
11/8/2023,5780,5780,5600,5660,5.82586E+11,102966683,4525,5660,5630,1402-08-17
11/11/2023,5600,5690,5600,5640,2.97274E+11,52665345,3387,5660,5640,1402-08-20
11/12/2023,5620,5650,5570,5620,3.68392E+11,65526288,3061,5640,5600,1402-08-21
11/13/2023,5660,5660,5560,5600,5.24151E+11,93677090,3756,5620,5580,1402-08-22
11/14/2023,5600,5610,5500,5540,2.83574E+11,51152018,2790,5600,5540,1402-08-23
11/15/2023,5530,5540,5420,5490,3.41106E+11,62185182,3588,5540,5490,1402-08-24
11/18/2023,5440,5490,5370,5410,3.00027E+11,55412956,3714,5490,5420,1402-08-27
11/19/2023,5400,5420,5350,5380,5.56749E+11,103415167,3661,5410,5380,1402-08-28
11/20/2023,5350,5400,5310,5350,3.3403E+11,62435692,3173,5380,5310,1402-08-29
11/21/2023,5350,5360,5300,5330,3.35286E+11,62888319,3521,5350,5310,1402-08-30
11/22/2023,5300,5390,5290,5340,4.70867E+11,88214879,3378,5330,5320,1402-09-01
11/25/2023,5320,5360,5290,5320,3.23305E+11,60727272,3511,5340,5300,1402-09-04
11/26/2023,5320,5350,5290,5310,2.30715E+11,43468629,3112,5320,5320,1402-09-05
11/27/2023,5350,5360,5290,5310,2.94804E+11,55531768,3188,5310,5310,1402-09-06
11/28/2023,5310,5370,5280,5320,3.10101E+11,58268193,3183,5310,5360,1402-09-07
11/29/2023,5400,5570,5380,5480,8.97344E+11,163757573,6352,5320,5500,1402-09-08
12/2/2023,5560,5700,5540,5610,1.05722E+12,188412697,7381,5480,5560,1402-09-11
12/3/2023,5600,6000,5540,5910,3.30854E+12,560194269,16579,5610,6000,1402-09-12
12/4/2023,6320,6320,6150,6260,4.08679E+12,653013205,24614,5910,6240,1402-09-13
12/5/2023,6240,6350,6140,6230,1.60502E+12,257715593,12522,6260,6200,1402-09-14
12/6/2023,6190,6230,6120,6170,6.29742E+11,102142632,5891,6230,6150,1402-09-15
12/9/2023,6140,6190,6030,6090,1.09737E+12,180278913,7530,6170,6030,1402-09-18
12/10/2023,6050,6170,6010,6100,6.35304E+11,104171513,5341,6090,6090,1402-09-19
12/11/2023,6100,6150,6070,6090,6.7474E+11,110779742,4487,6100,6080,1402-09-20
12/12/2023,6070,6100,6040,6080,7.19296E+11,118383637,4391,6090,6070,1402-09-21
12/13/2023,6060,6100,6030,6070,4.45641E+11,73469939,3286,6080,6070,1402-09-22
12/16/2023,6100,6190,6070,6140,5.35942E+11,87352283,4729,6070,6150,1402-09-25
12/18/2023,6170,6410,6170,6310,1.20011E+12,190143256,9752,6140,6310,1402-09-27
12/19/2023,6350,6580,6280,6390,1.29409E+12,202528370,7525,6310,6350,1402-09-28
12/20/2023,6350,6480,6300,6370,9.80725E+11,153877890,5259,6390,6340,1402-09-29
12/23/2023,6370,6380,6300,6350,9.41287E+11,148221279,4916,6370,6340,1402-10-02
12/24/2023,6340,6370,6250,6300,8.83284E+11,140109578,5589,6350,6280,1402-10-03
12/25/2023,6290,6350,6200,6270,6.62004E+11,105551246,4492,6300,6240,1402-10-04
12/26/2023,6230,6270,6170,6210,4.76494E+11,76730771,3980,6270,6200,1402-10-05
12/27/2023,6270,6270,6190,6220,7.68386E+11,123557080,4970,6210,6220,1402-10-06
12/30/2023,6280,6330,6250,6280,4.13007E+11,65778615,3774,6220,6280,1402-10-09
12/31/2023,6300,6300,6180,6230,4.98911E+11,80066614,3884,6280,6190,1402-10-10
1/1/2024,6230,6230,6150,6200,4.17832E+11,67436187,3320,6230,6180,1402-10-11
1/2/2024,6180,6220,6100,6160,4.46093E+11,72415054,3753,6200,6150,1402-10-12
1/3/2024,6180,6230,6100,6160,5.10237E+11,82800015,3654,6160,6190,1402-10-13
1/6/2024,6180,6230,6140,6180,4.1201E+11,66717283,3445,6160,6200,1402-10-16
1/7/2024,6130,6220,6130,6200,2.79874E+11,45124110,3056,6180,6200,1402-10-17
1/8/2024,6190,6220,6160,6190,4.79905E+11,77523673,3612,6200,6170,1402-10-18
1/9/2024,6170,6300,6150,6230,5.32235E+11,85498692,3976,6190,6200,1402-10-19
1/10/2024,6240,6290,6240,6260,4.81666E+11,76889340,3570,6230,6260,1402-10-20
1/13/2024,6260,6380,6230,6310,7.36422E+11,116692973,5231,6260,6280,1402-10-23
1/14/2024,6310,6380,6300,6340,6.95842E+11,109819493,5116,6310,6360,1402-10-24
1/15/2024,6340,6360,6270,6320,5.98168E+11,94699573,3483,6340,6300,1402-10-25
1/16/2024,6270,6330,6210,6270,7.2865E+11,116133373,3743,6320,6260,1402-10-26
1/17/2024,6250,6280,6210,6240,3.14644E+11,50417391,2739,6270,6250,1402-10-27
1/20/2024,6250,6310,6180,6240,6.32438E+11,101403368,4387,6240,6190,1402-10-30
1/21/2024,6170,6250,6130,6230,8.44314E+11,135632320,4969,6240,6250,1402-11-01
1/22/2024,6250,6260,6170,6220,7.70439E+11,123935142,4412,6230,6200,1402-11-02
1/23/2024,6190,6230,6080,6150,8.76521E+11,142462396,5373,6220,6190,1402-11-03
1/24/2024,6150,6230,6150,6180,2.76793E+11,44754505,2855,6150,6200,1402-11-04
1/27/2024,6220,6250,6150,6190,4.82056E+11,77880140,3453,6180,6210,1402-11-07
1/28/2024,6200,6230,6160,6190,6.27041E+11,101305577,4424,6190,6200,1402-11-08
1/29/2024,6190,6190,6120,6150,4.89988E+11,79686813,3980,6190,6160,1402-11-09
1/30/2024,6110,6180,6110,6140,5.26568E+11,85702902,6275,6150,6120,1402-11-10
1/31/2024,6140,6150,6080,6110,4.95797E+11,81097347,3966,6140,6110,1402-11-11
2/3/2024,6100,6170,6080,6120,6.87314E+11,112289458,4916,6110,6100,1402-11-14
2/4/2024,6130,6170,5990,6050,5.25813E+11,86951296,6068,6120,6000,1402-11-15
2/5/2024,6020,6080,5970,6000,6.30079E+11,104949166,5836,6050,6020,1402-11-16
2/6/2024,5970,6030,5940,5990,5.32025E+11,88840127,4258,6000,6000,1402-11-17
2/13/2024,6040,6040,5970,6000,5.28729E+11,88077560,3353,5990,6000,1402-11-24
2/14/2024,6010,6020,5940,5970,4.86126E+11,81472457,4777,6000,5940,1402-11-25
2/17/2024,5990,5990,5830,5880,7.77774E+11,132344831,6377,5970,5880,1402-11-28
2/18/2024,5880,5960,5820,5910,4.75447E+11,80442772,4599,5880,5910,1402-11-29
2/19/2024,5920,5980,5890,5930,7.97004E+11,134372791,7361,5910,5920,1402-11-30
2/28/2024,4460,4500,4421,4466,3.11275E+11,69702325,3862,4393,4454,1402-12-09
3/2/2024,4460,4778,4450,4667,1.31038E+12,280794749,10217,4466,4778,1402-12-12
3/3/2024,4890,4983,4811,4890,1.10016E+12,224987668,10818,4667,4849,1402-12-13
3/4/2024,4860,4900,4774,4820,7.27076E+11,150857921,7126,4890,4776,1402-12-14
3/5/2024,4732,5039,4732,4947,8.94183E+11,180765641,7396,4820,4903,1402-12-15
3/6/2024,4950,5009,4850,4895,6.26043E+11,127890770,6493,4947,4890,1402-12-16
3/9/2024,4959,4962,4819,4858,5.41245E+11,111423540,6113,4895,4820,1402-12-19
3/10/2024,4811,4899,4778,4820,8.79555E+11,182483986,6715,4858,4800,1402-12-20
3/11/2024,4800,4850,4755,4790,8.3603E+11,174553063,7108,4820,4800,1402-12-21
3/12/2024,4777,4849,4750,4794,3.58731E+11,74826050,5158,4790,4756,1402-12-22
3/13/2024,4753,4810,4679,4734,4.55656E+11,96253614,5467,4794,4689,1402-12-23
3/16/2024,4750,4750,4633,4683,4.29216E+11,91663566,5175,4734,4720,1402-12-26
3/17/2024,4719,4900,4719,4826,3.86562E+11,80105704,4347,4683,4888,1402-12-27
3/18/2024,4890,5039,4870,4976,9.13388E+11,183573778,8412,4826,5035,1402-12-28
3/24/2024,5100,5220,5100,5168,7.32117E+11,141665658,9020,4976,5199,1403-01-05
3/25/2024,5288,5288,5109,5166,6.18173E+11,119670589,9449,5168,5119,1403-01-06
3/26/2024,5150,5150,5095,5110,3.99636E+11,78201793,5777,5166,5138,1403-01-07
3/27/2024,5139,5151,5099,5110,4.38398E+11,85790293,6114,5110,5111,1403-01-08
3/30/2024,5120,5120,5060,5090,3.6544E+11,71784993,4739,5110,5110,1403-01-11
4/2/2024,5060,5130,4950,5050,7.9054E+11,156509693,7199,5090,5090,1403-01-14
4/3/2024,5050,5130,5040,5080,3.36418E+11,66251986,4811,5050,5070,1403-01-15
4/6/2024,5080,5190,4980,5070,1.11859E+12,220590452,8864,5080,5030,1403-01-18
4/7/2024,5040,5140,5030,5070,6.08031E+11,119916819,4917,5070,5080,1403-01-19
4/8/2024,5070,5130,5060,5090,5.58699E+11,109694903,5019,5070,5090,1403-01-20
4/9/2024,5090,5230,5090,5160,8.37639E+11,162454953,6120,5090,5220,1403-01-21
4/13/2024,5160,5160,4960,5030,1.25596E+12,249799475,9784,5160,4980,1403-01-25
4/14/2024,4980,4980,4980,4980,2.25772E+11,45335842,1614,5030,4980,1403-01-26
4/15/2024,4960,5020,4960,5000,4.40489E+11,88091704,2347,4980,5020,1403-01-27
4/16/2024,5020,5050,4950,5020,1.08699E+12,216367168,6226,5000,5050,1403-01-28
4/17/2024,5070,5070,5070,5070,2.66731E+11,52609609,1158,5020,5070,1403-01-29
4/20/2024,5350,5420,5250,5410,1.65586E+12,305940802,7878,5070,5420,1403-02-01
4/21/2024,5610,5670,5450,5580,1.93655E+12,347115433,15208,5410,5530,1403-02-02
4/22/2024,5540,5630,5470,5550,1.15228E+12,207769889,9772,5580,5490,1403-02-03
4/23/2024,5510,5550,5370,5430,7.87485E+11,145152634,8224,5550,5450,1403-02-04
4/24/2024,5440,5490,5330,5410,7.93777E+11,146650782,6936,5430,5450,1403-02-05
4/27/2024,5450,5490,5360,5410,6.19338E+11,114478780,5510,5410,5400,1403-02-08
4/28/2024,5370,5450,5270,5330,6.84555E+11,128506701,6843,5410,5310,1403-02-09
4/29/2024,5340,5350,5230,5270,5.5767E+11,105735482,6119,5330,5240,1403-02-10
4/30/2024,5250,5270,5170,5210,6.03474E+11,115886933,5503,5270,5190,1403-02-11
5/1/2024,5210,5230,5150,5190,3.64071E+11,70192844,4566,5210,5210,1403-02-12
5/5/2024,5210,5220,5150,5170,3.17943E+11,61442257,4357,5190,5150,1403-02-16
5/6/2024,5130,5130,5060,5090,4.47413E+11,87871170,5280,5170,5080,1403-02-17
5/7/2024,5090,5130,5070,5090,3.14458E+11,61780593,3832,5090,5100,1403-02-18
5/8/2024,5100,5110,5010,5050,3.62368E+11,71733163,4850,5090,5050,1403-02-19
5/11/2024,5060,5080,4990,5010,5.27346E+11,105190601,5300,5050,5010,1403-02-22
5/12/2024,5000,5110,4950,5010,5.73423E+11,114511404,7046,5010,4980,1403-02-23
5/13/2024,4950,4990,4910,4940,7.96865E+11,161323152,7197,5010,4970,1403-02-24
5/14/2024,4940,5110,4940,5010,5.59701E+11,111614869,5004,4940,4980,1403-02-25
5/15/2024,5010,5100,4910,5010,5.31931E+11,106080462,4725,5010,5070,1403-02-26
5/18/2024,5080,5110,4980,5020,4.81172E+11,95827819,4798,5010,4980,1403-02-29
5/19/2024,4980,4980,4760,4840,1.26445E+12,261324436,10184,5020,4830,1403-02-30
5/21/2024,4840,4930,4810,4890,4.7799E+11,97794909,4548,4840,4920,1403-03-01
5/25/2024,4900,4900,4793,4802,6.0418E+11,125824414,7119,4890,4796,1403-03-05
5/26/2024,4794,4800,4706,4713,7.56405E+11,160502143,5954,4802,4706,1403-03-06
5/27/2024,4687,4700,4619,4633,8.71982E+11,188228947,6803,4713,4698,1403-03-07
5/28/2024,4723,4725,4698,4724,1.70886E+11,36172895,1278,4633,4725,1403-03-08
5/29/2024,4818,4818,4818,4803,99335081274,20617493,706,4724,4818,1403-03-09
6/1/2024,4899,4899,4850,4894,7.22201E+11,147554564,5565,4803,4899,1403-03-12
6/2/2024,4955,4955,4846,4889,3.10591E+11,63522526,3405,4894,4900,1403-03-13
6/5/2024,4887,4940,4844,4874,3.09669E+11,63531980,3205,4889,4889,1403-03-16
6/8/2024,4889,4890,4777,4779,3.8295E+11,80125306,3295,4874,4777,1403-03-19
6/9/2024,4763,4874,4741,4824,4.10941E+11,85180576,4350,4779,4872,1403-03-20
6/10/2024,4920,4920,4862,4919,4.46009E+11,90678531,3088,4824,4920,1403-03-21
6/11/2024,4921,4985,4870,4906,4.02213E+11,81983014,3388,4919,4920,1403-03-22
6/12/2024,4925,4980,4832,4878,5.03008E+11,103122327,5049,4906,4907,1403-03-23
6/15/2024,4898,4898,4781,4796,3.43298E+11,71583842,3938,4878,4781,1403-03-26
6/16/2024,4724,4740,4701,4702,6.64326E+11,141285927,4127,4796,4701,1403-03-27
6/18/2024,4702,4702,4608,4623,5.0643E+11,109536357,5307,4702,4611,1403-03-29
6/19/2024,4600,4715,4600,4698,4.06616E+11,86552563,3618,4623,4714,1403-03-30
6/22/2024,4788,4788,4689,4712,3.58298E+11,76046689,3713,4698,4715,1403-04-02
6/23/2024,4750,4755,4712,4724,2.47891E+11,52474243,2785,4712,4717,1403-04-03
6/24/2024,4760,4818,4738,4781,5.35695E+11,112051212,4428,4724,4818,1403-04-04
6/26/2024,4876,4876,4850,4875,4.8064E+11,98586455,2578,4781,4876,1403-04-06
6/29/2024,4940,4940,4823,4876,4.55316E+11,93372361,4712,4875,4833,1403-04-09
6/30/2024,4864,4920,4750,4820,8.10246E+11,168110820,5040,4876,4833,1403-04-10
7/1/2024,4850,4890,4800,4831,3.43358E+11,71069254,2967,4820,4845,1403-04-11
7/2/2024,4820,4919,4820,4894,4.60139E+11,94028165,3299,4831,4901,1403-04-12
7/3/2024,4913,5060,4900,4981,7.68245E+11,154247179,6158,4894,5040,1403-04-13
7/6/2024,5279,5279,5279,5279,7.02502E+11,133074866,1816,4981,5279,1403-04-16
7/7/2024,5529,5529,5281,5351,1.8351E+12,342928008,9493,5279,5296,1403-04-17
7/8/2024,5338,5400,5236,5305,1.25125E+12,235859639,7761,5351,5355,1403-04-18
7/9/2024,5340,5360,5258,5285,5.93553E+11,112303564,3866,5305,5264,1403-04-19
7/10/2024,5264,5300,5198,5245,9.42389E+11,179660233,6349,5285,5299,1403-04-20
7/13/2024,5280,5280,5190,5220,7.77335E+11,148804815,4484,5245,5190,1403-04-23
7/14/2024,5260,5260,5160,5200,7.57709E+11,145796778,5240,5220,5190,1403-04-24
7/22/2024,4767,4828,4670,4738,6.78345E+11,143171023,5613,4800,4774,1403-05-01
7/23/2024,4775,4810,4666,4711,6.35929E+11,134981576,6836,4738,4670,1403-05-02
7/24/2024,4706,4736,4643,4680,8.07393E+11,172523541,7774,4711,4661,1403-05-03
7/27/2024,4658,4679,4536,4589,4.185E+11,91193323,6502,4680,4572,1403-05-06
7/29/2024,4593,4593,4467,4511,7.98552E+11,177022978,6710,4589,4476,1403-05-08
7/30/2024,4510,4530,4454,4479,6.19193E+11,138228953,5613,4511,4480,1403-05-09
7/31/2024,4277,4450,4261,4321,9.35953E+11,216601625,7167,4479,4380,1403-05-10
8/3/2024,4275,4318,4104,4175,9.84283E+11,235772723,7872,4321,4104,1403-05-13
8/4/2024,4134,4200,4134,4164,3.24392E+11,77910790,3728,4175,4190,1403-05-14
8/5/2024,4179,4200,4154,4175,5.90799E+11,141494820,3582,4164,4154,1403-05-15
8/6/2024,4170,4195,4153,4169,5.01121E+11,120207555,3991,4175,4176,1403-05-16
8/10/2024,4171,4200,4149,4167,2.37946E+11,57100806,2937,4169,4151,1403-05-20
8/11/2024,4183,4199,4154,4165,3.17164E+11,76157804,2778,4167,4188,1403-05-21
8/12/2024,4175,4175,4124,4142,6.34457E+11,153179931,5184,4165,4125,1403-05-22
8/13/2024,4101,4142,4101,4106,6.47106E+11,157604551,3747,4142,4102,1403-05-23
8/14/2024,4147,4147,4147,4147,3.11254E+11,75055280,1466,4106,4147,1403-05-24
8/17/2024,4229,4229,4229,4229,3.82293E+11,90397997,1259,4147,4229,1403-05-27
8/18/2024,4313,4313,4313,4313,4.04175E+11,93710901,1257,4229,4313,1403-05-28
8/19/2024,4399,4399,4289,4360,9.87717E+11,226562176,5477,4313,4300,1403-05-29
8/20/2024,4365,4390,4285,4333,3.02535E+11,69819162,2389,4360,4325,1403-05-30
8/21/2024,4359,4417,4315,4346,5.40089E+11,124274324,3625,4333,4347,1403-05-31
8/24/2024,4394,4432,4390,4415,4.63359E+11,104951259,3463,4346,4432,1403-06-03
8/26/2024,4490,4500,4418,4446,6.46166E+11,145344773,5295,4415,4419,1403-06-05
8/27/2024,4430,4520,4410,4456,4.32185E+11,96985528,3960,4446,4440,1403-06-06
8/28/2024,4526,4526,4445,4471,4.00363E+11,89548041,3937,4456,4474,1403-06-07
8/31/2024,4525,4560,4511,4555,1.28728E+12,282592096,4002,4471,4560,1403-06-10
9/1/2024,4622,4625,4512,4566,7.37603E+11,161547591,6639,4555,4542,1403-06-11
9/3/2024,4593,4593,4475,4493,5.53181E+11,123127204,5222,4566,4475,1403-06-13
9/7/2024,4464,4540,4359,4386,8.47915E+11,193315269,6439,4493,4359,1403-06-17
9/8/2024,4380,4389,4255,4301,9.38594E+11,218225663,7740,4386,4320,1403-06-18
9/9/2024,4340,4399,4295,4333,5.38196E+11,124215646,4895,4301,4299,1403-06-19
9/10/2024,4339,4350,4252,4282,7.13204E+11,166555374,5510,4333,4255,1403-06-20
9/11/2024,4290,4293,4205,4242,6.14374E+11,144843351,6697,4282,4209,1403-06-21
9/14/2024,4239,4250,4144,4179,6.75855E+11,161737152,7078,4242,4145,1403-06-24
9/15/2024,4155,4179,4104,4136,6.07118E+11,146800569,5573,4179,4140,1403-06-25
9/16/2024,4140,4170,4108,4133,8.10691E+11,196144834,6242,4136,4136,1403-06-26
9/17/2024,4133,4227,4126,4172,1.0819E+12,259353622,7310,4133,4221,1403-06-27
9/18/2024,4196,4238,4156,4177,9.87824E+11,236510473,8062,4172,4204,1403-06-28
9/22/2024,4214,4214,4160,4176,5.57831E+11,133591017,4491,4177,4161,1403-07-01
9/23/2024,4165,4280,4155,4215,1.04621E+12,248234773,6400,4176,4248,1403-07-02
9/24/2024,4279,4341,4240,4332,2.35658E+12,544049813,10332,4215,4341,1403-07-03
9/25/2024,4369,4394,4271,4312,1.14615E+12,265796396,7047,4332,4271,1403-07-04
9/28/2024,4269,4269,4269,4269,2.12452E+11,49766299,1699,4312,4269,1403-07-07
9/29/2024,4227,4244,4227,4227,1.3982E+12,330772454,6061,4269,4227,1403-07-08
9/30/2024,4192,4246,4185,4193,8.11354E+11,193504237,6476,4227,4185,1403-07-09
10/1/2024,4161,4162,4152,4154,4.82504E+11,116152307,2984,4193,4152,1403-07-10
10/2/2024,4113,4123,4113,4113,8.27045E+11,201080066,4981,4154,4113,1403-07-11
10/5/2024,4072,4090,4072,4072,1.05463E+12,258973062,6267,4113,4072,1403-07-14
10/6/2024,4044,4045,4032,4035,2.4487E+11,60681888,2501,4072,4032,1403-07-15
10/7/2024,3995,4070,3995,4019,1.11143E+12,276540748,7761,4035,4042,1403-07-16
10/8/2024,4053,4059,4048,4059,6.79076E+11,167321519,4571,4019,4058,1403-07-17
10/12/2024,4145,4180,4100,4170,6.81503E+11,163448790,3525,4059,4180,1403-07-21
10/13/2024,4268,4279,4132,4197,8.85238E+11,210944204,8733,4170,4217,1403-07-22
10/14/2024,4190,4217,4072,4115,6.74778E+11,163994110,6262,4197,4072,1403-07-23
10/15/2024,4021,4111,3995,4029,5.78713E+11,143640256,5836,4115,4011,1403-07-24
10/16/2024,4075,4100,4034,4062,3.534E+11,86993787,3521,4029,4045,1403-07-25
10/19/2024,4046,4087,3941,3951,6.03194E+11,152650185,6803,4062,3941,1403-07-28
10/20/2024,3911,3911,3833,3838,8.98873E+11,234217009,6835,3951,3855,1403-07-29
10/21/2024,3801,3900,3790,3849,5.5289E+11,143653320,4952,3838,3840,1403-07-30
10/22/2024,3880,3953,3821,3856,6.49106E+11,168350739,4692,3849,3849,1403-08-01
10/23/2024,3790,3849,3771,3791,5.10887E+11,134750554,5094,3856,3800,1403-08-02
10/26/2024,3904,3904,3904,3891,1.09475E+11,28041699,685,3791,3904,1403-08-05
10/27/2024,4007,4007,4007,4007,4.3052E+11,107441980,976,3891,4007,1403-08-06
10/28/2024,4127,4127,4127,4127,4.74233E+11,114909885,1644,4007,4127,1403-08-07
10/29/2024,4127,4172,4029,4125,1.7773E+12,430816001,9865,4127,4045,1403-08-08
10/30/2024,4100,4248,4055,4199,1.30575E+12,310944379,8123,4125,4248,1403-08-09
11/2/2024,4225,4324,4201,4292,1.24042E+12,289025822,6567,4199,4230,1403-08-12
11/3/2024,4200,4200,4164,4166,8.83831E+11,212142328,7711,4292,4164,1403-08-13
11/4/2024,4114,4195,4086,4144,4.24933E+11,102547957,3868,4166,4170,1403-08-14
11/5/2024,4195,4260,4152,4204,3.17619E+11,75549465,2961,4144,4220,1403-08-15
11/6/2024,4173,4275,4104,4178,7.72436E+11,184882653,5385,4204,4224,1403-08-16
11/9/2024,4220,4303,4220,4300,6.59304E+11,153332821,2262,4178,4303,1403-08-19
11/11/2024,4525,4528,4427,4476,2.41849E+12,540351588,12560,4300,4449,1403-08-21
11/12/2024,4481,4529,4423,4471,1.26318E+12,282506106,8087,4476,4446,1403-08-22
11/13/2024,4456,4542,4424,4507,9.29587E+11,206241045,6637,4471,4541,1403-08-23
11/16/2024,4599,4642,4596,4639,7.16207E+11,154385692,2899,4507,4642,1403-08-26
11/17/2024,4770,4774,4596,4681,1.58053E+12,337643393,10050,4639,4629,1403-08-27
11/18/2024,4675,4821,4646,4799,2.23016E+12,464719408,10056,4681,4821,1403-08-28
11/19/2024,4870,4888,4669,4759,1.30667E+12,274540205,9928,4799,4679,1403-08-29
11/20/2024,4713,4750,4630,4674,1.1751E+12,251427364,8159,4759,4669,1403-08-30
11/23/2024,4648,4750,4621,4704,7.66153E+11,162874404,6731,4674,4716,1403-09-03
11/24/2024,4749,4845,4720,4831,1.39257E+12,288283205,6058,4704,4845,1403-09-04
11/25/2024,4940,4975,4881,4969,1.05225E+12,211755059,4239,4831,4975,1403-09-05
11/26/2024,5118,5118,4905,5052,3.67842E+12,728121631,15502,4969,4926,1403-09-06
11/27/2024,5025,5127,4960,5056,1.69328E+12,334904157,9851,5052,5119,1403-09-07
11/30/2024,5080,5200,4910,5000,1.83526E+12,366711772,10628,5056,4940,1403-09-10
12/1/2024,4970,5030,4880,4920,1.20907E+12,245884422,5581,5000,4900,1403-09-11
12/2/2024,5060,5060,5020,5060,8.94453E+11,176818973,3200,4920,5060,1403-09-12
12/3/2024,5210,5210,5080,5180,2.60161E+12,502169638,10661,5060,5140,1403-09-13
12/4/2024,5160,5240,5110,5180,1.52769E+12,295065814,8491,5180,5150,1403-09-14
12/7/2024,5150,5170,5030,5040,2.32313E+12,460636872,9153,5180,5040,1403-09-17
12/8/2024,5000,5060,4900,4960,1.36757E+12,275695761,7441,5040,5040,1403-09-18
12/9/2024,5050,5100,5010,5100,1.25789E+12,246791361,4008,4960,5100,1403-09-19
12/10/2024,5250,5250,5090,5170,1.55226E+12,300049729,8695,5100,5110,1403-09-20
12/11/2024,5170,5320,5100,5250,2.55937E+12,487774081,9969,5170,5320,1403-09-21
12/14/2024,5400,5400,5400,5400,4.4213E+11,81875874,1968,5250,5400,1403-09-24
12/15/2024,5560,5560,5560,5560,1.66917E+12,300210105,3354,5400,5560,1403-09-25
12/16/2024,5720,5720,5640,5710,6.49946E+12,1137332540,17917,5560,5710,1403-09-26
12/17/2024,5710,5870,5540,5650,4.68607E+12,829363375,18884,5710,5550,1403-09-27
12/18/2024,5590,5810,5490,5720,3.85607E+12,673823446,16422,5650,5790,1403-09-28
12/21/2024,5890,5890,5820,5890,1.39727E+12,237235861,5525,5720,5890,1403-10-01
12/22/2024,6050,6060,5860,6000,2.99226E+12,498989988,16841,5890,5950,1403-10-02
12/23/2024,5950,6180,5900,6100,2.10771E+12,345580700,12073,6000,6180,1403-10-03
12/24/2024,6280,6280,6140,6260,2.48028E+12,396486641,13701,6100,6280,1403-10-04
12/25/2024,6350,6360,6080,6120,2.87727E+12,469959809,20244,6260,6090,1403-10-05
12/28/2024,6090,6100,5940,5960,2.02978E+12,340480735,11704,6120,5940,1403-10-08
12/29/2024,5830,5950,5790,5800,3.17045E+12,546547092,14201,5960,5790,1403-10-09
12/30/2024,5710,5760,5630,5650,2.20511E+12,389949856,14047,5800,5630,1403-10-10
12/31/2024,5680,5810,5650,5780,1.73217E+12,299910843,11033,5650,5790,1403-10-11
1/1/2025,5870,5920,5780,5850,1.06934E+12,182687907,9984,5780,5900,1403-10-12
1/4/2025,6020,6020,6020,6020,1.25001E+12,207642993,3907,5850,6020,1403-10-15
1/5/2025,6130,6180,5950,6050,2.31409E+12,382460143,14441,6020,5990,1403-10-16
1/6/2025,6010,6060,5950,5990,1.39916E+12,233682750,8785,6050,5980,1403-10-17
1/7/2025,6010,6160,6010,6100,1.94784E+12,319395217,11014,5990,6150,1403-10-18
1/8/2025,6160,6190,6020,6090,1.31972E+12,216741850,10326,6100,6070,1403-10-19
1/11/2025,6070,6120,5910,5940,2.13567E+12,359801372,14067,6090,5910,1403-10-22
1/12/2025,5910,5910,5770,5790,1.96156E+12,338538547,12248,5940,5770,1403-10-23
1/13/2025,5750,5960,5750,5860,1.60883E+12,274647887,10415,5790,5850,1403-10-24
1/15/2025,5900,5980,5750,5830,1.03421E+12,177394846,8218,5860,5790,1403-10-26
1/18/2025,5800,5830,5660,5690,1.42164E+12,250028468,9125,5830,5670,1403-10-29
1/19/2025,5670,5770,5610,5670,7.78587E+11,137314779,6550,5690,5690,1403-10-30
1/20/2025,5630,5650,5500,5520,2.20521E+12,399145970,10367,5670,5500,1403-11-01
1/21/2025,5530,5650,5430,5530,1.04925E+12,189657707,7862,5520,5610,1403-11-02
1/22/2025,5690,5690,5690,5690,9.57586E+11,168292860,3576,5530,5690,1403-11-03
1/25/2025,5860,5860,5780,5850,3.64385E+12,622506316,17093,5690,5860,1403-11-06
1/26/2025,5910,5920,5690,5770,1.9504E+12,338184233,10921,5850,5720,1403-11-07
1/27/2025,5750,5760,5630,5660,1.29113E+12,227957397,8733,5770,5640,1403-11-08
1/29/2025,5660,5720,5590,5630,6.05035E+11,107427281,5771,5660,5620,1403-11-10
2/1/2025,5690,5690,5470,5540,1.38173E+12,249544346,9513,5630,5590,1403-11-13
2/2/2025,5590,5650,5500,5550,1.11922E+12,201544001,7061,5540,5550,1403-11-14
2/3/2025,5600,5670,5520,5560,9.68699E+11,174287088,6023,5550,5570,1403-11-15
2/4/2025,5600,5650,5560,5600,8.6334E+11,154238307,6218,5560,5580,1403-11-16
2/5/2025,5580,5700,5490,5600,1.56325E+12,279099354,8670,5600,5670,1403-11-17
2/9/2025,5560,5760,5560,5710,2.98086E+12,521750179,15667,5600,5640,1403-11-21
2/11/2025,5680,5810,5540,5610,2.49551E+12,444920016,13501,5710,5540,1403-11-23
2/15/2025,5550,5550,5450,5460,1.46101E+12,267672236,6418,5610,5450,1403-11-27
2/16/2025,5380,5410,5300,5320,1.89991E+12,357058647,12684,5460,5390,1403-11-28
2/17/2025,5400,5460,5330,5400,7.89926E+11,146176556,6655,5320,5360,1403-11-29
2/18/2025,5390,5500,5360,5420,6.40877E+11,118322454,6176,5400,5400,1403-11-30
2/19/2025,5440,5480,5370,5410,8.82695E+11,163059347,5708,5420,5430,1403-12-01
2/22/2025,5480,5480,5310,5360,1.33538E+12,249200179,8098,5410,5310,1403-12-04
2/23/2025,5470,5520,5380,5480,1.40103E+12,255458459,8495,5360,5520,1403-12-05
2/24/2025,5570,5640,5560,5640,1.78374E+12,316409369,5825,5480,5640,1403-12-06
2/25/2025,5800,5800,5670,5780,3.19836E+12,553712902,14063,5640,5710,1403-12-07
2/26/2025,5770,5870,5660,5760,1.5813E+12,274452321,9840,5780,5740,1403-12-08
3/1/2025,5740,5890,5710,5790,1.17288E+12,202739707,8086,5760,5710,1403-12-11
3/2/2025,5780,5880,5740,5820,1.28859E+12,221316885,8635,5790,5810,1403-12-12
3/3/2025,5650,5650,5650,5650,1.39631E+12,247134703,4609,5820,5650,1403-12-13
3/4/2025,5570,5690,5500,5570,2.22014E+12,398476783,13107,5650,5510,1403-12-14
3/5/2025,5460,5600,5410,5530,1.55758E+12,281756060,10082,5570,5560,1403-12-15
3/12/2025,3982,3982,3875,3922,9.40513E+11,239818558,5849,3982,3880,1403-12-22
3/15/2025,3970,4039,3960,4037,2.5689E+12,636287455,12360,3922,4039,1403-12-25
3/16/2025,4080,4080,3985,4025,1.29788E+12,322477158,10655,4037,4015,1403-12-26
3/17/2025,4015,4060,3931,3973,1.00024E+12,251768905,9365,4025,3934,1403-12-27
3/18/2025,3854,3950,3854,3866,2.13925E+12,553385492,12628,3973,3950,1403-12-28
3/29/2025,3981,3981,3981,3981,3.7225E+11,93506575,1617,3866,3981,1404-01-09
3/30/2025,4010,4100,3995,4086,8.93437E+11,218633472,5299,3981,4100,1404-01-10
4/5/2025,4100,4145,3997,4035,1.20788E+12,299347780,11243,4086,4006,1404-01-16
4/6/2025,4024,4024,3914,3952,1.1796E+12,298463781,9393,4035,3942,1404-01-17
4/7/2025,3943,3943,3835,3878,1.14834E+12,296110035,8808,3952,3920,1404-01-18
4/8/2025,3994,3994,3994,3994,8.02174E+11,200844649,1983,3878,3994,1404-01-19
4/9/2025,4110,4110,3983,4048,1.52187E+12,375992788,8318,3994,4010,1404-01-20
4/12/2025,4070,4080,4018,4048,1.15079E+12,284291026,8342,4048,4040,1404-01-23
4/13/2025,4169,4169,4169,4169,1.82105E+12,436808306,4864,4048,4169,1404-01-24
4/14/2025,4294,4294,4200,4272,3.9895E+12,933921715,20726,4169,4259,1404-01-25
4/15/2025,4246,4246,4144,4152,2.97724E+12,717006083,13913,4272,4144,1404-01-26
4/16/2025,4138,4198,4093,4131,1.77389E+12,429406051,12310,4152,4112,1404-01-27
4/19/2025,4170,4253,4150,4225,2.80508E+12,663964759,16102,4131,4240,1404-01-30
4/20/2025,4351,4351,4351,4351,6.02836E+12,1385511893,13661,4225,4351,1404-01-31
4/21/2025,4479,4481,4280,4438,1.1138E+13,2509813619,52958,4351,4320,1404-02-01
4/22/2025,4340,4360,4305,4310,4.88507E+12,1133517816,26178,4438,4305,1404-02-02
4/23/2025,4330,4439,4200,4389,9.39786E+12,2141175113,36567,4310,4439,1404-02-03
4/26/2025,4520,4520,4300,4435,5.45552E+12,1229973497,27072,4389,4413,1404-02-06
4/27/2025,4302,4330,4302,4303,3.57002E+12,829568733,18190,4435,4302,1404-02-07
4/28/2025,4289,4391,4174,4205,5.04952E+12,1200910375,28551,4303,4208,1404-02-08
4/29/2025,4227,4324,4175,4254,2.43035E+12,571367300,14925,4205,4270,1404-02-09
4/30/2025,4250,4313,4224,4271,2.38856E+12,559218234,16006,4254,4277,1404-02-10
5/3/2025,4143,4144,4143,4143,2.08955E+12,504357359,9256,4271,4143,1404-02-13
5/4/2025,4019,4098,4019,4034,2.46389E+12,610745794,20474,4143,4034,1404-02-14
5/5/2025,4050,4118,3959,4019,1.83453E+12,456434400,16551,4034,3981,1404-02-15
5/6/2025,4035,4085,3930,3989,2.27982E+12,571569344,17138,4019,4018,1404-02-16
5/7/2025,4098,4108,4027,4081,3.08394E+12,755752116,17264,3989,4059,1404-02-17
5/10/2025,3965,4035,3959,3960,1.82418E+12,460638534,12311,4081,3959,1404-02-20
5/11/2025,3900,3969,3867,3905,1.56025E+12,399515837,14154,3960,3889,1404-02-21
5/12/2025,4022,4022,4018,4022,5.15893E+12,1282682469,13886,3905,4022,1404-02-22
5/13/2025,4070,4133,3964,4055,2.58513E+12,637495318,16508,4022,4063,1404-02-23
5/14/2025,4055,4093,3984,4045,2.52795E+12,624907638,15681,4055,4070,1404-02-24
5/17/2025,4000,4030,3924,3949,3.87829E+12,982120475,25888,4045,3933,1404-02-27
5/18/2025,3949,4000,3933,3964,1.95317E+12,492666837,14293,3949,3970,1404-02-28
5/19/2025,3962,3980,3873,3906,1.47554E+12,377752537,15171,3964,3880,1404-02-29
5/20/2025,3873,3910,3789,3819,2.6984E+12,706489656,22458,3906,3789,1404-02-30
5/21/2025,3708,3779,3708,3733,1.82819E+12,489686303,15817,3819,3769,1404-02-31
5/24/2025,3770,3844,3685,3826,3.43711E+12,898279970,13518,3733,3844,1404-03-03
5/25/2025,3844,3892,3798,3838,2.31066E+12,602017691,16728,3826,3810,1404-03-04
5/26/2025,3930,3943,3831,3878,2.14532E+12,553223232,12926,3838,3904,1404-03-05
5/27/2025,3919,3939,3847,3874,1.66438E+12,429619055,13625,3878,3849,1404-03-06
5/28/2025,3870,3873,3812,3833,1.36385E+12,355861133,11390,3874,3830,1404-03-07
5/31/2025,3900,3902,3786,3839,1.44584E+12,376636414,12036,3833,3793,1404-03-10
6/1/2025,3829,3829,3728,3758,1.42665E+12,379638187,12537,3839,3764,1404-03-11
6/2/2025,3759,3815,3728,3752,1.07028E+12,285253540,11696,3758,3730,1404-03-12
6/3/2025,3739,3750,3641,3671,1.62573E+12,442898219,16624,3752,3643,1404-03-13
6/7/2025,3623,3656,3561,3572,1.95514E+12,547285520,13087,3671,3561,1404-03-17
6/8/2025,3540,3654,3533,3576,1.16655E+12,326248760,11716,3572,3560,1404-03-18
6/9/2025,3575,3610,3469,3481,2.22804E+12,640103196,17285,3576,3471,1404-03-19
6/10/2025,3480,3540,3450,3484,1.04215E+12,299150378,9805,3481,3514,1404-03-20
6/11/2025,3530,3538,3483,3498,7.82987E+11,223819973,7826,3484,3500,1404-03-21
6/28/2025,3394,3394,3394,3394,1.76119E+11,51891266,774,3498,3394,1404-04-07
6/29/2025,3293,3293,3293,3293,1.82248E+11,55343968,1156,3394,3293,1404-04-08
6/30/2025,3195,3195,3195,3195,4.38995E+12,1374004811,9549,3293,3195,1404-04-09
7/1/2025,3100,3100,3100,3100,5.50345E+12,1775304991,15736,3195,3100,1404-04-10
7/2/2025,3007,3164,3007,3070,2.77087E+12,902488855,17386,3100,3133,1404-04-11
7/7/2025,3162,3162,3059,3126,1.72406E+12,551505681,12305,3070,3070,1404-04-16
7/8/2025,3099,3099,3033,3035,9.96665E+11,328355325,5071,3126,3033,1404-04-17
7/9/2025,2958,3048,2948,2997,1.46479E+12,488692789,9650,3035,3030,1404-04-18
7/12/2025,3086,3086,3047,3081,1.32528E+12,430154343,7749,2997,3086,1404-04-21
7/15/2025,3151,3173,3133,3145,9.52055E+11,302744835,5064,3081,3137,1404-04-24
7/16/2025,3161,3197,3158,3167,1.0424E+12,329128355,6655,3145,3165,1404-04-25
7/19/2025,3192,3192,3168,3173,1.37075E+12,432007684,6674,3167,3170,1404-04-28
7/20/2025,3204,3237,3189,3206,3.10229E+12,967631733,10625,3173,3202,1404-04-29
7/21/2025,3229,3230,3192,3203,1.62065E+12,505986911,9010,3206,3197,1404-04-30
7/22/2025,3176,3205,3132,3153,7.41678E+12,2352029765,27029,3203,3133,1404-04-31
7/23/2025,3153,3169,3128,3143,6.31117E+12,2008068299,17325,3153,3139,1404-05-01
7/26/2025,3143,3144,3113,3129,3.53184E+12,1128627528,11349,3143,3114,1404-05-04
7/27/2025,3113,3160,3083,3109,3.79549E+12,1220679235,13156,3129,3091,1404-05-05
7/28/2025,3106,3106,3016,3047,2.35411E+12,772717044,9392,3109,3016,1404-05-06
7/29/2025,2956,2969,2956,2956,3.0736E+11,103977646,2841,3047,2956,1404-05-07
7/30/2025,2868,2883,2868,2868,1.74621E+12,608833714,9187,2956,2868,1404-05-08
8/2/2025,2870,2899,2840,2860,2.44894E+12,856391638,11827,2868,2899,1404-05-11
8/6/2025,2435,2436,2424,2430,7.6718E+11,315771032,5469,2580,2425,1404-05-15
8/9/2025,2450,2479,2390,2420,1.11942E+12,462592592,10637,2430,2396,1404-05-18
8/10/2025,2420,2424,2359,2386,1.38655E+12,581203228,8075,2420,2382,1404-05-19
8/11/2025,2380,2386,2315,2329,1.11014E+12,476630183,7625,2386,2315,1404-05-20
8/12/2025,2317,2319,2260,2278,9.8247E+11,431334834,6666,2329,2260,1404-05-21
8/13/2025,2210,2220,2210,2210,1.98274E+11,89712378,2599,2278,2210,1404-05-22
8/16/2025,2201,2216,2144,2175,1.03171E+12,474299120,9368,2210,2216,1404-05-25
8/17/2025,2230,2240,2200,2236,5.98505E+11,267715643,3337,2175,2240,1404-05-26
8/18/2025,2300,2300,2198,2246,6.92644E+11,308408580,8548,2236,2214,1404-05-27
8/19/2025,2188,2240,2179,2192,7.46241E+11,340440168,7106,2246,2179,1404-05-28
8/20/2025,2200,2200,2128,2146,5.78125E+11,269346030,5987,2192,2130,1404-05-29
8/23/2025,2137,2167,2103,2126,4.7601E+11,223907782,5339,2146,2131,1404-06-01
8/25/2025,2104,2130,2063,2070,2.84874E+11,137605834,4548,2126,2063,1404-06-03
8/26/2025,2010,2119,2010,2064,4.74974E+11,230162024,5921,2070,2107,1404-06-04
8/27/2025,2050,2125,2050,2119,6.38247E+11,301137789,5203,2064,2105,1404-06-05
8/30/2025,2090,2182,2090,2167,6.94949E+11,320769866,4739,2119,2182,1404-06-08
8/31/2025,2220,2232,2203,2231,5.94299E+11,266441546,2425,2167,2232,1404-06-09
9/2/2025,2297,2297,2297,2297,4.82898E+11,210229890,1717,2231,2297,1404-06-11
9/3/2025,2365,2365,2350,2365,2.51515E+12,1063556441,9958,2297,2365,1404-06-12
9/6/2025,2389,2392,2299,2341,1.46999E+12,627957719,11476,2365,2317,1404-06-15
9/7/2025,2300,2410,2288,2371,8.46041E+11,356894368,6892,2341,2366,1404-06-16
9/8/2025,2420,2442,2400,2440,1.33217E+12,545926913,6032,2371,2442,1404-06-17
9/9/2025,2490,2490,2393,2417,1.1034E+12,456539640,8720,2440,2393,1404-06-18
9/13/2025,2416,2445,2384,2399,4.97545E+11,207390461,4887,2417,2385,1404-06-22
9/14/2025,2390,2470,2375,2460,1.49396E+12,607206778,6698,2399,2470,1404-06-23
9/15/2025,2510,2510,2387,2424,1.1219E+12,462860699,8896,2460,2394,1404-06-24
9/16/2025,2352,2360,2352,2352,8.84748E+11,376157690,3698,2424,2352,1404-06-25
9/17/2025,2309,2330,2282,2292,9.46446E+11,412987132,6858,2352,2287,1404-06-26
9/20/2025,2224,2224,2224,2224,6.41477E+11,288434115,2654,2292,2224,1404-06-29
9/21/2025,2158,2183,2158,2166,1.09638E+12,506113439,8502,2224,2170,1404-06-30
9/22/2025,2220,2230,2174,2228,1.10398E+12,495472183,6890,2166,2230,1404-06-31
9/23/2025,2254,2254,2168,2204,6.31375E+11,286495757,5645,2228,2185,1404-07-01
9/24/2025,2192,2192,2155,2169,8.71366E+11,401786824,7100,2204,2190,1404-07-02
9/27/2025,2180,2234,2180,2232,1.10328E+12,494355894,3951,2169,2234,1404-07-05
9/28/2025,2298,2298,2298,2298,3.24753E+11,141319666,1372,2232,2298,1404-07-06
9/29/2025,2366,2366,2366,2366,1.38888E+12,587015555,3875,2298,2366,1404-07-07
9/30/2025,2436,2436,2370,2423,3.7171E+12,1534295911,17297,2366,2408,1404-07-08
10/1/2025,2402,2466,2356,2403,1.5267E+12,635330990,10710,2423,2408,1404-07-09
10/4/2025,2475,2475,2475,2475,4.62143E+11,186724370,1786,2403,2475,1404-07-12
10/5/2025,2549,2549,2531,2549,3.11154E+12,1220875392,11186,2475,2549,1404-07-13
10/6/2025,2625,2625,2592,2624,6.03496E+12,2299625920,18824,2549,2625,1404-07-14
10/7/2025,2640,2702,2625,2690,1.74437E+12,648476853,6318,2624,2702,1404-07-15
10/8/2025,2750,2758,2625,2696,3.4082E+12,1264243317,18428,2690,2677,1404-07-16
10/11/2025,2696,2776,2640,2730,2.49594E+12,914191915,14319,2696,2729,1404-07-19
10/12/2025,2764,2811,2740,2807,2.37887E+12,847435114,9384,2730,2811,1404-07-20
10/13/2025,2855,2881,2772,2824,3.23026E+12,1143847647,16164,2807,2810,1404-07-21
10/14/2025,2819,2829,2740,2767,2.2834E+12,825145383,13884,2824,2740,1404-07-22
10/15/2025,2727,2747,2689,2710,1.30924E+12,483086062,8217,2767,2735,1404-07-23
10/18/2025,2791,2791,2754,2791,1.26786E+12,454281655,4224,2710,2791,1404-07-26
10/19/2025,2861,2874,2709,2816,2.37542E+12,843674097,14187,2791,2740,1404-07-27
10/20/2025,2738,2797,2732,2754,1.25758E+12,456646606,9083,2816,2732,1404-07-28
10/21/2025,2690,2796,2673,2712,1.13493E+12,418482212,8035,2754,2742,1404-07-29
10/22/2025,2759,2775,2701,2739,1.08082E+12,394567877,6860,2712,2772,1404-07-30
10/25/2025,2657,2669,2657,2657,2.65628E+12,999654976,10931,2739,2659,1404-08-03
10/26/2025,2640,2730,2640,2679,1.35238E+12,504729901,8369,2657,2685,1404-08-04
10/27/2025,2735,2759,2685,2743,1.47376E+12,537206167,7622,2679,2759,1404-08-05
10/28/2025,2825,2825,2748,2810,2.10253E+12,748362633,9451,2743,2825,1404-08-06
10/29/2025,2894,2894,2894,2894,1.33506E+12,461319897,4258,2810,2894,1404-08-07
11/1/2025,2980,2980,2950,2978,7.78272E+12,2613563964,22964,2894,2980,1404-08-10
11/2/2025,2990,3067,2975,3046,4.53939E+12,1490354001,18562,2978,3067,1404-08-11
11/3/2025,3120,3137,3068,3131,3.91824E+12,1251287042,17127,3046,3133,1404-08-12
11/4/2025,3117,3120,3038,3055,3.77289E+12,1234808338,17911,3131,3038,1404-08-13
11/5/2025,2989,3087,2973,3022,1.81885E+12,601905813,12440,3055,3078,1404-08-14
11/8/2025,3110,3112,3037,3094,2.421E+12,782444663,11180,3022,3047,1404-08-17
11/9/2025,3002,3002,3002,3002,2.51391E+12,837412963,6630,3094,3002,1404-08-18
11/10/2025,3000,3092,2981,3052,3.51577E+12,1152098918,15520,3002,3088,1404-08-19
11/11/2025,3101,3143,3052,3109,2.07359E+12,666998063,10825,3052,3066,1404-08-20
11/12/2025,3082,3109,3032,3068,1.1409E+12,371877013,7584,3109,3076,1404-08-21
11/15/2025,3040,3088,3018,3048,1.21479E+12,398490241,6998,3068,3038,1404-08-24
11/16/2025,3050,3100,3006,3063,1.2946E+12,422694649,8912,3048,3090,1404-08-25
11/17/2025,3105,3135,3021,3076,2.07537E+12,674770932,12308,3063,3039,1404-08-26
11/18/2025,3043,3094,3015,3048,1.2457E+12,408740848,7489,3076,3045,1404-08-27
11/19/2025,3080,3095,3037,3061,1.20111E+12,392426863,7247,3048,3070,1404-08-28
11/22/2025,3080,3148,3074,3110,1.26424E+12,406478294,7984,3061,3086,1404-09-01
11/23/2025,3150,3203,3113,3197,2.8705E+12,897811176,7874,3110,3203,1404-09-02
11/25/2025,3292,3292,3253,3289,5.12459E+12,1557878042,13039,3197,3292,1404-09-04
11/26/2025,3289,3289,3191,3219,2.61849E+12,813378391,16047,3289,3215,1404-09-05
11/29/2025,3170,3261,3150,3197,1.66496E+12,520814102,9623,3219,3171,1404-09-08
11/30/2025,3197,3219,3102,3171,2.56031E+12,807447342,15593,3197,3213,1404-09-09
12/1/2025,3240,3266,3209,3247,2.34875E+12,723304384,11321,3171,3246,1404-09-10
12/2/2025,3266,3277,3227,3245,1.45234E+12,447553530,9195,3247,3229,1404-09-11
12/3/2025,3264,3342,3264,3315,2.18521E+12,659091131,10390,3245,3317,1404-09-12
12/6/2025,3389,3410,3321,3371,2.49774E+12,741051545,12157,3315,3355,1404-09-15
12/7/2025,3400,3400,3270,3310,3.61949E+12,1093456567,19000,3371,3270,1404-09-16
12/8/2025,3289,3409,3264,3343,2.52701E+12,755900834,13103,3310,3380,1404-09-17
12/9/2025,3385,3437,3357,3395,2.34084E+12,689523242,9211,3343,3395,1404-09-18
12/10/2025,3411,3496,3411,3490,2.85236E+12,817209723,7893,3395,3496,1404-09-19
12/13/2025,3589,3594,3550,3593,5.08965E+12,1416566101,14716,3490,3594,1404-09-22
12/14/2025,3650,3700,3511,3669,3.72442E+12,1015222956,15398,3593,3698,1404-09-23
12/15/2025,3705,3779,3705,3774,3.0613E+12,811060641,10807,3669,3779,1404-09-24
12/16/2025,3835,3887,3683,3822,4.21813E+12,1103531167,18263,3774,3720,1404-09-25
12/17/2025,3720,3826,3720,3783,2.21163E+12,584627147,10882,3822,3784,1404-09-26
12/20/2025,3876,3896,3844,3890,3.00298E+12,771884534,12001,3783,3896,1404-09-29
12/21/2025,3923,3944,3825,3885,3.51575E+12,905067519,16609,3890,3874,1404-09-30
12/22/2025,3874,3915,3781,3839,3.12449E+12,813877549,18174,3885,3825,1404-10-01
12/23/2025,3834,3925,3807,3868,1.81057E+12,468088800,10627,3839,3887,1404-10-02
12/24/2025,3940,3984,3935,3976,4.00415E+12,1007102689,16191,3868,3984,1404-10-03
12/27/2025,4095,4095,3970,4041,4.81137E+12,1190602987,21846,3976,4016,1404-10-06
12/28/2025,4049,4162,4010,4145,6.66129E+12,1607209950,22051,4041,4162,1404-10-07
12/29/2025,4225,4269,4021,4135,5.46459E+12,1321597918,25717,4145,4114,1404-10-08
12/30/2025,4011,4020,4011,4011,6.66486E+12,1661625018,16494,4135,4011,1404-10-09
12/31/2025,3960,4131,3959,4055,4.58819E+12,1131445398,18242,4011,4131,1404-10-10
1/4/2026,4061,4170,3934,3989,4.94821E+12,1240606287,20672,4055,4010,1404-10-14
1/5/2026,4108,4108,4051,4108,2.70582E+12,658684785,5761,3989,4108,1404-10-15
1/6/2026,4231,4231,4231,4231,2.17337E+12,513677949,4055,4108,4231,1404-10-16
1/7/2026,4357,4357,4248,4355,1.11249E+13,2554475478,26777,4231,4357,1404-10-17
1/10/2026,4225,4409,4225,4274,7.26301E+12,1699472042,23058,4355,4225,1404-10-20
1/11/2026,4254,4402,4254,4349,4.92886E+12,1133217155,18619,4274,4378,1404-10-21
1/12/2026,4430,4479,4381,4442,4.54516E+12,1023316822,18959,4349,4430,1404-10-22
1/13/2026,4490,4490,4309,4343,2.80334E+12,645498283,14056,4442,4309,1404-10-23
1/14/2026,4213,4213,4213,4213,1.91858E+12,455394053,4855,4343,4213,1404-10-24
1/18/2026,4122,4327,4122,4183,4.20104E+12,1004425857,22565,4213,4172,1404-10-28
1/19/2026,4215,4253,4058,4089,7.09868E+12,1736189974,27243,4183,4058,1404-10-29
1/20/2026,3982,4058,3967,3992,4.72389E+12,1183367126,20006,4089,3968,1404-10-30
1/21/2026,3987,3992,3873,3907,4.05066E+12,1036820265,23685,3992,3905,1404-11-01
1/24/2026,3790,3830,3790,3790,1.4452E+12,381282881,5622,3907,3790,1404-11-04
1/25/2026,3677,3677,3677,3677,2.41548E+12,656915730,5858,3790,3677,1404-11-05
1/26/2026,3567,3567,3567,3567,3.14557E+11,88185323,1585,3677,3567,1404-11-06
1/27/2026,3460,3460,3460,3460,7.01481E+11,202740299,2748,3567,3460,1404-11-07
1/28/2026,3357,3414,3357,3361,6.51346E+12,1938034526,29976,3460,3362,1404-11-08
1/31/2026,3320,3429,3261,3284,2.82096E+12,859114669,11933,3361,3261,1404-11-11
2/1/2026,3260,3382,3260,3344,1.73274E+12,518211091,9654,3284,3382,1404-11-12
2/2/2026,3430,3444,3370,3441,2.03137E+12,590310629,7937,3344,3444,1404-11-13
2/3/2026,3470,3501,3376,3437,2.00004E+12,581832880,10926,3441,3477,1404-11-14
2/9/2026,3334,3350,3334,3334,1.3602E+12,407933909,4993,3437,3334,1404-11-20
2/10/2026,3310,3434,3310,3428,2.3337E+12,680775202,7249,3334,3434,1404-11-21
2/14/2026,3530,3530,3411,3495,3.26537E+12,934198655,12332,3428,3453,1404-11-25
2/15/2026,3408,3440,3391,3392,1.22648E+12,361589013,6148,3495,3391,1404-11-26
2/16/2026,3292,3440,3292,3377,1.01825E+12,301518611,6005,3392,3417,1404-11-27
2/17/2026,3419,3478,3365,3438,1.02115E+12,297042819,5804,3377,3478,1404-11-28
2/18/2026,3482,3492,3347,3394,1.04975E+12,309278432,5860,3438,3370,1404-11-29
2/21/2026,3293,3293,3293,3293,5.06283E+11,153745215,2193,3394,3293,1404-12-02
2/22/2026,3195,3304,3195,3214,2.47777E+12,770927930,11608,3293,3290,1404-12-03
2/23/2026,3270,3310,3240,3282,1.10501E+12,336687235,6090,3214,3310,1404-12-04
2/24/2026,3298,3300,3216,3269,9.21388E+11,281883619,4939,3282,3281,1404-12-05
2/25/2026,3254,3367,3254,3359,1.52037E+12,452674550,6785,3269,3367,1404-12-06
8/8/2026,2305,2374,2305,2332,2.04084E+13,8751481850,26111,2549,2360,1405-05-17
8/9/2026,2401,2401,2263,2316,2.99869E+13,12950170918,91574,2332,2291,1405-05-18
8/10/2026,2296,2370,2271,2333,1.2461E+13,5342065284,42860,2316,2354,1405-05-19
8/11/2026,2350,2375,2264,2286,1.34248E+13,5873194745,46698,2333,2278,1405-05-20
8/15/2026,2265,2283,2218,2219,1.13212E+13,5101242061,29033,2286,2218,1405-05-24
8/16/2026,2188,2285,2182,2274,8.20943E+12,3610329576,21901,2219,2285,1405-05-25
8/17/2026,2342,2342,2342,2342,2.61466E+12,1116423209,3392,2274,2342,1405-05-26
8/18/2026,2412,2412,2370,2411,2.38716E+13,9902592486,44433,2342,2412,1405-05-27
8/19/2026,2398,2483,2370,2460,8.63911E+12,3512085050,28860,2411,2455,1405-05-28
8/22/2026,2533,2533,2497,2533,7.53529E+12,2975001335,14682,2460,2533,1405-05-31
8/23/2026,2608,2608,2540,2601,1.37407E+13,5282932229,29571,2533,2608,1405-06-01
8/24/2026,2601,2670,2527,2599,8.98721E+12,3458572867,35247,2601,2554,1405-06-02
8/25/2026,2590,2670,2563,2620,9.09345E+12,3470385961,29272,2599,2631,1405-06-03
8/26/2026,2677,2698,2677,2697,5.13434E+12,1903641165,8454,2620,2698,1405-06-04
8/29/2026,2777,2777,2740,2776,4.60449E+12,1658402344,10123,2697,2777,1405-06-07
8/31/2026,2728,2849,2703,2772,8.63397E+12,3114358037,34381,2776,2732,1405-06-09
9/1/2026,2820,2855,2689,2751,1.04066E+13,3782729420,34384,2772,2689,1405-06-10
9/2/2026,2669,2669,2669,2669,4.45111E+12,1667707089,11486,2751,2669,1405-06-11
9/5/2026,2691,2741,2589,2634,9.6513E+12,3663448383,32679,2669,2635,1405-06-14
9/6/2026,2634,2693,2573,2643,5.94921E+12,2251157499,24734,2634,2666,1405-06-15
9/7/2026,2722,2722,2700,2722,2.28618E+12,839991791,4259,2643,2722,1405-06-16
9/8/2026,2803,2803,2803,2803,3.55498E+12,1268276652,4568,2722,2803,1405-06-17
9/9/2026,2880,2887,2820,2881,9.98242E+12,3464453616,15381,2803,2887,1405-06-18
9/12/2026,2967,2967,2967,2967,4.3315E+12,1459893147,4834,2881,2967,1405-06-21
9/13/2026,3056,3056,3008,3055,2.00709E+13,6569385965,21728,2967,3056,1405-06-22
9/14/2026,3146,3146,3090,3145,2.41785E+13,7686967037,29950,3055,3128,1405-06-23
9/15/2026,3144,3239,3087,3223,1.89656E+13,5883974736,25653,3145,3239,1405-06-24
9/16/2026,3319,3319,3251,3317,3.00797E+13,9069143306,36087,3223,3319,1405-06-25
9/19/2026,3410,3410,3220,3300,2.14527E+13,6500953527,78299,3317,3280,1405-06-28
9/20/2026,3210,3280,3210,3210,1.78839E+13,5563296448,56546,3300,3220,1405-06-29
9/21/2026,3280,3300,3200,3290,1.17859E+13,3581143472,38289,3210,3300,1405-06-30
9/22/2026,3380,3380,3200,3260,1.20958E+13,3705610251,45559,3290,3230,1405-06-31
9/23/2026,3350,3350,3280,3350,7.39824E+12,2210827100,21174,3260,3350,1405-07-01
9/26/2026,3390,3390,3250,3260,8.19508E+12,2512505604,31636,3350,3250,1405-07-04
9/27/2026,3220,3350,3220,3330,5.24322E+12,1576581653,20279,3260,3350,1405-07-05
9/28/2026,3410,3420,3380,3420,6.26871E+12,1834250671,17793,3330,3420,1405-07-06
9/29/2026,3520,3520,3450,3520,8.78668E+12,2498239692,22654,3420,3520,1405-07-07
9/30/2026,3620,3620,3620,3620,5.58273E+12,1542190602,12439,3520,3620,1405-07-08
10/3/2026,3720,3720,3630,3710,2.25527E+13,6073078753,56482,3620,3710,1405-07-11
10/4/2026,3680,3810,3600,3690,1.6704E+13,4528850916,56957,3710,3600,1405-07-12
10/5/2026,3690,3800,3590,3770,1.59288E+13,4227500464,39838,3690,3800,1405-07-13
