date,open,high,low,official_close,last_trade,previous_official_close,volume,value,trade_count,instrument_id,source_row,jalali_date,elapsed_days,adjustment_factor,session_number,adj_open,adj_high,adj_low,adj_official_close,adj_last_trade,raw_jump_flag,adjustment_event
2021-09-26,10750.0,10750.0,10350.0,10500.0,10450.0,10550.0,48809259,512583511180,10829,46348559193224090,0,1400-07-04,0,0.0954637744390164,0,1026.2355752194262,1026.2355752194262,988.0500654438197,1002.3696316096722,997.5964428877213,False,False
2021-09-28,10600.0,10600.0,10350.0,10440.0,10490.0,10500.0,43601832,455163241800,10422,46348559193224090,1,1400-07-06,2,0.0954637744390164,1,1011.9160090535738,1011.9160090535738,988.0500654438197,996.6418051433311,1001.414993865282,False,False
2021-09-29,10410.0,10660.0,10380.0,10480.0,10560.0,10440.0,61996626,649826970080,10047,46348559193224090,2,1400-07-07,1,0.0954637744390164,2,993.7778919101606,1017.6438355199148,990.9139786769902,1000.4603561208918,1008.0974580760131,False,False
2021-10-02,10590.0,11000.0,10590.0,10900.0,10870.0,10480.0,127159011,1386646483970,15429,46348559193224090,3,1400-07-10,3,0.0954637744390164,3,1010.9613713091836,1050.1015188291803,1010.9613713091836,1040.5551413852786,1037.6912281521081,False,False
2021-10-03,10870.0,11020.0,10700.0,10860.0,10890.0,10900.0,64915676,705010036710,9427,46348559193224090,4,1400-07-11,1,0.0954637744390164,4,1037.6912281521081,1052.0107943179607,1021.4623864974754,1036.736590407718,1039.6005036408885,False,False
2021-10-04,10890.0,10960.0,10720.0,10830.0,10790.0,10860.0,40935944,443535511980,7689,46348559193224090,5,1400-07-12,1,0.0954637744390164,5,1039.6005036408885,1046.2829678516198,1023.3716619862557,1033.8726771745476,1030.054126196987,False,False
2021-10-06,10820.0,10840.0,10600.0,10670.0,10620.0,10830.0,71842154,766722013190,11121,46348559193224090,6,1400-07-14,2,0.0954637744390164,6,1032.9180394301575,1034.8273149189376,1011.9160090535738,1018.598473264305,1013.8252845423541,False,False
2021-10-09,10620.0,10720.0,10260.0,10380.0,10350.0,10670.0,60522468,627965516340,9303,46348559193224090,7,1400-07-17,3,0.0954637744390164,7,1013.8252845423541,1023.3716619862557,979.4583257443082,990.9139786769902,988.0500654438197,False,False
2021-10-10,10230.0,10410.0,10140.0,10280.0,10310.0,10380.0,44285258,455139478460,7323,46348559193224090,8,1400-07-18,1,0.0954637744390164,8,976.5944125111378,993.7778919101606,968.0026728116262,981.3676012330885,984.231514466259,False,False
2021-10-11,10300.0,10400.0,10210.0,10310.0,10210.0,10280.0,48597848,501169565310,7594,46348559193224090,9,1400-07-19,1,0.0954637744390164,9,983.2768767218688,992.8232541657705,974.6851370223574,984.231514466259,974.6851370223574,False,False
2021-10-12,10150.0,10250.0,9990.0,10070.0,10080.0,10310.0,67893378,683649281270,10131,46348559193224090,10,1400-07-20,1,0.0954637744390164,10,968.9573105560164,978.503687999918,953.6831066457738,961.3202086008951,962.2748463452853,False,False
2021-10-13,10020.0,10200.0,9970.0,10050.0,10180.0,10070.0,66932409,672671751620,9869,46348559193224090,11,1400-07-21,1,0.0954637744390164,11,956.5470198789443,973.7304992779672,951.7738311569934,959.4109331121148,971.8212237891869,False,False
2021-10-16,10400.0,10550.0,10400.0,10550.0,10550.0,10050.0,94628320,998100464110,5615,46348559193224090,12,1400-07-24,3,0.0954637744390164,12,992.8232541657705,1007.1428203316229,992.8232541657705,1007.1428203316229,1007.1428203316229,False,False
2021-10-17,10710.0,10950.0,10500.0,10600.0,10540.0,10550.0,100696047,1067060764300,11633,46348559193224090,13,1400-07-25,1,0.0954637744390164,13,1022.4170242418655,1045.3283301072295,1002.3696316096722,1011.9160090535738,1006.1881825872327,False,False
2021-10-18,10500.0,10760.0,10400.0,10630.0,10690.0,10600.0,80021213,850987891140,8684,46348559193224090,14,1400-07-26,1,0.0954637744390164,14,1002.3696316096722,1027.1902129638163,992.8232541657705,1014.7799222867443,1020.5077487530853,False,False
2021-10-19,10800.0,10870.0,10620.0,10770.0,10630.0,10630.0,52028961,560191947270,7694,46348559193224090,15,1400-07-27,1,0.0954637744390164,15,1031.008763941377,1037.6912281521081,1013.8252845423541,1028.1448507082066,1014.7799222867443,False,False
2021-10-20,10620.0,10660.0,10430.0,10550.0,10470.0,10770.0,53755334,567244587130,6227,46348559193224090,16,1400-07-28,1,0.0954637744390164,16,1013.8252845423541,1017.6438355199148,995.687167398941,1007.1428203316229,999.5057183765016,False,False
2021-10-23,11070.0,11070.0,10800.0,10990.0,10930.0,10550.0,279919222,3075311302770,25408,46348559193224090,17,1400-08-01,3,0.0954637744390164,17,1056.7839830399114,1056.7839830399114,1031.008763941377,1049.1468810847903,1043.419054618449,False,False
2021-10-25,10990.0,11160.0,10820.0,10960.0,10870.0,10990.0,90378714,990474088320,11675,46348559193224090,18,1400-08-03,2,0.0954637744390164,18,1049.1468810847903,1065.375722739423,1032.9180394301575,1046.2829678516198,1037.6912281521081,False,False
2021-10-26,10800.0,11180.0,10770.0,11050.0,11070.0,10960.0,89600552,990346036780,10262,46348559193224090,19,1400-08-04,1,0.0954637744390164,19,1031.008763941377,1067.2849982282032,1028.1448507082066,1054.8747075511312,1056.7839830399114,False,False
2021-10-27,11070.0,11600.0,11040.0,11480.0,11600.0,11050.0,178922727,2053247627470,19469,46348559193224090,20,1400-08-05,1,0.0954637744390164,20,1056.7839830399114,1107.3797834925901,1053.920069806741,1095.9241305599082,1107.3797834925901,False,False
2021-10-30,11700.0,11730.0,11130.0,11310.0,11700.0,11480.0,95982108,1086001186690,13625,46348559193224090,21,1400-08-08,3,0.0954637744390164,21,1116.926160936492,1119.7900741696624,1062.5118095062526,1079.6952889052754,1116.926160936492,False,False
2021-10-31,11320.0,11440.0,10770.0,10980.0,10920.0,11310.0,140709717,1545396383920,14748,46348559193224090,22,1400-08-09,1,0.0954637744390164,22,1080.6499266496655,1092.1055795823474,1028.1448507082066,1048.1922433404,1042.464416874059,False,False
2021-11-01,11200.0,11520.0,11200.0,11400.0,11380.0,10980.0,91477408,1042798253560,11467,46348559193224090,23,1400-08-10,1,0.0954637744390164,23,1069.1942737169836,1099.7426815374688,1069.1942737169836,1088.2870286047869,1086.3777531160065,False,False
2021-11-02,11680.0,11840.0,11510.0,11670.0,11800.0,11400.0,80821341,942911578100,9937,46348559193224090,24,1400-08-11,1,0.0954637744390164,24,1115.0168854477115,1130.2910893579542,1098.7880437930787,1114.0622477033214,1126.4725383803934,False,False
2021-11-03,11810.0,12110.0,11750.0,11930.0,12040.0,11670.0,91949372,1096950339960,12940,46348559193224090,25,1400-08-12,1,0.0954637744390164,25,1127.4271761247835,1156.0663084564885,1121.6993496584425,1138.8828290574656,1149.3838442457575,False,False
2021-11-06,12050.0,12480.0,12030.0,12290.0,12130.0,11930.0,150487290,1849620869080,21413,46348559193224090,26,1400-08-15,3,0.0954637744390164,26,1150.3384819901476,1191.3879049989246,1148.4292065013672,1173.2497878555114,1157.975583945269,False,False
2021-11-07,12050.0,12320.0,11680.0,11940.0,11700.0,12290.0,154811384,1848999019230,20929,46348559193224090,27,1400-08-16,1,0.0954637744390164,27,1150.3384819901476,1176.1137010886819,1115.0168854477115,1139.8374668018557,1116.926160936492,False,False
2021-11-08,11710.0,12150.0,11620.0,11940.0,12000.0,11940.0,80923031,966600408080,11648,46348559193224090,28,1400-08-17,1,0.0954637744390164,28,1117.880798680882,1159.884859434049,1109.2890589813705,1139.8374668018557,1145.5652932681967,False,False
2021-11-09,12030.0,12200.0,11880.0,12010.0,11940.0,11940.0,67165074,806501814590,10873,46348559193224090,29,1400-08-18,1,0.0954637744390164,29,1148.4292065013672,1164.658048156,1134.1096403355148,1146.519931012587,1139.8374668018557,False,False
2021-11-10,11940.0,12080.0,11800.0,11970.0,12010.0,12010.0,75246306,901008061090,10570,46348559193224090,30,1400-08-19,1,0.0954637744390164,30,1139.8374668018557,1153.202395223318,1126.4725383803934,1142.7013800350262,1146.519931012587,False,False
2021-11-13,11800.0,11950.0,11510.0,11750.0,11690.0,11970.0,61711653,724840198640,9829,46348559193224090,31,1400-08-22,3,0.0954637744390164,31,1126.4725383803934,1140.7921045462458,1098.7880437930787,1121.6993496584425,1115.9715231921016,False,False
2021-11-14,11750.0,11930.0,11600.0,11740.0,11650.0,11750.0,60503628,710444880000,9077,46348559193224090,32,1400-08-23,1,0.0954637744390164,32,1121.6993496584425,1138.8828290574656,1107.3797834925901,1120.7447119140525,1112.152972214541,False,False
2021-11-15,11650.0,11660.0,11160.0,11280.0,11250.0,11740.0,71773060,809287914550,10567,46348559193224090,33,1400-08-24,1,0.0954637744390164,33,1112.152972214541,1113.107609958931,1065.375722739423,1076.831375672105,1073.9674624389345,False,False
2021-11-16,11060.0,11390.0,11060.0,11220.0,11150.0,11280.0,46062879,516800766400,7117,46348559193224090,34,1400-08-25,1,0.0954637744390164,34,1055.8293452955213,1087.3323908603968,1055.8293452955213,1071.103549205764,1064.4210849950327,False,False
2021-11-17,11150.0,11340.0,11050.0,11160.0,11200.0,11220.0,53548043,597674516320,8786,46348559193224090,35,1400-08-26,1,0.0954637744390164,35,1064.4210849950327,1082.559202138446,1054.8747075511312,1065.375722739423,1069.1942737169836,False,False
2021-11-20,11020.0,11190.0,10610.0,10690.0,10690.0,11160.0,134548898,1438134421010,17586,46348559193224090,36,1400-08-29,3,0.0954637744390164,36,1052.0107943179607,1068.2396359725935,1012.8706467979639,1020.5077487530853,1020.5077487530853,False,False
2021-11-21,10700.0,11170.0,10570.0,10880.0,11040.0,10690.0,93324728,1015589013680,13456,46348559193224090,37,1400-08-30,1,0.0954637744390164,37,1021.4623864974754,1066.3303604838131,1009.0520958204033,1038.6458658964984,1053.920069806741,False,False
2021-11-22,11180.0,11290.0,10950.0,11130.0,11080.0,10880.0,64860126,722011790110,10572,46348559193224090,38,1400-09-01,1,0.0954637744390164,38,1067.2849982282032,1077.786013416495,1045.3283301072295,1062.5118095062526,1057.7386207843017,False,False
2021-11-23,11120.0,11130.0,10800.0,10910.0,10820.0,11130.0,39776506,433959061350,8463,46348559193224090,39,1400-09-02,1,0.0954637744390164,39,1061.5571717618623,1062.5118095062526,1031.008763941377,1041.509779129669,1032.9180394301575,False,False
2021-11-24,10800.0,10940.0,10690.0,10770.0,10740.0,10910.0,51873959,558423537610,7960,46348559193224090,40,1400-09-03,1,0.0954637744390164,40,1031.008763941377,1044.3736923628394,1020.5077487530853,1028.1448507082066,1025.2809374750361,False,False
2021-11-27,10350.0,10550.0,10240.0,10280.0,10240.0,10770.0,116006291,1192050965120,16071,46348559193224090,41,1400-09-06,3,0.0954637744390164,41,988.0500654438197,1007.1428203316229,977.5490502555278,981.3676012330885,977.5490502555278,False,False
2021-11-28,10110.0,10450.0,10110.0,10300.0,10200.0,10280.0,73268483,754752495350,9904,46348559193224090,42,1400-09-07,1,0.0954637744390164,42,965.1387595784557,997.5964428877213,965.1387595784557,983.2768767218688,973.7304992779672,False,False
2021-11-29,10300.0,10400.0,10120.0,10220.0,10160.0,10300.0,57199650,584363887680,8523,46348559193224090,43,1400-09-08,1,0.0954637744390164,43,983.2768767218688,992.8232541657705,966.0933973228459,975.6397747667476,969.9119483004066,False,False
2021-11-30,10250.0,10250.0,10020.0,10100.0,10020.0,10220.0,56379579,569508052650,9364,46348559193224090,44,1400-09-09,1,0.0954637744390164,44,978.503687999918,978.503687999918,956.5470198789443,964.1841218340655,956.5470198789443,False,False
2021-12-01,10080.0,10190.0,9980.0,10070.0,10130.0,10100.0,63712750,641740004640,9695,46348559193224090,45,1400-09-10,1,0.0954637744390164,45,962.2748463452853,972.7758615335771,952.7284689013836,961.3202086008951,967.048035067236,False,False
2021-12-04,10400.0,10420.0,9990.0,10100.0,10230.0,10070.0,61827229,624409014300,9648,46348559193224090,46,1400-09-13,3,0.0954637744390164,46,992.8232541657705,994.7325296545508,953.6831066457738,964.1841218340655,976.5944125111378,False,False
2021-12-05,10270.0,10470.0,10210.0,10320.0,10300.0,10100.0,64240048,663247544490,8119,46348559193224090,47,1400-09-14,1,0.0954637744390164,47,980.4129634886983,999.5057183765016,974.6851370223574,985.1861522106492,983.2768767218688,False,False
2021-12-06,10350.0,10380.0,10160.0,10270.0,10190.0,10320.0,38216266,392663069250,5740,46348559193224090,48,1400-09-15,1,0.0954637744390164,48,988.0500654438197,990.9139786769902,969.9119483004066,980.4129634886983,972.7758615335771,False,False
2021-12-07,10170.0,10370.0,10130.0,10260.0,10280.0,10270.0,36566182,375099099720,5121,46348559193224090,49,1400-09-16,1,0.0954637744390164,49,970.8665860447967,989.9593409326,967.048035067236,979.4583257443082,981.3676012330885,False,False
2021-12-08,10260.0,10650.0,10260.0,10460.0,10480.0,10260.0,50875004,532025543280,7184,46348559193224090,50,1400-09-17,1,0.0954637744390164,50,979.4583257443082,1016.6891977755246,979.4583257443082,998.5510806321115,1000.4603561208918,False,False
2021-12-11,10540.0,10600.0,10320.0,10410.0,10350.0,10460.0,38903883,405066125380,5344,46348559193224090,51,1400-09-20,3,0.0954637744390164,51,1006.1881825872327,1011.9160090535738,985.1861522106492,993.7778919101606,988.0500654438197,False,False
2021-12-12,10300.0,10300.0,10050.0,10120.0,10120.0,10410.0,50932531,515191744430,5566,46348559193224090,52,1400-09-21,1,0.0954637744390164,52,983.2768767218688,983.2768767218688,959.4109331121148,966.0933973228459,966.0933973228459,False,False
2021-12-13,10090.0,10190.0,9620.0,9790.0,9620.0,10120.0,133774229,1309343954410,15950,46348559193224090,53,1400-09-22,1,0.0954637744390164,53,963.2294840896755,972.7758615335771,918.3615101033378,934.5903517579706,918.3615101033378,False,False
2021-12-14,9670.0,10020.0,9630.0,9850.0,9900.0,9790.0,66947017,659248406760,7942,46348559193224090,54,1400-09-23,1,0.0954637744390164,54,923.1346988252885,956.5470198789443,919.3161478477278,940.3181782243115,945.0913669462623,False,False
2021-12-15,9850.0,10100.0,9770.0,9870.0,9840.0,9850.0,41755901,412129633110,8472,46348559193224090,55,1400-09-24,1,0.0954637744390164,55,940.3181782243115,964.1841218340655,932.6810762691902,942.2274537130918,939.3635404799213,False,False
2021-12-18,9910.0,10070.0,9880.0,9950.0,9930.0,9870.0,42451768,422256697210,6070,46348559193224090,56,1400-09-27,3,0.0954637744390164,56,946.0460046906525,961.3202086008951,943.182091457482,949.8645556682131,947.9552801794327,False,False
2021-12-19,9910.0,9990.0,9590.0,9700.0,9680.0,9950.0,43384852,420690620270,6730,46348559193224090,57,1400-09-28,1,0.0954637744390164,57,946.0460046906525,953.6831066457738,915.4975968701672,925.998612058459,924.0893365696787,False,False
2021-12-20,9920.0,10060.0,9830.0,9950.0,9960.0,9700.0,63269962,629590672430,6417,46348559193224090,58,1400-09-29,1,0.0954637744390164,58,947.0006424350427,960.365570856505,938.4089027355311,949.8645556682131,950.8191934126033,False,False
2021-12-21,9960.0,10230.0,9960.0,10120.0,10170.0,9950.0,68536996,693792806600,5995,46348559193224090,59,1400-09-30,1,0.0954637744390164,59,950.8191934126033,976.5944125111378,950.8191934126033,966.0933973228459,970.8665860447967,False,False
2021-12-22,10300.0,10620.0,10210.0,10550.0,10620.0,10120.0,114037521,1202956716160,9305,46348559193224090,60,1400-10-01,1,0.0954637744390164,60,983.2768767218688,1013.8252845423541,974.6851370223574,1007.1428203316229,1013.8252845423541,False,False
2021-12-25,10800.0,11060.0,10580.0,10810.0,10630.0,10550.0,95133663,1028243353060,13112,46348559193224090,61,1400-10-04,3,0.0954637744390164,61,1031.008763941377,1055.8293452955213,1010.0067335647934,1031.9634016857672,1014.7799222867443,False,False
2021-12-26,10590.0,10950.0,10450.0,10710.0,10910.0,10810.0,71882370,769932276850,8826,46348559193224090,62,1400-10-05,1,0.0954637744390164,62,1010.9613713091836,1045.3283301072295,997.5964428877213,1022.4170242418655,1041.509779129669,False,False
2021-12-27,11000.0,11240.0,10870.0,11100.0,10960.0,10710.0,105818947,1174308082290,11795,46348559193224090,63,1400-10-06,1,0.0954637744390164,63,1050.1015188291803,1073.0128246945442,1037.6912281521081,1059.6478962730819,1046.2829678516198,False,False
2021-12-28,11090.0,11090.0,10820.0,10960.0,10970.0,11100.0,58207314,637999439450,7189,46348559193224090,64,1400-10-07,1,0.0954637744390164,64,1058.6932585286918,1058.6932585286918,1032.9180394301575,1046.2829678516198,1047.2376055960099,False,False
2021-12-29,10940.0,11070.0,10680.0,10820.0,10680.0,10960.0,79734418,863067247710,7422,46348559193224090,65,1400-10-08,1,0.0954637744390164,65,1044.3736923628394,1056.7839830399114,1019.553111008695,1032.9180394301575,1019.553111008695,False,False
2022-01-01,10680.0,10680.0,10450.0,10530.0,10480.0,10820.0,54312297,572053019020,6498,46348559193224090,66,1400-10-11,3,0.0954637744390164,66,1019.553111008695,1019.553111008695,997.5964428877213,1005.2335448428427,1000.4603561208918,False,False
2022-01-02,10540.0,10680.0,10480.0,10570.0,10680.0,10530.0,35831288,378578998570,5119,46348559193224090,67,1400-10-12,1,0.0954637744390164,67,1006.1881825872327,1019.553111008695,1000.4603561208918,1009.0520958204033,1019.553111008695,False,False
2022-01-03,10690.0,10720.0,10490.0,10570.0,10510.0,10570.0,29918409,316164450650,4132,46348559193224090,68,1400-10-13,1,0.0954637744390164,68,1020.5077487530853,1023.3716619862557,1001.414993865282,1009.0520958204033,1003.3242693540623,False,False
2022-01-04,10440.0,10500.0,10360.0,10390.0,10380.0,10570.0,39916173,414731151650,4486,46348559193224090,69,1400-10-14,1,0.0954637744390164,69,996.6418051433311,1002.3696316096722,989.0047031882099,991.8686164213804,990.9139786769902,False,False
2022-01-05,10390.0,10490.0,10330.0,10400.0,10430.0,10390.0,26713888,277921735720,3902,46348559193224090,70,1400-10-15,1,0.0954637744390164,70,991.8686164213804,1001.414993865282,986.1407899550394,992.8232541657705,995.687167398941,False,False
2022-01-08,10400.0,10560.0,10240.0,10360.0,10410.0,10400.0,41338897,428292717090,5721,46348559193224090,71,1400-10-18,3,0.0954637744390164,71,992.8232541657705,1008.0974580760131,977.5490502555278,989.0047031882099,993.7778919101606,False,False
2022-01-09,10230.0,10300.0,9970.0,10060.0,10070.0,10360.0,60495870,608531465420,7467,46348559193224090,72,1400-10-19,1,0.0954637744390164,72,976.5944125111378,983.2768767218688,951.7738311569934,960.365570856505,961.3202086008951,False,False
2022-01-10,10020.0,10180.0,9960.0,10030.0,10060.0,10060.0,49246139,493990561670,5983,46348559193224090,73,1400-10-20,1,0.0954637744390164,73,956.5470198789443,971.8212237891869,950.8191934126033,957.5016576233344,960.365570856505,False,False
2022-01-11,10180.0,10270.0,10040.0,10100.0,10050.0,10030.0,27833048,281137128560,4386,46348559193224090,74,1400-10-21,1,0.0954637744390164,74,971.8212237891869,980.4129634886983,958.4562953677246,964.1841218340655,959.4109331121148,False,False
2022-01-12,10020.0,10180.0,10010.0,10100.0,10040.0,10100.0,30675607,309719350490,4504,46348559193224090,75,1400-10-22,1,0.0954637744390164,75,956.5470198789443,971.8212237891869,955.5923821345541,964.1841218340655,958.4562953677246,False,False
2022-01-15,10100.0,10200.0,9970.0,10050.0,10000.0,10100.0,58314729,586069962480,5826,46348559193224090,76,1400-10-25,3,0.0954637744390164,76,964.1841218340655,973.7304992779672,951.7738311569934,959.4109331121148,954.6377443901639,False,False
2022-01-16,10060.0,10100.0,9890.0,9990.0,10030.0,10050.0,39831559,398099911880,5531,46348559193224090,77,1400-10-26,1,0.0954637744390164,77,960.365570856505,964.1841218340655,944.1367292018722,953.6831066457738,957.5016576233344,False,False
2022-01-17,10010.0,10100.0,9820.0,9930.0,9940.0,9990.0,42529152,422461546920,6437,46348559193224090,78,1400-10-27,1,0.0954637744390164,78,955.5923821345541,964.1841218340655,937.454264991141,947.9552801794327,948.909917923823,False,False
2022-01-18,9820.0,9830.0,9440.0,9580.0,9540.0,9930.0,83956395,804643408120,9512,46348559193224090,79,1400-10-28,1,0.0954637744390164,79,937.454264991141,938.4089027355311,901.1780307043148,914.5429591257771,910.7244081482164,False,False
2022-01-19,9620.0,9760.0,9580.0,9620.0,9620.0,9580.0,47305116,454972319400,6183,46348559193224090,80,1400-10-29,1,0.0954637744390164,80,918.3615101033378,931.7264385248,914.5429591257771,918.3615101033378,918.3615101033378,False,False
2022-01-22,9900.0,10100.0,9840.0,9970.0,9900.0,9620.0,58374900,581773143490,8085,46348559193224090,81,1400-11-02,3,0.0954637744390164,81,945.0913669462623,964.1841218340655,939.3635404799213,951.7738311569934,945.0913669462623,False,False
2022-01-23,9900.0,9900.0,9550.0,9700.0,9650.0,9970.0,50232031,487277613430,5841,46348559193224090,82,1400-11-03,1,0.0954637744390164,82,945.0913669462623,945.0913669462623,911.6790458926066,925.998612058459,921.2254233365082,False,False
2022-01-24,9600.0,9760.0,9430.0,9560.0,9480.0,9700.0,48904568,467430062850,6079,46348559193224090,83,1400-11-04,1,0.0954637744390164,83,916.4522346145574,931.7264385248,900.2233929599246,912.6336836369967,904.9965816818755,False,False
2022-01-25,9430.0,9650.0,9100.0,9480.0,9640.0,9560.0,309472216,2935041304130,12985,46348559193224090,84,1400-11-05,1,0.0954637744390164,84,900.2233929599246,921.2254233365082,868.7203473950492,904.9965816818755,920.270785592118,False,False
2022-01-26,9920.0,9950.0,9720.0,9920.0,9950.0,9480.0,86080853,854013361560,8962,46348559193224090,85,1400-11-06,1,0.0954637744390164,85,947.0006424350427,949.8645556682131,927.9078875472394,947.0006424350427,949.8645556682131,False,False
2022-01-29,10240.0,10410.0,10100.0,10390.0,10410.0,9920.0,90300564,937936824500,6831,46348559193224090,86,1400-11-09,3,0.0954637744390164,86,977.5490502555278,993.7778919101606,964.1841218340655,991.8686164213804,993.7778919101606,False,False
2022-01-30,10610.0,10800.0,10520.0,10660.0,10710.0,10390.0,167499431,1785569560790,13047,46348559193224090,87,1400-11-10,1,0.0954637744390164,87,1012.8706467979639,1031.008763941377,1004.2789070984525,1017.6438355199148,1022.4170242418655,False,False
2022-01-31,10710.0,10900.0,10680.0,10740.0,10760.0,10660.0,68680765,737877658830,8425,46348559193224090,88,1400-11-11,1,0.0954637744390164,88,1022.4170242418655,1040.5551413852786,1019.553111008695,1025.2809374750361,1027.1902129638163,False,False
2022-02-01,10850.0,10850.0,10740.0,10760.0,10750.0,10740.0,126077575,1356344340400,6991,46348559193224090,89,1400-11-12,1,0.0954637744390164,89,1035.781952663328,1035.781952663328,1025.2809374750361,1027.1902129638163,1026.2355752194262,False,False
2022-02-02,10760.0,10830.0,10760.0,10790.0,10820.0,10760.0,95405420,1028977288330,6633,46348559193224090,90,1400-11-13,1,0.0954637744390164,90,1027.1902129638163,1033.8726771745476,1027.1902129638163,1030.054126196987,1032.9180394301575,False,False
2022-02-05,10800.0,10840.0,10790.0,10810.0,10830.0,10790.0,110739404,1196976783620,6628,46348559193224090,91,1400-11-16,3,0.0954637744390164,91,1031.008763941377,1034.8273149189376,1030.054126196987,1031.9634016857672,1033.8726771745476,False,False
2022-02-06,10810.0,10820.0,10310.0,10670.0,10550.0,10810.0,370043527,3949281623610,14669,46348559193224090,92,1400-11-17,1,0.0954637744390164,92,1031.9634016857672,1032.9180394301575,984.231514466259,1018.598473264305,1007.1428203316229,False,False
2022-02-07,10340.0,10540.0,10340.0,10440.0,10440.0,10670.0,49945065,521430293760,3981,46348559193224090,93,1400-11-18,1,0.0954637744390164,93,987.0954276994295,1006.1881825872327,987.0954276994295,996.6418051433311,996.6418051433311,False,False
2022-02-08,10440.0,10500.0,10210.0,10390.0,10280.0,10440.0,63260500,657432709470,4967,46348559193224090,94,1400-11-19,1,0.0954637744390164,94,996.6418051433311,1002.3696316096722,974.6851370223574,991.8686164213804,981.3676012330885,False,False
2022-02-09,10310.0,10490.0,10080.0,10330.0,10480.0,10390.0,61317877,633146443170,8068,46348559193224090,95,1400-11-20,1,0.0954637744390164,95,984.231514466259,1001.414993865282,962.2748463452853,986.1407899550394,1000.4603561208918,False,False
2022-02-12,10410.0,10500.0,10140.0,10260.0,10210.0,10330.0,34530073,354383023030,4678,46348559193224090,96,1400-11-23,3,0.0954637744390164,96,993.7778919101606,1002.3696316096722,968.0026728116262,979.4583257443082,974.6851370223574,False,False
2022-02-13,10140.0,10260.0,10100.0,10220.0,10210.0,10260.0,56030732,572751114150,3761,46348559193224090,97,1400-11-24,1,0.0954637744390164,97,968.0026728116262,979.4583257443082,964.1841218340655,975.6397747667476,974.6851370223574,False,False
2022-02-14,10380.0,10580.0,10300.0,10480.0,10560.0,10220.0,64920148,680100878470,6077,46348559193224090,98,1400-11-25,1,0.0954637744390164,98,990.9139786769902,1010.0067335647934,983.2768767218688,1000.4603561208918,1008.0974580760131,False,False
2022-02-16,10540.0,10610.0,10470.0,10490.0,10490.0,10480.0,53472515,560893826600,4437,46348559193224090,99,1400-11-27,2,0.0954637744390164,99,1006.1881825872327,1012.8706467979639,999.5057183765016,1001.414993865282,1001.414993865282,False,False
2022-02-19,10490.0,10500.0,10470.0,10490.0,10490.0,10490.0,93975742,985779027570,5003,46348559193224090,100,1400-11-30,3,0.0954637744390164,100,1001.414993865282,1002.3696316096722,999.5057183765016,1001.414993865282,1001.414993865282,False,False
2022-02-20,10500.0,10510.0,10470.0,10490.0,10500.0,10490.0,68904742,722905289170,4368,46348559193224090,101,1400-12-01,1,0.0954637744390164,101,1002.3696316096722,1003.3242693540623,999.5057183765016,1001.414993865282,1002.3696316096722,False,False
2022-02-21,10490.0,10490.0,10260.0,10360.0,10300.0,10490.0,40848872,423369359080,6366,46348559193224090,102,1400-12-02,1,0.0954637744390164,102,1001.414993865282,1001.414993865282,979.4583257443082,989.0047031882099,983.2768767218688,False,False
2022-02-22,10410.0,10460.0,10330.0,10400.0,10450.0,10360.0,63647744,661966522200,5350,46348559193224090,103,1400-12-03,1,0.0954637744390164,103,993.7778919101606,998.5510806321115,986.1407899550394,992.8232541657705,997.5964428877213,False,False
2022-02-23,10400.0,10470.0,10390.0,10400.0,10410.0,10400.0,43979966,457519403850,3814,46348559193224090,104,1400-12-04,1,0.0954637744390164,104,992.8232541657705,999.5057183765016,991.8686164213804,992.8232541657705,993.7778919101606,False,False
2022-02-26,10400.0,10410.0,10070.0,10240.0,10130.0,10400.0,43711296,447416954160,5928,46348559193224090,105,1400-12-07,3,0.0954637744390164,105,992.8232541657705,993.7778919101606,961.3202086008951,977.5490502555278,967.048035067236,False,False
2022-02-27,10100.0,10190.0,10000.0,10050.0,10080.0,10240.0,32296255,324651256690,5692,46348559193224090,106,1400-12-08,1,0.0954637744390164,106,964.1841218340655,972.7758615335771,954.6377443901639,959.4109331121148,962.2748463452853,False,False
2022-02-28,10010.0,10210.0,10010.0,10110.0,10100.0,10050.0,38119433,385260930410,5355,46348559193224090,107,1400-12-09,1,0.0954637744390164,107,955.5923821345541,974.6851370223574,955.5923821345541,965.1387595784557,964.1841218340655,False,False
2022-03-02,10160.0,10180.0,10020.0,10070.0,10040.0,10110.0,25550776,257174086580,4557,46348559193224090,108,1400-12-11,2,0.0954637744390164,108,969.9119483004066,971.8212237891869,956.5470198789443,961.3202086008951,958.4562953677246,False,False
2022-03-05,10100.0,10360.0,10070.0,10170.0,10330.0,10070.0,66073828,672276197350,7225,46348559193224090,109,1400-12-14,3,0.0954637744390164,109,964.1841218340655,989.0047031882099,961.3202086008951,970.8665860447967,986.1407899550394,False,False
2022-03-06,10350.0,10670.0,10320.0,10590.0,10670.0,10170.0,168635516,1786604993480,12189,46348559193224090,110,1400-12-15,1,0.0954637744390164,110,988.0500654438197,1018.598473264305,985.1861522106492,1010.9613713091836,1018.598473264305,False,False
2022-03-07,10710.0,10960.0,10560.0,10740.0,10650.0,10590.0,73826403,792671971160,8636,46348559193224090,111,1400-12-16,1,0.0954637744390164,111,1022.4170242418655,1046.2829678516198,1008.0974580760131,1025.2809374750361,1016.6891977755246,False,False
2022-03-08,10620.0,10650.0,10420.0,10530.0,10550.0,10740.0,50706125,533906737770,5465,46348559193224090,112,1400-12-17,1,0.0954637744390164,112,1013.8252845423541,1016.6891977755246,994.7325296545508,1005.2335448428427,1007.1428203316229,False,False
2022-03-09,10470.0,10790.0,10470.0,10590.0,10550.0,10530.0,62395650,661008588490,5895,46348559193224090,113,1400-12-18,1,0.0954637744390164,113,999.5057183765016,1030.054126196987,999.5057183765016,1010.9613713091836,1007.1428203316229,False,False
2022-03-12,10540.0,10610.0,10360.0,10470.0,10440.0,10590.0,56776747,594572532040,5778,46348559193224090,114,1400-12-21,3,0.0954637744390164,114,1006.1881825872327,1012.8706467979639,989.0047031882099,999.5057183765016,996.6418051433311,False,False
2022-03-13,10340.0,10630.0,10310.0,10510.0,10470.0,10470.0,48103494,505428624450,4904,46348559193224090,115,1400-12-22,1,0.0954637744390164,115,987.0954276994295,1014.7799222867443,984.231514466259,1003.3242693540623,999.5057183765016,False,False
2022-03-14,10460.0,10580.0,10460.0,10520.0,10520.0,10510.0,37398632,393552927480,3885,46348559193224090,116,1400-12-23,1,0.0954637744390164,116,998.5510806321115,1010.0067335647934,998.5510806321115,1004.2789070984525,1004.2789070984525,False,False
2022-03-15,10520.0,10590.0,10450.0,10520.0,10520.0,10520.0,42623906,448239269510,3934,46348559193224090,117,1400-12-24,1,0.0954637744390164,117,1004.2789070984525,1010.9613713091836,997.5964428877213,1004.2789070984525,1004.2789070984525,False,False
2022-03-16,10520.0,10750.0,10500.0,10670.0,10700.0,10520.0,31151156,332493105390,4262,46348559193224090,118,1400-12-25,1,0.0954637744390164,118,1004.2789070984525,1026.2355752194262,1002.3696316096722,1018.598473264305,1021.4623864974754,False,False
2022-03-19,10780.0,11060.0,10770.0,10940.0,11020.0,10670.0,54184282,592879371170,6637,46348559193224090,119,1400-12-28,3,0.0954637744390164,119,1029.0994884525967,1055.8293452955213,1028.1448507082066,1044.3736923628394,1052.0107943179607,False,False
2022-03-26,11400.0,11480.0,11100.0,11440.0,11480.0,10940.0,125349807,1433610233860,8955,46348559193224090,120,1401-01-06,7,0.0954637744390164,120,1088.2870286047869,1095.9241305599082,1059.6478962730819,1092.1055795823474,1095.9241305599082,False,False
2022-03-27,11570.0,11850.0,11460.0,11670.0,11720.0,11440.0,85471309,997204363580,10221,46348559193224090,121,1401-01-07,1,0.0954637744390164,121,1104.5158702594197,1131.2457271023443,1094.0148550711278,1114.0622477033214,1118.835436425272,False,False
2022-03-28,11750.0,11940.0,11620.0,11750.0,11790.0,11670.0,59376845,697502208570,8237,46348559193224090,122,1401-01-08,1,0.0954637744390164,122,1121.6993496584425,1139.8374668018557,1109.2890589813705,1121.6993496584425,1125.5179006360033,False,False
2022-03-29,11850.0,11850.0,11410.0,11510.0,11420.0,11750.0,71795937,826642407970,8666,46348559193224090,123,1401-01-09,1,0.0954637744390164,123,1131.2457271023443,1131.2457271023443,1089.241666349177,1098.7880437930787,1090.1963040935673,False,False
2022-03-30,11420.0,11700.0,11310.0,11610.0,11680.0,11510.0,35378688,410813406180,5410,46348559193224090,124,1401-01-10,1,0.0954637744390164,124,1090.1963040935673,1116.926160936492,1079.6952889052754,1108.3344212369802,1115.0168854477115,False,False
2022-04-03,11780.0,12190.0,11650.0,12160.0,12190.0,11610.0,146890520,1786374089940,9301,46348559193224090,125,1401-01-14,4,0.0954637744390164,125,1124.563262891613,1163.7034104116099,1112.152972214541,1160.8394971784394,1163.7034104116099,False,False
2022-04-04,12670.0,12670.0,12020.0,12360.0,12150.0,12160.0,229946162,2841988819840,18851,46348559193224090,126,1401-01-15,1,0.0954637744390164,126,1209.5260221423378,1209.5260221423378,1147.474568756977,1179.9322520662427,1159.884859434049,False,False
2022-04-05,12200.0,12420.0,12010.0,12300.0,12280.0,12360.0,103074692,1268017210000,11113,46348559193224090,127,1401-01-16,1,0.0954637744390164,127,1164.658048156,1185.6600785325836,1146.519931012587,1174.2044255999017,1172.2951501111213,False,False
2022-04-06,12280.0,12370.0,11940.0,12060.0,11960.0,12300.0,71742464,865448665660,9884,46348559193224090,128,1401-01-17,1,0.0954637744390164,128,1172.2951501111213,1180.8868898106327,1139.8374668018557,1151.2931197345376,1141.7467422906361,False,False
2022-04-09,11850.0,12100.0,11670.0,11980.0,12000.0,12060.0,49277413,590238726840,6963,46348559193224090,129,1401-01-20,3,0.0954637744390164,129,1131.2457271023443,1155.1116707120984,1114.0622477033214,1143.6560177794163,1145.5652932681967,False,False
2022-04-10,12060.0,12330.0,12060.0,12220.0,12160.0,11980.0,61678908,753425183250,6930,46348559193224090,130,1401-01-21,1,0.0954637744390164,130,1151.2931197345376,1177.0683388330722,1151.2931197345376,1166.5673236447803,1160.8394971784394,False,False
2022-04-11,12230.0,12330.0,12210.0,12260.0,12330.0,12220.0,53011076,650129511990,6513,46348559193224090,131,1401-01-22,1,0.0954637744390164,131,1167.5219613891704,1177.0683388330722,1165.6126859003903,1170.385874622341,1177.0683388330722,False,False
2022-04-12,11800.0,11930.0,11650.0,11680.0,11650.0,12260.0,178129847,2079809754780,14148,46348559193224090,132,1401-01-23,1,0.0954637744390164,132,1126.4725383803934,1138.8828290574656,1112.152972214541,1115.0168854477115,1112.152972214541,False,False
2022-04-13,11570.0,11970.0,11570.0,11860.0,11950.0,11680.0,57938049,686884180610,6783,46348559193224090,133,1401-01-24,1,0.0954637744390164,133,1104.5158702594197,1142.7013800350262,1104.5158702594197,1132.2003648467344,1140.7921045462458,False,False
2022-04-16,11900.0,12080.0,11870.0,11990.0,12010.0,11860.0,59035946,707921181350,6469,46348559193224090,134,1401-01-27,3,0.0954637744390164,134,1136.0189158242952,1153.202395223318,1133.1550025911247,1144.6106555238066,1146.519931012587,False,False
2022-04-17,12000.0,12070.0,11800.0,11990.0,12050.0,11990.0,77393649,927699208860,8126,46348559193224090,135,1401-01-28,1,0.0954637744390164,135,1145.5652932681967,1152.247757478928,1126.4725383803934,1144.6106555238066,1150.3384819901476,False,False
2022-04-20,12110.0,12140.0,12000.0,12080.0,12130.0,11990.0,37106890,448167793640,3902,46348559193224090,136,1401-01-31,3,0.0954637744390164,136,1156.0663084564885,1158.930221689659,1145.5652932681967,1153.202395223318,1157.975583945269,False,False
2022-04-24,12240.0,12240.0,11790.0,11910.0,12000.0,12080.0,50561981,602160681570,7452,46348559193224090,137,1401-02-04,4,0.0954637744390164,137,1168.4765991335607,1168.4765991335607,1125.5179006360033,1136.9735535686852,1145.5652932681967,False,False
2022-04-25,11840.0,12200.0,11820.0,12050.0,12100.0,11910.0,81443515,981254892590,7174,46348559193224090,138,1401-02-05,1,0.0954637744390164,138,1130.2910893579542,1164.658048156,1128.3818138691738,1150.3384819901476,1155.1116707120984,False,False
2022-04-26,12060.0,12200.0,12010.0,12090.0,12090.0,12050.0,63858219,772071684210,8023,46348559193224090,139,1401-02-06,1,0.0954637744390164,139,1151.2931197345376,1164.658048156,1146.519931012587,1154.1570329677081,1154.1570329677081,False,False
2022-04-27,12100.0,12150.0,11980.0,12080.0,12100.0,12090.0,77016131,930332329500,8354,46348559193224090,140,1401-02-07,1,0.0954637744390164,140,1155.1116707120984,1159.884859434049,1143.6560177794163,1153.202395223318,1155.1116707120984,False,False
2022-04-30,12070.0,12070.0,11900.0,11960.0,11930.0,12080.0,54328105,649714786520,7700,46348559193224090,141,1401-02-10,3,0.0954637744390164,141,1152.247757478928,1152.247757478928,1136.0189158242952,1141.7467422906361,1138.8828290574656,False,False
2022-05-01,11900.0,11990.0,11790.0,11880.0,11900.0,11960.0,51692308,613960835590,6607,46348559193224090,142,1401-02-11,1,0.0954637744390164,142,1136.0189158242952,1144.6106555238066,1125.5179006360033,1134.1096403355148,1136.0189158242952,False,False
2022-05-02,11810.0,11880.0,11740.0,11770.0,11790.0,11880.0,59839168,704561265630,7545,46348559193224090,143,1401-02-12,1,0.0954637744390164,143,1127.4271761247835,1134.1096403355148,1120.7447119140525,1123.608625147223,1125.5179006360033,False,False
2022-05-07,11780.0,11970.0,11750.0,11820.0,11850.0,11770.0,67222216,794385268610,8397,46348559193224090,144,1401-02-17,5,0.0954637744390164,144,1124.563262891613,1142.7013800350262,1121.6993496584425,1128.3818138691738,1131.2457271023443,False,False
2022-05-08,11820.0,12180.0,11820.0,12050.0,12170.0,11820.0,74499497,897416123440,9796,46348559193224090,145,1401-02-18,1,0.0954637744390164,145,1128.3818138691738,1162.7487726672198,1128.3818138691738,1150.3384819901476,1161.7941349228295,False,False
2022-05-09,12180.0,12180.0,11780.0,11940.0,11940.0,12050.0,90397371,1079179711070,9046,46348559193224090,146,1401-02-19,1,0.0954637744390164,146,1162.7487726672198,1162.7487726672198,1124.563262891613,1139.8374668018557,1139.8374668018557,False,False
2022-05-10,11940.0,11970.0,11820.0,11890.0,11830.0,11940.0,39754507,472764804680,5574,46348559193224090,147,1401-02-20,1,0.0954637744390164,147,1139.8374668018557,1142.7013800350262,1128.3818138691738,1135.0642780799049,1129.336451613564,False,False
2022-05-11,11890.0,12240.0,11850.0,12120.0,12090.0,11890.0,73623774,892010616450,7609,46348559193224090,148,1401-02-21,1,0.0954637744390164,148,1135.0642780799049,1168.4765991335607,1131.2457271023443,1157.0209462008786,1154.1570329677081,False,False
2022-05-14,12220.0,12470.0,12050.0,12160.0,12130.0,12120.0,76201024,926593642590,9297,46348559193224090,149,1401-02-24,3,0.0954637744390164,149,1166.5673236447803,1190.4332672545345,1150.3384819901476,1160.8394971784394,1157.975583945269,False,False
2022-05-15,12190.0,12240.0,11910.0,12090.0,12180.0,12160.0,53947704,652464801480,7845,46348559193224090,150,1401-02-25,1,0.0954637744390164,150,1163.7034104116099,1168.4765991335607,1136.9735535686852,1154.1570329677081,1162.7487726672198,False,False
2022-05-16,12100.0,12620.0,12090.0,12320.0,12500.0,12090.0,135088447,1664959495750,15602,46348559193224090,151,1401-02-26,1,0.0954637744390164,151,1155.1116707120984,1204.7528334203869,1154.1570329677081,1176.1137010886819,1193.297180487705,False,False
2022-05-17,12700.0,12890.0,12550.0,12770.0,12590.0,12320.0,151834110,1938810881620,16825,46348559193224090,152,1401-02-27,1,0.0954637744390164,152,1212.3899353755082,1230.5280525189214,1198.0703692096558,1219.0723995862393,1201.8889201872164,False,False
2022-05-18,12630.0,12830.0,12510.0,12690.0,12750.0,12770.0,73293898,930343913810,9650,46348559193224090,153,1401-02-28,1,0.0954637744390164,153,1205.707471164777,1224.8002260525802,1194.251818232095,1211.4352976311181,1217.163124097459,False,False
2022-05-21,12590.0,12660.0,12250.0,12550.0,12540.0,12690.0,61424001,770988228260,7022,46348559193224090,154,1401-02-31,3,0.0954637744390164,154,1201.8889201872164,1208.5713843979474,1169.4312368779508,1198.0703692096558,1197.1157314652655,False,False
2022-05-22,12560.0,12600.0,12400.0,12540.0,12560.0,12550.0,90110710,1129884635110,7097,46348559193224090,155,1401-03-01,1,0.0954637744390164,155,1199.025006954046,1202.8435579316065,1183.7508030438032,1197.1157314652655,1199.025006954046,False,False
2022-05-23,12550.0,12580.0,12270.0,12400.0,12330.0,12540.0,100386697,1245281441210,8431,46348559193224090,156,1401-03-02,1,0.0954637744390164,156,1198.0703692096558,1200.9342824428263,1171.3405123667312,1183.7508030438032,1177.0683388330722,False,False
2022-05-24,12390.0,12390.0,12180.0,12260.0,12290.0,12400.0,81883317,1004115118710,6780,46348559193224090,157,1401-03-03,1,0.0954637744390164,157,1182.7961652994131,1182.7961652994131,1162.7487726672198,1170.385874622341,1173.2497878555114,False,False
2022-05-25,12260.0,12280.0,11950.0,12110.0,12120.0,12260.0,83136147,1006676062960,10114,46348559193224090,158,1401-03-04,1,0.0954637744390164,158,1170.385874622341,1172.2951501111213,1140.7921045462458,1156.0663084564885,1157.0209462008786,False,False
2022-05-28,12120.0,12250.0,11750.0,11960.0,11980.0,12110.0,67288466,804835573370,8097,46348559193224090,159,1401-03-07,3,0.0954637744390164,159,1157.0209462008786,1169.4312368779508,1121.6993496584425,1141.7467422906361,1143.6560177794163,False,False
2022-05-29,11820.0,11890.0,11580.0,11730.0,11780.0,11960.0,59616472,699489000490,6863,46348559193224090,160,1401-03-08,1,0.0954637744390164,160,1128.3818138691738,1135.0642780799049,1105.4705080038098,1119.7900741696624,1124.563262891613,False,False
2022-05-30,11800.0,11930.0,11680.0,11750.0,11760.0,11730.0,56275815,661385948440,6326,46348559193224090,161,1401-03-09,1,0.0954637744390164,161,1126.4725383803934,1138.8828290574656,1115.0168854477115,1121.6993496584425,1122.6539874028329,False,False
2022-05-31,11770.0,11900.0,11600.0,11750.0,11700.0,11750.0,28475982,334700160320,5298,46348559193224090,162,1401-03-10,1,0.0954637744390164,162,1123.608625147223,1136.0189158242952,1107.3797834925901,1121.6993496584425,1116.926160936492,False,False
2022-06-06,11480.0,11480.0,11020.0,11280.0,11480.0,11750.0,62333539,702837327640,6488,46348559193224090,163,1401-03-16,6,0.0954637744390164,163,1095.9241305599082,1095.9241305599082,1052.0107943179607,1076.831375672105,1095.9241305599082,False,False
2022-06-07,11340.0,11340.0,11150.0,11280.0,11270.0,11280.0,79572207,897226190540,7000,46348559193224090,164,1401-03-17,1,0.0954637744390164,164,1082.559202138446,1082.559202138446,1064.4210849950327,1076.831375672105,1075.8767379277147,False,False
2022-06-08,11360.0,11360.0,11250.0,11290.0,11310.0,11280.0,50448912,569448226590,4284,46348559193224090,165,1401-03-18,1,0.0954637744390164,165,1084.4684776272263,1084.4684776272263,1073.9674624389345,1077.786013416495,1079.6952889052754,False,False
2022-06-11,11260.0,11340.0,11150.0,11290.0,11310.0,11290.0,60888112,687301209400,6432,46348559193224090,166,1401-03-21,3,0.0954637744390164,166,1074.9221001833246,1082.559202138446,1064.4210849950327,1077.786013416495,1079.6952889052754,False,False
2022-06-12,11300.0,11700.0,11200.0,11460.0,11540.0,11290.0,71378541,817716551880,7088,46348559193224090,167,1401-03-22,1,0.0954637744390164,167,1078.7406511608854,1116.926160936492,1069.1942737169836,1094.0148550711278,1101.6519570262492,False,False
2022-06-13,11600.0,12100.0,11600.0,11820.0,11660.0,11460.0,106858966,1263478092340,10013,46348559193224090,168,1401-03-23,1,0.0954637744390164,168,1107.3797834925901,1155.1116707120984,1107.3797834925901,1128.3818138691738,1113.107609958931,False,False
2022-06-14,11750.0,11910.0,11640.0,11820.0,11820.0,11820.0,66911238,790861577530,5887,46348559193224090,169,1401-03-24,1,0.0954637744390164,169,1121.6993496584425,1136.9735535686852,1111.1983344701507,1128.3818138691738,1128.3818138691738,False,False
2022-06-15,11730.0,11990.0,11580.0,11710.0,11820.0,11820.0,38764404,454047359480,5093,46348559193224090,170,1401-03-25,1,0.0954637744390164,170,1119.7900741696624,1144.6106555238066,1105.4705080038098,1117.880798680882,1128.3818138691738,False,False
2022-06-18,11650.0,11750.0,11550.0,11610.0,11700.0,11710.0,60658889,704542762480,5815,46348559193224090,171,1401-03-28,3,0.0954637744390164,171,1112.152972214541,1121.6993496584425,1102.6065947706393,1108.3344212369802,1116.926160936492,False,False
2022-06-19,11660.0,11740.0,11560.0,11610.0,11610.0,11610.0,45368856,526781701680,4662,46348559193224090,172,1401-03-29,1,0.0954637744390164,172,1113.107609958931,1120.7447119140525,1103.5612325150296,1108.3344212369802,1108.3344212369802,False,False
2022-06-20,11590.0,11740.0,11580.0,11620.0,11610.0,11610.0,49782910,578398022780,4561,46348559193224090,173,1401-03-30,1,0.0954637744390164,173,1106.4251457482,1120.7447119140525,1105.4705080038098,1109.2890589813705,1108.3344212369802,False,False
2022-06-21,11580.0,11610.0,11460.0,11550.0,11480.0,11620.0,42656631,492497000270,4072,46348559193224090,174,1401-03-31,1,0.0954637744390164,174,1105.4705080038098,1108.3344212369802,1094.0148550711278,1102.6065947706393,1095.9241305599082,False,False
2022-06-22,11460.0,11550.0,11310.0,11440.0,11470.0,11550.0,43038062,492403236100,4235,46348559193224090,175,1401-04-01,1,0.0954637744390164,175,1094.0148550711278,1102.6065947706393,1079.6952889052754,1092.1055795823474,1094.9694928155182,False,False
2022-06-25,11320.0,11320.0,11070.0,11150.0,11080.0,11440.0,80665442,899157015470,8481,46348559193224090,176,1401-04-04,3,0.0954637744390164,176,1080.6499266496655,1080.6499266496655,1056.7839830399114,1064.4210849950327,1057.7386207843017,False,False
2022-06-26,11110.0,11120.0,10750.0,10890.0,10790.0,11150.0,76316596,831277934730,6732,46348559193224090,177,1401-04-05,1,0.0954637744390164,177,1060.6025340174722,1061.5571717618623,1026.2355752194262,1039.6005036408885,1030.054126196987,False,False
2022-06-27,10800.0,10950.0,10780.0,10890.0,10900.0,10890.0,84656585,921595286720,6689,46348559193224090,178,1401-04-06,1,0.0954637744390164,178,1031.008763941377,1045.3283301072295,1029.0994884525967,1039.6005036408885,1040.5551413852786,False,False
2022-06-28,10910.0,11050.0,10880.0,10930.0,10920.0,10890.0,44829513,490102602240,5085,46348559193224090,179,1401-04-07,1,0.0954637744390164,179,1041.509779129669,1054.8747075511312,1038.6458658964984,1043.419054618449,1042.464416874059,False,False
2022-06-29,10920.0,10970.0,10900.0,10940.0,10930.0,10930.0,36334015,397507695690,3670,46348559193224090,180,1401-04-08,1,0.0954637744390164,180,1042.464416874059,1047.2376055960099,1040.5551413852786,1044.3736923628394,1043.419054618449,False,False
2022-07-02,10900.0,10930.0,10660.0,10830.0,10710.0,10940.0,40088493,433993062960,5029,46348559193224090,181,1401-04-11,3,0.0954637744390164,181,1040.5551413852786,1043.419054618449,1017.6438355199148,1033.8726771745476,1022.4170242418655,False,False
2022-07-03,10820.0,10840.0,10630.0,10800.0,10840.0,10830.0,29044751,313663612400,3937,46348559193224090,182,1401-04-12,1,0.0954637744390164,182,1032.9180394301575,1034.8273149189376,1014.7799222867443,1031.008763941377,1034.8273149189376,False,False
2022-07-04,10830.0,10900.0,10760.0,10800.0,10790.0,10800.0,27861189,300999911850,3696,46348559193224090,183,1401-04-13,1,0.0954637744390164,183,1033.8726771745476,1040.5551413852786,1027.1902129638163,1031.008763941377,1030.054126196987,False,False
2022-07-05,10830.0,11100.0,10790.0,10980.0,10990.0,10800.0,60218627,661146645770,6538,46348559193224090,184,1401-04-14,1,0.0954637744390164,184,1033.8726771745476,1059.6478962730819,1030.054126196987,1048.1922433404,1049.1468810847903,False,False
2022-07-06,10960.0,11220.0,10930.0,11040.0,10930.0,10980.0,86387594,953796275290,6988,46348559193224090,185,1401-04-15,1,0.0954637744390164,185,1046.2829678516198,1071.103549205764,1043.419054618449,1053.920069806741,1043.419054618449,False,False
2022-07-09,10990.0,11300.0,10950.0,11100.0,10990.0,11040.0,68566315,760908375230,5962,46348559193224090,186,1401-04-18,3,0.0954637744390164,186,1049.1468810847903,1078.7406511608854,1045.3283301072295,1059.6478962730819,1049.1468810847903,False,False
2022-07-11,11280.0,11660.0,11210.0,11400.0,11300.0,11100.0,113911578,1298308235010,13596,46348559193224090,187,1401-04-20,2,0.0954637744390164,187,1076.831375672105,1113.107609958931,1070.1489114613737,1088.2870286047869,1078.7406511608854,False,False
2022-07-12,11300.0,11460.0,11200.0,11370.0,11370.0,11400.0,74778647,850160009150,6903,46348559193224090,188,1401-04-21,1,0.0954637744390164,188,1078.7406511608854,1094.0148550711278,1069.1942737169836,1085.4231153716164,1085.4231153716164,False,False
2022-07-13,11400.0,11500.0,11200.0,11310.0,11370.0,11370.0,45327426,512431333470,5997,46348559193224090,189,1401-04-22,1,0.0954637744390164,189,1088.2870286047869,1097.8334060486886,1069.1942737169836,1079.6952889052754,1085.4231153716164,False,False
2022-07-16,11370.0,11370.0,10910.0,11080.0,11030.0,11310.0,48110092,533033432680,6433,46348559193224090,190,1401-04-25,3,0.0954637744390164,190,1085.4231153716164,1085.4231153716164,1041.509779129669,1057.7386207843017,1052.9654320623508,False,False
2022-07-17,11090.0,11090.0,10910.0,10990.0,10990.0,11080.0,49798334,547339174940,6205,46348559193224090,191,1401-04-26,1,0.0954637744390164,191,1058.6932585286918,1058.6932585286918,1041.509779129669,1049.1468810847903,1049.1468810847903,False,False
2022-07-24,10990.0,10990.0,10710.0,10930.0,10830.0,10990.0,27535444,300910282970,1413,46348559193224090,192,1401-05-02,7,0.0954637744390164,192,1049.1468810847903,1049.1468810847903,1022.4170242418655,1043.419054618449,1033.8726771745476,False,False
2022-07-25,10890.0,10930.0,10500.0,10690.0,10540.0,10930.0,68029792,727470113390,7488,46348559193224090,193,1401-05-03,1,0.0954637744390164,193,1039.6005036408885,1043.419054618449,1002.3696316096722,1020.5077487530853,1006.1881825872327,False,False
2022-07-26,10600.0,10760.0,10600.0,10690.0,10680.0,10690.0,45920539,490729649870,4829,46348559193224090,194,1401-05-04,1,0.0954637744390164,194,1011.9160090535738,1027.1902129638163,1011.9160090535738,1020.5077487530853,1019.553111008695,False,False
2022-07-27,10700.0,11090.0,10680.0,10930.0,10930.0,10690.0,44930484,490874652810,5716,46348559193224090,195,1401-05-05,1,0.0954637744390164,195,1021.4623864974754,1058.6932585286918,1019.553111008695,1043.419054618449,1043.419054618449,False,False
2022-07-30,10980.0,11170.0,10840.0,11040.0,10890.0,10930.0,48954520,540332728400,6181,46348559193224090,196,1401-05-08,3,0.0954637744390164,196,1048.1922433404,1066.3303604838131,1034.8273149189376,1053.920069806741,1039.6005036408885,False,False
2022-07-31,10830.0,11370.0,10690.0,11170.0,11350.0,11040.0,148767350,1661850318610,13410,46348559193224090,197,1401-05-09,1,0.0954637744390164,197,1033.8726771745476,1085.4231153716164,1020.5077487530853,1066.3303604838131,1083.513839882836,False,False
2022-08-09,5470.0,5500.0,5390.0,5460.0,5500.0,5240.0,126831611,692060828940,6913,46348559193224090,198,1401-05-18,9,0.2034981603976744,198,1113.134937375279,1119.2398821872093,1096.855084543465,1111.0999557713023,1119.2398821872093,True,True
2022-08-10,5590.0,5600.0,5480.0,5520.0,5520.0,5460.0,98255194,542781015750,8348,46348559193224090,199,1401-05-19,1,0.2034981603976744,199,1137.5547166229999,1139.5896982269767,1115.1699189792557,1123.3098453951627,1123.3098453951627,False,False
2022-08-13,5520.0,5850.0,5500.0,5780.0,5810.0,5520.0,149535604,864611493990,9910,46348559193224090,200,1401-05-22,3,0.2034981603976744,200,1123.3098453951627,1190.4642383263952,1119.2398821872093,1176.219367098558,1182.3243119104884,False,False
2022-08-14,5850.0,5850.0,5650.0,5740.0,5720.0,5780.0,61677930,354087102070,5739,46348559193224090,201,1401-05-23,1,0.2034981603976744,201,1190.4642383263952,1190.4642383263952,1149.7646062468605,1168.079440682651,1164.0094774746976,False,False
2022-08-15,5720.0,5750.0,5600.0,5670.0,5690.0,5740.0,69689904,395085094000,5627,46348559193224090,202,1401-05-24,1,0.2034981603976744,202,1164.0094774746976,1170.1144222866278,1139.5896982269767,1153.8345694548138,1157.9045326627675,False,False
2022-08-16,5730.0,5730.0,5510.0,5600.0,5590.0,5670.0,54168816,303613535090,5039,46348559193224090,203,1401-05-25,1,0.2034981603976744,203,1166.0444590786744,1166.0444590786744,1121.274863791186,1139.5896982269767,1137.5547166229999,False,False
2022-08-17,5600.0,5650.0,5500.0,5560.0,5540.0,5600.0,76206181,423917045370,5200,46348559193224090,204,1401-05-26,1,0.2034981603976744,204,1139.5896982269767,1149.7646062468605,1119.2398821872093,1131.4497718110697,1127.379808603116,False,False
2022-08-21,5420.0,5450.0,5400.0,5420.0,5430.0,5560.0,64793800,351314262970,2068,46348559193224090,205,1401-05-30,4,0.2034981603976744,205,1102.9600293553954,1109.0649741673255,1098.8900661474418,1102.9600293553954,1104.995010959372,False,False
2022-08-22,5420.0,5420.0,5240.0,5310.0,5290.0,5420.0,117052411,621874298380,8497,46348559193224090,206,1401-05-31,1,0.2034981603976744,206,1102.9600293553954,1102.9600293553954,1066.3303604838138,1080.575231711651,1076.5052685036976,False,False
2022-08-23,5230.0,5340.0,5220.0,5270.0,5280.0,5310.0,62393229,329122689880,6703,46348559193224090,207,1401-06-01,1,0.2034981603976744,207,1064.2953788798372,1086.6801765235814,1062.2603972758604,1072.435305295744,1074.4702868997208,False,False
2022-08-24,5330.0,5370.0,5280.0,5330.0,5330.0,5270.0,68699416,365888068740,5303,46348559193224090,208,1401-06-02,1,0.2034981603976744,208,1084.6451949196046,1092.7851213355116,1074.4702868997208,1084.6451949196046,1084.6451949196046,False,False
2022-08-27,5380.0,5380.0,5300.0,5330.0,5320.0,5330.0,51647450,275201828410,5280,46348559193224090,209,1401-06-05,3,0.2034981603976744,209,1094.8201029394884,1094.8201029394884,1078.5402501076744,1084.6451949196046,1082.6102133156278,False,False
2022-08-28,5350.0,5350.0,5240.0,5270.0,5260.0,5330.0,49398850,260408946750,4191,46348559193224090,210,1401-06-06,1,0.2034981603976744,210,1088.715158127558,1088.715158127558,1066.3303604838138,1072.435305295744,1070.4003236917674,False,False
2022-08-29,5270.0,5280.0,5200.0,5230.0,5210.0,5270.0,50011302,261650169900,5179,46348559193224090,211,1401-06-07,1,0.2034981603976744,211,1072.435305295744,1074.4702868997208,1058.1904340679068,1064.2953788798372,1060.2254156718836,False,False
2022-08-30,5200.0,5280.0,5130.0,5170.0,5130.0,5230.0,45326522,234455073430,5325,46348559193224090,212,1401-06-08,1,0.2034981603976744,212,1058.1904340679068,1074.4702868997208,1043.9455628400697,1052.0854892559767,1043.9455628400697,False,False
2022-08-31,5160.0,5190.0,5120.0,5140.0,5120.0,5170.0,36092715,185444802610,3911,46348559193224090,213,1401-06-09,1,0.2034981603976744,213,1050.0505076519999,1056.1554524639303,1041.9105812360929,1045.9805444440465,1041.9105812360929,False,False
2022-09-03,5120.0,5170.0,5020.0,5090.0,5080.0,5140.0,65174611,331643846300,5148,46348559193224090,214,1401-06-12,3,0.2034981603976744,214,1041.9105812360929,1052.0854892559767,1021.5607651963255,1035.8056364241627,1033.7706548201859,False,False
2022-09-04,5100.0,5180.0,5070.0,5090.0,5090.0,5090.0,42292675,215396544090,3891,46348559193224090,215,1401-06-13,1,0.2034981603976744,215,1037.8406180281395,1054.1204708599535,1031.7356732162093,1035.8056364241627,1035.8056364241627,False,False
2022-09-05,5150.0,5150.0,5050.0,5080.0,5060.0,5090.0,48675596,247383720220,4011,46348559193224090,216,1401-06-14,1,0.2034981603976744,216,1048.0155260480233,1048.0155260480233,1027.6657100082557,1033.7706548201859,1029.7006916122325,False,False
2022-09-06,5080.0,5100.0,5020.0,5060.0,5070.0,5080.0,34701518,175608551800,3234,46348559193224090,217,1401-06-15,1,0.2034981603976744,217,1033.7706548201859,1037.8406180281395,1021.5607651963255,1029.7006916122325,1031.7356732162093,False,False
2022-09-07,5080.0,5090.0,5020.0,5060.0,5040.0,5060.0,42583792,215291219330,3401,46348559193224090,218,1401-06-16,1,0.2034981603976744,218,1033.7706548201859,1035.8056364241627,1021.5607651963255,1029.7006916122325,1025.630728404279,False,False
2022-09-10,5050.0,5070.0,4990.0,5030.0,5040.0,5060.0,50441468,253873785990,3581,46348559193224090,219,1401-06-19,3,0.2034981603976744,219,1027.6657100082557,1031.7356732162093,1015.4558203843952,1023.5957468003022,1025.630728404279,False,False
2022-09-11,5040.0,5060.0,5020.0,5030.0,5030.0,5030.0,37750629,189855163190,3062,46348559193224090,220,1401-06-20,1,0.2034981603976744,220,1025.630728404279,1029.7006916122325,1021.5607651963255,1023.5957468003022,1023.5957468003022,False,False
2022-09-12,5100.0,5170.0,5050.0,5100.0,5130.0,5030.0,53997996,275376150730,5170,46348559193224090,221,1401-06-21,1,0.2034981603976744,221,1037.8406180281395,1052.0854892559767,1027.6657100082557,1037.8406180281395,1043.9455628400697,False,False
2022-09-13,5160.0,5230.0,5120.0,5180.0,5220.0,5100.0,77278407,400648290970,4958,46348559193224090,222,1401-06-22,1,0.2034981603976744,222,1050.0505076519999,1064.2953788798372,1041.9105812360929,1054.1204708599535,1062.2603972758604,False,False
2022-09-14,5250.0,5250.0,5120.0,5170.0,5150.0,5180.0,45054451,232827879720,3908,46348559193224090,223,1401-06-23,1,0.2034981603976744,223,1068.3653420877906,1068.3653420877906,1041.9105812360929,1052.0854892559767,1048.0155260480233,False,False
2022-09-18,5170.0,5190.0,5080.0,5110.0,5110.0,5170.0,34970851,178779610790,3165,46348559193224090,224,1401-06-27,4,0.2034981603976744,224,1052.0854892559767,1056.1554524639303,1033.7706548201859,1039.8755996321163,1039.8755996321163,False,False
2022-09-19,5110.0,5120.0,5080.0,5100.0,5090.0,5110.0,41222453,210164540620,2704,46348559193224090,225,1401-06-28,1,0.2034981603976744,225,1039.8755996321163,1041.9105812360929,1033.7706548201859,1037.8406180281395,1035.8056364241627,False,False
2022-09-20,5100.0,5110.0,5060.0,5080.0,5070.0,5100.0,29849060,151667409260,2366,46348559193224090,226,1401-06-29,1,0.2034981603976744,226,1037.8406180281395,1039.8755996321163,1029.7006916122325,1033.7706548201859,1031.7356732162093,False,False
2022-09-21,5050.0,5080.0,4990.0,5020.0,4990.0,5080.0,49116423,246375980990,4401,46348559193224090,227,1401-06-30,1,0.2034981603976744,227,1027.6657100082557,1033.7706548201859,1015.4558203843952,1021.5607651963255,1015.4558203843952,False,False
2022-09-24,4990.0,4990.0,4860.0,4910.0,4880.0,5020.0,47330516,232389135810,4780,46348559193224090,228,1401-07-02,3,0.2034981603976744,228,1015.4558203843952,1015.4558203843952,989.0010595326976,999.1759675525814,993.0710227406511,False,False
2022-09-26,4880.0,5020.0,4870.0,4950.0,4920.0,4910.0,49543805,245442683220,4308,46348559193224090,229,1401-07-04,2,0.2034981603976744,229,993.0710227406511,1021.5607651963255,991.0360411366744,1007.3158939684884,1001.2109491565581,False,False
2022-09-28,4990.0,5110.0,4950.0,5040.0,5020.0,4950.0,44592048,224675735280,3552,46348559193224090,230,1401-07-06,2,0.2034981603976744,230,1015.4558203843952,1039.8755996321163,1007.3158939684884,1025.630728404279,1021.5607651963255,False,False
2022-10-01,5060.0,5060.0,4900.0,4930.0,4900.0,5040.0,42451061,209322592000,3400,46348559193224090,231,1401-07-09,3,0.2034981603976744,231,1029.7006916122325,1029.7006916122325,997.1409859486046,1003.2459307605349,997.1409859486046,False,False
2022-10-02,4920.0,4970.0,4870.0,4930.0,4940.0,4930.0,35283387,173876232690,2643,46348559193224090,232,1401-07-10,1,0.2034981603976744,232,1001.2109491565581,1011.3858571764418,991.0360411366744,1003.2459307605349,1005.2809123645116,False,False
2022-10-03,4930.0,4980.0,4900.0,4930.0,4910.0,4930.0,26126619,128730444420,2143,46348559193224090,233,1401-07-11,1,0.2034981603976744,233,1003.2459307605349,1013.4208387804185,997.1409859486046,1003.2459307605349,999.1759675525814,False,False
2022-10-04,4910.0,4960.0,4900.0,4920.0,4920.0,4930.0,22066425,108470642630,2104,46348559193224090,234,1401-07-12,1,0.2034981603976744,234,999.1759675525814,1009.350875572465,997.1409859486046,1001.2109491565581,1001.2109491565581,False,False
2022-10-08,4920.0,4980.0,4899.0,4914.0,4902.0,4920.0,28772541,141391370083,2848,46348559193224090,235,1401-07-16,4,0.2034981603976744,235,1001.2109491565581,1013.4208387804185,996.9374877882069,999.989960194172,997.5479822693999,False,False
2022-10-09,4914.0,4920.0,4880.0,4909.0,4901.0,4914.0,55112475,270569610422,2578,46348559193224090,236,1401-07-17,1,0.2034981603976744,236,999.989960194172,1001.2109491565581,993.0710227406511,998.9724693921836,997.3444841090022,False,False
2022-10-10,4909.0,4920.0,4879.0,4897.0,4910.0,4909.0,33137450,162276887259,2719,46348559193224090,237,1401-07-18,1,0.2034981603976744,237,998.9724693921836,1001.2109491565581,992.8675245802534,996.5304914674116,999.1759675525814,False,False
2022-10-11,4921.0,5060.0,4904.0,4979.0,5015.0,4897.0,37174234,185088976799,2794,46348559193224090,238,1401-07-19,1,0.2034981603976744,238,1001.4144473169557,1029.7006916122325,997.9549785901953,1013.2173406200209,1020.5432743943371,False,False
2022-10-12,5055.0,5090.0,5018.0,5058.0,5065.0,4979.0,32782519,165804890175,2532,46348559193224090,239,1401-07-20,1,0.2034981603976744,239,1028.6832008102442,1035.8056364241627,1021.1537688755302,1029.2936952914372,1030.7181824142208,False,False
2022-10-15,5070.0,5080.0,4940.0,5030.0,5040.0,5058.0,29365546,147769564460,2299,46348559193224090,240,1401-07-23,3,0.2034981603976744,240,1031.7356732162093,1033.7706548201859,1005.2809123645116,1023.5957468003022,1025.630728404279,False,False
2022-10-16,5040.0,5040.0,4930.0,4990.0,5010.0,5030.0,37568225,187280095670,2303,46348559193224090,241,1401-07-24,1,0.2034981603976744,241,1025.630728404279,1025.630728404279,1003.2459307605349,1015.4558203843952,1019.5257835923487,False,False
2022-10-17,5000.0,5000.0,4910.0,4980.0,5000.0,4990.0,29816705,148598209630,2078,46348559193224090,242,1401-07-25,1,0.2034981603976744,242,1017.490801988372,1017.490801988372,999.1759675525814,1013.4208387804185,1017.490801988372,False,False
2022-10-18,5000.0,5010.0,4910.0,4950.0,4930.0,4980.0,28056860,138832419600,2405,46348559193224090,243,1401-07-26,1,0.2034981603976744,243,1017.490801988372,1019.5257835923487,999.1759675525814,1007.3158939684884,1003.2459307605349,False,False
2022-10-19,4940.0,4960.0,4880.0,4910.0,4890.0,4950.0,21968294,107777591770,2687,46348559193224090,244,1401-07-27,1,0.2034981603976744,244,1005.2809123645116,1009.350875572465,993.0710227406511,999.1759675525814,995.1060043446279,False,False
2022-10-22,4901.0,4910.0,4859.0,4884.0,4874.0,4910.0,46946435,229284145937,3411,46348559193224090,245,1401-07-30,3,0.2034981603976744,245,997.3444841090022,999.1759675525814,988.7975613722999,993.8850153822418,991.850033778265,False,False
2022-10-23,4854.0,4855.0,4643.0,4732.0,4699.0,4884.0,78221679,370118817921,6549,46348559193224090,246,1401-08-01,1,0.2034981603976744,246,987.7800705703115,987.9835687307092,944.8419587264023,962.9532950017953,956.237855708672,False,False
2022-10-24,4640.0,4640.0,4416.0,4474.0,4471.0,4732.0,313694377,1403405133900,17347,46348559193224090,247,1401-08-02,1,0.2034981603976744,247,944.2314642452093,944.2314642452093,898.6478763161301,910.4507696191953,909.8402751380023,False,False
2022-10-25,4474.0,4493.0,4378.0,4432.0,4388.0,4474.0,129681942,574775783609,8398,46348559193224090,248,1401-08-03,1,0.2034981603976744,248,910.4507696191953,914.3172346667511,890.9149462210186,901.903846882493,892.9499278249953,False,False
2022-10-26,4424.0,4444.0,4214.0,4311.0,4285.0,4432.0,154912131,667857561633,8843,46348559193224090,249,1401-08-04,1,0.2034981603976744,249,900.2758615993116,904.3458248072651,857.5412479157999,877.2805694743744,871.9896173040348,False,False
2022-10-29,4370.0,4404.0,4319.0,4361.0,4342.0,4311.0,173822689,758034735976,6457,46348559193224090,250,1401-08-07,3,0.2034981603976744,250,889.2869609378372,896.2058983913581,878.9085547575557,887.455477494258,883.5890124467022,False,False
2022-10-30,4394.0,4550.0,4365.0,4487.0,4550.0,4361.0,191063150,857329089916,6832,46348559193224090,251,1401-08-08,1,0.2034981603976744,251,894.1709167873813,925.9166298094185,888.2694701358488,913.0962457043651,925.9166298094185,False,False
2022-10-31,4550.0,4590.0,4517.0,4549.0,4580.0,4487.0,117473603,534376504795,5381,46348559193224090,252,1401-08-09,1,0.2034981603976744,252,925.9166298094185,934.0565562253255,919.2011905162952,925.7131316490209,932.0215746213488,False,False
2022-11-01,4580.0,4645.0,4560.0,4611.0,4582.0,4549.0,91024869,419710974654,4478,46348559193224090,253,1401-08-10,1,0.2034981603976744,253,932.0215746213488,945.2489550471976,927.9516114133953,938.3300175936766,932.4285709421441,False,False
2022-11-02,4611.0,4669.0,4522.0,4610.0,4666.0,4611.0,113926621,525215981446,4848,46348559193224090,254,1401-08-11,1,0.2034981603976744,254,938.3300175936766,950.1329108967418,920.2186813182836,938.126519433279,949.5224164155487,False,False
2022-11-05,4660.0,4932.0,4660.0,4914.0,4932.0,4610.0,252089157,1238879152487,7470,46348559193224090,255,1401-08-14,3,0.2034981603976744,255,948.3014274531628,1003.6529270813302,948.3014274531628,999.989960194172,1003.6529270813302,False,False
2022-11-06,4944.0,5050.0,4850.0,4949.0,4985.0,4914.0,153882871,761510439861,8739,46348559193224090,256,1401-08-15,1,0.2034981603976744,256,1006.0949050061023,1027.6657100082557,986.9660779287209,1007.1123958080906,1014.4383295824069,False,False
2022-11-07,4985.0,5249.0,4950.0,5128.0,5214.0,4949.0,186032836,954036565584,10364,46348559193224090,257,1401-08-16,1,0.2034981603976744,257,1014.4383295824069,1068.161843927393,1007.3158939684884,1043.5385665192744,1061.0394083134743,False,False
2022-11-08,5221.0,5347.0,5034.0,5166.0,5156.0,5128.0,179079767,925203619945,10808,46348559193224090,258,1401-08-17,1,0.2034981603976744,258,1062.463895436258,1088.104663646365,1024.409739441893,1051.271496614386,1049.2365150104092,False,False
2022-11-09,5149.0,5260.0,5021.0,5157.0,5160.0,5166.0,132021163,680771015779,7188,46348559193224090,259,1401-08-18,1,0.2034981603976744,259,1047.8120278876256,1070.4003236917674,1021.7642633567232,1049.4400131708069,1050.0505076519999,False,False
2022-11-12,5160.0,5340.0,5100.0,5210.0,5110.0,5157.0,108555719,565638299160,7146,46348559193224090,260,1401-08-21,3,0.2034981603976744,260,1050.0505076519999,1086.6801765235814,1037.8406180281395,1060.2254156718836,1039.8755996321163,False,False
2022-11-13,5110.0,5160.0,5020.0,5080.0,5080.0,5210.0,90819243,461236437200,6412,46348559193224090,261,1401-08-22,1,0.2034981603976744,261,1039.8755996321163,1050.0505076519999,1021.5607651963255,1033.7706548201859,1033.7706548201859,False,False
2022-11-14,5080.0,5110.0,4920.0,5030.0,5080.0,5080.0,82687906,416324833280,4976,46348559193224090,262,1401-08-23,1,0.2034981603976744,262,1033.7706548201859,1039.8755996321163,1001.2109491565581,1023.5957468003022,1033.7706548201859,False,False
2022-11-15,5030.0,5100.0,5000.0,5040.0,5070.0,5030.0,72657034,366174324130,3830,46348559193224090,263,1401-08-24,1,0.2034981603976744,263,1023.5957468003022,1037.8406180281395,1017.490801988372,1025.630728404279,1031.7356732162093,False,False
2022-11-16,5080.0,5110.0,5010.0,5060.0,5040.0,5040.0,48226617,243801306180,3079,46348559193224090,264,1401-08-25,1,0.2034981603976744,264,1033.7706548201859,1039.8755996321163,1019.5257835923487,1029.7006916122325,1025.630728404279,False,False
2022-11-19,5040.0,5040.0,4820.0,4900.0,4920.0,5060.0,106945198,523601572860,5745,46348559193224090,265,1401-08-28,3,0.2034981603976744,265,1025.630728404279,1025.630728404279,980.8611331167906,997.1409859486046,1001.2109491565581,False,False
2022-11-20,4860.0,5050.0,4850.0,4980.0,4960.0,4900.0,50420114,251140080480,3135,46348559193224090,266,1401-08-29,1,0.2034981603976744,266,989.0010595326976,1027.6657100082557,986.9660779287209,1013.4208387804185,1009.350875572465,False,False
2022-11-21,4990.0,5010.0,4920.0,4980.0,4950.0,4980.0,62515328,311526832330,3290,46348559193224090,267,1401-08-30,1,0.2034981603976744,267,1015.4558203843952,1019.5257835923487,1001.2109491565581,1013.4208387804185,1007.3158939684884,False,False
2022-11-22,4950.0,4990.0,4910.0,4950.0,4930.0,4980.0,31997103,158310638970,2560,46348559193224090,268,1401-09-01,1,0.2034981603976744,268,1007.3158939684884,1015.4558203843952,999.1759675525814,1007.3158939684884,1003.2459307605349,False,False
2022-11-23,4950.0,4970.0,4900.0,4930.0,4920.0,4950.0,46624018,230020810690,3450,46348559193224090,269,1401-09-02,1,0.2034981603976744,269,1007.3158939684884,1011.3858571764418,997.1409859486046,1003.2459307605349,1001.2109491565581,False,False
2022-11-26,4990.0,5000.0,4880.0,4912.0,4900.0,4930.0,40813436,200478624168,3099,46348559193224090,270,1401-09-05,3,0.2034981603976744,270,1015.4558203843952,1017.490801988372,993.0710227406511,999.5829638733767,997.1409859486046,False,False
2022-11-27,4900.0,4970.0,4871.0,4918.0,4950.0,4912.0,63563986,312633356598,3372,46348559193224090,271,1401-09-06,1,0.2034981603976744,271,997.1409859486046,1011.3858571764418,991.239539297072,1000.8039528357627,1007.3158939684884,False,False
2022-11-28,4930.0,4945.0,4910.0,4922.0,4921.0,4918.0,66075060,325225129077,3900,46348559193224090,272,1401-09-07,1,0.2034981603976744,272,1003.2459307605349,1006.2984031665,999.1759675525814,1001.6179454773534,1001.4144473169557,False,False
2022-12-03,4969.0,5040.0,4949.0,4984.0,4990.0,4922.0,38451481,191634806729,2198,46348559193224090,273,1401-09-12,5,0.2034981603976744,273,1011.1823590160441,1025.630728404279,1007.1123958080906,1014.2348314220093,1015.4558203843952,False,False
2022-12-04,4950.0,5020.0,4933.0,4987.0,4981.0,4984.0,74246594,370304089737,4110,46348559193224090,274,1401-09-13,1,0.2034981603976744,274,1007.3158939684884,1021.5607651963255,1003.8564252417278,1014.8453259032023,1013.6243369408162,False,False
2022-12-05,5000.0,5000.0,4929.0,4959.0,4988.0,4987.0,74759233,370762515248,3729,46348559193224090,275,1401-09-14,1,0.2034981603976744,275,1017.490801988372,1017.490801988372,1003.0424326001371,1009.1473774120674,1015.0488240635999,False,False
2022-12-06,4962.0,4963.0,4921.0,4940.0,4922.0,4959.0,53175287,262695442028,3228,46348559193224090,276,1401-09-15,1,0.2034981603976744,276,1009.7578718932604,1009.961370053658,1001.4144473169557,1005.2809123645116,1001.6179454773534,False,False
2022-12-07,4915.0,4920.0,4815.0,4865.0,4817.0,4940.0,52737862,256559863198,5099,46348559193224090,277,1401-09-16,1,0.2034981603976744,277,1000.1934583545697,1001.2109491565581,979.8436423148023,990.018550334686,980.2506386355976,False,False
2022-12-10,4819.0,4819.0,4706.0,4756.0,4740.0,4865.0,72699016,345762181236,4638,46348559193224090,278,1401-09-19,3,0.2034981603976744,278,980.6576349563929,980.6576349563929,957.6623428314557,967.8372508513395,964.5812802849766,False,False
2022-12-11,4759.0,4880.0,4759.0,4795.0,4806.0,4756.0,70375438,337452117742,4971,46348559193224090,279,1401-09-20,1,0.2034981603976744,279,968.4477453325325,993.0710227406511,968.4477453325325,975.7736791068488,978.0121588712232,False,False
2022-12-12,4800.0,5030.0,4800.0,4965.0,5020.0,4795.0,94668209,469991376180,5576,46348559193224090,280,1401-09-21,1,0.2034981603976744,280,976.7911699088371,1023.5957468003022,976.7911699088371,1010.3683663744534,1021.5607651963255,False,False
2022-12-13,5051.0,5312.0,5051.0,5287.0,5312.0,4965.0,348239330,1841278845326,11985,46348559193224090,281,1401-09-22,1,0.2034981603976744,281,1027.8692081686534,1080.9822280324465,1027.8692081686534,1075.8947740225046,1080.9822280324465,False,False
2022-12-14,5380.0,5647.0,5360.0,5467.0,5438.0,5287.0,206867820,1130962784485,10860,46348559193224090,282,1401-09-23,1,0.2034981603976744,282,1094.8201029394884,1149.1541117656673,1090.7501397315348,1112.524442894086,1106.6229962425534,False,False
2022-12-17,5450.0,5460.0,5320.0,5390.0,5410.0,5467.0,97960083,528401436320,6174,46348559193224090,283,1401-09-26,3,0.2034981603976744,283,1109.0649741673255,1111.0999557713023,1082.6102133156278,1096.855084543465,1100.9250477514186,False,False
2022-12-18,5470.0,5720.0,5470.0,5620.0,5630.0,5390.0,167058795,939687870320,7676,46348559193224090,284,1401-09-27,1,0.2034981603976744,284,1113.134937375279,1164.0094774746976,1113.134937375279,1143.65966143493,1145.6946430389069,False,False
2022-12-19,5700.0,5740.0,5500.0,5630.0,5580.0,5620.0,139743574,786143009800,6804,46348559193224090,285,1401-09-28,1,0.2034981603976744,285,1159.939514266744,1168.079440682651,1119.2398821872093,1145.6946430389069,1135.519735019023,False,False
2022-12-20,5630.0,5650.0,5490.0,5550.0,5530.0,5630.0,79175063,439309298680,4437,46348559193224090,286,1401-09-29,1,0.2034981603976744,286,1145.6946430389069,1149.7646062468605,1117.2049005832325,1129.414790207093,1125.3448269991395,False,False
2022-12-21,5490.0,5610.0,5450.0,5530.0,5540.0,5550.0,65637455,362671842750,4222,46348559193224090,287,1401-09-30,1,0.2034981603976744,287,1117.2049005832325,1141.6246798309535,1109.0649741673255,1125.3448269991395,1127.379808603116,False,False
2022-12-24,5600.0,5910.0,5570.0,5830.0,5910.0,5530.0,193191975,1127137514960,10551,46348559193224090,288,1401-10-03,3,0.2034981603976744,288,1139.5896982269767,1202.6741279502558,1133.4847534150465,1186.3942751184418,1202.6741279502558,False,False
2022-12-25,6000.0,6050.0,5830.0,5930.0,5880.0,5830.0,140889964,835853304270,9149,46348559193224090,289,1401-10-04,1,0.2034981603976744,289,1220.9889623860465,1231.16387040593,1186.3942751184418,1206.7440911582091,1196.5691831383256,False,False
2022-12-26,5890.0,5940.0,5760.0,5880.0,5880.0,5930.0,120347075,708241517020,8243,46348559193224090,290,1401-10-05,1,0.2034981603976744,290,1198.6041647423021,1208.779072762186,1172.1494038906046,1196.5691831383256,1196.5691831383256,False,False
2022-12-28,6100.0,6290.0,6100.0,6280.0,6290.0,5880.0,411315121,2584212227560,12332,46348559193224090,291,1401-10-07,2,0.2034981603976744,291,1241.3387784258139,1280.003428901372,1241.3387784258139,1277.9684472973952,1280.003428901372,False,False
2022-12-31,5870.0,6250.0,5850.0,5970.0,5910.0,6280.0,347343782,2074518348440,18877,46348559193224090,292,1401-10-10,3,0.2034981603976744,292,1194.5342015343488,1271.863502485465,1190.4642383263952,1214.8840175741161,1202.6741279502558,False,False
2023-01-01,5870.0,6090.0,5700.0,5840.0,5920.0,5970.0,211337374,1234269617780,11497,46348559193224090,293,1401-10-11,1,0.2034981603976744,293,1194.5342015343488,1239.303796821837,1159.939514266744,1188.4292567224186,1204.7091095542326,False,False
2023-01-02,6000.0,6030.0,5940.0,5980.0,5960.0,5840.0,127510359,762209973230,7775,46348559193224090,294,1401-10-12,1,0.2034981603976744,294,1220.9889623860465,1227.0939071979767,1208.779072762186,1216.918999178093,1212.8490359701395,False,False
2023-01-03,6020.0,6050.0,5850.0,5940.0,5900.0,5980.0,150830117,896675120360,8137,46348559193224090,295,1401-10-13,1,0.2034981603976744,295,1225.058925594,1231.16387040593,1190.4642383263952,1208.779072762186,1200.639146346279,False,False
2023-01-04,5930.0,5930.0,5760.0,5800.0,5880.0,5940.0,86151879,499673095060,6707,46348559193224090,296,1401-10-14,1,0.2034981603976744,296,1206.7440911582091,1206.7440911582091,1172.1494038906046,1180.2893303065116,1196.5691831383256,False,False
2023-01-07,5880.0,5990.0,5800.0,5900.0,5930.0,5800.0,104310491,615325795490,7624,46348559193224090,297,1401-10-17,3,0.2034981603976744,297,1196.5691831383256,1218.9539807820697,1180.2893303065116,1200.639146346279,1206.7440911582091,False,False
2023-01-08,6050.0,6220.0,5960.0,6080.0,6010.0,5900.0,212355054,1291643168700,11173,46348559193224090,298,1401-10-18,1,0.2034981603976744,298,1231.16387040593,1265.7585576735348,1212.8490359701395,1237.2688152178605,1223.023943990023,False,False
2023-01-09,6050.0,6290.0,6010.0,6130.0,6210.0,6080.0,176884698,1085120802290,9445,46348559193224090,299,1401-10-19,1,0.2034981603976744,299,1231.16387040593,1280.003428901372,1223.023943990023,1247.443723237744,1263.723576069558,False,False
2023-01-10,6410.0,6550.0,6380.0,6500.0,6460.0,6130.0,414261588,2692696671570,18219,46348559193224090,300,1401-10-20,1,0.2034981603976744,300,1304.423208149093,1332.9129506047673,1298.3182633371628,1322.7380425848837,1314.5981161689767,False,False
2023-01-11,6480.0,6530.0,6300.0,6420.0,6350.0,6500.0,135329474,869126197930,10207,46348559193224090,301,1401-10-21,1,0.2034981603976744,301,1318.66807937693,1328.842987396814,1282.0384105053488,1306.4581897530697,1292.2133185252326,False,False
2023-01-14,6240.0,6470.0,6060.0,6300.0,6430.0,6420.0,161647166,1018707640060,9167,46348559193224090,302,1401-10-24,3,0.2034981603976744,302,1269.8285208814882,1316.6330977729533,1233.198852009907,1282.0384105053488,1308.4931713570463,False,False
2023-01-16,6430.0,6560.0,6380.0,6460.0,6470.0,6300.0,117797090,761003309590,8144,46348559193224090,303,1401-10-26,2,0.2034981603976744,303,1308.4931713570463,1334.947932208744,1298.3182633371628,1314.5981161689767,1316.6330977729533,False,False
2023-01-17,6510.0,6560.0,6360.0,6440.0,6390.0,6460.0,147135689,946843758930,9549,46348559193224090,304,1401-10-27,1,0.2034981603976744,304,1324.7730241888603,1334.947932208744,1294.2483001292092,1310.5281529610231,1300.3532449411393,False,False
2023-01-18,6410.0,6460.0,6350.0,6400.0,6380.0,6440.0,99567404,637187728960,7617,46348559193224090,305,1401-10-28,1,0.2034981603976744,305,1304.423208149093,1314.5981161689767,1292.2133185252326,1302.3882265451161,1298.3182633371628,False,False
2023-01-21,6190.0,6310.0,6100.0,6140.0,6130.0,6400.0,257670035,1583039003060,14448,46348559193224090,306,1401-11-01,3,0.2034981603976744,306,1259.6536128616046,1284.0733921093256,1241.3387784258139,1249.4787048417209,1247.443723237744,False,False
2023-01-22,6130.0,6290.0,6110.0,6180.0,6240.0,6140.0,131724234,814437533830,7806,46348559193224090,307,1401-11-02,1,0.2034981603976744,307,1247.443723237744,1280.003428901372,1243.3737600297907,1257.6186312576278,1269.8285208814882,False,False
2023-01-23,6240.0,6380.0,6110.0,6230.0,6260.0,6180.0,136778785,852041899700,7263,46348559193224090,308,1401-11-03,1,0.2034981603976744,308,1269.8285208814882,1298.3182633371628,1243.3737600297907,1267.7935392775116,1273.8984840894418,False,False
2023-01-24,6220.0,6270.0,6140.0,6210.0,6210.0,6230.0,73351074,455517365500,5084,46348559193224090,309,1401-11-04,1,0.2034981603976744,309,1265.7585576735348,1275.9334656934186,1249.4787048417209,1263.723576069558,1263.723576069558,False,False
2023-01-25,6200.0,6200.0,6030.0,6080.0,6100.0,6210.0,118382059,719736194500,6761,46348559193224090,310,1401-11-05,1,0.2034981603976744,310,1261.6885944655812,1261.6885944655812,1227.0939071979767,1237.2688152178605,1241.3387784258139,False,False
2023-01-28,6140.0,6180.0,6020.0,6080.0,6030.0,6080.0,125951557,765625435350,6878,46348559193224090,311,1401-11-08,3,0.2034981603976744,311,1249.4787048417209,1257.6186312576278,1225.058925594,1237.2688152178605,1227.0939071979767,False,False
2023-01-29,6010.0,6020.0,5790.0,5870.0,5970.0,6080.0,189522032,1112787029200,9240,46348559193224090,312,1401-11-09,1,0.2034981603976744,312,1223.023943990023,1225.058925594,1178.2543487025348,1194.5342015343488,1214.8840175741161,False,False
2023-01-30,5800.0,6010.0,5680.0,5870.0,5970.0,5870.0,138509344,813328770150,7765,46348559193224090,313,1401-11-10,1,0.2034981603976744,313,1180.2893303065116,1223.023943990023,1155.8695510587906,1194.5342015343488,1214.8840175741161,False,False
2023-01-31,5970.0,6100.0,5910.0,5990.0,5990.0,5870.0,90202536,540280991020,5095,46348559193224090,314,1401-11-11,1,0.2034981603976744,314,1214.8840175741161,1241.3387784258139,1202.6741279502558,1218.9539807820697,1218.9539807820697,False,False
2023-02-01,6000.0,6030.0,5960.0,5990.0,5980.0,5990.0,98408845,589616040120,4478,46348559193224090,315,1401-11-12,1,0.2034981603976744,315,1220.9889623860465,1227.0939071979767,1212.8490359701395,1218.9539807820697,1216.918999178093,False,False
2023-02-05,5980.0,6000.0,5890.0,5950.0,5950.0,5990.0,157450063,936777854100,5581,46348559193224090,316,1401-11-16,4,0.2034981603976744,316,1216.918999178093,1220.9889623860465,1198.6041647423021,1210.8140543661627,1210.8140543661627,False,False
2023-02-06,5950.0,6080.0,5940.0,6000.0,6050.0,5950.0,91392166,547903510110,4885,46348559193224090,317,1401-11-17,1,0.2034981603976744,317,1210.8140543661627,1237.2688152178605,1208.779072762186,1220.9889623860465,1231.16387040593,False,False
2023-02-07,6050.0,6270.0,6050.0,6180.0,6250.0,6000.0,104857562,648202833750,5796,46348559193224090,318,1401-11-18,1,0.2034981603976744,318,1231.16387040593,1275.9334656934186,1231.16387040593,1257.6186312576278,1271.863502485465,False,False
2023-02-08,6220.0,6380.0,6200.0,6270.0,6210.0,6180.0,102835863,644619084580,5958,46348559193224090,319,1401-11-19,1,0.2034981603976744,319,1265.7585576735348,1298.3182633371628,1261.6885944655812,1275.9334656934186,1263.723576069558,False,False
2023-02-12,6220.0,6300.0,6200.0,6260.0,6280.0,6270.0,85916203,537581611410,4999,46348559193224090,320,1401-11-23,4,0.2034981603976744,320,1265.7585576735348,1282.0384105053488,1261.6885944655812,1273.8984840894418,1277.9684472973952,False,False
2023-02-13,6290.0,6410.0,6260.0,6320.0,6290.0,6260.0,105500295,666607514800,5363,46348559193224090,321,1401-11-24,1,0.2034981603976744,321,1280.003428901372,1304.423208149093,1273.8984840894418,1286.1083737133022,1280.003428901372,False,False
2023-02-14,6310.0,6350.0,6240.0,6300.0,6260.0,6320.0,101760189,640598665600,5002,46348559193224090,322,1401-11-25,1,0.2034981603976744,322,1284.0733921093256,1292.2133185252326,1269.8285208814882,1282.0384105053488,1273.8984840894418,False,False
2023-02-15,6260.0,6330.0,6210.0,6270.0,6270.0,6300.0,71012495,445507459850,4058,46348559193224090,323,1401-11-26,1,0.2034981603976744,323,1273.8984840894418,1288.143355317279,1263.723576069558,1275.9334656934186,1275.9334656934186,False,False
2023-02-19,6300.0,6580.0,6290.0,6420.0,6550.0,6270.0,207471282,1331841386560,10562,46348559193224090,324,1401-11-30,4,0.2034981603976744,324,1282.0384105053488,1339.0178954166977,1280.003428901372,1306.4581897530697,1332.9129506047673,False,False
2023-02-20,6830.0,6860.0,6700.0,6860.0,6860.0,6420.0,365385476,2505567764270,8715,46348559193224090,325,1401-12-01,1,0.2034981603976744,325,1389.8924355161162,1395.9973803280463,1363.4376746644184,1395.9973803280463,1395.9973803280463,False,False
2023-02-21,7340.0,7340.0,7280.0,7340.0,7340.0,6860.0,749737326,5502494011290,19217,46348559193224090,326,1401-12-02,1,0.2034981603976744,326,1493.6764973189302,1493.6764973189302,1481.4666076950696,1493.6764973189302,1493.6764973189302,False,False
2023-02-22,7380.0,7700.0,7250.0,7440.0,7640.0,7340.0,436560018,3247614786220,24118,46348559193224090,327,1401-12-03,1,0.2034981603976744,327,1501.8164237348371,1566.935835062093,1475.3616628831394,1514.0263133586975,1554.7259454382324,False,False
2023-02-25,7960.0,7960.0,7960.0,7960.0,7960.0,7440.0,265914635,2116680494600,6964,46348559193224090,328,1401-12-06,3,0.2034981603976744,328,1619.8453567654883,1619.8453567654883,1619.8453567654883,1619.8453567654883,1619.8453567654883,False,False
2023-02-26,8510.0,8510.0,8220.0,8480.0,8510.0,7960.0,861116981,7304527404450,36474,46348559193224090,329,1401-12-07,1,0.2034981603976744,329,1731.7693449842093,1731.7693449842093,1672.7548784688836,1725.6644001722789,1731.7693449842093,False,False
2023-02-27,8370.0,8750.0,8070.0,8450.0,8450.0,8480.0,524418093,4432543800570,29988,46348559193224090,330,1401-12-08,1,0.2034981603976744,330,1703.2796025285347,1780.608903479651,1642.2301544092325,1719.5594553603487,1719.5594553603487,False,False
2023-02-28,8550.0,8700.0,8270.0,8570.0,8480.0,8450.0,275533774,2360615169270,17938,46348559193224090,331,1401-12-09,1,0.2034981603976744,331,1739.9092714001163,1770.4339954597674,1682.9297864887674,1743.9792346080696,1725.6644001722789,False,False
2023-03-01,8490.0,8560.0,8200.0,8350.0,8220.0,8570.0,379717791,3171957615060,18891,46348559193224090,332,1401-12-10,1,0.2034981603976744,332,1727.6993817762557,1741.9442530040928,1668.6849152609302,1699.2096393205813,1672.7548784688836,False,False
2023-03-04,8210.0,8230.0,8020.0,8110.0,8050.0,8350.0,213687956,1733561550510,14240,46348559193224090,333,1401-12-13,3,0.2034981603976744,333,1670.7198968649068,1674.7898600728604,1632.0552463893487,1650.3700808251394,1638.1601912012788,False,False
2023-03-05,8050.0,8350.0,8000.0,8080.0,8070.0,8110.0,147265490,1190305085530,10816,46348559193224090,334,1401-12-14,1,0.2034981603976744,334,1638.1601912012788,1699.2096393205813,1627.9852831813953,1644.2651360132093,1642.2301544092325,False,False
2023-03-06,8070.0,8070.0,7760.0,7940.0,7960.0,8080.0,206946906,1643957876640,11062,46348559193224090,335,1401-12-15,1,0.2034981603976744,335,1642.2301544092325,1642.2301544092325,1579.1457246859534,1615.7753935575347,1619.8453567654883,False,False
2023-03-07,8010.0,8490.0,8010.0,8440.0,8490.0,7940.0,549719790,4636956055790,20825,46348559193224090,336,1401-12-16,1,0.2034981603976744,336,1630.020264785372,1727.6993817762557,1630.020264785372,1717.524473756372,1727.6993817762557,False,False
2023-03-11,8440.0,8490.0,8100.0,8260.0,8120.0,8440.0,294411392,2430862780590,20572,46348559193224090,337,1401-12-20,4,0.2034981603976744,337,1717.524473756372,1727.6993817762557,1648.3350992211626,1680.8948048847906,1652.4050624291162,False,False
2023-03-12,8000.0,8060.0,7780.0,7920.0,7900.0,8260.0,219466342,1738974076590,13905,46348559193224090,338,1401-12-21,1,0.2034981603976744,338,1627.9852831813953,1640.1951728052557,1583.2156878939068,1611.7054303495813,1607.6354671416277,False,False
2023-03-13,7920.0,8100.0,7880.0,7940.0,7930.0,7920.0,235952241,1874264149280,15895,46348559193224090,339,1401-12-22,1,0.2034981603976744,339,1611.7054303495813,1648.3350992211626,1603.5655039336743,1615.7753935575347,1613.7404119535581,False,False
2023-03-19,5770.0,6060.0,5770.0,5890.0,6000.0,5260.0,891831928,5248841901830,25825,46348559193224090,340,1401-12-28,6,0.3071816337561854,340,1772.4380267731897,1861.5207005624836,1772.4380267731897,1809.2998228239321,1843.0898025371125,True,True
2023-03-25,6150.0,6300.0,5910.0,6230.0,6300.0,5890.0,456619517,2845098629170,25586,46348559193224090,341,1402-01-05,6,0.3071816337561854,341,1889.1670476005402,1935.244292663968,1815.4434554990557,1913.7415783010351,1935.244292663968,False,False
2023-03-26,6380.0,6570.0,6110.0,6320.0,6180.0,6230.0,362716933,2293861386440,29399,46348559193224090,342,1402-01-06,1,0.3071816337561854,342,1959.8188233644628,2018.1833337781381,1876.8797822502927,1941.3879253390917,1898.3824966132258,False,False
2023-03-28,6430.0,6460.0,6210.0,6310.0,6320.0,6340.0,319285689,2013357236110,25730,46348559193224090,343,1402-01-08,2,0.3062126065203615,343,1968.9470599259243,1978.1334381215352,1901.5802864914447,1932.2015471434809,1935.2636732086846,False,True
2023-03-29,6330.0,6400.0,6250.0,6310.0,6320.0,6310.0,261767907,1651511976380,21753,46348559193224090,344,1402-01-09,1,0.3062126065203615,344,1938.3257992738882,1959.7606817303135,1913.8287907522592,1932.2015471434809,1935.2636732086846,False,False
2023-04-03,6240.0,6300.0,6000.0,6210.0,6300.0,6310.0,324399386,2013119001210,24873,46348559193224090,345,1402-01-14,5,0.3062126065203615,345,1910.7666646870557,1929.1394210782773,1837.2756391221687,1901.5802864914447,1929.1394210782773,False,False
2023-04-04,6300.0,6410.0,6160.0,6270.0,6180.0,6210.0,268808210,1685141103880,20456,46348559193224090,346,1402-01-15,1,0.3062126065203615,346,1929.1394210782773,1962.822807795517,1886.2696561654268,1919.9530428826665,1892.3939082958339,False,False
2023-04-05,6230.0,6280.0,6100.0,6210.0,6230.0,6270.0,336729315,2089704801620,20790,46348559193224090,347,1402-01-16,1,0.3062126065203615,347,1907.704538621852,1923.01516894787,1867.896899774205,1901.5802864914447,1907.704538621852,False,False
2023-04-08,6220.0,6630.0,6180.0,6450.0,6430.0,6210.0,542465282,3499509067480,29235,46348559193224090,348,1402-01-19,3,0.3062126065203615,348,1904.6424125566484,2030.1895812299965,1892.3939082958339,1975.0713120563314,1968.9470599259243,False,False
2023-04-09,6570.0,6570.0,6350.0,6420.0,6370.0,6450.0,316354456,2029892784170,21988,46348559193224090,349,1402-01-20,1,0.3062126065203615,349,2011.816824838775,2011.816824838775,1944.4500514042954,1965.8849338607206,1950.5743035347025,False,False
2023-04-10,6400.0,6490.0,6110.0,6260.0,6170.0,6420.0,349421340,2187607400190,25972,46348559193224090,350,1402-01-21,1,0.3062126065203615,350,1959.7606817303135,1987.319816317146,1870.9590258394087,1916.8909168174628,1889.3317822306303,False,False
2023-04-11,6220.0,6320.0,6130.0,6200.0,6230.0,6260.0,222345202,1377931966390,14217,46348559193224090,351,1402-01-22,1,0.3062126065203615,351,1904.6424125566484,1935.2636732086846,1877.0832779698158,1898.5181604262411,1907.704538621852,False,False
2023-04-15,6300.0,6410.0,6260.0,6330.0,6290.0,6200.0,349695944,2213780467540,22662,46348559193224090,352,1402-01-26,4,0.3062126065203615,352,1929.1394210782773,1962.822807795517,1916.8909168174628,1938.3257992738882,1926.0772950130736,False,False
2023-04-16,6400.0,6420.0,6250.0,6320.0,6290.0,6330.0,306540311,1935944442670,18765,46348559193224090,353,1402-01-27,1,0.3062126065203615,353,1959.7606817303135,1965.8849338607206,1913.8287907522592,1935.2636732086846,1926.0772950130736,False,False
2023-04-17,6330.0,6460.0,6270.0,6340.0,6320.0,6320.0,350123370,2219063608240,19831,46348559193224090,354,1402-01-28,1,0.3062126065203615,354,1938.3257992738882,1978.1334381215352,1919.9530428826665,1941.3879253390917,1935.2636732086846,False,False
2023-04-18,6310.0,6500.0,6260.0,6370.0,6300.0,6340.0,403022157,2566986246960,24710,46348559193224090,355,1402-01-29,1,0.3062126065203615,355,1932.2015471434809,1990.3819423823495,1916.8909168174628,1950.5743035347025,1929.1394210782773,False,False
2023-04-19,6370.0,6410.0,6230.0,6310.0,6300.0,6370.0,250828258,1583916262900,16527,46348559193224090,356,1402-01-30,1,0.3062126065203615,356,1950.5743035347025,1962.822807795517,1907.704538621852,1932.2015471434809,1929.1394210782773,False,False
2023-04-24,6310.0,6340.0,6210.0,6280.0,6320.0,6310.0,240649139,1510387193840,14505,46348559193224090,357,1402-02-04,5,0.3062126065203615,357,1932.2015471434809,1941.3879253390917,1901.5802864914447,1923.01516894787,1935.2636732086846,False,False
2023-04-25,6240.0,6490.0,6240.0,6390.0,6340.0,6280.0,332099309,2123572147670,16769,46348559193224090,358,1402-02-05,1,0.3062126065203615,358,1910.7666646870557,1987.319816317146,1910.7666646870557,1956.6985556651098,1941.3879253390917,False,False
2023-04-26,6330.0,6500.0,6250.0,6400.0,6490.0,6390.0,349071534,2233264838470,17351,46348559193224090,359,1402-02-06,1,0.3062126065203615,359,1938.3257992738882,1990.3819423823495,1913.8287907522592,1959.7606817303135,1987.319816317146,False,False
2023-04-29,6670.0,6840.0,6670.0,6840.0,6840.0,6400.0,1025644709,7012763736540,28194,46348559193224090,360,1402-02-09,3,0.3062126065203615,360,2042.438085490811,2094.4942285992724,2042.438085490811,2094.4942285992724,2094.4942285992724,False,False
2023-04-30,7060.0,7290.0,6880.0,7050.0,7110.0,6840.0,634600863,4477107510650,30140,46348559193224090,361,1402-02-10,1,0.3062126065203615,361,2161.861002033752,2232.289901533435,2106.742732860087,2158.7988759685486,2177.1716323597702,False,False
2023-05-01,7150.0,7170.0,6890.0,7070.0,7120.0,7050.0,431638871,3050000331340,22946,46348559193224090,362,1402-02-11,1,0.3062126065203615,362,2189.4201366205843,2195.544388750992,2109.804858925291,2164.9231280989557,2180.2337584249735,False,False
2023-05-02,7180.0,7370.0,7120.0,7280.0,7350.0,7070.0,371862610,2705467767180,18811,46348559193224090,363,1402-02-12,1,0.3062126065203615,363,2198.6065148161956,2256.7869100550643,2180.2337584249735,2229.2277754682314,2250.6626579246567,False,False
2023-05-03,7340.0,7340.0,7140.0,7240.0,7210.0,7280.0,317542345,2298557054950,18767,46348559193224090,364,1402-02-13,1,0.3062126065203615,364,2247.6005318594534,2247.6005318594534,2186.358010555381,2216.9792712074172,2207.7928930118064,False,False
2023-05-06,7260.0,7360.0,7090.0,7230.0,7240.0,7240.0,308938513,2234693932710,19750,46348559193224090,365,1402-02-16,3,0.3062126065203615,365,2223.1035233378243,2253.7247839898605,2171.0473802293627,2213.9171451422135,2216.9792712074172,False,False
2023-05-07,7230.0,7250.0,6730.0,6880.0,6730.0,7230.0,580962258,3997894227690,30154,46348559193224090,366,1402-02-17,1,0.3062126065203615,366,2213.9171451422135,2220.0413972726205,2060.810841882033,2106.742732860087,2060.810841882033,False,False
2023-05-08,6540.0,6870.0,6400.0,6480.0,6400.0,6880.0,428610795,2776594816510,20532,46348559193224090,367,1402-02-18,1,0.3062126065203615,367,2002.630446643164,2103.6806067948833,1959.7606817303135,1984.2576902519424,1959.7606817303135,False,False
2023-05-09,6170.0,6800.0,6170.0,6580.0,6730.0,6480.0,287446777,1890052079370,20856,46348559193224090,368,1402-02-19,1,0.3062126065203615,368,1889.3317822306303,2082.245724338458,1889.3317822306303,2014.8789509039784,2060.810841882033,False,False
2023-05-10,6820.0,6820.0,6420.0,6560.0,6620.0,6580.0,319702220,2096274772860,16084,46348559193224090,369,1402-02-20,1,0.3062126065203615,369,2088.3699764688654,2088.3699764688654,1965.8849338607206,2008.7546987735714,2027.127455164793,False,False
2023-05-13,6560.0,6610.0,6200.0,6420.0,6520.0,6560.0,423664181,2717886991480,19008,46348559193224090,370,1402-02-23,3,0.3062126065203615,370,2008.7546987735714,2024.0653290995892,1898.5181604262411,1965.8849338607206,1996.5061945127568,False,False
2023-05-14,6460.0,6790.0,6460.0,6670.0,6700.0,6420.0,228292468,1523085572110,13592,46348559193224090,371,1402-02-24,1,0.3062126065203615,371,1978.1334381215352,2079.1835982732546,1978.1334381215352,2042.438085490811,2051.6244636864217,False,False
2023-05-15,6750.0,6760.0,6590.0,6680.0,6730.0,6670.0,188982290,1261697714760,10152,46348559193224090,372,1402-02-25,1,0.3062126065203615,372,2066.93509401244,2069.9972200776438,2017.9410769691822,2045.5002115560146,2060.810841882033,False,False
2023-05-20,6500.0,6520.0,6380.0,6440.0,6470.0,6680.0,197492942,1272714440960,11166,46348559193224090,373,1402-02-30,5,0.3062126065203615,373,1990.3819423823495,1996.5061945127568,1953.6364295999063,1972.0091859911279,1981.1955641867387,False,False
2023-05-21,6380.0,6570.0,6320.0,6440.0,6530.0,6440.0,295904651,1905657025340,12351,46348559193224090,374,1402-02-31,1,0.3062126065203615,374,1953.6364295999063,2011.816824838775,1935.2636732086846,1972.0091859911279,1999.5683205779603,False,False
2023-05-22,6530.0,6580.0,6360.0,6410.0,6380.0,6440.0,192852613,1235376975570,12317,46348559193224090,375,1402-03-01,1,0.3062126065203615,375,1999.5683205779603,2014.8789509039784,1947.512177469499,1962.822807795517,1953.6364295999063,False,False
2023-05-23,6440.0,6450.0,6310.0,6370.0,6340.0,6410.0,181098784,1152876798980,11495,46348559193224090,376,1402-03-02,1,0.3062126065203615,376,1972.0091859911279,1975.0713120563314,1932.2015471434809,1950.5743035347025,1941.3879253390917,False,False
2023-05-24,6450.0,6460.0,6320.0,6360.0,6330.0,6370.0,145969153,927961435990,9183,46348559193224090,377,1402-03-03,1,0.3062126065203615,377,1975.0713120563314,1978.1334381215352,1935.2636732086846,1947.512177469499,1938.3257992738882,False,False
2023-05-27,6300.0,6370.0,6170.0,6250.0,6300.0,6360.0,181880942,1137412879310,11296,46348559193224090,378,1402-03-06,3,0.3062126065203615,378,1929.1394210782773,1950.5743035347025,1889.3317822306303,1913.8287907522592,1929.1394210782773,False,False
2023-05-28,6220.0,6250.0,6070.0,6130.0,6210.0,6250.0,170660998,1045888233340,10058,46348559193224090,379,1402-03-07,1,0.3062126065203615,379,1904.6424125566484,1913.8287907522592,1858.7105215785941,1877.0832779698158,1901.5802864914447,False,False
2023-05-29,6210.0,6230.0,6110.0,6140.0,6120.0,6130.0,122716152,752948297630,7651,46348559193224090,380,1402-03-08,1,0.3062126065203615,380,1901.5802864914447,1907.704538621852,1870.9590258394087,1880.1454040350195,1874.0211519046122,False,False
2023-05-30,6200.0,6210.0,6120.0,6140.0,6150.0,6140.0,147161500,903794608510,7310,46348559193224090,381,1402-03-09,1,0.3062126065203615,381,1898.5181604262411,1901.5802864914447,1874.0211519046122,1880.1454040350195,1883.207530100223,False,False
2023-05-31,6150.0,6150.0,6020.0,6100.0,6140.0,6140.0,132886502,811105276080,6705,46348559193224090,382,1402-03-10,1,0.3062126065203615,382,1883.207530100223,1883.207530100223,1843.399891252576,1867.896899774205,1880.1454040350195,False,False
2023-06-03,6140.0,6160.0,6090.0,6120.0,6100.0,6100.0,67822579,414735237480,5756,46348559193224090,383,1402-03-13,3,0.3062126065203615,383,1880.1454040350195,1886.2696561654268,1864.8347737090014,1874.0211519046122,1867.896899774205,False,False
2023-06-06,6150.0,6150.0,6100.0,6130.0,6130.0,6120.0,114689026,702581765230,6008,46348559193224090,384,1402-03-16,3,0.3062126065203615,384,1883.207530100223,1883.207530100223,1867.896899774205,1877.0832779698158,1877.0832779698158,False,False
2023-06-07,6130.0,6200.0,6090.0,6130.0,6140.0,6130.0,121742996,746408573560,6172,46348559193224090,385,1402-03-17,1,0.3062126065203615,385,1877.0832779698158,1898.5181604262411,1864.8347737090014,1877.0832779698158,1880.1454040350195,False,False
2023-06-10,6060.0,6100.0,5820.0,5890.0,5870.0,6130.0,208352537,1228038798250,10322,46348559193224090,386,1402-03-20,3,0.3062126065203615,386,1855.6483955133906,1867.896899774205,1782.1573699485039,1803.592252404929,1797.468000274522,False,False
2023-06-11,5860.0,5860.0,5740.0,5820.0,5810.0,5890.0,134906296,785385098990,9300,46348559193224090,387,1402-03-21,1,0.3062126065203615,387,1794.4058742093182,1794.4058742093182,1757.660361426875,1782.1573699485039,1779.0952438833,False,False
2023-06-12,5700.0,5700.0,5460.0,5520.0,5510.0,5820.0,253173030,1397220009370,15366,46348559193224090,388,1402-03-22,1,0.3062126065203615,388,1745.4118571660604,1745.4118571660604,1671.9208316011736,1690.2935879923953,1687.2314619271917,False,False
2023-06-13,5500.0,5700.0,5500.0,5590.0,5630.0,5520.0,95755494,535405416970,6673,46348559193224090,389,1402-03-23,1,0.3062126065203615,389,1684.1693358619882,1745.4118571660604,1684.1693358619882,1711.7284704488206,1723.976974709635,False,False
2023-06-14,5730.0,5910.0,5680.0,5820.0,5800.0,5590.0,62838935,365445544530,6240,46348559193224090,390,1402-03-24,1,0.3062126065203615,390,1754.5982353616712,1809.7165045353363,1739.287605035653,1782.1573699485039,1776.0331178180966,False,False
2023-06-17,5820.0,5910.0,5750.0,5810.0,5750.0,5820.0,63127519,366496391920,5687,46348559193224090,391,1402-03-27,3,0.3062126065203615,391,1782.1573699485039,1809.7165045353363,1760.7224874920785,1779.0952438833,1760.7224874920785,False,False
2023-06-18,5790.0,5820.0,5590.0,5770.0,5780.0,5810.0,121290120,700113177290,5627,46348559193224090,392,1402-03-28,1,0.3062126065203615,392,1772.970991752893,1782.1573699485039,1711.7284704488206,1766.8467396224858,1769.9088656876893,False,False
2023-06-19,5820.0,5820.0,5680.0,5710.0,5690.0,5770.0,99238817,566527478590,5748,46348559193224090,393,1402-03-29,1,0.3062126065203615,393,1782.1573699485039,1782.1573699485039,1739.287605035653,1748.4739832312641,1742.3497311008568,False,False
2023-06-20,5710.0,5770.0,5640.0,5680.0,5700.0,5710.0,46171020,262440230040,4077,46348559193224090,394,1402-03-30,1,0.3062126065203615,394,1748.4739832312641,1766.8467396224858,1727.0391007748387,1739.287605035653,1745.4118571660604,False,False
2023-06-21,5700.0,5750.0,5570.0,5660.0,5640.0,5680.0,74345505,420564575410,6119,46348559193224090,395,1402-03-31,1,0.3062126065203615,395,1745.4118571660604,1760.7224874920785,1705.6042183184134,1733.163352905246,1727.0391007748387,False,False
2023-06-24,5600.0,5660.0,5540.0,5580.0,5620.0,5660.0,82124904,458262281810,7530,46348559193224090,396,1402-04-03,3,0.3062126065203615,396,1714.7905965140242,1733.163352905246,1696.4178401228025,1708.6663443836171,1720.9148486444315,False,False
2023-06-25,5620.0,5780.0,5580.0,5650.0,5600.0,5580.0,66455705,375208908800,5943,46348559193224090,397,1402-04-04,1,0.3062126065203615,397,1720.9148486444315,1769.9088656876893,1708.6663443836171,1730.1012268400423,1714.7905965140242,False,False
2023-06-26,5600.0,5730.0,5560.0,5690.0,5690.0,5650.0,90734114,516200388690,5471,46348559193224090,398,1402-04-05,1,0.3062126065203615,398,1714.7905965140242,1754.5982353616712,1702.5420922532098,1742.3497311008568,1742.3497311008568,False,False
2023-06-27,5700.0,5750.0,5570.0,5620.0,5620.0,5690.0,58122823,326438966470,4637,46348559193224090,399,1402-04-06,1,0.3062126065203615,399,1745.4118571660604,1760.7224874920785,1705.6042183184134,1720.9148486444315,1720.9148486444315,False,False
2023-06-28,5620.0,5640.0,5540.0,5580.0,5570.0,5620.0,43415863,242127726360,4089,46348559193224090,400,1402-04-07,1,0.3062126065203615,400,1720.9148486444315,1727.0391007748387,1696.4178401228025,1708.6663443836171,1705.6042183184134,False,False
2023-07-01,5560.0,5580.0,5490.0,5520.0,5500.0,5580.0,53327532,294346431610,6061,46348559193224090,401,1402-04-10,3,0.3062126065203615,401,1702.5420922532098,1708.6663443836171,1681.1072097967844,1690.2935879923953,1684.1693358619882,False,False
2023-07-02,5500.0,5660.0,5490.0,5580.0,5600.0,5520.0,47231036,263771620220,4386,46348559193224090,402,1402-04-11,1,0.3062126065203615,402,1684.1693358619882,1733.163352905246,1681.1072097967844,1708.6663443836171,1714.7905965140242,False,False
2023-07-03,5640.0,5880.0,5590.0,5740.0,5830.0,5580.0,105465938,605475180490,6428,46348559193224090,403,1402-04-12,1,0.3062126065203615,403,1727.0391007748387,1800.5301263397255,1711.7284704488206,1757.660361426875,1785.2194960137074,False,False
2023-07-04,5870.0,6030.0,5840.0,5930.0,5900.0,5740.0,130524700,773796643330,8122,46348559193224090,404,1402-04-13,1,0.3062126065203615,404,1797.468000274522,1846.4620173177798,1788.281622078911,1815.8407566657436,1806.6543784701328,False,False
2023-07-05,5870.0,5980.0,5850.0,5910.0,5890.0,5930.0,66622061,393681573340,4641,46348559193224090,405,1402-04-14,1,0.3062126065203615,405,1797.468000274522,1831.1513869917617,1791.3437481441147,1809.7165045353363,1803.592252404929,False,False
2023-07-08,5900.0,5930.0,5760.0,5830.0,5770.0,5910.0,65120779,379839246810,5495,46348559193224090,406,1402-04-17,3,0.3062126065203615,406,1806.6543784701328,1815.8407566657436,1763.784613557282,1785.2194960137074,1766.8467396224858,False,False
2023-07-09,5770.0,5850.0,5730.0,5800.0,5800.0,5830.0,71151549,412802169770,4266,46348559193224090,407,1402-04-18,1,0.3062126065203615,407,1766.8467396224858,1791.3437481441147,1754.5982353616712,1776.0331178180966,1776.0331178180966,False,False
2023-07-10,5800.0,5880.0,5750.0,5770.0,5750.0,5800.0,75699210,437017503480,4154,46348559193224090,408,1402-04-19,1,0.3062126065203615,408,1776.0331178180966,1800.5301263397255,1760.7224874920785,1766.8467396224858,1760.7224874920785,False,False
2023-07-11,5720.0,5780.0,5570.0,5670.0,5580.0,5770.0,149920504,850373519530,6515,46348559193224090,409,1402-04-20,1,0.3062126065203615,409,1751.5361092964677,1769.9088656876893,1705.6042183184134,1736.2254789704496,1708.6663443836171,False,False
2023-07-12,5570.0,5600.0,5370.0,5470.0,5520.0,5670.0,106044406,580084861150,7687,46348559193224090,410,1402-04-21,1,0.3062126065203615,410,1705.6042183184134,1714.7905965140242,1644.3616970143412,1674.9829576663772,1690.2935879923953,False,False
2023-07-15,5530.0,5600.0,5470.0,5530.0,5510.0,5470.0,75064706,414984014580,5105,46348559193224090,411,1402-04-24,3,0.3062126065203615,411,1693.355714057599,1714.7905965140242,1674.9829576663772,1693.355714057599,1687.2314619271917,False,False
2023-07-16,5520.0,5520.0,5270.0,5340.0,5340.0,5530.0,99060289,529456947970,6711,46348559193224090,412,1402-04-25,1,0.3062126065203615,412,1690.2935879923953,1690.2935879923953,1613.740436362305,1635.1753188187304,1635.1753188187304,False,False
2023-07-17,5280.0,5340.0,5000.0,5140.0,5260.0,5340.0,176626718,907932231800,9791,46348559193224090,413,1402-04-26,1,0.3062126065203615,413,1616.8025624275085,1635.1753188187304,1531.0630326018074,1573.932797514658,1610.6783102971015,False,False
2023-07-18,5260.0,5490.0,5260.0,5460.0,5490.0,5140.0,224243595,1223447932340,9760,46348559193224090,414,1402-04-27,1,0.3062126065203615,414,1610.6783102971015,1681.1072097967844,1610.6783102971015,1671.9208316011736,1681.1072097967844,False,False
2023-07-24,5010.0,5050.0,4990.0,5020.0,5050.0,4960.0,57109828,286859922500,3685,46348559193224090,415,1402-05-02,6,0.3370808128228172,415,1688.7748722423141,1702.258104755227,1682.033255985858,1692.1456803705423,1702.258104755227,False,True
2023-07-25,5070.0,5140.0,4980.0,5030.0,5010.0,5020.0,71003596,357380335300,6135,46348559193224090,416,1402-05-03,1,0.3370808128228172,416,1708.9997210116833,1732.5953779092804,1678.6624478576298,1695.5164884987705,1688.7748722423141,False,False
2023-07-26,5000.0,5030.0,4920.0,5000.0,5000.0,5030.0,55747071,278767916960,4389,46348559193224090,417,1402-05-04,1,0.3370808128228172,417,1685.404064114086,1695.5164884987705,1658.4375990882606,1685.404064114086,1685.404064114086,False,False
2023-07-29,5000.0,5030.0,4970.0,4990.0,4990.0,5000.0,65750231,328165918750,4100,46348559193224090,418,1402-05-07,3,0.3370808128228172,418,1685.404064114086,1695.5164884987705,1675.2916397294016,1682.033255985858,1682.033255985858,False,False
2023-07-30,4990.0,5020.0,4900.0,4940.0,4920.0,4990.0,131186888,648448927660,5611,46348559193224090,419,1402-05-08,1,0.3370808128228172,419,1682.033255985858,1692.1456803705423,1651.6959828318043,1665.179215344717,1658.4375990882606,False,False
2023-07-31,4900.0,5040.0,4890.0,4970.0,4960.0,4940.0,65185000,323903370810,3457,46348559193224090,420,1402-05-09,1,0.3370808128228172,420,1651.6959828318043,1698.8872966269987,1648.325174703576,1675.2916397294016,1671.9208316011734,False,False
2023-08-01,5040.0,5160.0,4960.0,5010.0,5160.0,4970.0,113361598,568271495760,5019,46348559193224090,421,1402-05-10,1,0.3370808128228172,421,1698.8872966269987,1739.3369941657368,1671.9208316011734,1688.7748722423141,1739.3369941657368,False,False
2023-08-05,5140.0,5360.0,5140.0,5300.0,5360.0,5010.0,137682646,729924724230,7365,46348559193224090,422,1402-05-14,4,0.3370808128228172,422,1732.5953779092804,1806.7531567303004,1732.5953779092804,1786.5283079609312,1806.7531567303004,False,False
2023-08-06,5380.0,5400.0,5250.0,5340.0,5390.0,5300.0,86390288,461207779340,4993,46348559193224090,423,1402-05-15,1,0.3370808128228172,423,1813.4947729867565,1820.236389243213,1769.6742673197903,1800.011540473844,1816.8655811149847,False,False
2023-08-07,5430.0,5430.0,5310.0,5370.0,5350.0,5340.0,84210683,451874959030,3384,46348559193224090,424,1402-05-16,1,0.3370808128228172,424,1830.3488136278975,1830.3488136278975,1789.8991160891594,1810.1239648585283,1803.3823486020722,False,False
2023-08-08,5340.0,5390.0,5220.0,5350.0,5340.0,5370.0,85572351,458090474400,3271,46348559193224090,425,1402-05-17,1,0.3370808128228172,425,1800.011540473844,1816.8655811149847,1759.561842935106,1803.3823486020722,1800.011540473844,False,False
2023-08-09,5350.0,5400.0,5270.0,5320.0,5320.0,5350.0,58903565,313332478140,3338,46348559193224090,426,1402-05-18,1,0.3370808128228172,426,1803.3823486020722,1820.236389243213,1776.4158835762466,1793.2699242173876,1793.2699242173876,False,False
2023-08-12,5200.0,5310.0,5110.0,5160.0,5130.0,5320.0,107356345,554045895380,4451,46348559193224090,427,1402-05-21,3,0.3370808128228172,427,1752.8202266786495,1789.8991160891594,1722.482953524596,1739.3369941657368,1729.2245697810522,False,False
2023-08-13,5120.0,5220.0,5100.0,5170.0,5180.0,5160.0,58579340,303011290920,3139,46348559193224090,428,1402-05-22,1,0.3370808128228172,428,1725.8537616528242,1759.561842935106,1719.1121453963679,1742.707802293965,1746.0786104221932,False,False
2023-08-14,5180.0,5250.0,5120.0,5170.0,5160.0,5170.0,69543411,359684109890,3425,46348559193224090,429,1402-05-23,1,0.3370808128228172,429,1746.0786104221932,1769.6742673197903,1725.8537616528242,1742.707802293965,1739.3369941657368,False,False
2023-08-15,5120.0,5180.0,5080.0,5120.0,5100.0,5170.0,64986507,332716507350,2926,46348559193224090,430,1402-05-24,1,0.3370808128228172,430,1725.8537616528242,1746.0786104221932,1712.3705291399115,1725.8537616528242,1719.1121453963679,False,False
2023-08-16,5090.0,5140.0,5080.0,5110.0,5100.0,5120.0,62458561,318954306680,3092,46348559193224090,431,1402-05-25,1,0.3370808128228172,431,1715.7413372681397,1732.5953779092804,1712.3705291399115,1722.482953524596,1719.1121453963679,False,False
2023-08-19,5070.0,5110.0,5010.0,5050.0,5050.0,5110.0,75146488,379251242390,4036,46348559193224090,432,1402-05-28,3,0.3370808128228172,432,1708.9997210116833,1722.482953524596,1688.7748722423141,1702.258104755227,1702.258104755227,False,False
2023-08-20,5050.0,5080.0,5040.0,5050.0,5050.0,5050.0,73867748,373197419020,3473,46348559193224090,433,1402-05-29,1,0.3370808128228172,433,1702.258104755227,1712.3705291399115,1698.8872966269987,1702.258104755227,1702.258104755227,False,False
2023-08-21,5060.0,5110.0,5040.0,5060.0,5070.0,5050.0,52038276,263109900620,2807,46348559193224090,434,1402-05-30,1,0.3370808128228172,434,1705.628912883455,1722.482953524596,1698.8872966269987,1705.628912883455,1708.9997210116833,False,False
2023-08-22,5070.0,5070.0,4970.0,5000.0,4990.0,5060.0,77110559,385567565300,3725,46348559193224090,435,1402-05-31,1,0.3370808128228172,435,1708.9997210116833,1708.9997210116833,1675.2916397294016,1685.404064114086,1682.033255985858,False,False
2023-08-23,4960.0,5050.0,4950.0,5000.0,5040.0,5000.0,69737133,348934801190,3823,46348559193224090,436,1402-06-01,1,0.3370808128228172,436,1671.9208316011734,1702.258104755227,1668.5500234729452,1685.404064114086,1698.8872966269987,False,False
2023-08-26,5110.0,5310.0,5050.0,5220.0,5260.0,5000.0,153494477,801176126890,5931,46348559193224090,437,1402-06-04,3,0.3370808128228172,437,1722.482953524596,1789.8991160891594,1702.258104755227,1759.561842935106,1773.0450754480185,False,False
2023-08-27,5340.0,5580.0,5270.0,5500.0,5520.0,5220.0,233151626,1282123166740,9017,46348559193224090,438,1402-06-05,1,0.3370808128228172,438,1800.011540473844,1880.91093555132,1776.4158835762466,1853.9444705254946,1860.686086781951,False,False
2023-08-28,5590.0,5690.0,5480.0,5580.0,5550.0,5500.0,166512551,929474239300,7310,46348559193224090,439,1402-06-06,1,0.3370808128228172,439,1884.2817436795483,1917.98982496183,1847.2028542690384,1880.91093555132,1870.7985111666355,False,False
2023-08-29,5630.0,5730.0,5520.0,5610.0,5530.0,5580.0,131877599,739763385740,5665,46348559193224090,440,1402-06-07,1,0.3370808128228172,440,1897.7649761924608,1931.4730574747425,1860.686086781951,1891.0233599360045,1864.0568949101792,False,False
2023-08-30,5510.0,5730.0,5510.0,5620.0,5610.0,5610.0,125955299,708472236280,5462,46348559193224090,441,1402-06-08,1,0.3370808128228172,441,1857.3152786537228,1931.4730574747425,1857.3152786537228,1894.3941680642326,1891.0233599360045,False,False
2023-09-02,5660.0,5720.0,5490.0,5590.0,5590.0,5620.0,134370385,750707152930,5570,46348559193224090,442,1402-06-11,3,0.3370808128228172,442,1907.8774005771454,1928.1022493465146,1850.5736623972664,1884.2817436795483,1884.2817436795483,False,False
2023-09-03,5590.0,5660.0,5520.0,5600.0,5600.0,5590.0,64217517,359584676330,3701,46348559193224090,443,1402-06-12,1,0.3370808128228172,443,1884.2817436795483,1907.8774005771454,1860.686086781951,1887.6525518077765,1887.6525518077765,False,False
2023-09-04,5550.0,5740.0,5530.0,5670.0,5660.0,5600.0,100566866,569980974380,4414,46348559193224090,444,1402-06-13,1,0.3370808128228172,444,1870.7985111666355,1934.8438656029707,1864.0568949101792,1911.2482087053736,1907.8774005771454,False,False
2023-09-05,5690.0,5800.0,5590.0,5680.0,5620.0,5670.0,120871716,686716882640,5165,46348559193224090,445,1402-06-14,1,0.3370808128228172,445,1917.98982496183,1955.0687143723399,1884.2817436795483,1914.6190168336018,1894.3941680642326,False,False
2023-09-09,5590.0,5760.0,5550.0,5610.0,5550.0,5680.0,78512848,440403930660,4207,46348559193224090,446,1402-06-18,4,0.3370808128228172,446,1884.2817436795483,1941.585481859427,1870.7985111666355,1891.0233599360045,1870.7985111666355,False,False
2023-09-10,5520.0,5600.0,5470.0,5570.0,5550.0,5610.0,110475841,615543299200,3824,46348559193224090,447,1402-06-19,1,0.3370808128228172,447,1860.686086781951,1887.6525518077765,1843.8320461408102,1877.540127423092,1870.7985111666355,False,False
2023-09-11,5530.0,5600.0,5500.0,5550.0,5590.0,5570.0,74309985,412089056980,3419,46348559193224090,448,1402-06-20,1,0.3370808128228172,448,1864.0568949101792,1887.6525518077765,1853.9444705254946,1870.7985111666355,1884.2817436795483,False,False
2023-09-12,5600.0,5600.0,5530.0,5560.0,5550.0,5550.0,72110806,400713351140,2838,46348559193224090,449,1402-06-21,1,0.3370808128228172,449,1887.6525518077765,1887.6525518077765,1864.0568949101792,1874.1693192948637,1870.7985111666355,False,False
2023-09-13,5560.0,5600.0,5530.0,5560.0,5560.0,5560.0,103681013,576948771280,5175,46348559193224090,450,1402-06-22,1,0.3370808128228172,450,1874.1693192948637,1887.6525518077765,1864.0568949101792,1874.1693192948637,1874.1693192948637,False,False
2023-09-17,5560.0,5660.0,5530.0,5570.0,5560.0,5560.0,83045619,462779827120,4871,46348559193224090,451,1402-06-26,4,0.3370808128228172,451,1874.1693192948637,1907.8774005771454,1864.0568949101792,1877.540127423092,1874.1693192948637,False,False
2023-09-18,5550.0,5610.0,5530.0,5570.0,5560.0,5570.0,151092451,841007473450,4354,46348559193224090,452,1402-06-27,1,0.3370808128228172,452,1870.7985111666355,1891.0233599360045,1864.0568949101792,1877.540127423092,1874.1693192948637,False,False
2023-09-19,5570.0,5620.0,5550.0,5600.0,5610.0,5570.0,124079974,694572642810,3278,46348559193224090,453,1402-06-28,1,0.3370808128228172,453,1877.540127423092,1894.3941680642326,1870.7985111666355,1887.6525518077765,1891.0233599360045,False,False
2023-09-20,5610.0,5650.0,5530.0,5590.0,5600.0,5600.0,127810415,714668257920,3542,46348559193224090,454,1402-06-29,1,0.3370808128228172,454,1891.0233599360045,1904.5065924489172,1864.0568949101792,1884.2817436795483,1887.6525518077765,False,False
2023-09-23,5550.0,5610.0,5550.0,5590.0,5580.0,5590.0,68876272,384804733880,3201,46348559193224090,455,1402-07-01,3,0.3370808128228172,455,1870.7985111666355,1891.0233599360045,1870.7985111666355,1884.2817436795483,1880.91093555132,False,False
2023-09-25,5580.0,5610.0,5490.0,5540.0,5540.0,5590.0,112842856,625239052600,4224,46348559193224090,456,1402-07-03,2,0.3370808128228172,456,1880.91093555132,1891.0233599360045,1850.5736623972664,1867.4277030384073,1867.4277030384073,False,False
2023-09-26,5560.0,5560.0,5500.0,5520.0,5510.0,5540.0,82486265,455205434330,4196,46348559193224090,457,1402-07-04,1,0.3370808128228172,457,1874.1693192948637,1874.1693192948637,1853.9444705254946,1860.686086781951,1857.3152786537228,False,False
2023-09-27,5500.0,5540.0,5460.0,5500.0,5510.0,5520.0,89692328,493620180690,3700,46348559193224090,458,1402-07-05,1,0.3370808128228172,458,1853.9444705254946,1867.4277030384073,1840.461238012582,1853.9444705254946,1857.3152786537228,False,False
2023-09-30,5510.0,5550.0,5340.0,5410.0,5350.0,5500.0,105515003,570334130350,6119,46348559193224090,459,1402-07-08,3,0.3370808128228172,459,1857.3152786537228,1870.7985111666355,1800.011540473844,1823.607197371441,1803.3823486020722,False,False
2023-10-01,5410.0,5430.0,5280.0,5310.0,5300.0,5410.0,107429619,570268323740,4875,46348559193224090,460,1402-07-09,1,0.3370808128228172,460,1823.607197371441,1830.3488136278975,1779.7866917044748,1789.8991160891594,1786.5283079609312,False,False
2023-10-02,5280.0,5350.0,5250.0,5300.0,5300.0,5310.0,108710565,576615417190,4104,46348559193224090,461,1402-07-10,1,0.3370808128228172,461,1779.7866917044748,1803.3823486020722,1769.6742673197903,1786.5283079609312,1786.5283079609312,False,False
2023-10-04,5310.0,5360.0,5290.0,5300.0,5310.0,5300.0,86346374,457959894210,3694,46348559193224090,462,1402-07-12,2,0.3370808128228172,462,1789.8991160891594,1806.7531567303004,1783.157499832703,1786.5283079609312,1789.8991160891594,False,False
2023-10-07,5300.0,5350.0,5260.0,5290.0,5290.0,5300.0,101466441,536383135250,3916,46348559193224090,463,1402-07-15,3,0.3370808128228172,463,1786.5283079609312,1803.3823486020722,1773.0450754480185,1783.157499832703,1783.157499832703,False,False
2023-10-08,5260.0,5270.0,5080.0,5130.0,5150.0,5290.0,135307065,694376466380,6297,46348559193224090,464,1402-07-16,1,0.3370808128228172,464,1773.0450754480185,1776.4158835762466,1712.3705291399115,1729.2245697810522,1735.9661860375086,False,False
2023-10-09,5080.0,5400.0,5080.0,5230.0,5180.0,5130.0,68912694,360610966990,4532,46348559193224090,465,1402-07-17,1,0.3370808128228172,465,1712.3705291399115,1820.236389243213,1712.3705291399115,1762.932651063334,1746.0786104221932,False,False
2023-10-10,5230.0,5290.0,5190.0,5240.0,5260.0,5230.0,58044386,304420550580,3111,46348559193224090,466,1402-07-18,1,0.3370808128228172,466,1762.932651063334,1783.157499832703,1749.4494185504213,1766.3034591915623,1773.0450754480185,False,False
2023-10-11,5300.0,5300.0,5190.0,5220.0,5230.0,5240.0,48623209,254034855800,3041,46348559193224090,467,1402-07-19,1,0.3370808128228172,467,1786.5283079609312,1786.5283079609312,1749.4494185504213,1759.561842935106,1762.932651063334,False,False
2023-10-14,5220.0,5230.0,5050.0,5140.0,5150.0,5220.0,69556400,357513300850,3455,46348559193224090,468,1402-07-22,3,0.3370808128228172,468,1759.561842935106,1762.932651063334,1702.258104755227,1732.5953779092804,1735.9661860375086,False,False
2023-10-15,5120.0,5250.0,5110.0,5180.0,5240.0,5140.0,72600489,376248755790,3218,46348559193224090,469,1402-07-23,1,0.3370808128228172,469,1725.8537616528242,1769.6742673197903,1722.482953524596,1746.0786104221932,1766.3034591915623,False,False
2023-10-16,5200.0,5290.0,5200.0,5240.0,5280.0,5180.0,48551498,254318726760,3016,46348559193224090,470,1402-07-24,1,0.3370808128228172,470,1752.8202266786495,1783.157499832703,1752.8202266786495,1766.3034591915623,1779.7866917044748,False,False
2023-10-18,5240.0,5280.0,5190.0,5230.0,5260.0,5240.0,88764855,463799376820,2908,46348559193224090,471,1402-07-26,2,0.3370808128228172,471,1766.3034591915623,1779.7866917044748,1749.4494185504213,1762.932651063334,1773.0450754480185,False,False
2023-10-21,5210.0,5240.0,5180.0,5210.0,5190.0,5230.0,88739679,462595759440,3320,46348559193224090,472,1402-07-29,3,0.3370808128228172,472,1756.1910348068777,1766.3034591915623,1746.0786104221932,1756.1910348068777,1749.4494185504213,False,False
2023-10-22,5300.0,5440.0,5300.0,5370.0,5380.0,5210.0,95757133,514261021560,5329,46348559193224090,473,1402-07-30,1,0.3370808128228172,473,1786.5283079609312,1833.7196217561257,1786.5283079609312,1810.1239648585283,1813.4947729867565,False,False
2023-10-23,5380.0,5460.0,5350.0,5390.0,5390.0,5370.0,85893078,463064870970,4015,46348559193224090,474,1402-08-01,1,0.3370808128228172,474,1813.4947729867565,1840.461238012582,1803.3823486020722,1816.8655811149847,1816.8655811149847,False,False
2023-10-24,5360.0,5400.0,5280.0,5320.0,5300.0,5390.0,97500089,519055203910,3586,46348559193224090,475,1402-08-02,1,0.3370808128228172,475,1806.7531567303004,1820.236389243213,1779.7866917044748,1793.2699242173876,1786.5283079609312,False,False
2023-10-25,5330.0,5390.0,5320.0,5350.0,5350.0,5320.0,61496230,329141791540,2980,46348559193224090,476,1402-08-03,1,0.3370808128228172,476,1796.6407323456158,1816.8655811149847,1793.2699242173876,1803.3823486020722,1803.3823486020722,False,False
2023-10-28,5330.0,5330.0,5160.0,5200.0,5160.0,5350.0,122006100,634709280980,5596,46348559193224090,477,1402-08-06,3,0.3370808128228172,477,1796.6407323456158,1796.6407323456158,1739.3369941657368,1752.8202266786495,1739.3369941657368,False,False
2023-10-29,5170.0,5270.0,5160.0,5230.0,5260.0,5200.0,57169267,298969240230,3255,46348559193224090,478,1402-08-07,1,0.3370808128228172,478,1742.707802293965,1776.4158835762466,1739.3369941657368,1762.932651063334,1773.0450754480185,False,False
2023-10-30,5250.0,5400.0,5250.0,5350.0,5390.0,5230.0,60200487,322140648670,3317,46348559193224090,479,1402-08-08,1,0.3370808128228172,479,1769.6742673197903,1820.236389243213,1769.6742673197903,1803.3823486020722,1816.8655811149847,False,False
2023-10-31,5400.0,5420.0,5330.0,5360.0,5370.0,5350.0,85290364,457528960280,3689,46348559193224090,480,1402-08-09,1,0.3370808128228172,480,1820.236389243213,1826.9780054996693,1796.6407323456158,1806.7531567303004,1810.1239648585283,False,False
2023-11-01,5330.0,5410.0,5220.0,5350.0,5390.0,5360.0,80699528,431903022110,3521,46348559193224090,481,1402-08-10,1,0.3370808128228172,481,1796.6407323456158,1823.607197371441,1759.561842935106,1803.3823486020722,1816.8655811149847,False,False
2023-11-04,5440.0,5630.0,5440.0,5510.0,5500.0,5350.0,117686304,648678032760,4911,46348559193224090,482,1402-08-13,3,0.3370808128228172,482,1833.7196217561257,1897.7649761924608,1833.7196217561257,1857.3152786537228,1853.9444705254946,False,False
2023-11-05,5580.0,5600.0,5510.0,5530.0,5550.0,5510.0,86997345,481131304090,3855,46348559193224090,483,1402-08-14,1,0.3370808128228172,483,1880.91093555132,1887.6525518077765,1857.3152786537228,1864.0568949101792,1870.7985111666355,False,False
2023-11-06,5570.0,5580.0,5500.0,5540.0,5540.0,5530.0,71995985,398758116190,3821,46348559193224090,484,1402-08-15,1,0.3370808128228172,484,1877.540127423092,1880.91093555132,1853.9444705254946,1867.4277030384073,1867.4277030384073,False,False
2023-11-07,5520.0,5820.0,5520.0,5660.0,5720.0,5540.0,117065433,662535144710,5807,46348559193224090,485,1402-08-16,1,0.3370808128228172,485,1860.686086781951,1961.8103306287962,1860.686086781951,1907.8774005771454,1928.1022493465146,False,False
2023-11-08,5780.0,5780.0,5600.0,5660.0,5630.0,5660.0,102966683,582585749420,4525,46348559193224090,486,1402-08-17,1,0.3370808128228172,486,1948.3270981158835,1948.3270981158835,1887.6525518077765,1907.8774005771454,1897.7649761924608,False,False
2023-11-11,5600.0,5690.0,5600.0,5640.0,5640.0,5660.0,52665345,297273997000,3387,46348559193224090,487,1402-08-20,3,0.3370808128228172,487,1887.6525518077765,1917.98982496183,1887.6525518077765,1901.135784320689,1901.135784320689,False,False
2023-11-12,5620.0,5650.0,5570.0,5620.0,5600.0,5640.0,65526288,368392376120,3061,46348559193224090,488,1402-08-21,1,0.3370808128228172,488,1894.3941680642326,1904.5065924489172,1877.540127423092,1894.3941680642326,1887.6525518077765,False,False
2023-11-13,5660.0,5660.0,5560.0,5600.0,5580.0,5620.0,93677090,524151242290,3756,46348559193224090,489,1402-08-22,1,0.3370808128228172,489,1907.8774005771454,1907.8774005771454,1874.1693192948637,1887.6525518077765,1880.91093555132,False,False
2023-11-14,5600.0,5610.0,5500.0,5540.0,5540.0,5600.0,51152018,283574463940,2790,46348559193224090,490,1402-08-23,1,0.3370808128228172,490,1887.6525518077765,1891.0233599360045,1853.9444705254946,1867.4277030384073,1867.4277030384073,False,False
2023-11-15,5530.0,5540.0,5420.0,5490.0,5490.0,5540.0,62185182,341105648300,3588,46348559193224090,491,1402-08-24,1,0.3370808128228172,491,1864.0568949101792,1867.4277030384073,1826.9780054996693,1850.5736623972664,1850.5736623972664,False,False
2023-11-18,5440.0,5490.0,5370.0,5410.0,5420.0,5490.0,55412956,300027017790,3714,46348559193224090,492,1402-08-27,3,0.3370808128228172,492,1833.7196217561257,1850.5736623972664,1810.1239648585283,1823.607197371441,1826.9780054996693,False,False
2023-11-19,5400.0,5420.0,5350.0,5380.0,5380.0,5410.0,103415167,556748833810,3661,46348559193224090,493,1402-08-28,1,0.3370808128228172,493,1820.236389243213,1826.9780054996693,1803.3823486020722,1813.4947729867565,1813.4947729867565,False,False
2023-11-20,5350.0,5400.0,5310.0,5350.0,5310.0,5380.0,62435692,334029511660,3173,46348559193224090,494,1402-08-29,1,0.3370808128228172,494,1803.3823486020722,1820.236389243213,1789.8991160891594,1803.3823486020722,1789.8991160891594,False,False
2023-11-21,5350.0,5360.0,5300.0,5330.0,5310.0,5350.0,62888319,335285989050,3521,46348559193224090,495,1402-08-30,1,0.3370808128228172,495,1803.3823486020722,1806.7531567303004,1786.5283079609312,1796.6407323456158,1789.8991160891594,False,False
2023-11-22,5300.0,5390.0,5290.0,5340.0,5320.0,5330.0,88214879,470867411890,3378,46348559193224090,496,1402-09-01,1,0.3370808128228172,496,1786.5283079609312,1816.8655811149847,1783.157499832703,1800.011540473844,1793.2699242173876,False,False
2023-11-25,5320.0,5360.0,5290.0,5320.0,5300.0,5340.0,60727272,323305470280,3511,46348559193224090,497,1402-09-04,3,0.3370808128228172,497,1793.2699242173876,1806.7531567303004,1783.157499832703,1793.2699242173876,1786.5283079609312,False,False
2023-11-26,5320.0,5350.0,5290.0,5310.0,5320.0,5320.0,43468629,230714850580,3112,46348559193224090,498,1402-09-05,1,0.3370808128228172,498,1793.2699242173876,1803.3823486020722,1783.157499832703,1789.8991160891594,1793.2699242173876,False,False
2023-11-27,5350.0,5360.0,5290.0,5310.0,5310.0,5310.0,55531768,294804347440,3188,46348559193224090,499,1402-09-06,1,0.3370808128228172,499,1803.3823486020722,1806.7531567303004,1783.157499832703,1789.8991160891594,1789.8991160891594,False,False
2023-11-28,5310.0,5370.0,5280.0,5320.0,5360.0,5310.0,58268193,310101486940,3183,46348559193224090,500,1402-09-07,1,0.3370808128228172,500,1789.8991160891594,1810.1239648585283,1779.7866917044748,1793.2699242173876,1806.7531567303004,False,False
2023-11-29,5400.0,5570.0,5380.0,5480.0,5500.0,5320.0,163757573,897344085390,6352,46348559193224090,501,1402-09-08,1,0.3370808128228172,501,1820.236389243213,1877.540127423092,1813.4947729867565,1847.2028542690384,1853.9444705254946,False,False
2023-12-02,5560.0,5700.0,5540.0,5610.0,5560.0,5480.0,188412697,1057221262910,7381,46348559193224090,502,1402-09-11,3,0.3370808128228172,502,1874.1693192948637,1921.3606330900582,1867.4277030384073,1891.0233599360045,1874.1693192948637,False,False
2023-12-03,5600.0,6000.0,5540.0,5910.0,6000.0,5610.0,560194269,3308544093640,16579,46348559193224090,503,1402-09-12,1,0.3370808128228172,503,1887.6525518077765,2022.4848769369032,1867.4277030384073,1992.1476037828497,2022.4848769369032,False,False
2023-12-04,6320.0,6320.0,6150.0,6260.0,6240.0,5910.0,653013205,4086786702170,24614,46348559193224090,504,1402-09-13,1,0.3370808128228172,504,2130.350737040205,2130.350737040205,2073.046998860326,2110.1258882708357,2103.3842720143793,False,False
2023-12-05,6240.0,6350.0,6140.0,6230.0,6200.0,6260.0,257715593,1605023947130,12522,46348559193224090,505,1402-09-14,1,0.3370808128228172,505,2103.3842720143793,2140.463161424889,2069.676190732098,2100.0134638861514,2089.9010395014666,False,False
2023-12-06,6190.0,6230.0,6120.0,6170.0,6150.0,6230.0,102142632,629741503270,5891,46348559193224090,506,1402-09-15,1,0.3370808128228172,506,2086.5302313732386,2100.0134638861514,2062.9345744756415,2079.7886151167822,2073.046998860326,False,False
2023-12-09,6140.0,6190.0,6030.0,6090.0,6030.0,6170.0,180278913,1097368512390,7530,46348559193224090,507,1402-09-18,3,0.3370808128228172,507,2069.676190732098,2086.5302313732386,2032.5973013215878,2052.8221500909567,2032.5973013215878,False,False
2023-12-10,6050.0,6170.0,6010.0,6100.0,6090.0,6090.0,104171513,635303843850,5341,46348559193224090,508,1402-09-19,1,0.3370808128228172,508,2039.3389175780442,2079.7886151167822,2025.8556850651314,2056.192958219185,2052.8221500909567,False,False
2023-12-11,6100.0,6150.0,6070.0,6090.0,6080.0,6100.0,110779742,674740233810,4487,46348559193224090,509,1402-09-20,1,0.3370808128228172,509,2056.192958219185,2073.046998860326,2046.0805338345006,2052.8221500909567,2049.4513419627287,False,False
2023-12-12,6070.0,6100.0,6040.0,6080.0,6070.0,6090.0,118383637,719296475570,4391,46348559193224090,510,1402-09-21,1,0.3370808128228172,510,2046.0805338345006,2056.192958219185,2035.968109449816,2049.4513419627287,2046.0805338345006,False,False
2023-12-13,6060.0,6100.0,6030.0,6070.0,6070.0,6080.0,73469939,445641488610,3286,46348559193224090,511,1402-09-22,1,0.3370808128228172,511,2042.7097257062724,2056.192958219185,2032.5973013215878,2046.0805338345006,2046.0805338345006,False,False
2023-12-16,6100.0,6190.0,6070.0,6140.0,6150.0,6070.0,87352283,535942341330,4729,46348559193224090,512,1402-09-25,3,0.3370808128228172,512,2056.192958219185,2086.5302313732386,2046.0805338345006,2069.676190732098,2073.046998860326,False,False
2023-12-18,6170.0,6410.0,6170.0,6310.0,6310.0,6140.0,190143256,1200106530850,9752,46348559193224090,513,1402-09-27,2,0.3370808128228172,513,2079.7886151167822,2160.6880101942584,2079.7886151167822,2126.9799289119765,2126.9799289119765,False,False
2023-12-19,6350.0,6580.0,6280.0,6390.0,6350.0,6310.0,202528370,1294093914360,7525,46348559193224090,514,1402-09-28,1,0.3370808128228172,514,2140.463161424889,2217.9917483741374,2116.867504527292,2153.946393937802,2140.463161424889,False,False
2023-12-20,6350.0,6480.0,6300.0,6370.0,6340.0,6390.0,153877890,980725153050,5259,46348559193224090,515,1402-09-29,1,0.3370808128228172,515,2140.463161424889,2184.2836670918555,2123.6091207837485,2147.2047776813456,2137.0923532966613,False,False
2023-12-23,6370.0,6380.0,6300.0,6350.0,6340.0,6370.0,148221279,941287376220,4916,46348559193224090,516,1402-10-02,3,0.3370808128228172,516,2147.2047776813456,2150.575585809574,2123.6091207837485,2140.463161424889,2137.0923532966613,False,False
2023-12-24,6340.0,6370.0,6250.0,6300.0,6280.0,6350.0,140109578,883284123080,5589,46348559193224090,517,1402-10-03,1,0.3370808128228172,517,2137.0923532966613,2147.2047776813456,2106.7550801426078,2123.6091207837485,2116.867504527292,False,False
2023-12-25,6290.0,6350.0,6200.0,6270.0,6240.0,6300.0,105551246,662003973830,4492,46348559193224090,518,1402-10-04,1,0.3370808128228172,518,2120.23831265552,2140.463161424889,2089.9010395014666,2113.4966963990637,2103.3842720143793,False,False
2023-12-26,6230.0,6270.0,6170.0,6210.0,6200.0,6270.0,76730771,476493645930,3980,46348559193224090,519,1402-10-05,1,0.3370808128228172,519,2100.0134638861514,2113.4966963990637,2079.7886151167822,2093.271847629695,2089.9010395014666,False,False
2023-12-27,6270.0,6270.0,6190.0,6220.0,6220.0,6210.0,123557080,768386352510,4970,46348559193224090,520,1402-10-06,1,0.3370808128228172,520,2113.4966963990637,2113.4966963990637,2086.5302313732386,2096.642655757923,2096.642655757923,False,False
2023-12-30,6280.0,6330.0,6250.0,6280.0,6280.0,6220.0,65778615,413007029830,3774,46348559193224090,521,1402-10-09,3,0.3370808128228172,521,2116.867504527292,2133.721545168433,2106.7550801426078,2116.867504527292,2116.867504527292,False,False
2023-12-31,6300.0,6300.0,6180.0,6230.0,6190.0,6280.0,80066614,498910921170,3884,46348559193224090,522,1402-10-10,1,0.3370808128228172,522,2123.6091207837485,2123.6091207837485,2083.15942324501,2100.0134638861514,2086.5302313732386,False,False
2024-01-01,6230.0,6230.0,6150.0,6200.0,6180.0,6230.0,67436187,417831898480,3320,46348559193224090,523,1402-10-11,1,0.3370808128228172,523,2100.0134638861514,2100.0134638861514,2073.046998860326,2089.9010395014666,2083.15942324501,False,False
2024-01-02,6180.0,6220.0,6100.0,6160.0,6150.0,6200.0,72415054,446092828520,3753,46348559193224090,524,1402-10-12,1,0.3370808128228172,524,2083.15942324501,2096.642655757923,2056.192958219185,2076.417806988554,2073.046998860326,False,False
2024-01-03,6180.0,6230.0,6100.0,6160.0,6190.0,6160.0,82800015,510237384690,3654,46348559193224090,525,1402-10-13,1,0.3370808128228172,525,2083.15942324501,2100.0134638861514,2056.192958219185,2076.417806988554,2086.5302313732386,False,False
2024-01-06,6180.0,6230.0,6140.0,6180.0,6200.0,6160.0,66717283,412010001770,3445,46348559193224090,526,1402-10-16,3,0.3370808128228172,526,2083.15942324501,2100.0134638861514,2069.676190732098,2083.15942324501,2089.9010395014666,False,False
2024-01-07,6130.0,6220.0,6130.0,6200.0,6200.0,6180.0,45124110,279873553090,3056,46348559193224090,527,1402-10-17,1,0.3370808128228172,527,2066.3053826038695,2096.642655757923,2066.3053826038695,2089.9010395014666,2089.9010395014666,False,False
2024-01-08,6190.0,6220.0,6160.0,6190.0,6170.0,6200.0,77523673,479904849470,3612,46348559193224090,528,1402-10-18,1,0.3370808128228172,528,2086.5302313732386,2096.642655757923,2076.417806988554,2086.5302313732386,2079.7886151167822,False,False
2024-01-09,6170.0,6300.0,6150.0,6230.0,6200.0,6190.0,85498692,532235215560,3976,46348559193224090,529,1402-10-19,1,0.3370808128228172,529,2079.7886151167822,2123.6091207837485,2073.046998860326,2100.0134638861514,2089.9010395014666,False,False
2024-01-10,6240.0,6290.0,6240.0,6260.0,6260.0,6230.0,76889340,481666026740,3570,46348559193224090,530,1402-10-20,1,0.3370808128228172,530,2103.3842720143793,2120.23831265552,2103.3842720143793,2110.1258882708357,2110.1258882708357,False,False
2024-01-13,6260.0,6380.0,6230.0,6310.0,6280.0,6260.0,116692973,736421610760,5231,46348559193224090,531,1402-10-23,3,0.3370808128228172,531,2110.1258882708357,2150.575585809574,2100.0134638861514,2126.9799289119765,2116.867504527292,False,False
2024-01-14,6310.0,6380.0,6300.0,6340.0,6360.0,6310.0,109819493,695842408130,5116,46348559193224090,532,1402-10-24,1,0.3370808128228172,532,2126.9799289119765,2150.575585809574,2123.6091207837485,2137.0923532966613,2143.8339695531176,False,False
2024-01-15,6340.0,6360.0,6270.0,6320.0,6300.0,6340.0,94699573,598168081220,3483,46348559193224090,533,1402-10-25,1,0.3370808128228172,533,2137.0923532966613,2143.8339695531176,2113.4966963990637,2130.350737040205,2123.6091207837485,False,False
2024-01-16,6270.0,6330.0,6210.0,6270.0,6260.0,6320.0,116133373,728649735130,3743,46348559193224090,534,1402-10-26,1,0.3370808128228172,534,2113.4966963990637,2133.721545168433,2093.271847629695,2113.4966963990637,2110.1258882708357,False,False
2024-01-17,6250.0,6280.0,6210.0,6240.0,6250.0,6270.0,50417391,314644339790,2739,46348559193224090,535,1402-10-27,1,0.3370808128228172,535,2106.7550801426078,2116.867504527292,2093.271847629695,2103.3842720143793,2106.7550801426078,False,False
2024-01-20,6250.0,6310.0,6180.0,6240.0,6190.0,6240.0,101403368,632437891640,4387,46348559193224090,536,1402-10-30,3,0.3370808128228172,536,2106.7550801426078,2126.9799289119765,2083.15942324501,2103.3842720143793,2086.5302313732386,False,False
2024-01-21,6170.0,6250.0,6130.0,6230.0,6250.0,6240.0,135632320,844313812030,4969,46348559193224090,537,1402-11-01,1,0.3370808128228172,537,2079.7886151167822,2106.7550801426078,2066.3053826038695,2100.0134638861514,2106.7550801426078,False,False
2024-01-22,6250.0,6260.0,6170.0,6220.0,6200.0,6230.0,123935142,770439114340,4412,46348559193224090,538,1402-11-02,1,0.3370808128228172,538,2106.7550801426078,2110.1258882708357,2079.7886151167822,2096.642655757923,2089.9010395014666,False,False
2024-01-23,6190.0,6230.0,6080.0,6150.0,6190.0,6220.0,142462396,876521206620,5373,46348559193224090,539,1402-11-03,1,0.3370808128228172,539,2086.5302313732386,2100.0134638861514,2049.4513419627287,2073.046998860326,2086.5302313732386,False,False
2024-01-24,6150.0,6230.0,6150.0,6180.0,6200.0,6150.0,44754505,276792968980,2855,46348559193224090,540,1402-11-04,1,0.3370808128228172,540,2073.046998860326,2100.0134638861514,2073.046998860326,2083.15942324501,2089.9010395014666,False,False
2024-01-27,6220.0,6250.0,6150.0,6190.0,6210.0,6180.0,77880140,482056297820,3453,46348559193224090,541,1402-11-07,3,0.3370808128228172,541,2096.642655757923,2106.7550801426078,2073.046998860326,2086.5302313732386,2093.271847629695,False,False
2024-01-28,6200.0,6230.0,6160.0,6190.0,6200.0,6190.0,101305577,627040536870,4424,46348559193224090,542,1402-11-08,1,0.3370808128228172,542,2089.9010395014666,2100.0134638861514,2076.417806988554,2086.5302313732386,2089.9010395014666,False,False
2024-01-29,6190.0,6190.0,6120.0,6150.0,6160.0,6190.0,79686813,489988050450,3980,46348559193224090,543,1402-11-09,1,0.3370808128228172,543,2086.5302313732386,2086.5302313732386,2062.9345744756415,2073.046998860326,2076.417806988554,False,False
2024-01-30,6110.0,6180.0,6110.0,6140.0,6120.0,6150.0,85702902,526567574850,6275,46348559193224090,544,1402-11-10,1,0.3370808128228172,544,2059.563766347413,2083.15942324501,2059.563766347413,2069.676190732098,2062.9345744756415,False,False
2024-01-31,6140.0,6150.0,6080.0,6110.0,6110.0,6140.0,81097347,495797020190,3966,46348559193224090,545,1402-11-11,1,0.3370808128228172,545,2069.676190732098,2073.046998860326,2049.4513419627287,2059.563766347413,2059.563766347413,False,False
2024-02-03,6100.0,6170.0,6080.0,6120.0,6100.0,6110.0,112289458,687313926660,4916,46348559193224090,546,1402-11-14,3,0.3370808128228172,546,2056.192958219185,2079.7886151167822,2049.4513419627287,2062.9345744756415,2056.192958219185,False,False
2024-02-04,6130.0,6170.0,5990.0,6050.0,6000.0,6120.0,86951296,525813035240,6068,46348559193224090,547,1402-11-15,1,0.3370808128228172,547,2066.3053826038695,2079.7886151167822,2019.114068808675,2039.3389175780442,2022.4848769369032,False,False
2024-02-05,6020.0,6080.0,5970.0,6000.0,6020.0,6050.0,104949166,630079381730,5836,46348559193224090,548,1402-11-16,1,0.3370808128228172,548,2029.2264931933596,2049.4513419627287,2012.3724525522186,2022.4848769369032,2029.2264931933596,False,False
2024-02-06,5970.0,6030.0,5940.0,5990.0,6000.0,6000.0,88840127,532025403110,4258,46348559193224090,549,1402-11-17,1,0.3370808128228172,549,2012.3724525522186,2032.5973013215878,2002.2600281675343,2019.114068808675,2022.4848769369032,False,False
2024-02-13,6040.0,6040.0,5970.0,6000.0,6000.0,5990.0,88077560,528729083590,3353,46348559193224090,550,1402-11-24,7,0.3370808128228172,550,2035.968109449816,2035.968109449816,2012.3724525522186,2022.4848769369032,2022.4848769369032,False,False
2024-02-14,6010.0,6020.0,5940.0,5970.0,5940.0,6000.0,81472457,486126085530,4777,46348559193224090,551,1402-11-25,1,0.3370808128228172,551,2025.8556850651314,2029.2264931933596,2002.2600281675343,2012.3724525522186,2002.2600281675343,False,False
2024-02-17,5990.0,5990.0,5830.0,5880.0,5880.0,5970.0,132344831,777774071690,6377,46348559193224090,552,1402-11-28,3,0.3370808128228172,552,2019.114068808675,2019.114068808675,1965.1811387570244,1982.0351793981652,1982.0351793981652,False,False
2024-02-18,5880.0,5960.0,5820.0,5910.0,5910.0,5880.0,80442772,475446797670,4599,46348559193224090,553,1402-11-29,1,0.3370808128228172,553,1982.0351793981652,2009.0016444239907,1961.8103306287962,1992.1476037828497,1992.1476037828497,False,False
2024-02-19,5920.0,5980.0,5890.0,5930.0,5920.0,5910.0,134372791,797003921280,7361,46348559193224090,554,1402-11-30,1,0.3370808128228172,554,1995.518411911078,2015.7432606804468,1985.4059875263933,1998.889220039306,1995.518411911078,False,False
2024-02-28,4460.0,4500.0,4421.0,4466.0,4454.0,4393.0,69702325,311274776162,3862,46348559193224090,555,1402-12-09,9,0.4550168950692708,555,2029.3753520089476,2047.5760278117186,2011.6296931012462,2032.1054533793633,2026.6452506385322,True,True
2024-03-02,4460.0,4778.0,4450.0,4667.0,4778.0,4466.0,280794749,1310384875267,10217,46348559193224090,556,1402-12-12,3,0.4550168950692708,556,2029.3753520089476,2174.0707246409756,2024.825183058255,2123.5638492882867,2174.0707246409756,False,False
2024-03-03,4890.0,4983.0,4811.0,4890.0,4849.0,4667.0,224987668,1100158892268,10818,46348559193224090,557,1402-12-13,1,0.4550168950692708,557,2225.032616888734,2267.349188130176,2189.0862821782616,2225.032616888734,2206.376924190894,False,False
2024-03-04,4860.0,4900.0,4774.0,4820.0,4776.0,4890.0,150857921,727076382641,7126,46348559193224090,558,1402-12-14,1,0.4550168950692708,558,2211.382110036656,2229.582785839427,2172.250657060699,2193.1814342338853,2173.1606908508375,False,False
2024-03-05,4732.0,5039.0,4732.0,4947.0,4903.0,4820.0,180765641,894183344684,7396,46348559193224090,559,1402-12-15,1,0.4550168950692708,559,2153.139947467789,2292.8301342540553,2153.139947467789,2250.9685799076824,2230.9478365246346,False,False
2024-03-06,4950.0,5009.0,4850.0,4895.0,4890.0,4947.0,127890770,626042756975,6493,46348559193224090,560,1402-12-16,1,0.4550168950692708,560,2252.3336305928906,2279.1796274019775,2206.8319410859635,2227.3077013640805,2225.032616888734,False,False
2024-03-09,4959.0,4962.0,4819.0,4858.0,4820.0,4895.0,111423540,541245005191,6113,46348559193224090,561,1402-12-19,3,0.4550168950692708,561,2256.428782648514,2257.7938333337215,2192.7264173388157,2210.4720762465176,2193.1814342338853,False,False
2024-03-10,4811.0,4899.0,4778.0,4820.0,4800.0,4858.0,182483986,879555043282,6715,46348559193224090,562,1402-12-20,1,0.4550168950692708,562,2189.0862821782616,2229.1277689443577,2174.0707246409756,2193.1814342338853,2184.0810963325,False,False
2024-03-11,4800.0,4850.0,4755.0,4790.0,4800.0,4820.0,174553063,836030111581,7108,46348559193224090,563,1402-12-21,1,0.4550168950692708,563,2184.0810963325,2206.8319410859635,2163.6053360543824,2179.530927381807,2184.0810963325,False,False
2024-03-12,4777.0,4849.0,4750.0,4794.0,4756.0,4790.0,74826050,358730776952,5158,46348559193224090,564,1402-12-22,1,0.4550168950692708,564,2173.6157077459065,2206.376924190894,2161.330251579036,2181.3509949620843,2164.060352949452,False,False
2024-03-13,4753.0,4810.0,4679.0,4734.0,4689.0,4794.0,96253614,455656272064,5467,46348559193224090,565,1402-12-23,1,0.4550168950692708,565,2162.695302264244,2188.6312652831925,2129.024052029118,2154.049981257928,2133.574220979811,False,False
2024-03-16,4750.0,4750.0,4633.0,4683.0,4720.0,4734.0,91663566,429215977284,5175,46348559193224090,566,1402-12-26,3,0.4550168950692708,566,2161.330251579036,2161.330251579036,2108.0932748559317,2130.844119609395,2147.6797447269582,False,False
2024-03-17,4719.0,4900.0,4719.0,4826.0,4888.0,4683.0,80105704,386562063770,4347,46348559193224090,567,1402-12-27,1,0.4550168950692708,567,2147.2247278318887,2229.582785839427,2147.2247278318887,2195.9115356043008,2224.1225830985954,False,False
2024-03-18,4890.0,5039.0,4870.0,4976.0,5035.0,4826.0,183573778,913387725068,8412,46348559193224090,568,1402-12-28,1,0.4550168950692708,568,2225.032616888734,2292.8301342540553,2215.9322789873486,2264.1640698646916,2291.0100666737785,False,False
2024-03-24,5100.0,5220.0,5100.0,5168.0,5199.0,4976.0,141665658,732116540730,9020,46348559193224090,569,1403-01-05,6,0.4550168950692708,569,2320.586164853281,2375.1881922615935,2320.586164853281,2351.5273137179915,2365.632837465139,False,False
2024-03-25,5288.0,5288.0,5109.0,5166.0,5119.0,5168.0,119670589,618173307489,9449,46348559193224090,570,1403-01-06,1,0.4550168950692708,570,2406.129341126304,2406.129341126304,2324.6813169089046,2350.617279927853,2329.2314858595973,False,False
2024-03-26,5150.0,5150.0,5095.0,5110.0,5138.0,5166.0,78201793,399635600296,5777,46348559193224090,571,1403-01-07,1,0.4550168950692708,571,2343.3370096067447,2343.3370096067447,2318.3110803779346,2325.1363338039737,2337.8768068659133,False,False
2024-03-27,5139.0,5151.0,5099.0,5110.0,5111.0,5110.0,85790293,438397952560,6114,46348559193224090,572,1403-01-08,1,0.4550168950692708,572,2338.3318237609824,2343.792026501814,2320.131147958212,2325.1363338039737,2325.591350699043,False,False
2024-03-30,5120.0,5120.0,5060.0,5090.0,5110.0,5110.0,71784993,365440037590,4739,46348559193224090,573,1403-01-11,3,0.4550168950692708,573,2329.6865027546664,2329.6865027546664,2302.3854890505104,2316.035995902588,2325.1363338039737,False,False
2024-04-02,5060.0,5130.0,4950.0,5050.0,5090.0,5090.0,156509693,790540057970,7199,46348559193224090,574,1403-01-14,3,0.4550168950692708,574,2302.3854890505104,2334.236671705359,2252.3336305928906,2297.8353200998176,2316.035995902588,False,False
2024-04-03,5050.0,5130.0,5040.0,5080.0,5070.0,5050.0,66251986,336417595660,4811,46348559193224090,575,1403-01-15,1,0.4550168950692708,575,2297.8353200998176,2334.236671705359,2293.285151149125,2311.4858269518954,2306.9356580012027,False,False
2024-04-06,5080.0,5190.0,4980.0,5070.0,5030.0,5080.0,220590452,1118587672520,8864,46348559193224090,576,1403-01-18,3,0.4550168950692708,576,2311.4858269518954,2361.5376854095152,2265.9841374449684,2306.9356580012027,2288.734982198432,False,False
2024-04-07,5040.0,5140.0,5030.0,5070.0,5080.0,5070.0,119916819,608031056590,4917,46348559193224090,577,1403-01-19,1,0.4550168950692708,577,2293.285151149125,2338.786840656052,2288.734982198432,2306.9356580012027,2311.4858269518954,False,False
2024-04-08,5070.0,5130.0,5060.0,5090.0,5090.0,5070.0,109694903,558698658650,5019,46348559193224090,578,1403-01-20,1,0.4550168950692708,578,2306.9356580012027,2334.236671705359,2302.3854890505104,2316.035995902588,2316.035995902588,False,False
2024-04-09,5090.0,5230.0,5090.0,5160.0,5220.0,5090.0,162454953,837639193230,6120,46348559193224090,579,1403-01-21,1,0.4550168950692708,579,2316.035995902588,2379.7383612122862,2316.035995902588,2347.8871785574374,2375.1881922615935,False,False
2024-04-13,5160.0,5160.0,4960.0,5030.0,4980.0,5160.0,249799475,1255962291820,9784,46348559193224090,580,1403-01-25,4,0.4550168950692708,580,2347.8871785574374,2347.8871785574374,2256.8837995435833,2288.734982198432,2265.9841374449684,False,False
2024-04-14,4980.0,4980.0,4980.0,4980.0,4980.0,5030.0,45335842,225772493160,1614,46348559193224090,581,1403-01-26,1,0.4550168950692708,581,2265.9841374449684,2265.9841374449684,2265.9841374449684,2265.9841374449684,2265.9841374449684,False,False
2024-04-15,4960.0,5020.0,4960.0,5000.0,5020.0,4980.0,88091704,440489462620,2347,46348559193224090,582,1403-01-27,1,0.4550168950692708,582,2256.8837995435833,2284.1848132477394,2256.8837995435833,2275.084475346354,2284.1848132477394,False,False
2024-04-16,5020.0,5050.0,4950.0,5020.0,5050.0,5000.0,216367168,1086985724930,6226,46348559193224090,583,1403-01-28,1,0.4550168950692708,583,2284.1848132477394,2297.8353200998176,2252.3336305928906,2284.1848132477394,2297.8353200998176,False,False
2024-04-17,5070.0,5070.0,5070.0,5070.0,5070.0,5020.0,52609609,266730717630,1158,46348559193224090,584,1403-01-29,1,0.4550168950692708,584,2306.9356580012027,2306.9356580012027,2306.9356580012027,2306.9356580012027,2306.9356580012027,False,False
2024-04-20,5350.0,5420.0,5250.0,5410.0,5420.0,5070.0,305940802,1655859090710,7878,46348559193224090,585,1403-02-01,3,0.4550168950692708,585,2434.340388620599,2466.1915712754476,2388.8386991136717,2461.641402324755,2466.1915712754476,False,False
2024-04-21,5610.0,5670.0,5450.0,5580.0,5530.0,5410.0,347115433,1936554021470,15208,46348559193224090,586,1403-02-02,1,0.4550168950692708,586,2552.644781338609,2579.9457950427654,2479.842078127526,2538.994274486531,2516.2434297330674,False,False
2024-04-22,5540.0,5630.0,5470.0,5550.0,5490.0,5580.0,207769889,1152280583050,9772,46348559193224090,587,1403-02-03,1,0.4550168950692708,587,2520.79359868376,2561.7451192399944,2488.9424160289113,2525.343767634453,2498.042753930297,False,False
2024-04-23,5510.0,5550.0,5370.0,5430.0,5450.0,5550.0,145152634,787485384200,8224,46348559193224090,588,1403-02-04,1,0.4550168950692708,588,2507.143091831682,2525.343767634453,2443.4407265219843,2470.7417402261403,2479.842078127526,False,False
2024-04-24,5440.0,5490.0,5330.0,5410.0,5450.0,5430.0,146650782,793777016330,6936,46348559193224090,589,1403-02-05,1,0.4550168950692708,589,2475.291909176833,2498.042753930297,2425.2400507192133,2461.641402324755,2479.842078127526,False,False
2024-04-27,5450.0,5490.0,5360.0,5410.0,5400.0,5410.0,114478780,619337851850,5510,46348559193224090,590,1403-02-08,3,0.4550168950692708,590,2479.842078127526,2498.042753930297,2438.8905575712915,2461.641402324755,2457.091233374062,False,False
2024-04-28,5370.0,5450.0,5270.0,5330.0,5310.0,5410.0,128506701,684554751930,6843,46348559193224090,591,1403-02-09,1,0.4550168950692708,591,2443.4407265219843,2479.842078127526,2397.9390370150572,2425.2400507192133,2416.139712817828,False,False
2024-04-29,5340.0,5350.0,5230.0,5270.0,5240.0,5330.0,105735482,557669665370,6119,46348559193224090,592,1403-02-10,1,0.4550168950692708,592,2429.790219669906,2434.340388620599,2379.7383612122862,2397.9390370150572,2384.288530162979,False,False
2024-04-30,5250.0,5270.0,5170.0,5210.0,5190.0,5270.0,115886933,603473603250,5503,46348559193224090,593,1403-02-11,1,0.4550168950692708,593,2388.8386991136717,2397.9390370150572,2352.43734750813,2370.6380233109007,2361.5376854095152,False,False
2024-05-01,5210.0,5230.0,5150.0,5190.0,5210.0,5210.0,70192844,364071286170,4566,46348559193224090,594,1403-02-12,1,0.4550168950692708,594,2370.6380233109007,2379.7383612122862,2343.3370096067447,2361.5376854095152,2370.6380233109007,False,False
2024-05-05,5210.0,5220.0,5150.0,5170.0,5150.0,5190.0,61442257,317942866860,4357,46348559193224090,595,1403-02-16,4,0.4550168950692708,595,2370.6380233109007,2375.1881922615935,2343.3370096067447,2352.43734750813,2343.3370096067447,False,False
2024-05-06,5130.0,5130.0,5060.0,5090.0,5080.0,5170.0,87871170,447413489830,5280,46348559193224090,596,1403-02-17,1,0.4550168950692708,596,2334.236671705359,2334.236671705359,2302.3854890505104,2316.035995902588,2311.4858269518954,False,False
2024-05-07,5090.0,5130.0,5070.0,5090.0,5100.0,5090.0,61780593,314458405140,3832,46348559193224090,597,1403-02-18,1,0.4550168950692708,597,2316.035995902588,2334.236671705359,2306.9356580012027,2316.035995902588,2320.586164853281,False,False
2024-05-08,5100.0,5110.0,5010.0,5050.0,5050.0,5090.0,71733163,362367617590,4850,46348559193224090,598,1403-02-19,1,0.4550168950692708,598,2320.586164853281,2325.1363338039737,2279.6346442970466,2297.8353200998176,2297.8353200998176,False,False
2024-05-11,5060.0,5080.0,4990.0,5010.0,5010.0,5050.0,105190601,527346192760,5300,46348559193224090,599,1403-02-22,3,0.4550168950692708,599,2302.3854890505104,2311.4858269518954,2270.534306395661,2279.6346442970466,2279.6346442970466,False,False
2024-05-12,5000.0,5110.0,4950.0,5010.0,4980.0,5010.0,114511404,573423039170,7046,46348559193224090,600,1403-02-23,1,0.4550168950692708,600,2275.084475346354,2325.1363338039737,2252.3336305928906,2279.6346442970466,2265.9841374449684,False,False
2024-05-13,4950.0,4990.0,4910.0,4940.0,4970.0,5010.0,161323152,796864854000,7197,46348559193224090,601,1403-02-24,1,0.4550168950692708,601,2252.3336305928906,2270.534306395661,2234.1329547901196,2247.783461642198,2261.4339684942756,False,False
2024-05-14,4940.0,5110.0,4940.0,5010.0,4980.0,4940.0,111614869,559701296780,5004,46348559193224090,602,1403-02-25,1,0.4550168950692708,602,2247.783461642198,2325.1363338039737,2247.783461642198,2279.6346442970466,2265.9841374449684,False,False
2024-05-15,5010.0,5100.0,4910.0,5010.0,5070.0,5010.0,106080462,531930776860,4725,46348559193224090,603,1403-02-26,1,0.4550168950692708,603,2279.6346442970466,2320.586164853281,2234.1329547901196,2279.6346442970466,2306.9356580012027,False,False
2024-05-18,5080.0,5110.0,4980.0,5020.0,4980.0,5010.0,95827819,481171789860,4798,46348559193224090,604,1403-02-29,3,0.4550168950692708,604,2311.4858269518954,2325.1363338039737,2265.9841374449684,2284.1848132477394,2265.9841374449684,False,False
2024-05-19,4980.0,4980.0,4760.0,4840.0,4830.0,5020.0,261324436,1264448082360,10184,46348559193224090,605,1403-02-30,1,0.4550168950692708,605,2265.9841374449684,2265.9841374449684,2165.880420529729,2202.281772135271,2197.731603184578,False,False
2024-05-21,4840.0,4930.0,4810.0,4890.0,4920.0,4840.0,97794909,477990184410,4548,46348559193224090,606,1403-03-01,2,0.4550168950692708,606,2202.281772135271,2243.233292691505,2188.6312652831925,2225.032616888734,2238.6831237408123,False,False
2024-05-25,4900.0,4900.0,4793.0,4802.0,4796.0,4890.0,125824414,604180197415,7119,46348559193224090,607,1403-03-05,4,0.4550168950692708,607,2229.582785839427,2229.582785839427,2180.8959780670148,2184.9911301226384,2182.2610287522225,False,False
2024-05-26,4794.0,4800.0,4706.0,4713.0,4706.0,4802.0,160502143,756405348427,5954,46348559193224090,608,1403-03-06,1,0.4550168950692708,608,2181.3509949620843,2184.0810963325,2141.309508195988,2144.494626461473,2141.309508195988,False,False
2024-05-27,4687.0,4700.0,4619.0,4633.0,4698.0,4713.0,188228947,871981848575,6803,46348559193224090,609,1403-03-07,1,0.4550168950692708,609,2132.6641871896722,2138.5794068255727,2101.7230383249616,2108.0932748559317,2137.669373035434,False,False
2024-05-28,4723.0,4725.0,4698.0,4724.0,4725.0,4633.0,36172895,170886365043,1278,46348559193224090,610,1403-03-08,1,0.4550168950692708,610,2149.044795412166,2149.9548292023046,2137.669373035434,2149.499812307235,2149.9548292023046,False,False
2024-05-29,4818.0,4818.0,4818.0,4803.0,4818.0,4724.0,20617493,99335081274,706,46348559193224090,611,1403-03-09,1,0.4550168950692708,611,2192.2714004437466,2192.2714004437466,2192.2714004437466,2185.4461470177075,2192.2714004437466,False,False
2024-06-01,4899.0,4899.0,4850.0,4894.0,4899.0,4803.0,147554564,722200916882,5565,46348559193224090,612,1403-03-12,3,0.4550168950692708,612,2229.1277689443577,2229.1277689443577,2206.8319410859635,2226.8526844690114,2229.1277689443577,False,False
2024-06-02,4955.0,4955.0,4846.0,4889.0,4900.0,4894.0,63522526,310591044662,3405,46348559193224090,613,1403-03-13,1,0.4550168950692708,613,2254.608715068237,2254.608715068237,2205.0118735056863,2224.577599993665,2229.582785839427,False,False
2024-06-05,4887.0,4940.0,4844.0,4874.0,4889.0,4889.0,63531980,309669020719,3205,46348559193224090,614,1403-03-16,3,0.4550168950692708,614,2223.6675662035263,2247.783461642198,2204.1018397155476,2217.752346567626,2224.577599993665,False,False
2024-06-08,4889.0,4890.0,4777.0,4779.0,4777.0,4874.0,80125306,382950141459,3295,46348559193224090,615,1403-03-19,3,0.4550168950692708,615,2224.577599993665,2225.032616888734,2173.6157077459065,2174.525741536045,2173.6157077459065,False,False
2024-06-09,4763.0,4874.0,4741.0,4824.0,4872.0,4779.0,85180576,410940861464,4350,46348559193224090,616,1403-03-20,1,0.4550168950692708,616,2167.245471214937,2217.752346567626,2157.235099523413,2195.001501814162,2216.842312777487,False,False
2024-06-10,4920.0,4920.0,4862.0,4919.0,4920.0,4824.0,90678531,446009397576,3088,46348559193224090,617,1403-03-21,1,0.4550168950692708,617,2238.6831237408123,2238.6831237408123,2212.2921438267945,2238.228106845743,2238.6831237408123,False,False
2024-06-11,4921.0,4985.0,4870.0,4906.0,4920.0,4919.0,81983014,402213337484,3388,46348559193224090,618,1403-03-22,1,0.4550168950692708,618,2239.1381406358814,2268.2592219203148,2215.9322789873486,2232.3128872098423,2238.6831237408123,False,False
2024-06-12,4925.0,4980.0,4832.0,4878.0,4907.0,4906.0,103122327,503007695975,5049,46348559193224090,619,1403-03-23,1,0.4550168950692708,619,2240.9582082161587,2265.9841374449684,2198.6416369747167,2219.5724141479027,2232.767904104912,False,False
2024-06-15,4898.0,4898.0,4781.0,4796.0,4781.0,4878.0,71583842,343297864709,3938,46348559193224090,620,1403-03-26,3,0.4550168950692708,620,2228.672752049288,2228.672752049288,2175.435775326184,2182.2610287522225,2175.435775326184,False,False
2024-06-16,4724.0,4740.0,4701.0,4702.0,4701.0,4796.0,141285927,664325523028,4127,46348559193224090,621,1403-03-27,1,0.4550168950692708,621,2149.499812307235,2156.7800826283437,2139.034423720642,2139.4894406157114,2139.034423720642,False,False
2024-06-18,4702.0,4702.0,4608.0,4623.0,4611.0,4702.0,109536357,506429794982,5307,46348559193224090,622,1403-03-29,2,0.4550168950692708,622,2139.4894406157114,2139.4894406157114,2096.7178524792,2103.543105905239,2098.0829031644075,False,False
2024-06-19,4600.0,4715.0,4600.0,4698.0,4714.0,4623.0,86552563,406615862522,3618,46348559193224090,623,1403-03-30,1,0.4550168950692708,623,2093.0777173186457,2145.404660251612,2093.0777173186457,2137.669373035434,2144.9496433565423,False,False
2024-06-22,4788.0,4788.0,4689.0,4712.0,4715.0,4698.0,76046689,358297938879,3713,46348559193224090,624,1403-04-02,3,0.4550168950692708,624,2178.6208935916684,2178.6208935916684,2133.574220979811,2144.039609566404,2145.404660251612,False,False
2024-06-23,4750.0,4755.0,4712.0,4724.0,4717.0,4712.0,52474243,247890644290,2785,46348559193224090,625,1403-04-03,1,0.4550168950692708,625,2161.330251579036,2163.6053360543824,2144.039609566404,2149.499812307235,2146.3146940417505,False,False
2024-06-24,4760.0,4818.0,4738.0,4781.0,4818.0,4724.0,112051212,535694559028,4428,46348559193224090,626,1403-04-04,1,0.4550168950692708,626,2165.880420529729,2192.2714004437466,2155.870048838205,2175.435775326184,2192.2714004437466,False,False
2024-06-26,4876.0,4876.0,4850.0,4875.0,4876.0,4781.0,98586455,480639579232,2578,46348559193224090,627,1403-04-06,2,0.4550168950692708,627,2218.6623803577645,2218.6623803577645,2206.8319410859635,2218.207363462695,2218.6623803577645,False,False
2024-06-29,4940.0,4940.0,4823.0,4876.0,4833.0,4875.0,93372361,455316244691,4712,46348559193224090,628,1403-04-09,3,0.4550168950692708,628,2247.783461642198,2247.783461642198,2194.546484919093,2218.6623803577645,2199.0966538697858,False,False
2024-06-30,4864.0,4920.0,4750.0,4820.0,4833.0,4876.0,168110820,810246055623,5040,46348559193224090,629,1403-04-10,1,0.4550168950692708,629,2213.202177616933,2238.6831237408123,2161.330251579036,2193.1814342338853,2199.0966538697858,False,False
2024-07-01,4850.0,4890.0,4800.0,4831.0,4845.0,4820.0,71069254,343358310915,2967,46348559193224090,630,1403-04-11,1,0.4550168950692708,630,2206.8319410859635,2225.032616888734,2184.0810963325,2198.186620079647,2204.556856610617,False,False
2024-07-02,4820.0,4919.0,4820.0,4894.0,4901.0,4831.0,94028165,460138722361,3299,46348559193224090,631,1403-04-12,1,0.4550168950692708,631,2193.1814342338853,2238.228106845743,2193.1814342338853,2226.8526844690114,2230.037802734496,False,False
2024-07-03,4913.0,5060.0,4900.0,4981.0,5040.0,4894.0,154247179,768245149969,6158,46348559193224090,632,1403-04-13,1,0.4550168950692708,632,2235.4980054753273,2302.3854890505104,2229.582785839427,2266.439154340038,2293.285151149125,False,False
2024-07-06,5279.0,5279.0,5279.0,5279.0,5279.0,4981.0,133074866,702502217614,1816,46348559193224090,633,1403-04-16,3,0.4550168950692708,633,2402.0341890706804,2402.0341890706804,2402.0341890706804,2402.0341890706804,2402.0341890706804,False,False
2024-07-07,5529.0,5529.0,5281.0,5351.0,5296.0,5279.0,342928008,1835103237202,9493,46348559193224090,634,1403-04-17,1,0.4550168950692708,634,2515.7884128379983,2515.7884128379983,2402.944222860819,2434.795405515668,2409.769476286858,False,False
2024-07-08,5338.0,5400.0,5236.0,5305.0,5355.0,5351.0,235859639,1251246968558,7761,46348559193224090,635,1403-04-18,1,0.4550168950692708,635,2428.8801858797674,2457.091233374062,2382.4684625827017,2413.8646283424814,2436.615473095945,False,False
2024-07-09,5340.0,5360.0,5258.0,5285.0,5264.0,5305.0,112303564,593553336790,3866,46348559193224090,636,1403-04-19,1,0.4550168950692708,636,2429.790219669906,2438.8905575712915,2392.478834274226,2404.764290441096,2395.2089356446413,False,False
2024-07-10,5264.0,5300.0,5198.0,5245.0,5299.0,5285.0,179660233,942389073284,6349,46348559193224090,637,1403-04-20,1,0.4550168950692708,637,2395.2089356446413,2411.589543867135,2365.1778205700693,2386.5636146383254,2411.134526972066,False,False
2024-07-13,5280.0,5280.0,5190.0,5220.0,5190.0,5245.0,148804815,777335152960,4484,46348559193224090,638,1403-04-23,3,0.4550168950692708,638,2402.4892059657495,2402.4892059657495,2361.5376854095152,2375.1881922615935,2361.5376854095152,False,False
2024-07-14,5260.0,5260.0,5160.0,5200.0,5190.0,5220.0,145796778,757708602780,5240,46348559193224090,639,1403-04-24,1,0.4550168950692708,639,2393.3888680643645,2393.3888680643645,2347.8871785574374,2366.087854360208,2361.5376854095152,False,False
2024-07-22,4767.0,4828.0,4670.0,4738.0,4774.0,4800.0,143171023,678344836591,5613,46348559193224090,640,1403-05-01,8,0.4929349696583767,640,2349.8210003614818,2379.8900335106428,2302.0063083046193,2335.525886241389,2353.2715451490903,False,True
2024-07-23,4775.0,4810.0,4666.0,4711.0,4670.0,4738.0,134981576,635928867496,6836,46348559193224090,641,1403-05-02,1,0.4929349696583767,641,2353.764480118749,2371.017204056792,2300.0345684259855,2322.2166420606127,2302.0063083046193,False,False
2024-07-24,4706.0,4736.0,4643.0,4680.0,4661.0,4711.0,172523541,807393132925,7774,46348559193224090,642,1403-05-03,1,0.4929349696583767,642,2319.751967212321,2334.540016302072,2288.697064123843,2306.9356580012027,2297.5698935776936,False,False
2024-07-27,4658.0,4679.0,4536.0,4589.0,4572.0,4680.0,91193323,418499908645,6502,46348559193224090,643,1403-05-06,3,0.4929349696583767,643,2296.0910886687184,2306.4427230315446,2235.953022370397,2262.0785757622907,2253.6986812780983,False,False
2024-07-29,4593.0,4593.0,4467.0,4511.0,4476.0,4589.0,177022978,798551904153,6710,46348559193224090,644,1403-05-08,2,0.4929349696583767,644,2264.050315640924,2264.050315640924,2201.9405094639687,2223.6296481289373,2206.376924190894,False,False
2024-07-30,4510.0,4530.0,4454.0,4479.0,4480.0,4511.0,138228953,619193415443,5613,46348559193224090,645,1403-05-09,1,0.4929349696583767,645,2223.1367131592788,2232.9954125524464,2195.5323548584097,2207.855729099869,2208.3486640695273,False,False
2024-07-31,4277.0,4450.0,4261.0,4321.0,4380.0,4479.0,216601625,935952777893,7167,46348559193224090,646,1403-05-10,1,0.4929349696583767,646,2108.282865228877,2193.5606149797763,2100.395905714343,2129.972003893846,2159.05516710369,False,False
2024-08-03,4275.0,4318.0,4104.0,4175.0,4104.0,4321.0,235772723,984283327968,7872,46348559193224090,647,1403-05-13,3,0.4929349696583767,647,2107.2969952895605,2128.4931989848706,2023.0051154779778,2058.003498323723,2023.0051154779778,False,False
2024-08-04,4134.0,4200.0,4134.0,4164.0,4190.0,4175.0,77910790,324392277245,3728,46348559193224090,648,1403-05-14,1,0.4929349696583767,648,2037.7931645677293,2070.326872565182,2037.7931645677293,2052.5812136574805,2065.397522868598,False,False
2024-08-05,4179.0,4200.0,4154.0,4175.0,4154.0,4164.0,141494820,590798859994,3582,46348559193224090,649,1403-05-15,1,0.4929349696583767,649,2059.975238202356,2070.326872565182,2047.6518639608967,2058.003498323723,2047.6518639608967,False,False
2024-08-06,4170.0,4195.0,4153.0,4169.0,4176.0,4175.0,120207555,501121402802,3991,46348559193224090,650,1403-05-16,1,0.4929349696583767,650,2055.538823475431,2067.86219771689,2047.1589289912383,2055.0458885057724,2058.496433293381,False,False
2024-08-10,4171.0,4200.0,4149.0,4167.0,4151.0,4169.0,57100806,237945571749,2937,46348559193224090,651,1403-05-20,4,0.4929349696583767,651,2056.031758445089,2070.326872565182,2045.187189112605,2054.0600185664557,2046.1730590519217,False,False
2024-08-11,4183.0,4199.0,4154.0,4165.0,4188.0,4167.0,76157804,317164457911,2778,46348559193224090,652,1403-05-21,1,0.4929349696583767,652,2061.9469780809895,2069.833937595524,2047.6518639608967,2053.074148627139,2064.4116529292814,False,False
2024-08-12,4175.0,4175.0,4124.0,4142.0,4125.0,4165.0,153179931,634456882416,5184,46348559193224090,653,1403-05-22,1,0.4929349696583767,653,2058.003498323723,2058.003498323723,2032.8638148711455,2041.7366443249962,2033.3567498408038,False,False
2024-08-13,4101.0,4142.0,4101.0,4106.0,4102.0,4142.0,157604551,647105686265,3747,46348559193224090,654,1403-05-23,1,0.4929349696583767,654,2021.5263105690028,2041.7366443249962,2021.5263105690028,2023.9909854172947,2022.0192455386612,False,False
2024-08-14,4147.0,4147.0,4147.0,4147.0,4147.0,4106.0,75055280,311254246160,1466,46348559193224090,655,1403-05-24,1,0.4929349696583767,655,2044.201319173288,2044.201319173288,2044.201319173288,2044.201319173288,2044.201319173288,False,False
2024-08-17,4229.0,4229.0,4229.0,4229.0,4229.0,4147.0,90397997,382293129313,1259,46348559193224090,656,1403-05-27,3,0.4929349696583767,656,2084.621986685275,2084.621986685275,2084.621986685275,2084.621986685275,2084.621986685275,False,False
2024-08-18,4313.0,4313.0,4313.0,4313.0,4313.0,4229.0,93710901,404175116013,1257,46348559193224090,657,1403-05-28,1,0.4929349696583767,657,2126.0285241365787,2126.0285241365787,2126.0285241365787,2126.0285241365787,2126.0285241365787,False,False
2024-08-19,4399.0,4399.0,4289.0,4360.0,4300.0,4313.0,226562176,987717256069,5477,46348559193224090,658,1403-05-29,1,0.4929349696583767,658,2168.420931527199,2168.420931527199,2114.1980848647777,2149.1964677105225,2119.6203695310196,False,False
2024-08-20,4365.0,4390.0,4285.0,4333.0,4325.0,4360.0,69819162,302535009048,2389,46348559193224090,659,1403-05-30,1,0.4929349696583767,659,2151.6611425588144,2163.9845168002735,2112.226344986144,2135.8872235297463,2131.943743772479,False,False
2024-08-21,4359.0,4417.0,4315.0,4346.0,4347.0,4333.0,124274324,540089366988,3625,46348559193224090,660,1403-05-31,1,0.4929349696583767,660,2148.703532740864,2177.2937609810497,2127.0143940758953,2142.295378135305,2142.7883131049634,False,False
2024-08-24,4394.0,4432.0,4390.0,4415.0,4432.0,4346.0,104951259,463359298138,3463,46348559193224090,661,1403-06-03,3,0.4929349696583767,661,2165.9562566789073,2184.6877855259254,2163.9845168002735,2176.307891041733,2184.6877855259254,False,False
2024-08-26,4490.0,4500.0,4418.0,4446.0,4419.0,4415.0,145344773,646165928487,5295,46348559193224090,662,1403-06-05,2,0.4929349696583767,662,2213.278013766111,2218.207363462695,2177.7866959507082,2191.5888751011425,2178.279630920367,False,False
2024-08-27,4430.0,4520.0,4410.0,4456.0,4440.0,4446.0,96985528,432185406719,3960,46348559193224090,663,1403-06-06,1,0.4929349696583767,663,2183.7019155866087,2228.0660628558626,2173.843216193441,2196.5182247977264,2188.6312652831925,False,False
2024-08-28,4526.0,4526.0,4445.0,4471.0,4474.0,4456.0,89548041,400363256352,3937,46348559193224090,664,1403-06-07,1,0.4929349696583767,664,2231.023672673813,2231.023672673813,2191.0959401314844,2203.912249342602,2205.3910542515773,False,False
2024-08-31,4525.0,4560.0,4511.0,4555.0,4560.0,4471.0,282592096,1287282708007,4002,46348559193224090,665,1403-06-10,3,0.4929349696583767,665,2230.5307377041545,2247.783461642198,2223.6296481289373,2245.318786793906,2247.783461642198,False,False
2024-09-01,4622.0,4625.0,4512.0,4566.0,4542.0,4555.0,161547591,737602957839,6639,46348559193224090,666,1403-06-11,1,0.4929349696583767,666,2278.345429761017,2279.824234669992,2224.1225830985954,2250.741071460148,2238.910632188347,False,False
2024-09-03,4593.0,4593.0,4475.0,4493.0,4475.0,4566.0,123127204,553181289200,5222,46348559193224090,667,1403-06-13,2,0.4929349696583767,667,2264.050315640924,2264.050315640924,2205.883989221236,2214.7568186750864,2205.883989221236,False,False
2024-09-07,4464.0,4540.0,4359.0,4386.0,4359.0,4493.0,193315269,847914735858,6439,46348559193224090,668,1403-06-17,4,0.4929349696583767,668,2200.4617045549935,2237.92476224903,2148.703532740864,2162.01277692164,2148.703532740864,False,False
2024-09-08,4380.0,4389.0,4255.0,4301.0,4320.0,4386.0,218225663,938593805323,7740,46348559193224090,669,1403-06-18,1,0.4929349696583767,669,2159.05516710369,2163.4915818306154,2097.438295896393,2120.113304500678,2129.4790689241872,False,False
2024-09-09,4340.0,4399.0,4295.0,4333.0,4299.0,4301.0,124215646,538196098304,4895,46348559193224090,670,1403-06-19,1,0.4929349696583767,670,2139.337768317355,2168.420931527199,2117.1556946827277,2135.8872235297463,2119.1274345613615,False,False
2024-09-10,4339.0,4350.0,4252.0,4282.0,4255.0,4333.0,166555374,713203782816,5510,46348559193224090,671,1403-06-20,1,0.4929349696583767,671,2138.8448333476963,2144.2671180139387,2095.9594909874177,2110.747540077169,2097.438295896393,False,False
2024-09-11,4290.0,4293.0,4205.0,4242.0,4209.0,4282.0,144843351,614373813989,6697,46348559193224090,672,1403-06-21,1,0.4929349696583767,672,2114.691019834436,2116.169824743411,2072.791547413474,2091.030141290834,2074.7632872921076,False,False
2024-09-14,4239.0,4250.0,4144.0,4179.0,4145.0,4242.0,161737152,675855020135,7078,46348559193224090,673,1403-06-24,3,0.4929349696583767,673,2089.5513363818586,2094.973621048101,2042.722514264313,2059.975238202356,2043.2154492339714,False,False
2024-09-15,4155.0,4179.0,4104.0,4136.0,4140.0,4179.0,146800569,607117948299,5573,46348559193224090,674,1403-06-25,1,0.4929349696583767,674,2048.144798930555,2059.975238202356,2023.0051154779778,2038.779034507046,2040.7507743856795,False,False
2024-09-16,4140.0,4170.0,4108.0,4133.0,4136.0,4136.0,196144834,810690520990,6242,46348559193224090,675,1403-06-26,1,0.4929349696583767,675,2040.7507743856795,2055.538823475431,2024.9768553566114,2037.300229598071,2038.779034507046,False,False
2024-09-17,4133.0,4227.0,4126.0,4172.0,4221.0,4133.0,259353622,1081895982060,7310,46348559193224090,676,1403-06-27,1,0.4929349696583767,676,2037.300229598071,2083.636116745958,2033.8496848104621,2056.5246934147476,2080.678506928008,False,False
2024-09-18,4196.0,4238.0,4156.0,4177.0,4204.0,4172.0,236510473,987823628483,8062,46348559193224090,677,1403-06-28,1,0.4929349696583767,677,2068.3551326865486,2089.0584014122005,2048.6377339002133,2058.9893682630395,2072.2986124438157,False,False
2024-09-22,4214.0,4214.0,4160.0,4176.0,4161.0,4177.0,133591017,557830517628,4491,46348559193224090,678,1403-07-01,4,0.4929349696583767,678,2077.2279621403995,2077.2279621403995,2050.609473778847,2058.496433293381,2051.1024087485052,False,False
2024-09-23,4165.0,4280.0,4155.0,4215.0,4248.0,4176.0,248234773,1046205936007,6400,46348559193224090,679,1403-07-02,1,0.4929349696583767,679,2053.074148627139,2109.7616701378524,2048.144798930555,2077.7208971100576,2093.9877511087843,False,False
2024-09-24,4279.0,4341.0,4240.0,4332.0,4341.0,4215.0,544049813,2356580479222,10332,46348559193224090,680,1403-07-03,1,0.4929349696583767,680,2109.268735168194,2139.8307032870134,2090.044271351517,2135.3942885600877,2139.8307032870134,False,False
2024-09-25,4369.0,4394.0,4271.0,4312.0,4271.0,4332.0,265796396,1146148445381,7047,46348559193224090,681,1403-07-04,1,0.4929349696583767,681,2153.6328824374477,2165.9562566789073,2105.3252554109267,2125.53558916692,2105.3252554109267,False,False
2024-09-28,4269.0,4269.0,4269.0,4269.0,4269.0,4312.0,49766299,212452330431,1699,46348559193224090,682,1403-07-07,3,0.4929349696583767,682,2104.33938547161,2104.33938547161,2104.33938547161,2104.33938547161,2104.33938547161,False,False
2024-09-29,4227.0,4244.0,4227.0,4227.0,4227.0,4269.0,330772454,1398204953412,6061,46348559193224090,683,1403-07-08,1,0.4929349696583767,683,2083.636116745958,2092.0160112301505,2083.636116745958,2083.636116745958,2083.636116745958,False,False
2024-09-30,4192.0,4246.0,4185.0,4193.0,4185.0,4227.0,193504237,811354000208,6476,46348559193224090,684,1403-07-09,1,0.4929349696583767,684,2066.3833928079152,2093.001881169467,2062.932848020306,2066.8763277775734,2062.932848020306,False,False
2024-10-01,4161.0,4162.0,4152.0,4154.0,4152.0,4193.0,116152307,482503699857,2984,46348559193224090,685,1403-07-10,1,0.4929349696583767,685,2051.1024087485052,2051.595343718164,2046.66599402158,2047.6518639608967,2046.66599402158,False,False
2024-10-02,4113.0,4123.0,4113.0,4113.0,4113.0,4154.0,201080066,827044924799,4981,46348559193224090,686,1403-07-11,1,0.4929349696583767,686,2027.4415302049033,2032.3708799014871,2027.4415302049033,2027.4415302049033,2027.4415302049033,False,False
2024-10-05,4072.0,4090.0,4072.0,4072.0,4072.0,4113.0,258973062,1054628712858,6267,46348559193224090,687,1403-07-14,3,0.4929349696583767,687,2007.23119644891,2016.1040259027607,2007.23119644891,2007.23119644891,2007.23119644891,False,False
2024-10-06,4044.0,4045.0,4032.0,4035.0,4032.0,4072.0,60681888,244870441615,2501,46348559193224090,688,1403-07-15,1,0.4929349696583767,688,1993.4290172984754,1993.9219522681337,1987.5137976625747,1988.99260257155,1987.5137976625747,False,False
2024-10-07,3995.0,4070.0,3995.0,4019.0,4042.0,4035.0,276540748,1111427402081,7761,46348559193224090,689,1403-07-16,1,0.4929349696583767,689,1969.275203785215,2006.245326509593,1969.275203785215,1981.1056430570159,1992.4431473591585,False,False
2024-10-08,4053.0,4059.0,4048.0,4059.0,4058.0,4019.0,167321519,679076256675,4571,46348559193224090,690,1403-07-17,1,0.4929349696583767,690,1997.8654320254007,2000.823041843351,1995.4007571771087,2000.823041843351,2000.3301068736926,False,False
2024-10-12,4145.0,4180.0,4100.0,4170.0,4180.0,4059.0,163448790,681502975384,3525,46348559193224090,691,1403-07-21,4,0.4929349696583767,691,2043.2154492339714,2060.4681731720148,2021.0333755993445,2055.538823475431,2060.4681731720148,False,False
2024-10-13,4268.0,4279.0,4132.0,4197.0,4217.0,4170.0,210944204,885238459713,8733,46348559193224090,692,1403-07-22,1,0.4929349696583767,692,2103.8464505019515,2109.268735168194,2036.8072946284124,2068.848067656207,2078.7067670493743,False,False
2024-10-14,4190.0,4217.0,4072.0,4115.0,4072.0,4197.0,163994110,674778363554,6262,46348559193224090,693,1403-07-23,1,0.4929349696583767,693,2065.397522868598,2078.7067670493743,2007.23119644891,2028.42740014422,2007.23119644891,False,False
2024-10-15,4021.0,4111.0,3995.0,4029.0,4011.0,4115.0,143640256,578713164434,5836,46348559193224090,694,1403-07-24,1,0.4929349696583767,694,1982.0915129963328,2026.4556602655866,1969.275203785215,1986.0349927535997,1977.162163299749,False,False
2024-10-16,4075.0,4100.0,4034.0,4062.0,4045.0,4029.0,86993787,353400462078,3521,46348559193224090,695,1403-07-25,1,0.4929349696583767,695,2008.710001357885,2021.0333755993445,1988.4996676018916,2002.3018467523261,1993.9219522681337,False,False
2024-10-19,4046.0,4087.0,3941.0,3951.0,3941.0,4062.0,152650185,603194043139,6803,46348559193224090,696,1403-07-28,3,0.4929349696583767,696,1994.414887237792,2014.6252209937854,1942.6567154236625,1947.5860651202463,1942.6567154236625,False,False
2024-10-20,3911.0,3911.0,3833.0,3838.0,3855.0,3951.0,234217009,898873297310,6835,46348559193224090,697,1403-07-29,1,0.4929349696583767,697,1927.8686663339113,1927.8686663339113,1889.419738700558,1891.8844135488498,1900.2643080330422,False,False
2024-10-21,3801.0,3900.0,3790.0,3849.0,3840.0,3838.0,143653320,552889992744,4952,46348559193224090,698,1403-07-30,1,0.4929349696583767,698,1873.6458196714898,1922.4463816676691,1868.2235350052476,1897.306698215092,1892.8702834881665,False,False
2024-10-22,3880.0,3953.0,3821.0,3856.0,3849.0,3849.0,168350739,649106338004,4692,46348559193224090,699,1403-08-01,1,0.4929349696583767,699,1912.5876822745015,1948.571935059563,1883.5045190646574,1900.7572430027005,1897.306698215092,False,False
2024-10-23,3790.0,3849.0,3771.0,3791.0,3800.0,3856.0,134750554,510886916128,5094,46348559193224090,700,1403-08-02,1,0.4929349696583767,700,1868.2235350052476,1897.306698215092,1858.8577705817386,1868.716469974906,1873.1528847018315,False,False
2024-10-26,3904.0,3904.0,3904.0,3891.0,3904.0,3791.0,28041699,109474792896,685,46348559193224090,701,1403-08-05,3,0.4929349696583767,701,1924.4181215463027,1924.4181215463027,1924.4181215463027,1918.0099669407437,1924.4181215463027,False,False
2024-10-27,4007.0,4007.0,4007.0,4007.0,4007.0,3891.0,107441980,430520013860,976,46348559193224090,702,1403-08-06,1,0.4929349696583767,702,1975.1904234211154,1975.1904234211154,1975.1904234211154,1975.1904234211154,1975.1904234211154,False,False
2024-10-28,4127.0,4127.0,4127.0,4127.0,4127.0,4007.0,114909885,474233095395,1644,46348559193224090,703,1403-08-07,1,0.4929349696583767,703,2034.3426197801207,2034.3426197801207,2034.3426197801207,2034.3426197801207,2034.3426197801207,False,False
2024-10-29,4127.0,4172.0,4029.0,4125.0,4045.0,4127.0,430816001,1777297376155,9865,46348559193224090,704,1403-08-08,1,0.4929349696583767,704,2034.3426197801207,2056.5246934147476,1986.0349927535997,2033.3567498408038,1993.9219522681337,False,False
2024-10-30,4100.0,4248.0,4055.0,4199.0,4248.0,4125.0,310944379,1305748794736,8123,46348559193224090,705,1403-08-09,1,0.4929349696583767,705,2021.0333755993445,2093.9877511087843,1998.8513019647175,2069.833937595524,2093.9877511087843,False,False
2024-11-02,4225.0,4324.0,4201.0,4292.0,4230.0,4199.0,289025822,1240418176572,6567,46348559193224090,706,1403-08-12,3,0.4929349696583767,706,2082.6502468066415,2131.4508088028206,2070.8198075348405,2115.676889773753,2085.1149216549334,False,False
2024-11-03,4200.0,4200.0,4164.0,4166.0,4164.0,4292.0,212142328,883831267936,7711,46348559193224090,707,1403-08-13,1,0.4929349696583767,707,2070.326872565182,2070.326872565182,2052.5812136574805,2053.567083596797,2052.5812136574805,False,False
2024-11-04,4114.0,4195.0,4086.0,4144.0,4170.0,4166.0,102547957,424933408509,3868,46348559193224090,708,1403-08-14,1,0.4929349696583767,708,2027.9344651745616,2067.86219771689,2014.132286024127,2042.722514264313,2055.538823475431,False,False
2024-11-05,4195.0,4260.0,4152.0,4204.0,4220.0,4144.0,75549465,317619025131,2961,46348559193224090,709,1403-08-15,1,0.4929349696583767,709,2067.86219771689,2099.902970744685,2046.66599402158,2072.2986124438157,2080.1855719583496,False,False
2024-11-06,4173.0,4275.0,4104.0,4178.0,4224.0,4204.0,184882653,772436478828,5385,46348559193224090,710,1403-08-16,1,0.4929349696583767,710,2057.0176283844057,2107.2969952895605,2023.0051154779778,2059.4823032326976,2082.1573118369834,False,False
2024-11-09,4220.0,4303.0,4220.0,4300.0,4303.0,4178.0,153332821,659303749349,2262,46348559193224090,711,1403-08-19,3,0.4929349696583767,711,2080.1855719583496,2121.099174439995,2080.1855719583496,2119.6203695310196,2121.099174439995,False,False
2024-11-11,4525.0,4528.0,4427.0,4476.0,4449.0,4300.0,540351588,2418492237969,12560,46348559193224090,712,1403-08-21,2,0.4929349696583767,712,2230.5307377041545,2232.0095426131297,2182.2231106776335,2206.376924190894,2193.067680010118,False,False
2024-11-12,4481.0,4529.0,4423.0,4471.0,4446.0,4476.0,282506106,1263177164076,8087,46348559193224090,713,1403-08-22,1,0.4929349696583767,713,2208.841599039186,2232.502477582788,2180.251370799,2203.912249342602,2191.5888751011425,False,False
2024-11-13,4456.0,4542.0,4424.0,4507.0,4541.0,4471.0,206241045,929587030135,6637,46348559193224090,714,1403-08-23,1,0.4929349696583767,714,2196.5182247977264,2238.910632188347,2180.7443057686583,2221.6579082503035,2238.4176972186883,False,False
2024-11-16,4599.0,4642.0,4596.0,4639.0,4642.0,4507.0,154385692,716207172210,2899,46348559193224090,715,1403-08-26,3,0.4929349696583767,715,2267.0079254588745,2288.2041291541846,2265.5291205498993,2286.7253242452093,2288.2041291541846,False,False
2024-11-17,4770.0,4774.0,4596.0,4681.0,4629.0,4639.0,337643393,1580531254027,10050,46348559193224090,716,1403-08-27,1,0.4929349696583767,716,2351.299805270457,2353.2715451490903,2265.5291205498993,2307.4285929708612,2281.7959745486255,False,False
2024-11-18,4675.0,4821.0,4646.0,4799.0,4821.0,4681.0,464719408,2230157203194,10056,46348559193224090,717,1403-08-28,1,0.4929349696583767,717,2304.4709831529112,2376.439488723034,2290.175869032818,2365.59491939055,2376.439488723034,False,False
2024-11-19,4870.0,4888.0,4669.0,4759.0,4679.0,4799.0,274540205,1306672296804,9928,46348559193224090,718,1403-08-29,1,0.4929349696583767,718,2400.5933022362947,2409.466131690145,2301.5133733349608,2345.8775206042146,2306.4427230315446,False,False
2024-11-20,4713.0,4750.0,4630.0,4674.0,4669.0,4759.0,251427364,1175101961308,8159,46348559193224090,719,1403-08-30,1,0.4929349696583767,719,2323.2025119999294,2341.4411058772894,2282.288909518284,2303.9780481832527,2301.5133733349608,False,False
2024-11-23,4648.0,4750.0,4621.0,4704.0,4716.0,4674.0,162874404,766153051981,6731,46348559193224090,720,1403-09-03,3,0.4929349696583767,720,2291.161738972135,2341.4411058772894,2277.852494791359,2318.766097273004,2324.6813169089046,False,False
2024-11-24,4749.0,4845.0,4720.0,4831.0,4845.0,4704.0,288283205,1392567765371,6058,46348559193224090,721,1403-09-04,1,0.4929349696583767,721,2340.948170907631,2388.269927994835,2326.653056787538,2381.368838419618,2388.269927994835,False,False
2024-11-25,4940.0,4975.0,4881.0,4969.0,4975.0,4831.0,211755059,1052253303962,4239,46348559193224090,722,1403-09-05,1,0.4929349696583767,722,2435.098750112381,2452.351474050424,2406.0155869025366,2449.393864232474,2452.351474050424,False,False
2024-11-26,5118.0,5118.0,4905.0,5052.0,4926.0,4969.0,728121631,3678415761052,15502,46348559193224090,723,1403-09-06,1,0.4929349696583767,723,2522.841174711572,2522.841174711572,2417.8460261743376,2490.307466714119,2428.1976605371638,False,False
2024-11-27,5025.0,5127.0,4960.0,5056.0,5119.0,5052.0,334904157,1693284883743,9851,46348559193224090,724,1403-09-07,1,0.4929349696583767,724,2476.998222533343,2527.277589438497,2444.9574495055485,2492.2792065927524,2523.33410968123,False,False
2024-11-30,5080.0,5200.0,4910.0,5000.0,4940.0,5056.0,366711772,1835262630720,10628,46348559193224090,725,1403-09-10,3,0.4929349696583767,725,2504.1096458645534,2563.2618422235587,2420.3107010226295,2464.6748482918833,2435.098750112381,False,False
2024-12-01,4970.0,5030.0,4880.0,4920.0,4900.0,5000.0,245884422,1209067983490,5581,46348559193224090,726,1403-09-11,1,0.4929349696583767,726,2449.8867992021324,2479.462897381635,2405.522651932878,2425.2400507192133,2415.3813513260457,False,False
2024-12-02,5060.0,5060.0,5020.0,5060.0,5060.0,4920.0,176818973,894452694940,3200,46348559193224090,727,1403-09-12,1,0.4929349696583767,727,2494.250946471386,2494.250946471386,2474.533547685051,2494.250946471386,2494.250946471386,False,False
2024-12-03,5210.0,5210.0,5080.0,5180.0,5140.0,5060.0,502169638,2601606953280,10661,46348559193224090,728,1403-09-13,1,0.4929349696583767,728,2568.1911919201425,2568.1911919201425,2504.1096458645534,2553.403142830391,2533.6857440440563,False,False
2024-12-04,5160.0,5240.0,5110.0,5180.0,5150.0,5180.0,295065814,1527690010020,8491,46348559193224090,729,1403-09-14,1,0.4929349696583767,729,2543.544443437224,2582.979241009894,2518.897694954305,2553.403142830391,2538.61509374064,False,False
2024-12-07,5150.0,5170.0,5030.0,5040.0,5040.0,5180.0,460636872,2323128535770,9153,46348559193224090,730,1403-09-17,3,0.4929349696583767,730,2538.61509374064,2548.4737931338072,2479.462897381635,2484.3922470782186,2484.3922470782186,False,False
2024-12-08,5000.0,5060.0,4900.0,4960.0,5040.0,5040.0,275695761,1367565687140,7441,46348559193224090,731,1403-09-18,1,0.4929349696583767,731,2464.6748482918833,2494.250946471386,2415.3813513260457,2444.9574495055485,2484.3922470782186,False,False
2024-12-09,5050.0,5100.0,5010.0,5100.0,5100.0,4960.0,246791361,1257888974110,4008,46348559193224090,732,1403-09-19,1,0.4929349696583767,732,2489.3215967748024,2513.968345257721,2469.604197988467,2513.968345257721,2513.968345257721,False,False
2024-12-10,5250.0,5250.0,5090.0,5170.0,5110.0,5100.0,300049729,1552258068410,8695,46348559193224090,733,1403-09-20,1,0.4929349696583767,733,2587.9085907064778,2587.9085907064778,2509.038995561137,2548.4737931338072,2518.897694954305,False,False
2024-12-11,5170.0,5320.0,5100.0,5250.0,5320.0,5170.0,487774081,2559374636970,9969,46348559193224090,734,1403-09-21,1,0.4929349696583767,734,2548.4737931338072,2622.414038582564,2513.968345257721,2587.9085907064778,2622.414038582564,False,False
2024-12-14,5400.0,5400.0,5400.0,5400.0,5400.0,5250.0,81875874,442129719600,1968,46348559193224090,735,1403-09-24,3,0.4929349696583767,735,2661.848836155234,2661.848836155234,2661.848836155234,2661.848836155234,2661.848836155234,False,False
2024-12-15,5560.0,5560.0,5560.0,5560.0,5560.0,5400.0,300210105,1669168183800,3354,46348559193224090,736,1403-09-25,1,0.4929349696583767,736,2740.7184313005746,2740.7184313005746,2740.7184313005746,2740.7184313005746,2740.7184313005746,False,False
2024-12-16,5720.0,5720.0,5640.0,5710.0,5710.0,5560.0,1137332540,6499460751180,17917,46348559193224090,737,1403-09-26,1,0.4929349696583767,737,2819.5880264459147,2819.5880264459147,2780.1532288732446,2814.658676749331,2814.658676749331,False,False
2024-12-17,5710.0,5870.0,5540.0,5650.0,5550.0,5710.0,829363375,4686074518510,18884,46348559193224090,738,1403-09-27,1,0.4929349696583767,738,2814.658676749331,2893.528271894671,2730.859731907407,2785.0825785698285,2735.789081603991,False,False
2024-12-18,5590.0,5810.0,5490.0,5720.0,5790.0,5650.0,673823446,3856071921540,16422,46348559193224090,739,1403-09-28,1,0.4929349696583767,739,2755.5064803903256,2863.9521737151686,2706.212983424488,2819.5880264459147,2854.093474322001,False,False
2024-12-21,5890.0,5890.0,5820.0,5890.0,5890.0,5720.0,237235861,1397273445910,5525,46348559193224090,740,1403-10-01,3,0.4929349696583767,740,2903.3869712878386,2903.3869712878386,2868.8815234117524,2903.3869712878386,2903.3869712878386,False,False
2024-12-22,6050.0,6060.0,5860.0,6000.0,5950.0,5890.0,498989988,2992260487020,16841,46348559193224090,741,1403-10-02,1,0.4929349696583767,741,2982.256566433179,2987.1859161297625,2888.598922198087,2957.60981795026,2932.9630694673415,False,False
2024-12-23,5950.0,6180.0,5900.0,6100.0,6180.0,6000.0,345580700,2107712502510,12073,46348559193224090,742,1403-10-03,1,0.4929349696583767,742,2932.9630694673415,3046.338112488768,2908.3163209844224,3006.9033149160978,3046.338112488768,False,False
2024-12-24,6280.0,6280.0,6140.0,6260.0,6280.0,6100.0,396486641,2480277977640,13701,46348559193224090,743,1403-10-04,1,0.4929349696583767,743,3095.6316094546055,3095.6316094546055,3026.620713702433,3085.772910061438,3095.6316094546055,False,False
2024-12-25,6350.0,6360.0,6080.0,6120.0,6090.0,6260.0,469959809,2877266873440,20244,46348559193224090,744,1403-10-05,1,0.4929349696583767,744,3130.137057330692,3135.0664070272755,2997.04461552293,3016.7620143092654,3001.973965219514,False,False
2024-12-28,6090.0,6100.0,5940.0,5960.0,5940.0,6120.0,340480735,2029780951990,11704,46348559193224090,745,1403-10-08,3,0.4929349696583767,745,3001.973965219514,3006.9033149160978,2928.0337197707577,2937.892419163925,2928.0337197707577,False,False
2024-12-29,5830.0,5950.0,5790.0,5800.0,5790.0,5960.0,546547092,3170454417570,14201,46348559193224090,746,1403-10-09,1,0.4929349696583767,746,2873.810873108336,2932.9630694673415,2854.093474322001,2859.0228240185847,2854.093474322001,False,False
2024-12-30,5710.0,5760.0,5630.0,5650.0,5630.0,5800.0,389949856,2205111376200,14047,46348559193224090,747,1403-10-10,1,0.4929349696583767,747,2814.658676749331,2839.30542523225,2775.223879176661,2785.0825785698285,2775.223879176661,False,False
2024-12-31,5680.0,5810.0,5650.0,5780.0,5790.0,5650.0,299910843,1732170602180,11033,46348559193224090,748,1403-10-11,1,0.4929349696583767,748,2799.8706276595794,2863.9521737151686,2785.0825785698285,2849.164124625417,2854.093474322001,False,False
2025-01-01,5870.0,5920.0,5780.0,5850.0,5900.0,5780.0,182687907,1069343055640,9984,46348559193224090,749,1403-10-12,1,0.4929349696583767,749,2893.528271894671,2918.17502037759,2849.164124625417,2883.669572501504,2908.3163209844224,False,False
2025-01-04,6020.0,6020.0,6020.0,6020.0,6020.0,5850.0,207642993,1250010817860,3907,46348559193224090,750,1403-10-15,3,0.4929349696583767,750,2967.4685173434277,2967.4685173434277,2967.4685173434277,2967.4685173434277,2967.4685173434277,False,False
2025-01-05,6130.0,6180.0,5950.0,6050.0,5990.0,6020.0,382460143,2314086580310,14441,46348559193224090,751,1403-10-16,1,0.4929349696583767,751,3021.691364005849,3046.338112488768,2932.9630694673415,2982.256566433179,2952.6804682536763,False,False
2025-01-06,6010.0,6060.0,5950.0,5990.0,5980.0,6050.0,233682750,1399155415880,8785,46348559193224090,752,1403-10-17,1,0.4929349696583767,752,2962.539167646844,2987.1859161297625,2932.9630694673415,2952.6804682536763,2947.7511185570925,False,False
2025-01-07,6010.0,6160.0,6010.0,6100.0,6150.0,5990.0,319395217,1947840975790,11014,46348559193224090,753,1403-10-18,1,0.4929349696583767,753,2962.539167646844,3036.4794130956,2962.539167646844,3006.9033149160978,3031.550063399017,False,False
2025-01-08,6160.0,6190.0,6020.0,6090.0,6070.0,6100.0,216741850,1319717126040,10326,46348559193224090,754,1403-10-19,1,0.4929349696583767,754,3036.4794130956,3051.2674621853516,2967.4685173434277,3001.973965219514,2992.1152658263463,False,False
2025-01-11,6070.0,6120.0,5910.0,5940.0,5910.0,6090.0,359801372,2135673088040,14067,46348559193224090,755,1403-10-22,3,0.4929349696583767,755,2992.1152658263463,3016.7620143092654,2913.2456706810062,2928.0337197707577,2913.2456706810062,False,False
2025-01-12,5910.0,5910.0,5770.0,5790.0,5770.0,5940.0,338538547,1961555465720,12248,46348559193224090,756,1403-10-23,1,0.4929349696583767,756,2913.2456706810062,2913.2456706810062,2844.2347749288333,2854.093474322001,2844.2347749288333,False,False
2025-01-13,5750.0,5960.0,5750.0,5860.0,5850.0,5790.0,274647887,1608829958210,10415,46348559193224090,757,1403-10-24,1,0.4929349696583767,757,2834.376075535666,2937.892419163925,2834.376075535666,2888.598922198087,2883.669572501504,False,False
2025-01-15,5900.0,5980.0,5750.0,5830.0,5790.0,5860.0,177394846,1034211539250,8218,46348559193224090,758,1403-10-26,2,0.4929349696583767,758,2908.3163209844224,2947.7511185570925,2834.376075535666,2873.810873108336,2854.093474322001,False,False
2025-01-18,5800.0,5830.0,5660.0,5690.0,5670.0,5830.0,250028468,1421637670700,9125,46348559193224090,759,1403-10-29,3,0.4929349696583767,759,2859.0228240185847,2873.810873108336,2790.0119282664123,2804.7999773561633,2794.9412779629956,False,False
2025-01-19,5670.0,5770.0,5610.0,5670.0,5690.0,5690.0,137314779,778586674340,6550,46348559193224090,760,1403-10-30,1,0.4929349696583767,760,2794.9412779629956,2844.2347749288333,2765.365179783493,2794.9412779629956,2804.7999773561633,False,False
2025-01-20,5630.0,5650.0,5500.0,5520.0,5500.0,5670.0,399145970,2205206368180,10367,46348559193224090,761,1403-11-01,1,0.4929349696583767,761,2775.223879176661,2785.0825785698285,2711.1423331210717,2721.0010325142393,2711.1423331210717,False,False
2025-01-21,5530.0,5650.0,5430.0,5530.0,5610.0,5520.0,189657707,1049246500100,7862,46348559193224090,762,1403-11-02,1,0.4929349696583767,762,2725.930382210823,2785.0825785698285,2676.6368852449855,2725.930382210823,2765.365179783493,False,False
2025-01-22,5690.0,5690.0,5690.0,5690.0,5690.0,5530.0,168292860,957586373400,3576,46348559193224090,763,1403-11-03,1,0.4929349696583767,763,2804.7999773561633,2804.7999773561633,2804.7999773561633,2804.7999773561633,2804.7999773561633,False,False
2025-01-25,5860.0,5860.0,5780.0,5850.0,5860.0,5690.0,622506316,3643852416080,17093,46348559193224090,764,1403-11-06,3,0.4929349696583767,764,2888.598922198087,2888.598922198087,2849.164124625417,2883.669572501504,2888.598922198087,False,False
2025-01-26,5910.0,5920.0,5690.0,5770.0,5720.0,5850.0,338184233,1950400472720,10921,46348559193224090,765,1403-11-07,1,0.4929349696583767,765,2913.2456706810062,2918.17502037759,2804.7999773561633,2844.2347749288333,2819.5880264459147,False,False
2025-01-27,5750.0,5760.0,5630.0,5660.0,5640.0,5770.0,227957397,1291131158690,8733,46348559193224090,766,1403-11-08,1,0.4929349696583767,766,2834.376075535666,2839.30542523225,2775.223879176661,2790.0119282664123,2780.1532288732446,False,False
2025-01-29,5660.0,5720.0,5590.0,5630.0,5620.0,5660.0,107427281,605035098620,5771,46348559193224090,767,1403-11-10,2,0.4929349696583767,767,2790.0119282664123,2819.5880264459147,2755.5064803903256,2775.223879176661,2770.294529480077,False,False
2025-02-01,5690.0,5690.0,5470.0,5540.0,5590.0,5630.0,249544346,1381732267530,9513,46348559193224090,768,1403-11-13,3,0.4929349696583767,768,2804.7999773561633,2804.7999773561633,2696.3542840313203,2730.859731907407,2755.5064803903256,False,False
2025-02-02,5590.0,5650.0,5500.0,5550.0,5550.0,5540.0,201544001,1119216051800,7061,46348559193224090,769,1403-11-14,1,0.4929349696583767,769,2755.5064803903256,2785.0825785698285,2711.1423331210717,2735.789081603991,2735.789081603991,False,False
2025-02-03,5600.0,5670.0,5520.0,5560.0,5570.0,5550.0,174287088,968699035490,6023,46348559193224090,770,1403-11-15,1,0.4929349696583767,770,2760.4358300869094,2794.9412779629956,2721.0010325142393,2740.7184313005746,2745.647780997158,False,False
2025-02-04,5600.0,5650.0,5560.0,5600.0,5580.0,5560.0,154238307,863340434060,6218,46348559193224090,771,1403-11-16,1,0.4929349696583767,771,2760.4358300869094,2785.0825785698285,2740.7184313005746,2760.4358300869094,2750.5771306937418,False,False
2025-02-05,5580.0,5700.0,5490.0,5600.0,5670.0,5600.0,279099354,1563250350240,8670,46348559193224090,772,1403-11-17,1,0.4929349696583767,772,2750.5771306937418,2809.729327052747,2706.212983424488,2760.4358300869094,2794.9412779629956,False,False
2025-02-09,5560.0,5760.0,5560.0,5710.0,5640.0,5600.0,521750179,2980855567750,15667,46348559193224090,773,1403-11-21,4,0.4929349696583767,773,2740.7184313005746,2839.30542523225,2740.7184313005746,2814.658676749331,2780.1532288732446,False,False
2025-02-11,5680.0,5810.0,5540.0,5610.0,5540.0,5710.0,444920016,2495513189350,13501,46348559193224090,774,1403-11-23,2,0.4929349696583767,774,2799.8706276595794,2863.9521737151686,2730.859731907407,2765.365179783493,2730.859731907407,False,False
2025-02-15,5550.0,5550.0,5450.0,5460.0,5450.0,5610.0,267672236,1461007036080,6418,46348559193224090,775,1403-11-27,4,0.4929349696583767,775,2735.789081603991,2735.789081603991,2686.495584638153,2691.424934334737,2686.495584638153,False,False
2025-02-16,5380.0,5410.0,5300.0,5320.0,5390.0,5460.0,357058647,1899905668950,12684,46348559193224090,776,1403-11-28,1,0.4929349696583767,776,2651.9901367620664,2666.778185851818,2612.5553391893964,2622.414038582564,2656.91948645865,False,False
2025-02-17,5400.0,5460.0,5330.0,5400.0,5360.0,5320.0,146176556,789926444300,6655,46348559193224090,777,1403-11-29,1,0.4929349696583767,777,2661.848836155234,2691.424934334737,2627.343388279148,2661.848836155234,2642.1314373688992,False,False
2025-02-18,5390.0,5500.0,5360.0,5420.0,5400.0,5400.0,118322454,640876726090,6176,46348559193224090,778,1403-11-30,1,0.4929349696583767,778,2656.91948645865,2711.1423331210717,2642.1314373688992,2671.7075355484017,2661.848836155234,False,False
2025-02-19,5440.0,5480.0,5370.0,5410.0,5430.0,5420.0,163059347,882695249930,5708,46348559193224090,779,1403-12-01,1,0.4929349696583767,779,2681.5662349415693,2701.283633727904,2647.0607870654826,2666.778185851818,2676.6368852449855,False,False
2025-02-22,5480.0,5480.0,5310.0,5360.0,5310.0,5410.0,249200179,1335379309640,8098,46348559193224090,780,1403-12-04,3,0.4929349696583767,780,2701.283633727904,2701.283633727904,2617.48468888598,2642.1314373688992,2617.48468888598,False,False
2025-02-23,5470.0,5520.0,5380.0,5480.0,5520.0,5360.0,255458459,1401028288690,8495,46348559193224090,781,1403-12-05,1,0.4929349696583767,781,2696.3542840313203,2721.0010325142393,2651.9901367620664,2701.283633727904,2721.0010325142393,False,False
2025-02-24,5570.0,5640.0,5560.0,5640.0,5640.0,5480.0,316409369,1783741186780,5825,46348559193224090,782,1403-12-06,1,0.4929349696583767,782,2745.647780997158,2780.1532288732446,2740.7184313005746,2780.1532288732446,2780.1532288732446,False,False
2025-02-25,5800.0,5800.0,5670.0,5780.0,5710.0,5640.0,553712902,3198357581850,14063,46348559193224090,783,1403-12-07,1,0.4929349696583767,783,2859.0228240185847,2859.0228240185847,2794.9412779629956,2849.164124625417,2814.658676749331,False,False
2025-02-26,5770.0,5870.0,5660.0,5760.0,5740.0,5780.0,274452321,1581299872460,9840,46348559193224090,784,1403-12-08,1,0.4929349696583767,784,2844.2347749288333,2893.528271894671,2790.0119282664123,2839.30542523225,2829.4467258390823,False,False
2025-03-01,5740.0,5890.0,5710.0,5790.0,5710.0,5760.0,202739707,1172883256720,8086,46348559193224090,785,1403-12-11,3,0.4929349696583767,785,2829.4467258390823,2903.3869712878386,2814.658676749331,2854.093474322001,2814.658676749331,False,False
2025-03-02,5780.0,5880.0,5740.0,5820.0,5810.0,5790.0,221316885,1288587756850,8635,46348559193224090,786,1403-12-12,1,0.4929349696583767,786,2849.164124625417,2898.457621591255,2829.4467258390823,2868.8815234117524,2863.9521737151686,False,False
2025-03-03,5650.0,5650.0,5650.0,5650.0,5650.0,5820.0,247134703,1396311071950,4609,46348559193224090,787,1403-12-13,1,0.4929349696583767,787,2785.0825785698285,2785.0825785698285,2785.0825785698285,2785.0825785698285,2785.0825785698285,False,False
2025-03-04,5570.0,5690.0,5500.0,5570.0,5510.0,5650.0,398476783,2220136804400,13107,46348559193224090,788,1403-12-14,1,0.4929349696583767,788,2745.647780997158,2804.7999773561633,2711.1423331210717,2745.647780997158,2716.0716828176555,False,False
2025-03-05,5460.0,5600.0,5410.0,5530.0,5560.0,5570.0,281756060,1557581806610,10082,46348559193224090,789,1403-12-15,1,0.4929349696583767,789,2691.424934334737,2760.4358300869094,2666.778185851818,2725.930382210823,2740.7184313005746,False,False
2025-03-12,3982.0,3982.0,3875.0,3922.0,3880.0,3982.0,239818558,940512933940,5849,46348559193224090,790,1403-12-22,7,0.684563129636068,790,2725.9303822108227,2725.9303822108227,2652.6821273397636,2684.8565944326588,2656.104942987944,True,True
2025-03-15,3970.0,4039.0,3960.0,4037.0,4039.0,3922.0,636287455,2568900505259,12360,46348559193224090,791,1403-12-25,3,0.684563129636068,791,2717.71562465519,2764.9504806000787,2710.8699933588296,2763.5813543408067,2764.9504806000787,False,False
2025-03-16,4080.0,4080.0,3985.0,4025.0,4015.0,4037.0,322477158,1297882423939,10655,46348559193224090,792,1403-12-26,1,0.684563129636068,792,2793.0175689151574,2793.0175689151574,2727.984071599731,2755.366596785174,2748.520965488813,False,False
2025-03-17,4015.0,4060.0,3931.0,3973.0,3934.0,4025.0,251768905,1000239970239,9365,46348559193224090,793,1403-12-27,1,0.684563129636068,793,2748.520965488813,2779.3263063224363,2691.0176625993836,2719.7693140440983,2693.0713519882916,False,False
2025-03-18,3854.0,3950.0,3854.0,3866.0,3950.0,3973.0,553385492,2139247730368,12628,46348559193224090,794,1403-12-28,1,0.684563129636068,794,2638.306301617406,2704.0243620624688,2638.306301617406,2646.521059173039,2704.0243620624688,False,False
2025-03-29,3981.0,3981.0,3981.0,3981.0,3981.0,3866.0,93506575,372249675075,1617,46348559193224090,795,1404-01-09,11,0.684563129636068,795,2725.2458190811867,2725.2458190811867,2725.2458190811867,2725.2458190811867,2725.2458190811867,False,False
2025-03-30,4010.0,4100.0,3995.0,4086.0,4100.0,3981.0,218633472,893437486133,5299,46348559193224090,796,1404-01-10,1,0.684563129636068,796,2745.0981498406327,2806.708831507879,2734.829702896092,2797.124947692974,2806.708831507879,False,False
2025-04-05,4100.0,4145.0,3997.0,4035.0,4006.0,4086.0,299347780,1207884220402,11243,46348559193224090,797,1404-01-16,6,0.684563129636068,797,2806.708831507879,2837.5141723415018,2736.198829155364,2762.2122280815347,2742.3598973220887,False,False
2025-04-06,4024.0,4024.0,3914.0,3952.0,3942.0,4035.0,298463781,1179602447310,9393,46348559193224090,798,1404-01-17,1,0.684563129636068,798,2754.682033655538,2754.682033655538,2679.3800893955704,2705.3934883217407,2698.54785702538,False,False
2025-04-07,3943.0,3943.0,3835.0,3878.0,3920.0,3952.0,296110035,1148335863803,8808,46348559193224090,799,1404-01-18,1,0.684563129636068,799,2699.2324201550164,2699.2324201550164,2625.299602154321,2654.7358167286716,2683.487468173387,False,False
2025-04-08,3994.0,3994.0,3994.0,3994.0,3994.0,3878.0,200844649,802173528106,1983,46348559193224090,800,1404-01-19,1,0.684563129636068,800,2734.1451397664555,2734.1451397664555,2734.1451397664555,2734.1451397664555,2734.1451397664555,False,False
2025-04-09,4110.0,4110.0,3983.0,4048.0,4010.0,3994.0,375992788,1521873428004,8318,46348559193224090,801,1404-01-20,1,0.684563129636068,801,2813.5544628042394,2813.5544628042394,2726.614945340459,2771.1115487668035,2745.0981498406327,False,False
2025-04-12,4070.0,4080.0,4018.0,4048.0,4040.0,4048.0,284291026,1150787248025,8342,46348559193224090,802,1404-01-23,3,0.684563129636068,802,2786.171937618797,2793.0175689151574,2750.5746548777215,2771.1115487668035,2765.6350437297147,False,False
2025-04-13,4169.0,4169.0,4169.0,4169.0,4169.0,4048.0,436808306,1821053827714,4864,46348559193224090,803,1404-01-24,1,0.684563129636068,803,2853.943687452768,2853.943687452768,2853.943687452768,2853.943687452768,2853.943687452768,False,False
2025-04-14,4294.0,4294.0,4200.0,4272.0,4259.0,4169.0,933921715,3989498745366,20726,46348559193224090,804,1404-01-25,1,0.684563129636068,804,2939.514078657276,2939.514078657276,2875.1651444714857,2924.4536898052825,2915.5543691200137,False,False
2025-04-15,4246.0,4246.0,4144.0,4152.0,4144.0,4272.0,717006083,2977239770021,13913,46348559193224090,805,1404-01-26,1,0.684563129636068,805,2906.655048434745,2906.655048434745,2836.8296092118658,2842.3061142489546,2836.8296092118658,False,False
2025-04-16,4138.0,4198.0,4093.0,4131.0,4112.0,4152.0,429406051,1773892327972,12310,46348559193224090,806,1404-01-27,1,0.684563129636068,806,2832.7222304340494,2873.7960182122138,2801.916889600426,2827.930288526597,2814.923589063512,False,False
2025-04-19,4170.0,4253.0,4150.0,4225.0,4240.0,4131.0,663964759,2805083820785,16102,46348559193224090,807,1404-01-30,3,0.684563129636068,807,2854.628250582404,2911.4469903421973,2840.936987989682,2892.2792227123873,2902.5476696569285,False,False
2025-04-20,4351.0,4351.0,4351.0,4351.0,4351.0,4225.0,1385511893,6028362246443,13661,46348559193224090,808,1404-01-31,1,0.684563129636068,808,2978.534177046532,2978.534177046532,2978.534177046532,2978.534177046532,2978.534177046532,False,False
2025-04-21,4479.0,4481.0,4280.0,4438.0,4320.0,4351.0,2509813619,11138041580712,52958,46348559193224090,809,1404-02-01,1,0.684563129636068,809,3066.1582576399487,3067.5273838992207,2929.9301948423713,3038.09116932487,2957.312720027814,False,False
2025-04-22,4340.0,4360.0,4305.0,4310.0,4305.0,4438.0,1133517816,4885073044542,26178,46348559193224090,810,1404-02-02,1,0.684563129636068,810,2971.003982620535,2984.6952452132564,2947.044273083273,2950.4670887314533,2947.044273083273,False,False
2025-04-23,4330.0,4439.0,4200.0,4389.0,4439.0,4310.0,2141175113,9397860283503,36567,46348559193224090,811,1404-02-03,1,0.684563129636068,811,2964.1583513241744,3038.775732454506,2875.1651444714857,3004.5475759727024,3038.775732454506,False,False
2025-04-26,4520.0,4520.0,4300.0,4435.0,4413.0,4389.0,1229973497,5455517828619,27072,46348559193224090,812,1404-02-06,3,0.684563129636068,812,3094.2253459550275,3094.2253459550275,2943.6214574350925,3036.0374799359615,3020.9770910839684,False,False
2025-04-27,4302.0,4330.0,4302.0,4303.0,4302.0,4435.0,829568733,3570018125531,18190,46348559193224090,813,1404-02-07,1,0.684563129636068,813,2944.9905836943644,2964.1583513241744,2944.9905836943644,2945.675146824001,2944.9905836943644,False,False
2025-04-28,4289.0,4391.0,4174.0,4205.0,4208.0,4303.0,1200910375,5049521874592,28551,46348559193224090,814,1404-02-08,1,0.684563129636068,814,2936.0912630090957,3005.916702231975,2857.3665031009477,2878.587960119666,2880.641649508574,False,False
2025-04-29,4227.0,4324.0,4175.0,4254.0,4270.0,4205.0,571367300,2430352934280,14925,46348559193224090,815,1404-02-09,1,0.684563129636068,815,2893.6483489716597,2960.050972546358,2858.051066230584,2912.1315534718333,2923.0845635460105,False,False
2025-04-30,4250.0,4313.0,4224.0,4271.0,4277.0,4254.0,559218234,2388555317182,16006,46348559193224090,816,1404-02-10,1,0.684563129636068,816,2909.3933009532893,2952.5207781203612,2891.5946595827513,2923.7691266756465,2927.876505453463,False,False
2025-05-03,4143.0,4144.0,4143.0,4143.0,4143.0,4271.0,504357359,2089554113099,9256,46348559193224090,817,1404-02-13,3,0.684563129636068,817,2836.14504608223,2836.8296092118658,2836.14504608223,2836.14504608223,2836.14504608223,False,False
2025-05-04,4019.0,4098.0,4019.0,4034.0,4034.0,4143.0,610745794,2463887457014,20474,46348559193224090,818,1404-02-14,1,0.684563129636068,818,2751.2592180073575,2805.3397052486066,2751.2592180073575,2761.5276649518983,2761.5276649518983,False,False
2025-05-05,4050.0,4118.0,3959.0,4019.0,3981.0,4034.0,456434400,1834531170688,16551,46348559193224090,819,1404-02-15,1,0.684563129636068,819,2772.4806750260755,2819.030967841328,2710.185430229193,2751.2592180073575,2725.2458190811867,False,False
2025-05-06,4035.0,4085.0,3930.0,3989.0,4018.0,4019.0,571569344,2279819063508,17138,46348559193224090,820,1404-02-16,1,0.684563129636068,820,2762.2122280815347,2796.440384563338,2690.333099469747,2730.7223241182755,2750.5746548777215,False,False
2025-05-07,4098.0,4108.0,4027.0,4081.0,4059.0,3989.0,755752116,3083940271614,17264,46348559193224090,821,1404-02-17,1,0.684563129636068,821,2805.3397052486066,2812.1853365449674,2756.735723044446,2793.7021320447934,2778.6417431928003,False,False
2025-05-10,3965.0,4035.0,3959.0,3960.0,3959.0,4081.0,460638534,1824184437410,12311,46348559193224090,822,1404-02-20,3,0.684563129636068,822,2714.2928090070095,2762.2122280815347,2710.185430229193,2710.8699933588296,2710.185430229193,False,False
2025-05-11,3900.0,3969.0,3867.0,3905.0,3889.0,3960.0,399515837,1560245505065,14154,46348559193224090,823,1404-02-21,1,0.684563129636068,823,2669.796205580665,2717.031061525554,2647.2056223026752,2673.2190212288456,2662.2660111546684,False,False
2025-05-12,4022.0,4022.0,4018.0,4022.0,4022.0,3905.0,1282682469,5158929784181,13886,46348559193224090,824,1404-02-22,1,0.684563129636068,824,2753.3129073962655,2753.3129073962655,2750.5746548777215,2753.3129073962655,2753.3129073962655,False,False
2025-05-13,4070.0,4133.0,3964.0,4055.0,4063.0,4022.0,637495318,2585128337973,16508,46348559193224090,825,1404-02-23,1,0.684563129636068,825,2786.171937618797,2829.299414785869,2713.6082458773735,2775.903490674256,2781.3799957113442,False,False
2025-05-14,4055.0,4093.0,3984.0,4045.0,4070.0,4055.0,624907638,2527950164584,15681,46348559193224090,826,1404-02-24,1,0.684563129636068,826,2775.903490674256,2801.916889600426,2727.299508470095,2769.057859377895,2786.171937618797,False,False
2025-05-17,4000.0,4030.0,3924.0,3949.0,3933.0,4045.0,982120475,3878288173846,25888,46348559193224090,827,1404-02-27,3,0.684563129636068,827,2738.252518544272,2758.7894124333543,2686.2257206919307,2703.3397989328328,2692.3867888586556,False,False
2025-05-18,3949.0,4000.0,3933.0,3964.0,3970.0,3949.0,492666837,1953170861052,14293,46348559193224090,828,1404-02-28,1,0.684563129636068,828,2703.3397989328328,2738.252518544272,2692.3867888586556,2713.6082458773735,2717.71562465519,False,False
2025-05-19,3962.0,3980.0,3873.0,3906.0,3880.0,3964.0,377752537,1475541956752,15171,46348559193224090,829,1404-02-29,1,0.684563129636068,829,2712.2391196181015,2724.5612559515507,2651.3130010804916,2673.9035843584816,2656.104942987944,False,False
2025-05-20,3873.0,3910.0,3789.0,3819.0,3789.0,3906.0,706489656,2698399382999,22458,46348559193224090,830,1404-02-30,1,0.684563129636068,830,2651.3130010804916,2676.641836877026,2593.8096981910617,2614.3465920801436,2593.8096981910617,False,False
2025-05-21,3708.0,3779.0,3708.0,3733.0,3769.0,3819.0,489686303,1828185860440,15817,46348559193224090,831,1404-02-31,1,0.684563129636068,831,2538.36008469054,2586.964066894701,2538.36008469054,2555.474162931442,2580.1184355983405,False,False
2025-05-24,3770.0,3844.0,3685.0,3826.0,3844.0,3733.0,898279970,3437109934719,13518,46348559193224090,832,1404-03-03,3,0.684563129636068,832,2580.8029987279765,2631.4606703210457,2522.6151327089106,2619.1385339875965,2631.4606703210457,False,False
2025-05-25,3844.0,3892.0,3798.0,3838.0,3810.0,3826.0,602017691,2310659698921,16728,46348559193224090,833,1404-03-04,1,0.684563129636068,833,2631.4606703210457,2664.319700543577,2599.9707663577865,2627.3532915432293,2608.1855239134193,False,False
2025-05-26,3930.0,3943.0,3831.0,3878.0,3904.0,3838.0,553223232,2145322590013,12926,46348559193224090,834,1404-03-05,1,0.684563129636068,834,2690.333099469747,2699.2324201550164,2622.5613496357764,2654.7358167286716,2672.5344580992096,False,False
2025-05-27,3919.0,3939.0,3847.0,3874.0,3849.0,3878.0,429619055,1664384709035,13625,46348559193224090,835,1404-03-06,1,0.684563129636068,835,2682.802905043751,2696.494167636472,2633.5143597099536,2651.9975642101276,2634.8834859692256,False,False
2025-05-28,3870.0,3873.0,3812.0,3833.0,3830.0,3874.0,355861133,1363847368342,11390,46348559193224090,836,1404-03-07,1,0.684563129636068,836,2649.259311691583,2651.3130010804916,2609.5546501726913,2623.930475895049,2621.8767865061404,False,False
2025-05-31,3900.0,3902.0,3786.0,3839.0,3793.0,3833.0,376636414,1445841088087,12036,46348559193224090,837,1404-03-10,3,0.684563129636068,837,2669.796205580665,2671.1653318399376,2591.7560088021537,2628.0378546728653,2596.547950709606,False,False
2025-06-01,3829.0,3829.0,3728.0,3758.0,3764.0,3839.0,379638187,1426647063265,12537,46348559193224090,838,1404-03-11,1,0.684563129636068,838,2621.1922233765044,2621.1922233765044,2552.0513472832617,2572.5882411723437,2576.69561995016,False,False
2025-06-02,3759.0,3815.0,3728.0,3752.0,3730.0,3758.0,285253540,1070277549343,11696,46348559193224090,839,1404-03-12,1,0.684563129636068,839,2573.2728043019797,2611.6083395615997,2552.0513472832617,2568.4808623945273,2553.4204735425337,False,False
2025-06-03,3739.0,3750.0,3641.0,3671.0,3643.0,3752.0,442898219,1625725433044,16624,46348559193224090,840,1404-03-13,1,0.684563129636068,840,2559.5815417092585,2567.111736135255,2492.494355004924,2513.031248894006,2493.863481264196,False,False
2025-06-07,3623.0,3656.0,3561.0,3572.0,3561.0,3671.0,547285520,1955138599101,13087,46348559193224090,841,1404-03-17,4,0.684563129636068,841,2480.1722186714746,2502.7628019494646,2437.7293046340383,2445.259499060035,2437.7293046340383,False,False
2025-06-08,3540.0,3654.0,3533.0,3576.0,3560.0,3572.0,326248760,1166551449390,11716,46348559193224090,842,1404-03-18,1,0.684563129636068,842,2423.3534789116807,2501.3936756901926,2418.5615370042283,2447.997751578579,2437.0447415044023,False,False
2025-06-09,3575.0,3610.0,3469.0,3481.0,3471.0,3576.0,640103196,2228042526116,17285,46348559193224090,843,1404-03-19,1,0.684563129636068,843,2447.313188448943,2471.2728979862054,2374.74949670752,2382.9642542631527,2376.118622966792,False,False
2025-06-10,3480.0,3540.0,3450.0,3484.0,3514.0,3481.0,299150378,1042154635690,9805,46348559193224090,844,1404-03-20,1,0.684563129636068,844,2382.2796911335167,2423.3534789116807,2361.7427972444348,2385.017943652061,2405.554837541143,False,False
2025-06-11,3530.0,3538.0,3483.0,3498.0,3500.0,3484.0,223819973,782987358378,7826,46348559193224090,845,1404-03-21,1,0.684563129636068,845,2416.5078476153203,2421.9843526524087,2384.3333805224247,2394.601827466966,2395.970953726238,False,False
2025-06-28,3394.0,3394.0,3394.0,3394.0,3394.0,3498.0,51891266,176118956804,774,46348559193224090,846,1404-04-07,17,0.684563129636068,846,2323.407261984815,2323.407261984815,2323.407261984815,2323.407261984815,2323.407261984815,False,False
2025-06-29,3293.0,3293.0,3293.0,3293.0,3293.0,3394.0,55343968,182247686624,1156,46348559193224090,847,1404-04-08,1,0.684563129636068,847,2254.266385891572,2254.266385891572,2254.266385891572,2254.266385891572,2254.266385891572,False,False
2025-06-30,3195.0,3195.0,3195.0,3195.0,3195.0,3293.0,1374004811,4389945371145,9549,46348559193224090,848,1404-04-09,1,0.684563129636068,848,2187.1791991872374,2187.1791991872374,2187.1791991872374,2187.1791991872374,2187.1791991872374,False,False
2025-07-01,3100.0,3100.0,3100.0,3100.0,3100.0,3195.0,1775304991,5503445472100,15736,46348559193224090,849,1404-04-10,1,0.684563129636068,849,2122.145701871811,2122.145701871811,2122.145701871811,2122.145701871811,2122.145701871811,False,False
2025-07-02,3007.0,3164.0,3007.0,3070.0,3133.0,3100.0,902488855,2770870206978,17386,46348559193224090,850,1404-04-11,1,0.684563129636068,850,2058.4813308156567,2165.9577421685194,2058.4813308156567,2101.6088079827286,2144.736285149801,False,False
2025-07-07,3162.0,3162.0,3059.0,3126.0,3070.0,3070.0,551505681,1724057889809,12305,46348559193224090,851,1404-04-16,5,0.684563129636068,851,2164.588615909247,2164.588615909247,2094.0786135567323,2139.9443432423486,2101.6088079827286,False,False
2025-07-08,3099.0,3099.0,3033.0,3035.0,3033.0,3126.0,328355325,996665279392,5071,46348559193224090,852,1404-04-17,1,0.684563129636068,852,2121.4611387421746,2121.4611387421746,2076.2799721861943,2077.6490984454663,2076.2799721861943,False,False
2025-07-09,2958.0,3048.0,2948.0,2997.0,3030.0,3035.0,488692789,1464792205107,9650,46348559193224090,853,1404-04-18,1,0.684563129636068,853,2024.9377374634892,2086.5484191307355,2018.0921061671286,2051.635699519296,2074.2262827972863,False,False
2025-07-12,3086.0,3086.0,3047.0,3081.0,3086.0,2997.0,430154343,1325277087007,7749,46348559193224090,854,1404-04-21,3,0.684563129636068,854,2112.561818056906,2112.561818056906,2085.863856001099,2109.1390024087254,2112.561818056906,False,False
2025-07-15,3151.0,3173.0,3133.0,3145.0,3137.0,3081.0,302744835,952054559446,5064,46348559193224090,855,1404-04-24,3,0.684563129636068,855,2157.05842148325,2172.118810335244,2144.736285149801,2152.951042705434,2147.4745376683454,False,False
2025-07-16,3161.0,3197.0,3158.0,3167.0,3165.0,3145.0,329128355,1042398374830,6655,46348559193224090,856,1404-04-25,1,0.684563129636068,856,2163.904052779611,2188.5483254465094,2161.850363390703,2168.0114315574274,2166.6423052981554,False,False
2025-07-19,3192.0,3192.0,3168.0,3173.0,3170.0,3167.0,432007684,1370745680723,6674,46348559193224090,857,1404-04-28,3,0.684563129636068,857,2185.125509798329,2185.125509798329,2168.6959946870634,2172.118810335244,2170.065120946336,False,False
2025-07-20,3204.0,3237.0,3189.0,3206.0,3202.0,3173.0,967631733,3102293331638,10625,46348559193224090,858,1404-04-29,1,0.684563129636068,858,2193.3402673539617,2215.930850631952,2183.071820409421,2194.709393613234,2191.9711410946898,False,False
2025-07-21,3229.0,3230.0,3192.0,3203.0,3197.0,3206.0,505986911,1620645105765,9010,46348559193224090,859,1404-04-30,1,0.684563129636068,859,2210.4543455948638,2211.1389087244997,2185.125509798329,2192.6557042243257,2188.5483254465094,False,False
2025-07-22,3176.0,3205.0,3132.0,3153.0,3133.0,3203.0,2352029765,7416784182766,27029,46348559193224090,860,1404-04-31,1,0.684563129636068,860,2174.172499724152,2194.024830483598,2144.051722020165,2158.4275477425226,2144.736285149801,False,False
2025-07-23,3153.0,3169.0,3128.0,3143.0,3139.0,3153.0,2008068299,6311171161878,17325,46348559193224090,861,1404-05-01,1,0.684563129636068,861,2158.4275477425226,2169.3805578166994,2141.3134695016206,2151.581916446162,2148.8436639276174,False,False
2025-07-26,3143.0,3144.0,3113.0,3129.0,3114.0,3143.0,1128627528,3531837076902,11349,46348559193224090,862,1404-05-04,3,0.684563129636068,862,2151.581916446162,2152.266479575798,2131.04502255708,2141.998032631257,2131.729585686716,False,False
2025-07-27,3113.0,3160.0,3083.0,3109.0,3091.0,3129.0,1220679235,3795489150325,13156,46348559193224090,863,1404-05-05,1,0.684563129636068,863,2131.04502255708,2163.219489649975,2110.508128667998,2128.3067700385354,2115.9846337050863,False,False
2025-07-28,3106.0,3106.0,3016.0,3047.0,3016.0,3109.0,772717044,2354106029314,9392,46348559193224090,864,1404-05-06,1,0.684563129636068,864,2126.2530806496275,2126.2530806496275,2064.642398982381,2085.863856001099,2064.642398982381,False,False
2025-07-30,2868.0,2883.0,2868.0,2868.0,2868.0,2956.0,608833714,1746212385046,9187,46348559193224090,866,1404-05-08,2,0.684563129636068,866,1963.327055796243,1973.595502740784,1963.327055796243,1963.327055796243,1963.327055796243,False,False
2025-08-02,2870.0,2899.0,2840.0,2860.0,2899.0,2868.0,856391638,2448939908203,11827,46348559193224090,867,1404-05-11,3,0.684563129636068,867,1964.6961820555152,1984.5485128149612,1944.1592881664333,1957.8505507591547,1984.5485128149612,False,False
2025-08-06,2435.0,2436.0,2424.0,2430.0,2425.0,2580.0,315771032,767179854617,5469,46348559193224090,868,1404-05-15,4,0.7588568026198274,868,1847.8163143792797,1848.5751711818993,1839.4688895504614,1844.0220303661804,1840.2277463530813,True,True
2025-08-09,2450.0,2479.0,2390.0,2420.0,2396.0,2430.0,462592592,1119417936936,10637,46348559193224090,869,1404-05-18,3,0.7588568026198274,869,1859.199166418577,1881.206013694552,1813.6677582613875,1836.4334623399823,1818.2208990771064,False,False
2025-08-10,2420.0,2424.0,2359.0,2386.0,2382.0,2420.0,581203228,1386545751615,8075,46348559193224090,870,1404-05-19,1,0.7588568026198274,870,1836.4334623399823,1839.4688895504614,1790.1431973801728,1810.632331050908,1807.5969038404287,False,False
2025-08-11,2380.0,2386.0,2315.0,2329.0,2315.0,2386.0,476630183,1110141222164,7625,46348559193224090,871,1404-05-20,1,0.7588568026198274,871,1806.0791902351891,1810.632331050908,1756.7534980649002,1767.377493301578,1756.7534980649002,False,False
2025-08-12,2317.0,2319.0,2260.0,2278.0,2260.0,2329.0,431334834,982470235171,6666,46348559193224090,872,1404-05-21,1,0.7588568026198274,872,1758.27121167014,1759.7889252753796,1715.0163739208099,1728.6757963679668,1715.0163739208099,False,False
2025-08-13,2210.0,2220.0,2210.0,2210.0,2210.0,2278.0,89712378,198274418621,2599,46348559193224090,873,1404-05-22,1,0.7588568026198274,873,1677.0735337898184,1684.6621018160167,1677.0735337898184,1677.0735337898184,1677.0735337898184,False,False
2025-08-16,2201.0,2216.0,2144.0,2175.0,2216.0,2210.0,474299120,1031705287283,9368,46348559193224090,874,1404-05-25,3,0.7588568026198274,874,1670.24382256624,1681.6266746055373,1626.9889848169098,1650.5135456981245,1681.6266746055373,False,False
2025-08-17,2230.0,2240.0,2200.0,2236.0,2240.0,2175.0,267715643,598504875302,3337,46348559193224090,875,1404-05-26,1,0.7588568026198274,875,1692.250669842215,1699.8392378684132,1669.4849657636203,1696.803810657934,1699.8392378684132,False,False
2025-08-18,2300.0,2300.0,2198.0,2246.0,2214.0,2236.0,308408580,692643583865,8548,46348559193224090,876,1404-05-27,1,0.7588568026198274,876,1745.3706460256028,1745.3706460256028,1667.9672521583805,1704.3923786841322,1680.1089610002978,False,False
2025-08-19,2188.0,2240.0,2179.0,2192.0,2179.0,2246.0,340440168,746241383750,7106,46348559193224090,877,1404-05-28,1,0.7588568026198274,877,1660.3786841321823,1699.8392378684132,1653.548972908604,1663.4141113426615,1653.548972908604,False,False
2025-08-20,2200.0,2200.0,2128.0,2146.0,2130.0,2192.0,269346030,578124635504,5987,46348559193224090,878,1404-05-29,1,0.7588568026198274,878,1669.4849657636203,1669.4849657636203,1614.8472759749925,1628.5066984221496,1616.3649895802323,False,False
2025-08-23,2137.0,2167.0,2103.0,2126.0,2131.0,2146.0,223907782,476009817741,5339,46348559193224090,879,1404-06-01,3,0.7588568026198274,879,1621.676987198571,1644.442691277166,1595.875855909497,1613.329562369753,1617.123846382852,False,False
2025-08-25,2104.0,2130.0,2063.0,2070.0,2063.0,2126.0,137605834,284873833081,4548,46348559193224090,880,1404-06-03,2,0.7588568026198274,880,1596.6347127121167,1616.3649895802323,1565.5215838047038,1570.8335814230427,1565.5215838047038,False,False
2025-08-26,2010.0,2119.0,2010.0,2064.0,2107.0,2070.0,230162024,474974280744,5921,46348559193224090,881,1404-06-04,1,0.7588568026198274,881,1525.302173265853,1608.017564751414,1525.302173265853,1566.2804406073237,1598.9112831199761,False,False
2025-08-27,2050.0,2125.0,2050.0,2119.0,2105.0,2064.0,301137789,638247482966,5203,46348559193224090,882,1404-06-05,1,0.7588568026198274,882,1555.656445370646,1612.570705567133,1555.656445370646,1608.017564751414,1597.3935695147366,False,False
2025-08-30,2090.0,2182.0,2090.0,2167.0,2182.0,2119.0,320769866,694948754154,4739,46348559193224090,883,1404-06-08,3,0.7588568026198274,883,1586.0107174754392,1655.8255433164634,1586.0107174754392,1644.442691277166,1655.8255433164634,False,False
2025-08-31,2220.0,2232.0,2203.0,2231.0,2232.0,2167.0,266441546,594299242682,2425,46348559193224090,884,1404-06-09,1,0.7588568026198274,884,1684.6621018160167,1693.7683834474547,1671.7615361714797,1693.0095266448348,1693.7683834474547,False,False
2025-09-02,2297.0,2297.0,2297.0,2297.0,2297.0,2231.0,210229890,482898057330,1717,46348559193224090,885,1404-06-11,2,0.7588568026198274,885,1743.0940756177433,1743.0940756177433,1743.0940756177433,1743.0940756177433,1743.0940756177433,False,False
2025-09-03,2365.0,2365.0,2350.0,2365.0,2365.0,2297.0,1063556441,2515148246673,9958,46348559193224090,886,1404-06-12,1,0.7588568026198274,886,1794.6963381958917,1794.6963381958917,1783.3134861565943,1794.6963381958917,1794.6963381958917,False,False
2025-09-06,2389.0,2392.0,2299.0,2341.0,2317.0,2365.0,627957719,1469992947874,11476,46348559193224090,887,1404-06-15,3,0.7588568026198274,887,1812.9089014587676,1815.185471866627,1744.6117892229831,1776.4837749330159,1758.27121167014,False,False
2025-09-07,2300.0,2410.0,2288.0,2371.0,2366.0,2341.0,356894368,846040620810,6892,46348559193224090,888,1404-06-16,1,0.7588568026198274,888,1745.3706460256028,1828.844894313784,1736.2643643941649,1799.2494790116107,1795.4551949985116,False,False
2025-09-08,2420.0,2442.0,2400.0,2440.0,2442.0,2371.0,545926913,1332166533342,6032,46348559193224090,889,1404-06-17,1,0.7588568026198274,889,1836.4334623399823,1853.1283119976183,1821.2563262875856,1851.6105983923787,1853.1283119976183,False,False
2025-09-09,2490.0,2490.0,2393.0,2417.0,2393.0,2440.0,456539640,1103403765666,8720,46348559193224090,890,1404-06-18,1,0.7588568026198274,890,1889.55343852337,1889.55343852337,1815.944328669247,1834.1568919321228,1815.944328669247,False,False
2025-09-13,2416.0,2445.0,2384.0,2399.0,2385.0,2417.0,207390461,497544510669,4887,46348559193224090,891,1404-06-22,4,0.7588568026198274,891,1833.398035129503,1855.4048824054778,1809.1146174456685,1820.497469484966,1809.8734742482882,False,False
2025-09-14,2390.0,2470.0,2375.0,2460.0,2470.0,2399.0,607206778,1493964192872,6698,46348559193224090,892,1404-06-23,1,0.7588568026198274,892,1813.6677582613875,1874.3763024709735,1802.28490622209,1866.7877344447752,1874.3763024709735,False,False
2025-09-15,2510.0,2510.0,2387.0,2424.0,2394.0,2460.0,462860699,1121898422094,8896,46348559193224090,893,1404-06-24,1,0.7588568026198274,893,1904.7305745757667,1904.7305745757667,1811.391187853528,1839.4688895504614,1816.7031854718666,False,False
2025-09-16,2352.0,2360.0,2352.0,2352.0,2352.0,2424.0,376157690,884748487872,3698,46348559193224090,894,1404-06-25,1,0.7588568026198274,894,1784.831199761834,1790.9020541827927,1784.831199761834,1784.831199761834,1784.831199761834,False,False
2025-09-17,2309.0,2330.0,2282.0,2292.0,2287.0,2352.0,412987132,946445871624,6858,46348559193224090,895,1404-06-26,1,0.7588568026198274,895,1752.2003572491813,1768.1363501041978,1731.711223578446,1739.2997916046443,1735.5055075915452,False,False
2025-09-20,2224.0,2224.0,2224.0,2224.0,2224.0,2292.0,288434115,641477471760,2654,46348559193224090,896,1404-06-29,3,0.7588568026198274,896,1687.697529026496,1687.697529026496,1687.697529026496,1687.697529026496,1687.697529026496,False,False
2025-09-21,2158.0,2183.0,2158.0,2166.0,2170.0,2224.0,506113439,1096379702070,8502,46348559193224090,897,1404-06-30,1,0.7588568026198274,897,1637.6129800535875,1656.584400119083,1637.6129800535875,1643.683834474546,1646.7192616850255,False,False
2025-09-22,2220.0,2230.0,2174.0,2228.0,2230.0,2166.0,495472183,1103979107845,6890,46348559193224090,898,1404-06-31,1,0.7588568026198274,898,1684.6621018160167,1692.250669842215,1649.7546888955046,1690.7329562369753,1692.250669842215,False,False
2025-09-23,2254.0,2254.0,2168.0,2204.0,2185.0,2228.0,286495757,631374938627,5645,46348559193224090,899,1404-07-01,1,0.7588568026198274,899,1710.463233105091,1710.463233105091,1645.2015480797857,1672.5203929740994,1658.1021137243229,False,False
2025-09-24,2192.0,2192.0,2155.0,2169.0,2190.0,2204.0,401786824,871365891326,7100,46348559193224090,900,1404-07-02,1,0.7588568026198274,900,1663.4141113426615,1663.4141113426615,1635.336409645728,1645.9604048824056,1661.896397737422,False,False
2025-09-27,2180.0,2234.0,2180.0,2232.0,2234.0,2169.0,494355894,1103279964355,3951,46348559193224090,901,1404-07-05,3,0.7588568026198274,901,1654.3078297112236,1695.2860970526942,1654.3078297112236,1693.7683834474547,1695.2860970526942,False,False
2025-09-28,2298.0,2298.0,2298.0,2298.0,2298.0,2232.0,141319666,324752592468,1372,46348559193224090,902,1404-07-06,1,0.7588568026198274,902,1743.8529324203632,1743.8529324203632,1743.8529324203632,1743.8529324203632,1743.8529324203632,False,False
2025-09-29,2366.0,2366.0,2366.0,2366.0,2366.0,2298.0,587015555,1388878803130,3875,46348559193224090,903,1404-07-07,1,0.7588568026198274,903,1795.4551949985116,1795.4551949985116,1795.4551949985116,1795.4551949985116,1795.4551949985116,False,False
2025-09-30,2436.0,2436.0,2370.0,2423.0,2408.0,2366.0,1534295911,3717103989262,17297,46348559193224090,904,1404-07-08,1,0.7588568026198274,904,1848.5751711818993,1848.5751711818993,1798.4906222089908,1838.7100327478418,1827.3271807085443,False,False
2025-10-01,2402.0,2466.0,2356.0,2403.0,2408.0,2423.0,635330990,1526697470602,10710,46348559193224090,905,1404-07-09,1,0.7588568026198274,905,1822.7740398928254,1871.3408752604942,1787.8666269723133,1823.532896695445,1827.3271807085443,False,False
2025-10-04,2475.0,2475.0,2475.0,2475.0,2475.0,2403.0,186724370,462142815750,1786,46348559193224090,906,1404-07-12,3,0.7588568026198274,906,1878.1705864840726,1878.1705864840726,1878.1705864840726,1878.1705864840726,1878.1705864840726,False,False
2025-10-05,2549.0,2549.0,2531.0,2549.0,2549.0,2475.0,1220875392,3111544308841,11186,46348559193224090,907,1404-07-13,1,0.7588568026198274,907,1934.32598987794,1934.32598987794,1920.666567430783,1934.32598987794,1934.32598987794,False,False
2025-10-06,2625.0,2625.0,2592.0,2624.0,2625.0,2549.0,2299625920,6034956806498,18824,46348559193224090,908,1404-07-14,1,0.7588568026198274,908,1991.9991068770469,1991.9991068770469,1966.9568323905926,1991.240250074427,1991.9991068770469,False,False
2025-10-07,2640.0,2702.0,2625.0,2690.0,2702.0,2624.0,648476853,1744371760195,6318,46348559193224090,909,1404-07-15,1,0.7588568026198274,909,2003.3819589163443,2050.4310806787735,1991.9991068770469,2041.3247990473355,2050.4310806787735,False,False
2025-10-08,2750.0,2758.0,2625.0,2696.0,2677.0,2690.0,1264243317,3408204962331,18428,46348559193224090,910,1404-07-16,1,0.7588568026198274,910,2086.856207204525,2092.927061625484,1991.9991068770469,2045.8779398630545,2031.4596606132777,False,False
2025-10-11,2696.0,2776.0,2640.0,2730.0,2729.0,2696.0,914191915,2495939151778,14319,46348559193224090,911,1404-07-19,3,0.7588568026198274,911,2045.8779398630545,2106.586484072641,2003.3819589163443,2071.6790711521285,2070.920214349509,False,False
2025-10-12,2764.0,2811.0,2740.0,2807.0,2811.0,2730.0,847435114,2378865580858,9384,46348559193224090,912,1404-07-20,1,0.7588568026198274,912,2097.480202441203,2133.1464721643347,2079.267639178327,2130.1110449538555,2133.1464721643347,False,False
2025-10-13,2855.0,2881.0,2772.0,2824.0,2810.0,2807.0,1143847647,3230262244481,16164,46348559193224090,913,1404-07-21,1,0.7588568026198274,913,2166.536171479607,2186.2664483477224,2103.551056862161,2143.0116105983925,2132.387615361715,False,False
2025-10-14,2819.0,2829.0,2740.0,2767.0,2740.0,2824.0,825145383,2283395679286,13884,46348559193224090,914,1404-07-22,1,0.7588568026198274,914,2139.2173265852934,2146.8058946114916,2079.267639178327,2099.756772849062,2079.267639178327,False,False
2025-10-15,2727.0,2747.0,2689.0,2710.0,2735.0,2767.0,483086062,1309240388759,8217,46348559193224090,915,1404-07-23,1,0.7588568026198274,915,2069.402500744269,2084.579636796666,2040.5659422447156,2056.5019350997322,2075.473355165228,False,False
2025-10-18,2791.0,2791.0,2754.0,2791.0,2791.0,2710.0,454281655,1267860369456,4224,46348559193224090,916,1404-07-26,3,0.7588568026198274,916,2117.969336111938,2117.969336111938,2089.8916344150043,2117.969336111938,2117.969336111938,False,False
2025-10-19,2861.0,2874.0,2709.0,2816.0,2740.0,2791.0,843674097,2375422858927,14187,46348559193224090,917,1404-07-27,1,0.7588568026198274,917,2171.089312295326,2180.954450729384,2055.7430782971123,2136.9407561774337,2079.267639178327,False,False
2025-10-20,2738.0,2797.0,2732.0,2754.0,2732.0,2816.0,456646606,1257583586728,9083,46348559193224090,918,1404-07-28,1,0.7588568026198274,918,2077.7499255730872,2122.522476927657,2073.1967847573683,2089.8916344150043,2073.1967847573683,False,False
2025-10-21,2690.0,2796.0,2673.0,2712.0,2742.0,2754.0,418482212,1134926906653,8035,46348559193224090,919,1404-07-29,1,0.7588568026198274,919,2041.3247990473355,2121.7636201250375,2028.4242334027986,2058.0196487049716,2080.7853527835664,False,False
2025-10-22,2759.0,2775.0,2701.0,2739.0,2772.0,2712.0,394567877,1080821715278,6860,46348559193224090,920,1404-07-30,1,0.7588568026198274,920,2093.685918428104,2105.827627270021,2049.6722238761536,2078.508782375707,2103.551056862161,False,False
2025-10-25,2657.0,2669.0,2657.0,2657.0,2659.0,2739.0,999654976,2656275352619,10931,46348559193224090,921,1404-08-03,3,0.7588568026198274,921,2016.2825245608813,2025.3888061923192,2016.2825245608813,2016.2825245608813,2017.8002381661208,False,False
2025-10-26,2640.0,2730.0,2640.0,2679.0,2685.0,2657.0,504729901,1352384878559,8369,46348559193224090,922,1404-08-04,1,0.7588568026198274,922,2003.3819589163443,2071.6790711521285,2003.3819589163443,2032.9773742185175,2037.5305150342365,False,False
2025-10-27,2735.0,2759.0,2685.0,2743.0,2759.0,2679.0,537206167,1473760023542,7622,46348559193224090,923,1404-08-05,1,0.7588568026198274,923,2075.473355165228,2093.685918428104,2037.5305150342365,2081.5442095861863,2093.685918428104,False,False
2025-10-28,2825.0,2825.0,2748.0,2810.0,2825.0,2743.0,748362633,2102531173236,9451,46348559193224090,924,1404-08-06,1,0.7588568026198274,924,2143.7704674010124,2143.7704674010124,2085.3384935992854,2132.387615361715,2143.7704674010124,False,False
2025-10-29,2894.0,2894.0,2894.0,2894.0,2894.0,2810.0,461319897,1335059781918,4258,46348559193224090,925,1404-08-07,1,0.7588568026198274,925,2196.1315867817802,2196.1315867817802,2196.1315867817802,2196.1315867817802,2196.1315867817802,False,False
2025-11-01,2980.0,2980.0,2950.0,2978.0,2980.0,2894.0,2613563964,7782715704886,22964,46348559193224090,926,1404-08-10,3,0.7588568026198274,926,2261.3932718070855,2261.3932718070855,2238.6275677284907,2259.8755582018457,2261.3932718070855,False,False
2025-11-02,2990.0,3067.0,2975.0,3046.0,3067.0,2978.0,1490354001,4539394221174,18562,46348559193224090,927,1404-08-11,1,0.7588568026198274,927,2268.9818398332836,2327.4138136350107,2257.5989877939865,2311.477820779994,2327.4138136350107,False,False
2025-11-03,3120.0,3137.0,3068.0,3131.0,3133.0,3046.0,1251287042,3918242453432,17127,46348559193224090,928,1404-08-12,1,0.7588568026198274,928,2367.6332241738614,2380.5337898183984,2328.17267043763,2375.9806490026795,2377.4983626079193,False,False
2025-11-04,3117.0,3120.0,3038.0,3055.0,3038.0,3131.0,1234808338,3772894149478,17911,46348559193224090,929,1404-08-13,1,0.7588568026198274,929,2365.3566537660017,2367.6332241738614,2305.4069663590353,2318.3075320035728,2305.4069663590353,False,False
2025-11-05,2989.0,3087.0,2973.0,3022.0,3078.0,3055.0,601905813,1818847646278,12440,46348559193224090,930,1404-08-14,1,0.7588568026198274,930,2268.222983030664,2342.590949687407,2256.0812741887466,2293.2652575171182,2335.7612384638287,False,False
2025-11-08,3110.0,3112.0,3037.0,3094.0,3047.0,3022.0,782444663,2421004302277,11180,46348559193224090,931,1404-08-17,3,0.7588568026198274,931,2360.044656147663,2361.5623697529027,2304.648109556416,2347.902947305746,2312.236677582614,False,False
2025-11-09,3002.0,3002.0,3002.0,3002.0,3002.0,3094.0,837412963,2513913714926,6630,46348559193224090,932,1404-08-18,1,0.7588568026198274,932,2278.0881214647216,2278.0881214647216,2278.0881214647216,2278.0881214647216,2278.0881214647216,False,False
2025-11-10,3000.0,3092.0,2981.0,3052.0,3088.0,3002.0,1152098918,3515773471091,15520,46348559193224090,933,1404-08-19,1,0.7588568026198274,933,2276.570407859482,2346.385233700506,2262.1521286097054,2316.030961595713,2343.349806490027,False,False
2025-11-11,3101.0,3143.0,3052.0,3109.0,3066.0,3052.0,666998063,2073585019170,10825,46348559193224090,934,1404-08-20,1,0.7588568026198274,934,2353.2149449240846,2385.0869306341174,2316.030961595713,2359.2857993450434,2326.654956832391,False,False
2025-11-12,3082.0,3109.0,3032.0,3068.0,3076.0,3109.0,371877013,1140904652788,7584,46348559193224090,935,1404-08-21,1,0.7588568026198274,935,2338.796665674308,2359.2857993450434,2300.8538255433164,2328.17267043763,2334.243524858589,False,False
2025-11-15,3040.0,3088.0,3018.0,3048.0,3038.0,3068.0,398490241,1214789998653,6998,46348559193224090,936,1404-08-24,3,0.7588568026198274,936,2306.924679964275,2343.349806490027,2290.229830306639,2312.995534385234,2305.4069663590353,False,False
2025-11-16,3050.0,3100.0,3006.0,3063.0,3090.0,3048.0,422694649,1294601803284,8912,46348559193224090,937,1404-08-25,1,0.7588568026198274,937,2314.5132479904732,2352.4560881214647,2281.123548675201,2324.378386424531,2344.8675200952666,False,False
2025-11-17,3105.0,3135.0,3021.0,3076.0,3039.0,3063.0,674770932,2075369214339,12308,46348559193224090,938,1404-08-26,1,0.7588568026198274,938,2356.250372134564,2379.0160762131586,2292.5064007144983,2334.243524858589,2306.165823161655,False,False
2025-11-18,3043.0,3094.0,3015.0,3048.0,3045.0,3076.0,408740848,1245704061688,7489,46348559193224090,939,1404-08-27,1,0.7588568026198274,939,2309.201250372135,2347.902947305746,2287.9532598987794,2312.995534385234,2310.718963977374,False,False
2025-11-19,3080.0,3095.0,3037.0,3061.0,3070.0,3048.0,392426863,1201111166486,7247,46348559193224090,940,1404-08-28,1,0.7588568026198274,940,2337.278952069068,2348.6618041083657,2304.648109556416,2322.8606728192917,2329.69038404287,False,False
2025-11-22,3080.0,3148.0,3074.0,3110.0,3086.0,3061.0,406478294,1264241085098,7984,46348559193224090,941,1404-09-01,3,0.7588568026198274,941,2337.278952069068,2388.8812146472164,2332.725811253349,2360.044656147663,2341.832092884787,False,False
2025-11-23,3150.0,3203.0,3113.0,3197.0,3203.0,3110.0,897811176,2870503906102,7874,46348559193224090,942,1404-09-02,1,0.7588568026198274,942,2390.3989282524562,2430.618338791307,2362.3212265555226,2426.065197975588,2430.618338791307,False,False
2025-11-25,3292.0,3292.0,3253.0,3289.0,3292.0,3197.0,1557878042,5124593053015,13039,46348559193224090,943,1404-09-04,2,0.7588568026198274,943,2498.1565942244715,2498.1565942244715,2468.5611789222985,2495.8800238166123,2498.1565942244715,False,False
2025-11-26,3289.0,3289.0,3191.0,3219.0,3215.0,3289.0,813378391,2618489995806,16047,46348559193224090,944,1404-09-05,1,0.7588568026198274,944,2495.8800238166123,2495.8800238166123,2421.512057159869,2442.760047633224,2439.724620422745,False,False
2025-11-29,3170.0,3261.0,3150.0,3197.0,3171.0,3219.0,520814102,1664964421044,9623,46348559193224090,945,1404-09-08,3,0.7588568026198274,945,2405.576064304853,2474.632033343257,2390.3989282524562,2426.065197975588,2406.3349211074724,False,False
2025-11-30,3197.0,3219.0,3102.0,3171.0,3213.0,3197.0,807447342,2560308504781,15593,46348559193224090,946,1404-09-09,1,0.7588568026198274,946,2426.065197975588,2442.760047633224,2353.9738017267046,2406.3349211074724,2438.206906817505,False,False
2025-12-01,3240.0,3266.0,3209.0,3247.0,3246.0,3171.0,723304384,2348752501868,11321,46348559193224090,947,1404-09-10,1,0.7588568026198274,947,2458.6960404882407,2478.4263173563563,2435.171479607026,2464.0080381065795,2463.2491813039596,False,False
2025-12-02,3266.0,3277.0,3227.0,3245.0,3229.0,3247.0,447553530,1452344550773,9195,46348559193224090,948,1404-09-11,1,0.7588568026198274,948,2478.4263173563563,2486.7737421851743,2448.830902054183,2462.4903245013397,2450.3486156594226,False,False
2025-12-03,3264.0,3342.0,3264.0,3315.0,3317.0,3245.0,659091131,2185205926791,10390,46348559193224090,949,1404-09-12,1,0.7588568026198274,949,2476.9086037511165,2536.099434355463,2476.9086037511165,2515.6103006847275,2517.1280142899673,False,False
2025-12-06,3389.0,3410.0,3321.0,3371.0,3355.0,3315.0,741051545,2497738095248,12157,46348559193224090,950,1404-09-15,3,0.7588568026198274,950,2571.765704078595,2587.7016969336114,2520.1634415004464,2558.106281631438,2545.964572789521,False,False
2025-12-07,3400.0,3400.0,3270.0,3310.0,3270.0,3371.0,1093456567,3619489575374,19000,46348559193224090,951,1404-09-16,1,0.7588568026198274,951,2580.113128907413,2580.113128907413,2481.4617445668355,2511.8160166716284,2481.4617445668355,False,False
2025-12-08,3289.0,3409.0,3264.0,3343.0,3380.0,3310.0,755900834,2527009799128,13103,46348559193224090,952,1404-09-17,1,0.7588568026198274,952,2495.8800238166123,2586.9428401309915,2476.9086037511165,2536.858291158083,2564.9359928550166,False,False
2025-12-09,3385.0,3437.0,3357.0,3395.0,3395.0,3343.0,689523242,2340836153093,9211,46348559193224090,953,1404-09-18,1,0.7588568026198274,953,2568.7302768681157,2608.1908306043465,2547.4822863947606,2576.3188448943138,2576.3188448943138,False,False
2025-12-10,3411.0,3496.0,3411.0,3490.0,3496.0,3395.0,817209723,2852359853494,7893,46348559193224090,954,1404-09-19,1,0.7588568026198274,954,2588.4605537362313,2652.963381958916,2588.4605537362313,2648.4102411431973,2652.963381958916,False,False
2025-12-13,3589.0,3594.0,3550.0,3593.0,3594.0,3490.0,1416566101,5089653844899,14716,46348559193224090,955,1404-09-22,3,0.7588568026198274,955,2723.5370646025603,2727.3313486156594,2693.9416493003873,2726.5724918130395,2727.3313486156594,False,False
2025-12-14,3650.0,3700.0,3511.0,3669.0,3698.0,3593.0,1015222956,3724423872942,15398,46348559193224090,956,1404-09-23,1,0.7588568026198274,956,2769.82732956237,2807.7701696933614,2664.346233998214,2784.2456088121467,2806.2524560881216,False,False
2025-12-15,3705.0,3779.0,3705.0,3774.0,3779.0,3669.0,811060641,3061300294980,10807,46348559193224090,957,1404-09-24,1,0.7588568026198274,957,2811.5644537064604,2867.7198571003278,2811.5644537064604,2863.9255730872283,2867.7198571003278,False,False
2025-12-16,3835.0,3887.0,3683.0,3822.0,3720.0,3774.0,1103531167,4218130176787,18263,46348559193224090,958,1404-09-25,1,0.7588568026198274,958,2910.215838047038,2949.676391783269,2794.869604048824,2900.35069961298,2822.9473057457576,False,False
2025-12-17,3720.0,3826.0,3720.0,3783.0,3784.0,3822.0,584627147,2211625559935,10882,46348559193224090,959,1404-09-26,1,0.7588568026198274,959,2822.9473057457576,2903.3861268234596,2822.9473057457576,2870.755284310807,2871.514141113427,False,False
2025-12-20,3876.0,3896.0,3844.0,3890.0,3896.0,3783.0,771884534,3002981479977,12001,46348559193224090,960,1404-09-29,3,0.7588568026198274,960,2941.3289669544506,2956.5061030068473,2917.0455492706164,2951.9529621911283,2956.5061030068473,False,False
2025-12-21,3923.0,3944.0,3825.0,3885.0,3874.0,3890.0,905067519,3515745115182,16609,46348559193224090,961,1404-09-30,1,0.7588568026198274,961,2976.995236677583,2992.931229532599,2902.6272700208397,2948.1586781780293,2939.8112533492113,False,False
2025-12-22,3874.0,3915.0,3781.0,3839.0,3825.0,3885.0,813877549,3124493479642,18174,46348559193224090,962,1404-10-01,1,0.7588568026198274,962,2939.8112533492113,2970.924382256624,2869.237570705567,2913.2512652575174,2902.6272700208397,False,False
2025-12-23,3834.0,3925.0,3807.0,3868.0,3887.0,3839.0,468088800,1810567280299,10627,46348559193224090,963,1404-10-02,1,0.7588568026198274,963,2909.456981244418,2978.512950282822,2888.967847573683,2935.2581125334923,2949.676391783269,False,False
2025-12-24,3940.0,3984.0,3935.0,3976.0,3984.0,3868.0,1007102689,4004145494478,16191,46348559193224090,964,1404-10-03,1,0.7588568026198274,964,2989.89580232212,3023.2855016373924,2986.101518309021,3017.2146472164336,3023.2855016373924,False,False
2025-12-27,4095.0,4095.0,3970.0,4041.0,4016.0,3976.0,1190602987,4811371538079,21846,46348559193224090,965,1404-10-06,3,0.7588568026198274,965,3107.518606728193,3107.518606728193,3012.6615064007146,3066.5403393867223,3047.5689193212265,False,False
2025-12-28,4049.0,4162.0,4010.0,4145.0,4162.0,4041.0,1607209950,6661290075234,22051,46348559193224090,966,1404-10-07,1,0.7588568026198274,966,3072.611193807681,3158.3620125037214,3043.0157785055076,3145.4614468591844,3158.3620125037214,False,False
2025-12-29,4225.0,4269.0,4021.0,4135.0,4114.0,4145.0,1321597918,5464586013505,25717,46348559193224090,967,1404-10-08,1,0.7588568026198274,967,3206.1699910687707,3239.559690384043,3051.3632033343256,3137.8728788329863,3121.9368859779697,False,False
2025-12-30,4011.0,4020.0,4011.0,4011.0,4011.0,4135.0,1661625018,6664856615209,16494,46348559193224090,968,1404-10-09,1,0.7588568026198274,968,3043.7746353081275,3050.604346531706,3043.7746353081275,3043.7746353081275,3043.7746353081275,False,False
2025-12-31,3960.0,4131.0,3959.0,4055.0,4131.0,4011.0,1131445398,4588185228072,18242,46348559193224090,969,1404-10-10,1,0.7588568026198274,969,3005.0729383745165,3134.8374516225067,3004.3140815718966,3077.1643346234,3134.8374516225067,False,False
2026-01-04,4061.0,4170.0,3934.0,3989.0,4010.0,4055.0,1240606287,4948211025846,20672,46348559193224090,970,1404-10-14,4,0.7588568026198274,970,3081.717475439119,3164.43286692468,2985.342661506401,3027.0797856504914,3043.0157785055076,False,False
2026-01-05,4108.0,4108.0,4051.0,4108.0,4108.0,3989.0,658684785,2705816315325,5761,46348559193224090,971,1404-10-15,1,0.7588568026198274,971,3117.3837451622508,3117.3837451622508,3074.1289074129204,3117.3837451622508,3117.3837451622508,False,False
2026-01-06,4231.0,4231.0,4231.0,4231.0,4231.0,4108.0,513677949,2173371402219,4055,46348559193224090,972,1404-10-16,1,0.7588568026198274,972,3210.7231318844897,3210.7231318844897,3210.7231318844897,3210.7231318844897,3210.7231318844897,False,False
2026-01-07,4357.0,4357.0,4248.0,4355.0,4357.0,4231.0,2554475478,11124866889902,26777,46348559193224090,973,1404-10-17,1,0.7588568026198274,973,3306.339089014588,3306.339089014588,3223.6236975290267,3304.821375409348,3306.339089014588,False,False
2026-01-10,4225.0,4409.0,4225.0,4274.0,4225.0,4355.0,1699472042,7263013864952,23058,46348559193224090,974,1404-10-20,3,0.7588568026198274,974,3206.1699910687707,3345.7996427508187,3206.1699910687707,3243.353974397142,3206.1699910687707,False,False
2026-01-11,4254.0,4402.0,4254.0,4349.0,4378.0,4274.0,1133217155,4928861028271,18619,46348559193224090,975,1404-10-21,1,0.7588568026198274,975,3228.1768383447456,3340.48764513248,3228.1768383447456,3300.268234593629,3322.275081869604,False,False
2026-01-12,4430.0,4479.0,4381.0,4442.0,4430.0,4349.0,1023316822,4545160807544,18959,46348559193224090,976,1404-10-22,1,0.7588568026198274,976,3361.7356356058353,3398.919618934207,3324.5516522774637,3370.8419172372733,3361.7356356058353,False,False
2026-01-13,4490.0,4490.0,4309.0,4343.0,4309.0,4442.0,645498283,2803341071995,14056,46348559193224090,977,1404-10-23,1,0.7588568026198274,977,3407.267043763025,3407.267043763025,3269.913962488836,3295.71509377791,3269.913962488836,False,False
2026-01-14,4213.0,4213.0,4213.0,4213.0,4213.0,4343.0,455394053,1918575145289,4855,46348559193224090,978,1404-10-24,1,0.7588568026198274,978,3197.063709437333,3197.063709437333,3197.063709437333,3197.063709437333,3197.063709437333,False,False
2026-01-18,4122.0,4327.0,4122.0,4183.0,4172.0,4213.0,1004425857,4201035870682,22565,46348559193224090,979,1404-10-28,4,0.7588568026198274,979,3128.0077403989285,3283.573384935993,3128.0077403989285,3174.298005358738,3165.9505805299195,False,False
2026-01-19,4215.0,4253.0,4058.0,4089.0,4058.0,4183.0,1736189974,7098681262628,27243,46348559193224090,980,1404-10-29,1,0.7588568026198274,980,3198.581423042572,3227.4179815421257,3079.4409050312593,3102.965465912474,3079.4409050312593,False,False
2026-01-20,3982.0,4058.0,3967.0,3992.0,3968.0,4089.0,1183367126,4723886052868,20006,46348559193224090,981,1404-10-30,1,0.7588568026198274,981,3021.7677880321526,3079.4409050312593,3010.384935992855,3029.3563560583507,3011.143792795475,False,False
2026-01-21,3987.0,3992.0,3873.0,3907.0,3905.0,3992.0,1036820265,4050657384322,23685,46348559193224090,982,1404-11-01,1,0.7588568026198274,982,3025.5620720452516,3029.3563560583507,2939.0523965465914,2964.8535278356653,2963.335814230426,False,False
2026-01-24,3790.0,3830.0,3790.0,3790.0,3790.0,3907.0,381282881,1445196740270,5622,46348559193224090,983,1404-11-04,3,0.7588568026198274,983,2876.067281929146,2906.4215540339387,2876.067281929146,2876.067281929146,2876.067281929146,False,False
2026-01-25,3677.0,3677.0,3677.0,3677.0,3677.0,3790.0,656915730,2415479139210,5858,46348559193224090,984,1404-11-05,1,0.7588568026198274,984,2790.316463233105,2790.316463233105,2790.316463233105,2790.316463233105,2790.316463233105,False,False
2026-01-26,3567.0,3567.0,3567.0,3567.0,3567.0,3677.0,88185323,314557047141,1585,46348559193224090,985,1404-11-06,1,0.7588568026198274,985,2706.8422149449243,2706.8422149449243,2706.8422149449243,2706.8422149449243,2706.8422149449243,False,False
2026-01-27,3460.0,3460.0,3460.0,3460.0,3460.0,3567.0,202740299,701481434540,2748,46348559193224090,986,1404-11-07,1,0.7588568026198274,986,2625.6445370646024,2625.6445370646024,2625.6445370646024,2625.6445370646024,2625.6445370646024,False,False
2026-01-28,3357.0,3414.0,3357.0,3361.0,3362.0,3460.0,1938034526,6513455316768,29976,46348559193224090,987,1404-11-08,1,0.7588568026198274,987,2547.4822863947606,2590.7371241440906,2547.4822863947606,2550.51771360524,2551.2765704078597,False,False
2026-01-31,3320.0,3429.0,3261.0,3284.0,3261.0,3361.0,859114669,2820955714042,11933,46348559193224090,988,1404-11-11,3,0.7588568026198274,988,2519.404584697827,2602.119976183388,2474.632033343257,2492.085739803513,2474.632033343257,False,False
2026-02-01,3260.0,3382.0,3260.0,3344.0,3382.0,3284.0,518211091,1732743495598,9654,46348559193224090,989,1404-11-12,1,0.7588568026198274,989,2473.8731765406374,2566.453706460256,2473.8731765406374,2537.617147960703,2566.453706460256,False,False
2026-02-02,3430.0,3444.0,3370.0,3441.0,3444.0,3344.0,590310629,2031372695795,7937,46348559193224090,990,1404-11-13,1,0.7588568026198274,990,2602.8788329860076,2613.5028282226854,2557.347424828818,2611.226257814826,2613.5028282226854,False,False
2026-02-03,3470.0,3501.0,3376.0,3437.0,3477.0,3441.0,581832880,2000036026400,10926,46348559193224090,991,1404-11-14,1,0.7588568026198274,991,2633.233105090801,2656.7576659720157,2561.900565644537,2608.1908306043465,2638.54510270914,False,False
2026-02-09,3334.0,3350.0,3334.0,3334.0,3334.0,3437.0,407933909,1360204699434,4993,46348559193224090,992,1404-11-20,6,0.7588568026198274,992,2530.0285799345043,2542.170288776422,2530.0285799345043,2530.0285799345043,2530.0285799345043,False,False
2026-02-10,3310.0,3434.0,3310.0,3428.0,3434.0,3334.0,680775202,2333701653793,7249,46348559193224090,993,1404-11-21,1,0.7588568026198274,993,2511.8160166716284,2605.9142601964872,2511.8160166716284,2601.3611193807683,2605.9142601964872,False,False
2026-02-14,3530.0,3530.0,3411.0,3495.0,3453.0,3428.0,934198655,3265371559700,12332,46348559193224090,994,1404-11-25,4,0.7588568026198274,994,2678.7645132479906,2678.7645132479906,2588.4605537362313,2652.2045251562968,2620.332539446264,False,False
2026-02-15,3408.0,3440.0,3391.0,3392.0,3391.0,3495.0,361589013,1226475559436,6148,46348559193224090,995,1404-11-26,1,0.7588568026198274,995,2586.1839833283716,2610.467401012206,2573.2834176838346,2574.0422744864545,2573.2834176838346,False,False
2026-02-16,3292.0,3440.0,3292.0,3377.0,3417.0,3392.0,301518611,1018254937359,6005,46348559193224090,996,1404-11-27,1,0.7588568026198274,996,2498.1565942244715,2610.467401012206,2498.1565942244715,2562.659422447157,2593.0136945519503,False,False
2026-02-17,3419.0,3478.0,3365.0,3438.0,3478.0,3377.0,297042819,1021150060449,5804,46348559193224090,997,1404-11-28,1,0.7588568026198274,997,2594.5314081571896,2639.3039595117593,2553.553140815719,2608.9496874069664,2639.3039595117593,False,False
2026-02-18,3482.0,3492.0,3347.0,3394.0,3370.0,3438.0,309278432,1049748491746,5860,46348559193224090,998,1404-11-29,1,0.7588568026198274,998,2642.339386722239,2649.927954748437,2539.893718368562,2575.559988091694,2557.347424828818,False,False
2026-02-21,3293.0,3293.0,3293.0,3293.0,3293.0,3394.0,153745215,506282992995,2193,46348559193224090,999,1404-12-02,3,0.7588568026198274,999,2498.9154510270914,2498.9154510270914,2498.9154510270914,2498.9154510270914,2498.9154510270914,False,False
2026-02-22,3195.0,3304.0,3195.0,3214.0,3290.0,3293.0,770927930,2477768884014,11608,46348559193224090,1000,1404-12-03,1,0.7588568026198274,1000,2424.5474843703482,2507.2628758559094,2424.5474843703482,2438.965763620125,2496.638880619232,False,False
2026-02-23,3270.0,3310.0,3240.0,3282.0,3310.0,3214.0,336687235,1105008006034,6090,46348559193224090,1001,1404-12-04,1,0.7588568026198274,1001,2481.4617445668355,2511.8160166716284,2458.6960404882407,2490.5680261982734,2511.8160166716284,False,False
2026-02-24,3298.0,3300.0,3216.0,3269.0,3281.0,3282.0,281883619,921388471289,4939,46348559193224090,1002,1404-12-05,1,0.7588568026198274,1002,2502.7097350401905,2504.2274486454303,2440.483477225365,2480.7028877642156,2489.8091693956535,False,False
2026-02-25,3254.0,3367.0,3254.0,3359.0,3367.0,3269.0,452674550,1520373836259,6785,46348559193224090,1003,1404-12-06,1,0.7588568026198274,1003,2469.3200357249184,2555.0708544209588,2469.3200357249184,2549.0,2555.0708544209588,False,False
2026-08-08,2305.0,2374.0,2305.0,2332.0,2360.0,2549.0,8751481850,20408390792461,26111,46348559193224090,1004,1405-05-17,164,1.0,1004,2305.0,2374.0,2305.0,2332.0,2360.0,True,True
2026-08-09,2401.0,2401.0,2263.0,2316.0,2291.0,2332.0,12950170918,29986921413871,91574,46348559193224090,1005,1405-05-18,1,1.0,1005,2401.0,2401.0,2263.0,2316.0,2291.0,False,False
2026-08-10,2296.0,2370.0,2271.0,2333.0,2354.0,2316.0,5342065284,12461036364198,42860,46348559193224090,1006,1405-05-19,1,1.0,1006,2296.0,2370.0,2271.0,2333.0,2354.0,False,False
2026-08-11,2350.0,2375.0,2264.0,2286.0,2278.0,2333.0,5873194745,13424763944578,46698,46348559193224090,1007,1405-05-20,1,1.0,1007,2350.0,2375.0,2264.0,2286.0,2278.0,False,False
2026-08-15,2265.0,2283.0,2218.0,2219.0,2218.0,2286.0,5101242061,11321168664031,29033,46348559193224090,1008,1405-05-24,4,1.0,1008,2265.0,2283.0,2218.0,2219.0,2218.0,False,False
2026-08-16,2188.0,2285.0,2182.0,2274.0,2285.0,2219.0,3610329576,8209431045219,21901,46348559193224090,1009,1405-05-25,1,1.0,1009,2188.0,2285.0,2182.0,2274.0,2285.0,False,False
2026-08-17,2342.0,2342.0,2342.0,2342.0,2342.0,2274.0,1116423209,2614663155478,3392,46348559193224090,1010,1405-05-26,1,1.0,1010,2342.0,2342.0,2342.0,2342.0,2342.0,False,False
2026-08-18,2412.0,2412.0,2370.0,2411.0,2412.0,2342.0,9902592486,23871580880027,44433,46348559193224090,1011,1405-05-27,1,1.0,1011,2412.0,2412.0,2370.0,2411.0,2412.0,False,False
2026-08-19,2398.0,2483.0,2370.0,2460.0,2455.0,2411.0,3512085050,8639110908204,28860,46348559193224090,1012,1405-05-28,1,1.0,1012,2398.0,2483.0,2370.0,2460.0,2455.0,False,False
2026-08-22,2533.0,2533.0,2497.0,2533.0,2533.0,2460.0,2975001335,7535291710467,14682,46348559193224090,1013,1405-05-31,3,1.0,1013,2533.0,2533.0,2497.0,2533.0,2533.0,False,False
2026-08-23,2608.0,2608.0,2540.0,2601.0,2608.0,2533.0,5282932229,13740663451477,29571,46348559193224090,1014,1405-06-01,1,1.0,1014,2608.0,2608.0,2540.0,2601.0,2608.0,False,False
2026-08-24,2601.0,2670.0,2527.0,2599.0,2554.0,2601.0,3458572867,8987210691722,35247,46348559193224090,1015,1405-06-02,1,1.0,1015,2601.0,2670.0,2527.0,2599.0,2554.0,False,False
2026-08-25,2590.0,2670.0,2563.0,2620.0,2631.0,2599.0,3470385961,9093449124179,29272,46348559193224090,1016,1405-06-03,1,1.0,1016,2590.0,2670.0,2563.0,2620.0,2631.0,False,False
2026-08-26,2677.0,2698.0,2677.0,2697.0,2698.0,2620.0,1903641165,5134335773252,8454,46348559193224090,1017,1405-06-04,1,1.0,1017,2677.0,2698.0,2677.0,2697.0,2698.0,False,False
2026-08-29,2777.0,2777.0,2740.0,2776.0,2777.0,2697.0,1658402344,4604490012429,10123,46348559193224090,1018,1405-06-07,3,1.0,1018,2777.0,2777.0,2740.0,2776.0,2777.0,False,False
2026-08-31,2728.0,2849.0,2703.0,2772.0,2732.0,2776.0,3114358037,8633967345265,34381,46348559193224090,1019,1405-06-09,2,1.0,1019,2728.0,2849.0,2703.0,2772.0,2732.0,False,False
2026-09-01,2820.0,2855.0,2689.0,2751.0,2689.0,2772.0,3782729420,10406558173572,34384,46348559193224090,1020,1405-06-10,1,1.0,1020,2820.0,2855.0,2689.0,2751.0,2689.0,False,False
2026-09-02,2669.0,2669.0,2669.0,2669.0,2669.0,2751.0,1667707089,4451110220541,11486,46348559193224090,1021,1405-06-11,1,1.0,1021,2669.0,2669.0,2669.0,2669.0,2669.0,False,False
2026-09-05,2691.0,2741.0,2589.0,2634.0,2635.0,2669.0,3663448383,9651299241659,32679,46348559193224090,1022,1405-06-14,3,1.0,1022,2691.0,2741.0,2589.0,2634.0,2635.0,False,False
2026-09-06,2634.0,2693.0,2573.0,2643.0,2666.0,2634.0,2251157499,5949207736691,24734,46348559193224090,1023,1405-06-15,1,1.0,1023,2634.0,2693.0,2573.0,2643.0,2666.0,False,False
2026-09-07,2722.0,2722.0,2700.0,2722.0,2722.0,2643.0,839991791,2286178973142,4259,46348559193224090,1024,1405-06-16,1,1.0,1024,2722.0,2722.0,2700.0,2722.0,2722.0,False,False
2026-09-08,2803.0,2803.0,2803.0,2803.0,2803.0,2722.0,1268276652,3554979455556,4568,46348559193224090,1025,1405-06-17,1,1.0,1025,2803.0,2803.0,2803.0,2803.0,2803.0,False,False
2026-09-09,2880.0,2887.0,2820.0,2881.0,2887.0,2803.0,3464453616,9982417051844,15381,46348559193224090,1026,1405-06-18,1,1.0,1026,2880.0,2887.0,2820.0,2881.0,2887.0,False,False
2026-09-12,2967.0,2967.0,2967.0,2967.0,2967.0,2881.0,1459893147,4331502967149,4834,46348559193224090,1027,1405-06-21,3,1.0,1027,2967.0,2967.0,2967.0,2967.0,2967.0,False,False
2026-09-13,3056.0,3056.0,3008.0,3055.0,3056.0,2967.0,6569385965,20070908586827,21728,46348559193224090,1028,1405-06-22,1,1.0,1028,3056.0,3056.0,3008.0,3055.0,3056.0,False,False
2026-09-14,3146.0,3146.0,3090.0,3145.0,3128.0,3055.0,7686967037,24178475931629,29950,46348559193224090,1029,1405-06-23,1,1.0,1029,3146.0,3146.0,3090.0,3145.0,3128.0,False,False
2026-09-15,3144.0,3239.0,3087.0,3223.0,3239.0,3145.0,5883974736,18965562492498,25653,46348559193224090,1030,1405-06-24,1,1.0,1030,3144.0,3239.0,3087.0,3223.0,3239.0,False,False
2026-09-16,3319.0,3319.0,3251.0,3317.0,3319.0,3223.0,9069143306,30079743590364,36087,46348559193224090,1031,1405-06-25,1,1.0,1031,3319.0,3319.0,3251.0,3317.0,3319.0,False,False
2026-09-19,3410.0,3410.0,3220.0,3300.0,3280.0,3317.0,6500953527,21452682420710,78299,46348559193224090,1032,1405-06-28,3,1.0,1032,3410.0,3410.0,3220.0,3300.0,3280.0,False,False
2026-09-20,3210.0,3280.0,3210.0,3210.0,3220.0,3300.0,5563296448,17883948678370,56546,46348559193224090,1033,1405-06-29,1,1.0,1033,3210.0,3280.0,3210.0,3210.0,3220.0,False,False
2026-09-21,3280.0,3300.0,3200.0,3290.0,3300.0,3210.0,3581143472,11785928323720,38289,46348559193224090,1034,1405-06-30,1,1.0,1034,3280.0,3300.0,3200.0,3290.0,3300.0,False,False
2026-09-22,3380.0,3380.0,3200.0,3260.0,3230.0,3290.0,3705610251,12095800625600,45559,46348559193224090,1035,1405-06-31,1,1.0,1035,3380.0,3380.0,3200.0,3260.0,3230.0,False,False
2026-09-23,3350.0,3350.0,3280.0,3350.0,3350.0,3260.0,2210827100,7398241941410,21174,46348559193224090,1036,1405-07-01,1,1.0,1036,3350.0,3350.0,3280.0,3350.0,3350.0,False,False
2026-09-26,3390.0,3390.0,3250.0,3260.0,3250.0,3350.0,2512505604,8195077042750,31636,46348559193224090,1037,1405-07-04,3,1.0,1037,3390.0,3390.0,3250.0,3260.0,3250.0,False,False
