date,open,high,low,hourly_last_price,volume,returned_trade_count,session_date,adjustment_factor,adj_open,adj_high,adj_low,adj_hourly_last_price,segment,session_number,elapsed_hours,elapsed_days,jalali_date,raw_jump_flag,adjustment_event
2021-10-02 09:00:00,10590.0,11000.0,10590.0,11000.0,13458260,1845,2021-10-02,0.0951626268855811,1007.7722187183037,1046.788895741392,1007.7722187183037,1046.788895741392,0,0,0.0,0.0,1400-07-10,False,False
2021-10-02 10:00:00,11000.0,11000.0,10830.0,10890.0,13143162,1692,2021-10-02,0.0951626268855811,1046.788895741392,1046.788895741392,1030.6112491708432,1036.3210067839782,0,1,1.0,0.041666666666666664,1400-07-10,False,False
2021-10-02 11:00:00,10890.0,10920.0,10850.0,10860.0,5968938,1194,2021-10-02,0.0951626268855811,1036.3210067839782,1039.1758855905455,1032.514501708555,1033.4661279774107,0,2,1.0,0.041666666666666664,1400-07-10,False,False
2021-10-02 12:00:00,10860.0,10880.0,10850.0,10870.0,6217937,749,2021-10-02,0.0951626268855811,1033.4661279774107,1035.3693805151222,1032.514501708555,1034.4177542462664,0,3,1.0,0.041666666666666664,1400-07-10,False,False
2021-10-03 09:00:00,10870.0,11020.0,10700.0,10730.0,8190414,1405,2021-10-03,0.0951626268855811,1034.4177542462664,1048.6921482791038,1018.2401076757177,1021.0949864822851,0,4,21.0,0.875,1400-07-11,False,False
2021-10-03 10:00:00,10730.0,10860.0,10700.0,10800.0,6045409,972,2021-10-03,0.0951626268855811,1021.0949864822851,1033.4661279774107,1018.2401076757177,1027.7563703642759,0,5,1.0,0.041666666666666664,1400-07-11,False,False
2021-10-03 11:00:00,10800.0,10960.0,10800.0,10880.0,4875491,890,2021-10-03,0.0951626268855811,1027.7563703642759,1042.9823906659688,1027.7563703642759,1035.3693805151222,0,6,1.0,0.041666666666666664,1400-07-11,False,False
2021-10-03 12:00:00,10880.0,10920.0,10760.0,10890.0,5649983,596,2021-10-03,0.0951626268855811,1035.3693805151222,1039.1758855905455,1023.9498652888526,1036.3210067839782,0,7,1.0,0.041666666666666664,1400-07-11,False,False
2021-10-03 13:00:00,10900.0,10900.0,10900.0,10900.0,94464,1,2021-10-03,0.0951626268855811,1037.272633052834,1037.272633052834,1037.272633052834,1037.272633052834,0,8,1.0,0.041666666666666664,1400-07-11,False,False
2021-10-04 09:00:00,10890.0,10960.0,10720.0,10860.0,5718986,998,2021-10-04,0.0951626268855811,1036.3210067839782,1042.9823906659688,1020.1433602134293,1033.4661279774107,0,9,20.0,0.8333333333333334,1400-07-12,False,False
2021-10-04 10:00:00,10860.0,10910.0,10750.0,10780.0,4117100,845,2021-10-04,0.0951626268855811,1033.4661279774107,1038.2242593216897,1022.9982390199967,1025.8531178265641,0,10,1.0,0.041666666666666664,1400-07-12,False,False
2021-10-04 11:00:00,10780.0,10850.0,10750.0,10820.0,3933082,869,2021-10-04,0.0951626268855811,1025.8531178265641,1032.514501708555,1022.9982390199967,1029.6596229019874,0,11,1.0,0.041666666666666664,1400-07-12,False,False
2021-10-04 12:00:00,10820.0,10830.0,10770.0,10790.0,2381634,518,2021-10-04,0.0951626268855811,1029.6596229019874,1030.6112491708432,1024.9014915577084,1026.8047440954201,0,12,1.0,0.041666666666666664,1400-07-12,False,False
2021-10-06 09:00:00,10820.0,10840.0,10660.0,10700.0,8966990,1408,2021-10-06,0.0951626268855811,1029.6596229019874,1031.5628754396992,1014.4336026002944,1018.2401076757177,0,13,45.0,1.875,1400-07-14,False,False
2021-10-06 10:00:00,10690.0,10780.0,10670.0,10700.0,5859551,950,2021-10-06,0.0951626268855811,1017.2884814068619,1025.8531178265641,1015.3852288691503,1018.2401076757177,0,14,1.0,0.041666666666666664,1400-07-14,False,False
2021-10-06 11:00:00,10700.0,10710.0,10620.0,10630.0,5903473,1050,2021-10-06,0.0951626268855811,1018.2401076757177,1019.1917339445736,1010.6270975248713,1011.578723793727,0,15,1.0,0.041666666666666664,1400-07-14,False,False
2021-10-06 12:00:00,10640.0,10650.0,10600.0,10620.0,4917383,733,2021-10-06,0.0951626268855811,1012.5303500625829,1013.4819763314387,1008.7238449871596,1010.6270975248713,0,16,1.0,0.041666666666666664,1400-07-14,False,False
2021-10-09 09:00:00,10620.0,10720.0,10350.0,10370.0,4914807,1136,2021-10-09,0.0951626268855811,1010.6270975248713,1020.1433602134293,984.9331882657643,986.836440803476,0,17,69.0,2.875,1400-07-17,False,False
2021-10-09 10:00:00,10360.0,10430.0,10340.0,10340.0,4885351,1106,2021-10-09,0.0951626268855811,985.8848145346201,992.5461984166108,983.9815619969086,983.9815619969086,0,18,1.0,0.041666666666666664,1400-07-17,False,False
2021-10-09 11:00:00,10340.0,10350.0,10260.0,10290.0,5120749,1033,2021-10-09,0.0951626268855811,983.9815619969086,984.9331882657643,976.368551846062,979.2234306526294,0,19,1.0,0.041666666666666664,1400-07-17,False,False
2021-10-09 12:00:00,10280.0,10440.0,10280.0,10350.0,8705559,651,2021-10-09,0.0951626268855811,978.2718043837737,993.4978246854666,978.2718043837737,984.9331882657643,0,20,1.0,0.041666666666666664,1400-07-17,False,False
2021-10-10 09:00:00,10230.0,10400.0,10140.0,10210.0,7268427,1276,2021-10-10,0.0951626268855811,973.5136730394946,989.6913196100434,964.9490366197923,971.610420501783,0,21,21.0,0.875,1400-07-18,False,False
2021-10-10 10:00:00,10210.0,10410.0,10200.0,10260.0,4313038,843,2021-10-10,0.0951626268855811,971.610420501783,990.6429458788992,970.6587942329272,976.368551846062,0,22,1.0,0.041666666666666664,1400-07-18,False,False
2021-10-10 11:00:00,10260.0,10360.0,10260.0,10310.0,2584695,651,2021-10-10,0.0951626268855811,976.368551846062,985.8848145346201,976.368551846062,981.126683190341,0,23,1.0,0.041666666666666664,1400-07-18,False,False
2021-10-10 12:00:00,10310.0,10380.0,10290.0,10310.0,3523404,449,2021-10-10,0.0951626268855811,981.126683190341,987.7880670723317,979.2234306526294,981.126683190341,0,24,1.0,0.041666666666666664,1400-07-18,False,False
2021-10-11 09:00:00,10300.0,10400.0,10300.0,10350.0,6335301,996,2021-10-11,0.0951626268855811,980.1750569214853,989.6913196100434,980.1750569214853,984.9331882657643,0,25,21.0,0.875,1400-07-19,False,False
2021-10-11 10:00:00,10360.0,10400.0,10250.0,10260.0,4501801,826,2021-10-11,0.0951626268855811,985.8848145346201,989.6913196100434,975.4169255772063,976.368551846062,0,26,1.0,0.041666666666666664,1400-07-19,False,False
2021-10-11 11:00:00,10270.0,10380.0,10260.0,10330.0,3239306,765,2021-10-11,0.0951626268855811,977.3201781149179,987.7880670723317,976.368551846062,983.0299357280527,0,27,1.0,0.041666666666666664,1400-07-19,False,False
2021-10-11 12:00:00,10330.0,10340.0,10210.0,10210.0,2857726,529,2021-10-11,0.0951626268855811,983.0299357280527,983.9815619969086,971.610420501783,971.610420501783,0,28,1.0,0.041666666666666664,1400-07-19,False,False
2021-10-12 09:00:00,10150.0,10200.0,9990.0,10010.0,9458023,1439,2021-10-12,0.0951626268855811,965.9006628886481,970.6587942329272,950.6746425869551,952.5778951246667,0,29,21.0,0.875,1400-07-20,False,False
2021-10-12 10:00:00,10000.0,10140.0,9990.0,10120.0,7237611,1072,2021-10-12,0.0951626268855811,951.626268855811,964.9490366197923,950.6746425869551,963.0457840820807,0,30,1.0,0.041666666666666664,1400-07-20,False,False
2021-10-12 11:00:00,10120.0,10250.0,10070.0,10080.0,6751432,1009,2021-10-12,0.0951626268855811,963.0457840820807,975.4169255772063,958.2876527378016,959.2392790066574,0,31,1.0,0.041666666666666664,1400-07-20,False,False
2021-10-12 12:00:00,10070.0,10080.0,10020.0,10080.0,3580527,590,2021-10-12,0.0951626268855811,958.2876527378016,959.2392790066574,953.5295213935226,959.2392790066574,0,32,1.0,0.041666666666666664,1400-07-20,False,False
2021-10-13 09:00:00,10020.0,10200.0,9980.0,9990.0,6713003,1304,2021-10-13,0.0951626268855811,953.5295213935226,970.6587942329272,949.7230163180993,950.6746425869551,0,33,21.0,0.875,1400-07-21,False,False
2021-10-13 10:00:00,9990.0,10050.0,9970.0,10000.0,7335620,1062,2021-10-13,0.0951626268855811,950.6746425869551,956.38440020009,948.7713900492436,951.626268855811,0,34,1.0,0.041666666666666664,1400-07-21,False,False
2021-10-13 11:00:00,10010.0,10060.0,10000.0,10030.0,4877041,907,2021-10-13,0.0951626268855811,952.5778951246667,957.3360264689458,951.626268855811,954.4811476623784,0,35,1.0,0.041666666666666664,1400-07-21,False,False
2021-10-13 12:00:00,10030.0,10200.0,10020.0,10180.0,5652135,779,2021-10-13,0.0951626268855811,954.4811476623784,970.6587942329272,953.5295213935226,968.7555416952156,0,36,1.0,0.041666666666666664,1400-07-21,False,False
2021-10-16 09:00:00,10400.0,10550.0,10400.0,10550.0,13993540,1248,2021-10-16,0.0951626268855811,989.6913196100434,1003.9657136428806,989.6913196100434,1003.9657136428806,0,37,69.0,2.875,1400-07-24,False,False
2021-10-16 10:00:00,10550.0,10550.0,10550.0,10550.0,4222716,582,2021-10-16,0.0951626268855811,1003.9657136428806,1003.9657136428806,1003.9657136428806,1003.9657136428806,0,38,1.0,0.041666666666666664,1400-07-24,False,False
2021-10-16 11:00:00,10550.0,10550.0,10550.0,10550.0,10106442,585,2021-10-16,0.0951626268855811,1003.9657136428806,1003.9657136428806,1003.9657136428806,1003.9657136428806,0,39,1.0,0.041666666666666664,1400-07-24,False,False
2021-10-16 12:00:00,10550.0,10550.0,10550.0,10550.0,7523803,378,2021-10-16,0.0951626268855811,1003.9657136428806,1003.9657136428806,1003.9657136428806,1003.9657136428806,0,40,1.0,0.041666666666666664,1400-07-24,False,False
2021-10-17 09:00:00,10710.0,10920.0,10500.0,10590.0,12988864,1847,2021-10-17,0.0951626268855811,1019.1917339445736,1039.1758855905455,999.2075822986016,1007.7722187183037,0,41,21.0,0.875,1400-07-25,False,False
2021-10-17 10:00:00,10590.0,10640.0,10550.0,10590.0,7142621,1134,2021-10-17,0.0951626268855811,1007.7722187183037,1012.5303500625829,1003.9657136428806,1007.7722187183037,0,42,1.0,0.041666666666666664,1400-07-25,False,False
2021-10-17 11:00:00,10570.0,10580.0,10510.0,10530.0,10034921,1098,2021-10-17,0.0951626268855811,1005.8689661805922,1006.820592449448,1000.1592085674573,1002.062461105169,0,43,1.0,0.041666666666666664,1400-07-25,False,False
2021-10-17 12:00:00,10540.0,10540.0,10510.0,10540.0,5685561,649,2021-10-17,0.0951626268855811,1003.0140873740247,1003.0140873740247,1000.1592085674573,1003.0140873740247,0,44,1.0,0.041666666666666664,1400-07-25,False,False
2021-10-18 09:00:00,10500.0,10620.0,10400.0,10610.0,6974748,1220,2021-10-18,0.0951626268855811,999.2075822986016,1010.6270975248713,989.6913196100434,1009.6754712560154,0,45,21.0,0.875,1400-07-26,False,False
2021-10-18 10:00:00,10610.0,10760.0,10600.0,10640.0,10266050,1114,2021-10-18,0.0951626268855811,1009.6754712560154,1023.9498652888526,1008.7238449871596,1012.5303500625829,0,46,1.0,0.041666666666666664,1400-07-26,False,False
2021-10-18 11:00:00,10650.0,10710.0,10610.0,10640.0,6870387,819,2021-10-18,0.0951626268855811,1013.4819763314387,1019.1917339445736,1009.6754712560154,1012.5303500625829,0,47,1.0,0.041666666666666664,1400-07-26,False,False
2021-10-18 12:00:00,10640.0,10730.0,10620.0,10690.0,3378866,510,2021-10-18,0.0951626268855811,1012.5303500625829,1021.0949864822851,1010.6270975248713,1017.2884814068619,0,48,1.0,0.041666666666666664,1400-07-26,False,False
2021-10-19 09:00:00,10800.0,10860.0,10700.0,10780.0,4312318,1045,2021-10-19,0.0951626268855811,1027.7563703642759,1033.4661279774107,1018.2401076757177,1025.8531178265641,0,49,21.0,0.875,1400-07-27,False,False
2021-10-19 10:00:00,10770.0,10860.0,10740.0,10740.0,5080069,843,2021-10-19,0.0951626268855811,1024.9014915577084,1033.4661279774107,1022.046612751141,1022.046612751141,0,50,1.0,0.041666666666666664,1400-07-27,False,False
2021-10-19 11:00:00,10750.0,10850.0,10740.0,10800.0,5924185,774,2021-10-19,0.0951626268855811,1022.9982390199967,1032.514501708555,1022.046612751141,1027.7563703642759,0,51,1.0,0.041666666666666664,1400-07-27,False,False
2021-10-19 12:00:00,10810.0,10810.0,10620.0,10630.0,6028229,588,2021-10-19,0.0951626268855811,1028.7079966331316,1028.7079966331316,1010.6270975248713,1011.578723793727,0,52,1.0,0.041666666666666664,1400-07-27,False,False
2021-10-20 09:00:00,10620.0,10660.0,10520.0,10560.0,4035200,864,2021-10-20,0.0951626268855811,1010.6270975248713,1014.4336026002944,1001.1108348363131,1004.9173399117363,0,53,21.0,0.875,1400-07-28,False,False
2021-10-20 10:00:00,10560.0,10610.0,10520.0,10590.0,4345096,688,2021-10-20,0.0951626268855811,1004.9173399117363,1009.6754712560154,1001.1108348363131,1007.7722187183037,0,54,1.0,0.041666666666666664,1400-07-28,False,False
2021-10-20 11:00:00,10590.0,10600.0,10510.0,10530.0,7910760,748,2021-10-20,0.0951626268855811,1007.7722187183037,1008.7238449871596,1000.1592085674573,1002.062461105169,0,55,1.0,0.041666666666666664,1400-07-28,False,False
2021-10-20 12:00:00,10520.0,10540.0,10430.0,10470.0,3546434,524,2021-10-20,0.0951626268855811,1001.1108348363131,1003.0140873740247,992.5461984166108,996.352703492034,0,56,1.0,0.041666666666666664,1400-07-28,False,False
2021-10-23 09:00:00,11070.0,11070.0,10810.0,10960.0,23697290,2573,2021-10-23,0.0951626268855811,1053.4502796233828,1053.4502796233828,1028.7079966331316,1042.9823906659688,0,57,69.0,2.875,1400-08-01,False,False
2021-10-23 10:00:00,10960.0,11000.0,10880.0,10900.0,13570497,1617,2021-10-23,0.0951626268855811,1042.9823906659688,1046.788895741392,1035.3693805151222,1037.272633052834,0,58,1.0,0.041666666666666664,1400-08-01,False,False
2021-10-23 11:00:00,10900.0,10950.0,10800.0,10930.0,9991419,1389,2021-10-23,0.0951626268855811,1037.272633052834,1042.030764397113,1027.7563703642759,1040.1275118594015,0,59,1.0,0.041666666666666664,1400-08-01,False,False
2021-10-23 12:00:00,10930.0,11000.0,10910.0,10930.0,8954715,863,2021-10-23,0.0951626268855811,1040.1275118594015,1046.788895741392,1038.2242593216897,1040.1275118594015,0,60,1.0,0.041666666666666664,1400-08-01,False,False
2021-10-25 09:00:00,10990.0,11160.0,10820.0,10930.0,12215711,1714,2021-10-25,0.0951626268855811,1045.8372694725363,1062.0149160430851,1029.6596229019874,1040.1275118594015,0,61,45.0,1.875,1400-08-03,False,False
2021-10-25 10:00:00,10940.0,11110.0,10880.0,10910.0,9497715,1185,2021-10-25,0.0951626268855811,1041.0791381282572,1057.2567846988059,1035.3693805151222,1038.2242593216897,0,62,1.0,0.041666666666666664,1400-08-03,False,False
2021-10-25 11:00:00,10920.0,11010.0,10910.0,10950.0,6543384,973,2021-10-25,0.0951626268855811,1039.1758855905455,1047.7405220102478,1038.2242593216897,1042.030764397113,0,63,1.0,0.041666666666666664,1400-08-03,False,False
2021-10-25 12:00:00,10950.0,10960.0,10850.0,10870.0,4683956,678,2021-10-25,0.0951626268855811,1042.030764397113,1042.9823906659688,1032.514501708555,1034.4177542462664,0,64,1.0,0.041666666666666664,1400-08-03,False,False
2021-10-26 09:00:00,10800.0,11180.0,10770.0,11080.0,13320905,1530,2021-10-26,0.0951626268855811,1027.7563703642759,1063.9181685807966,1024.9014915577084,1054.4019058922386,0,65,21.0,0.875,1400-08-04,False,False
2021-10-26 10:00:00,11070.0,11130.0,10970.0,11080.0,10437745,1140,2021-10-26,0.0951626268855811,1053.4502796233828,1059.1600372365176,1043.9340169348245,1054.4019058922386,0,66,1.0,0.041666666666666664,1400-08-04,False,False
2021-10-26 11:00:00,11090.0,11100.0,11030.0,11060.0,6731944,905,2021-10-26,0.0951626268855811,1055.3535321610943,1056.30515842995,1049.6437745479595,1052.4986533545268,0,67,1.0,0.041666666666666664,1400-08-04,False,False
2021-10-26 12:00:00,11050.0,11080.0,11050.0,11070.0,3715737,626,2021-10-26,0.0951626268855811,1051.547027085671,1054.4019058922386,1051.547027085671,1053.4502796233828,0,68,1.0,0.041666666666666664,1400-08-04,False,False
2021-10-27 09:00:00,11070.0,11220.0,11040.0,11050.0,5521035,1146,2021-10-27,0.0951626268855811,1053.4502796233828,1067.72467365622,1050.5954008168153,1051.547027085671,0,69,21.0,0.875,1400-08-05,False,False
2021-10-27 10:00:00,11060.0,11600.0,11050.0,11600.0,21996938,1902,2021-10-27,0.0951626268855811,1052.4986533545268,1103.8864718727407,1051.547027085671,1103.8864718727407,0,70,1.0,0.041666666666666664,1400-08-05,False,False
2021-10-27 11:00:00,11600.0,11600.0,11480.0,11500.0,10409606,1588,2021-10-27,0.0951626268855811,1103.8864718727407,1103.8864718727407,1092.4669566464709,1094.3702091841826,0,71,1.0,0.041666666666666664,1400-08-05,False,False
2021-10-27 12:00:00,11490.0,11600.0,11470.0,11600.0,4066926,847,2021-10-27,0.0951626268855811,1093.4185829153269,1103.8864718727407,1091.515330377615,1103.8864718727407,0,72,1.0,0.041666666666666664,1400-08-05,False,False
2021-10-27 14:00:00,11600.0,11600.0,11600.0,11600.0,200000,13,2021-10-27,0.0951626268855811,1103.8864718727407,1103.8864718727407,1103.8864718727407,1103.8864718727407,0,73,2.0,0.08333333333333333,1400-08-05,False,False
2021-10-27 18:00:00,11600.0,11600.0,11600.0,11600.0,520,1,2021-10-27,0.0951626268855811,1103.8864718727407,1103.8864718727407,1103.8864718727407,1103.8864718727407,0,74,4.0,0.16666666666666666,1400-08-05,False,False
2021-10-30 09:00:00,11700.0,11730.0,11310.0,11440.0,9551740,1829,2021-10-30,0.0951626268855811,1113.4027345612988,1116.2576133678663,1076.2893100759222,1088.6604515710478,0,75,63.0,2.625,1400-08-08,False,False
2021-10-30 10:00:00,11430.0,11440.0,11160.0,11160.0,9671295,1498,2021-10-30,0.0951626268855811,1087.7088253021918,1088.6604515710478,1062.0149160430851,1062.0149160430851,0,76,1.0,0.041666666666666664,1400-08-08,False,False
2021-10-30 11:00:00,11160.0,11240.0,11130.0,11200.0,8202817,1322,2021-10-30,0.0951626268855811,1062.0149160430851,1069.6279261939314,1059.1600372365176,1065.8214211185082,0,77,1.0,0.041666666666666664,1400-08-08,False,False
2021-10-30 12:00:00,11200.0,11300.0,11200.0,11290.0,5155343,739,2021-10-30,0.0951626268855811,1065.8214211185082,1075.3376838070665,1065.8214211185082,1074.3860575382105,0,78,1.0,0.041666666666666664,1400-08-08,False,False
2021-10-30 15:00:00,11190.0,11700.0,11190.0,11700.0,140412,4,2021-10-30,0.0951626268855811,1064.8697948496524,1113.4027345612988,1064.8697948496524,1113.4027345612988,0,79,3.0,0.125,1400-08-08,False,False
2021-10-31 09:00:00,11320.0,11440.0,10940.0,10940.0,17032984,1796,2021-10-31,0.0951626268855811,1077.240936344778,1088.6604515710478,1041.0791381282572,1041.0791381282572,0,80,18.0,0.75,1400-08-09,False,False
2021-10-31 10:00:00,10950.0,10980.0,10790.0,10830.0,11226888,1492,2021-10-31,0.0951626268855811,1042.030764397113,1044.8856432036805,1026.8047440954201,1030.6112491708432,0,81,1.0,0.041666666666666664,1400-08-09,False,False
2021-10-31 11:00:00,10840.0,10900.0,10820.0,10820.0,8023777,1127,2021-10-31,0.0951626268855811,1031.5628754396992,1037.272633052834,1029.6596229019874,1029.6596229019874,0,82,1.0,0.041666666666666664,1400-08-09,False,False
2021-10-31 12:00:00,10830.0,10960.0,10770.0,10920.0,7560932,760,2021-10-31,0.0951626268855811,1030.6112491708432,1042.9823906659688,1024.9014915577084,1039.1758855905455,0,83,1.0,0.041666666666666664,1400-08-09,False,False
2021-11-01 09:00:00,11200.0,11520.0,11200.0,11370.0,14674905,1891,2021-11-01,0.0951626268855811,1065.8214211185082,1096.2734617218941,1065.8214211185082,1081.999067689057,0,84,21.0,0.875,1400-08-10,False,False
2021-11-01 10:00:00,11380.0,11390.0,11330.0,11350.0,5289921,1072,2021-11-01,0.0951626268855811,1082.9506939579128,1083.9023202267688,1078.1925626136338,1080.0958151513455,0,85,1.0,0.041666666666666664,1400-08-10,False,False
2021-11-01 11:00:00,11360.0,11410.0,11310.0,11310.0,4910008,882,2021-11-01,0.0951626268855811,1081.0474414202013,1085.8055727644803,1076.2893100759222,1076.2893100759222,0,86,1.0,0.041666666666666664,1400-08-10,False,False
2021-11-01 12:00:00,11310.0,11400.0,11300.0,11380.0,2937712,557,2021-11-01,0.0951626268855811,1076.2893100759222,1084.8539464956245,1075.3376838070665,1082.9506939579128,0,87,1.0,0.041666666666666664,1400-08-10,False,False
2021-11-02 10:00:00,11680.0,11840.0,11530.0,11570.0,11705044,1495,2021-11-02,0.0951626268855811,1111.4994820235872,1126.72550232528,1097.2250879907501,1101.0315930661732,0,88,22.0,0.9166666666666666,1400-08-11,False,False
2021-11-02 11:00:00,11570.0,11620.0,11510.0,11550.0,3982576,985,2021-11-02,0.0951626268855811,1101.0315930661732,1105.7897244104522,1095.3218354530384,1099.1283405284616,0,89,1.0,0.041666666666666664,1400-08-11,False,False
2021-11-02 12:00:00,11550.0,11810.0,11540.0,11800.0,8110303,761,2021-11-02,0.0951626268855811,1099.1283405284616,1123.8706235187128,1098.176714259606,1122.9189972498568,0,90,1.0,0.041666666666666664,1400-08-11,False,False
2021-11-03 10:00:00,11810.0,11990.0,11750.0,11780.0,8290677,1586,2021-11-03,0.0951626268855811,1123.8706235187128,1140.9998963581174,1118.1608659055778,1121.0157447121453,0,91,22.0,0.9166666666666666,1400-08-12,False,False
2021-11-03 11:00:00,11790.0,12000.0,11750.0,12000.0,10077196,1431,2021-11-03,0.0951626268855811,1121.967370981001,1141.9515226269732,1118.1608659055778,1141.9515226269732,0,92,1.0,0.041666666666666664,1400-08-12,False,False
2021-11-03 12:00:00,12000.0,12110.0,11980.0,12040.0,7965612,1059,2021-11-03,0.0951626268855811,1141.9515226269732,1152.419411584387,1140.0482700892615,1145.7580277023965,0,93,1.0,0.041666666666666664,1400-08-12,False,False
2021-11-06 09:00:00,12050.0,12480.0,12030.0,12370.0,15642268,2195,2021-11-06,0.0951626268855811,1146.7096539712522,1187.629583532052,1144.8064014335405,1177.1616945746382,0,94,69.0,2.875,1400-08-15,False,False
2021-11-06 10:00:00,12370.0,12440.0,12320.0,12420.0,9785732,1718,2021-11-06,0.0951626268855811,1177.1616945746382,1183.8230784566288,1172.4035632303592,1181.9198259189172,0,95,1.0,0.041666666666666664,1400-08-15,False,False
2021-11-06 11:00:00,12420.0,12450.0,12250.0,12250.0,9778785,1513,2021-11-06,0.0951626268855811,1181.9198259189172,1184.7747047254845,1165.7421793483684,1165.7421793483684,0,96,1.0,0.041666666666666664,1400-08-15,False,False
2021-11-06 12:00:00,12250.0,12270.0,12110.0,12130.0,7063267,1129,2021-11-06,0.0951626268855811,1165.7421793483684,1167.6454318860801,1152.419411584387,1154.3226641220988,0,97,1.0,0.041666666666666664,1400-08-15,False,False
2021-11-07 09:00:00,12050.0,12320.0,11940.0,12110.0,13993362,2043,2021-11-07,0.0951626268855811,1146.7096539712522,1172.4035632303592,1136.2417650138382,1152.419411584387,0,98,21.0,0.875,1400-08-16,False,False
2021-11-07 10:00:00,12110.0,12200.0,11790.0,11830.0,13956153,1878,2021-11-07,0.0951626268855811,1152.419411584387,1160.9840480040893,1121.967370981001,1125.7738760564243,0,99,1.0,0.041666666666666664,1400-08-16,False,False
2021-11-07 11:00:00,11830.0,11890.0,11680.0,11700.0,12242205,1746,2021-11-07,0.0951626268855811,1125.7738760564243,1131.4836336695591,1111.4994820235872,1113.4027345612988,0,100,1.0,0.041666666666666664,1400-08-16,False,False
2021-11-07 12:00:00,11700.0,11800.0,11690.0,11700.0,4845183,780,2021-11-07,0.0951626268855811,1113.4027345612988,1122.9189972498568,1112.451108292443,1113.4027345612988,0,101,1.0,0.041666666666666664,1400-08-16,False,False
2021-11-08 09:00:00,11710.0,12140.0,11620.0,12000.0,9741746,1618,2021-11-08,0.0951626268855811,1114.3543608301545,1155.2742903909545,1105.7897244104522,1141.9515226269732,0,102,21.0,0.875,1400-08-17,False,False
2021-11-08 10:00:00,12000.0,12150.0,11900.0,11900.0,10104947,1297,2021-11-08,0.0951626268855811,1141.9515226269732,1156.2259166598103,1132.4352599384151,1132.4352599384151,0,103,1.0,0.041666666666666664,1400-08-17,False,False
2021-11-08 11:00:00,11900.0,12010.0,11800.0,12010.0,4664070,892,2021-11-08,0.0951626268855811,1132.4352599384151,1142.903148895829,1122.9189972498568,1142.903148895829,0,104,1.0,0.041666666666666664,1400-08-17,False,False
2021-11-08 12:00:00,12000.0,12010.0,11870.0,12000.0,5288017,619,2021-11-08,0.0951626268855811,1141.9515226269732,1142.903148895829,1129.5803811318476,1141.9515226269732,0,105,1.0,0.041666666666666664,1400-08-17,False,False
2021-11-09 09:00:00,12030.0,12200.0,12000.0,12100.0,8550787,1423,2021-11-09,0.0951626268855811,1144.8064014335405,1160.9840480040893,1141.9515226269732,1151.4677853155313,0,106,21.0,0.875,1400-08-18,False,False
2021-11-09 10:00:00,12100.0,12100.0,11920.0,11950.0,5986837,1180,2021-11-09,0.0951626268855811,1151.4677853155313,1151.4677853155313,1134.3385124761267,1137.1933912826942,0,107,1.0,0.041666666666666664,1400-08-18,False,False
2021-11-09 11:00:00,11950.0,11990.0,11880.0,11900.0,5774021,1066,2021-11-09,0.0951626268855811,1137.1933912826942,1140.9998963581174,1130.5320074007034,1132.4352599384151,0,108,1.0,0.041666666666666664,1400-08-18,False,False
2021-11-09 12:00:00,11910.0,11960.0,11880.0,11940.0,4440418,627,2021-11-09,0.0951626268855811,1133.386886207271,1138.14501755155,1130.5320074007034,1136.2417650138382,0,109,1.0,0.041666666666666664,1400-08-18,False,False
2021-11-10 09:00:00,11940.0,12080.0,11800.0,11960.0,6432486,1297,2021-11-10,0.0951626268855811,1136.2417650138382,1149.5645327778195,1122.9189972498568,1138.14501755155,0,110,21.0,0.875,1400-08-19,False,False
2021-11-10 10:00:00,11960.0,12060.0,11940.0,12000.0,8507889,1116,2021-11-10,0.0951626268855811,1138.14501755155,1147.661280240108,1136.2417650138382,1141.9515226269732,0,111,1.0,0.041666666666666664,1400-08-19,False,False
2021-11-10 11:00:00,12010.0,12050.0,11930.0,11950.0,8029948,1074,2021-11-10,0.0951626268855811,1142.903148895829,1146.7096539712522,1135.2901387449824,1137.1933912826942,0,112,1.0,0.041666666666666664,1400-08-19,False,False
2021-11-10 12:00:00,11950.0,12020.0,11900.0,12020.0,5540949,693,2021-11-10,0.0951626268855811,1137.1933912826942,1143.8547751646847,1132.4352599384151,1143.8547751646847,0,113,1.0,0.041666666666666664,1400-08-19,False,False
2021-11-13 09:00:00,11800.0,11880.0,11510.0,11880.0,8148376,1448,2021-11-13,0.0951626268855811,1122.9189972498568,1130.5320074007034,1095.3218354530384,1130.5320074007034,0,114,69.0,2.875,1400-08-22,False,False
2021-11-13 10:00:00,11880.0,11950.0,11730.0,11760.0,5528026,983,2021-11-13,0.0951626268855811,1130.5320074007034,1137.1933912826942,1116.2576133678663,1119.1124921744338,0,115,1.0,0.041666666666666664,1400-08-22,False,False
2021-11-13 11:00:00,11760.0,11910.0,11670.0,11670.0,5382574,893,2021-11-13,0.0951626268855811,1119.1124921744338,1133.386886207271,1110.5478557547315,1110.5478557547315,0,116,1.0,0.041666666666666664,1400-08-22,False,False
2021-11-13 12:00:00,11670.0,11710.0,11600.0,11690.0,3673926,605,2021-11-13,0.0951626268855811,1110.5478557547315,1114.3543608301545,1103.8864718727407,1112.451108292443,0,117,1.0,0.041666666666666664,1400-08-22,False,False
2021-11-13 16:00:00,11530.0,11530.0,11530.0,11530.0,9465,2,2021-11-13,0.0951626268855811,1097.2250879907501,1097.2250879907501,1097.2250879907501,1097.2250879907501,0,118,4.0,0.16666666666666666,1400-08-22,False,False
2021-11-14 09:00:00,11750.0,11930.0,11740.0,11770.0,8075803,1198,2021-11-14,0.0951626268855811,1118.1608659055778,1135.2901387449824,1117.209239636722,1120.0641184432895,0,119,17.0,0.7083333333333334,1400-08-23,False,False
2021-11-14 10:00:00,11760.0,11930.0,11670.0,11690.0,7970121,993,2021-11-14,0.0951626268855811,1119.1124921744338,1135.2901387449824,1110.5478557547315,1112.451108292443,0,120,1.0,0.041666666666666664,1400-08-23,False,False
2021-11-14 11:00:00,11700.0,11730.0,11610.0,11640.0,3802526,864,2021-11-14,0.0951626268855811,1113.4027345612988,1116.2576133678663,1104.8380981415964,1107.692976948164,0,121,1.0,0.041666666666666664,1400-08-23,False,False
2021-11-14 12:00:00,11640.0,11670.0,11600.0,11650.0,3761199,528,2021-11-14,0.0951626268855811,1107.692976948164,1110.5478557547315,1103.8864718727407,1108.6446032170197,0,122,1.0,0.041666666666666664,1400-08-23,False,False
2021-11-14 13:00:00,11760.0,11780.0,11760.0,11780.0,51333,2,2021-11-14,0.0951626268855811,1119.1124921744338,1121.0157447121453,1119.1124921744338,1121.0157447121453,0,123,1.0,0.041666666666666664,1400-08-23,False,False
2021-11-14 16:00:00,11790.0,11790.0,11640.0,11640.0,16082,2,2021-11-14,0.0951626268855811,1121.967370981001,1121.967370981001,1107.692976948164,1107.692976948164,0,124,3.0,0.125,1400-08-23,False,False
2021-11-15 09:00:00,11650.0,11660.0,11300.0,11330.0,5732610,1221,2021-11-15,0.0951626268855811,1108.6446032170197,1109.5962294858755,1075.3376838070665,1078.1925626136338,0,125,17.0,0.7083333333333334,1400-08-24,False,False
2021-11-15 10:00:00,11340.0,11340.0,11200.0,11270.0,6620044,1111,2021-11-15,0.0951626268855811,1079.1441888824895,1079.1441888824895,1065.8214211185082,1072.482805000499,0,126,1.0,0.041666666666666664,1400-08-24,False,False
2021-11-15 11:00:00,11280.0,11290.0,11230.0,11260.0,5426923,938,2021-11-15,0.0951626268855811,1073.4344312693547,1074.3860575382105,1068.6762999250757,1071.5311787316432,0,127,1.0,0.041666666666666664,1400-08-24,False,False
2021-11-15 12:00:00,11250.0,11260.0,11160.0,11250.0,7963767,731,2021-11-15,0.0951626268855811,1070.5795524627872,1071.5311787316432,1062.0149160430851,1070.5795524627872,0,128,1.0,0.041666666666666664,1400-08-24,False,False
2021-11-15 13:00:00,11270.0,11270.0,11270.0,11270.0,17957,1,2021-11-15,0.0951626268855811,1072.482805000499,1072.482805000499,1072.482805000499,1072.482805000499,0,129,1.0,0.041666666666666664,1400-08-24,False,False
2021-11-16 09:00:00,11060.0,11390.0,11060.0,11200.0,6378551,1170,2021-11-16,0.0951626268855811,1052.4986533545268,1083.9023202267688,1052.4986533545268,1065.8214211185082,0,130,20.0,0.8333333333333334,1400-08-25,False,False
2021-11-16 10:00:00,11200.0,11310.0,11170.0,11200.0,4130748,775,2021-11-16,0.0951626268855811,1065.8214211185082,1076.2893100759222,1062.9665423119409,1065.8214211185082,0,131,1.0,0.041666666666666664,1400-08-25,False,False
2021-11-16 11:00:00,11210.0,11310.0,11150.0,11180.0,3128676,566,2021-11-16,0.0951626268855811,1066.7730473873642,1076.2893100759222,1061.0632897742291,1063.9181685807966,0,132,1.0,0.041666666666666664,1400-08-25,False,False
2021-11-16 12:00:00,11190.0,11200.0,11150.0,11150.0,2458602,439,2021-11-16,0.0951626268855811,1064.8697948496524,1065.8214211185082,1061.0632897742291,1061.0632897742291,0,133,1.0,0.041666666666666664,1400-08-25,False,False
2021-11-17 09:00:00,11150.0,11340.0,11120.0,11180.0,7016997,1067,2021-11-17,0.0951626268855811,1061.0632897742291,1079.1441888824895,1058.2084109676618,1063.9181685807966,0,134,21.0,0.875,1400-08-26,False,False
2021-11-17 10:00:00,11180.0,11180.0,11100.0,11140.0,4886292,857,2021-11-17,0.0951626268855811,1063.9181685807966,1063.9181685807966,1056.30515842995,1060.1116635053734,0,135,1.0,0.041666666666666664,1400-08-26,False,False
2021-11-17 11:00:00,11130.0,11150.0,11050.0,11070.0,4074761,892,2021-11-17,0.0951626268855811,1059.1600372365176,1061.0632897742291,1051.547027085671,1053.4502796233828,0,136,1.0,0.041666666666666664,1400-08-26,False,False
2021-11-17 12:00:00,11070.0,11230.0,11060.0,11200.0,4810459,656,2021-11-17,0.0951626268855811,1053.4502796233828,1068.6762999250757,1052.4986533545268,1065.8214211185082,0,137,1.0,0.041666666666666664,1400-08-26,False,False
2021-11-20 09:00:00,11020.0,11190.0,10730.0,10730.0,9573865,1461,2021-11-20,0.0951626268855811,1048.6921482791038,1064.8697948496524,1021.0949864822851,1021.0949864822851,0,138,69.0,2.875,1400-08-29,False,False
2021-11-20 10:00:00,10730.0,10760.0,10610.0,10620.0,12000396,1686,2021-11-20,0.0951626268855811,1021.0949864822851,1023.9498652888526,1009.6754712560154,1010.6270975248713,0,139,1.0,0.041666666666666664,1400-08-29,False,False
2021-11-20 11:00:00,10610.0,10680.0,10610.0,10640.0,6803525,1114,2021-11-20,0.0951626268855811,1009.6754712560154,1016.3368551380061,1009.6754712560154,1012.5303500625829,0,140,1.0,0.041666666666666664,1400-08-29,False,False
2021-11-20 12:00:00,10650.0,10700.0,10610.0,10690.0,8833268,857,2021-11-20,0.0951626268855811,1013.4819763314387,1018.2401076757177,1009.6754712560154,1017.2884814068619,0,141,1.0,0.041666666666666664,1400-08-29,False,False
2021-11-21 09:00:00,10700.0,10910.0,10620.0,10680.0,7781624,1536,2021-11-21,0.0951626268855811,1018.2401076757177,1038.2242593216897,1010.6270975248713,1016.3368551380061,0,142,21.0,0.875,1400-08-30,False,False
2021-11-21 10:00:00,10690.0,10740.0,10570.0,10710.0,5186917,990,2021-11-21,0.0951626268855811,1017.2884814068619,1022.046612751141,1005.8689661805922,1019.1917339445736,0,143,1.0,0.041666666666666664,1400-08-30,False,False
2021-11-21 11:00:00,10720.0,11170.0,10680.0,11000.0,11738143,1527,2021-11-21,0.0951626268855811,1020.1433602134293,1062.9665423119409,1016.3368551380061,1046.788895741392,0,144,1.0,0.041666666666666664,1400-08-30,False,False
2021-11-21 12:00:00,11020.0,11120.0,10980.0,11040.0,5297468,790,2021-11-21,0.0951626268855811,1048.6921482791038,1058.2084109676618,1044.8856432036805,1050.5954008168153,0,145,1.0,0.041666666666666664,1400-08-30,False,False
2021-11-22 09:00:00,11180.0,11210.0,11100.0,11150.0,8186775,1348,2021-11-22,0.0951626268855811,1063.9181685807966,1066.7730473873642,1056.30515842995,1061.0632897742291,0,146,21.0,0.875,1400-09-01,False,False
2021-11-22 10:00:00,11150.0,11290.0,11110.0,11140.0,7631348,1224,2021-11-22,0.0951626268855811,1061.0632897742291,1074.3860575382105,1057.2567846988059,1060.1116635053734,0,147,1.0,0.041666666666666664,1400-09-01,False,False
2021-11-22 11:00:00,11140.0,11160.0,10950.0,11020.0,6043601,1117,2021-11-22,0.0951626268855811,1060.1116635053734,1062.0149160430851,1042.030764397113,1048.6921482791038,0,148,1.0,0.041666666666666664,1400-09-01,False,False
2021-11-22 12:00:00,11010.0,11080.0,11000.0,11080.0,2396596,572,2021-11-22,0.0951626268855811,1047.7405220102478,1054.4019058922386,1046.788895741392,1054.4019058922386,0,149,1.0,0.041666666666666664,1400-09-01,False,False
2021-11-22 16:00:00,11170.0,11170.0,11170.0,11170.0,9465,1,2021-11-22,0.0951626268855811,1062.9665423119409,1062.9665423119409,1062.9665423119409,1062.9665423119409,0,150,4.0,0.16666666666666666,1400-09-01,False,False
2021-11-23 09:00:00,11120.0,11130.0,10810.0,10830.0,5689767,1319,2021-11-23,0.0951626268855811,1058.2084109676618,1059.1600372365176,1028.7079966331316,1030.6112491708432,0,151,17.0,0.7083333333333334,1400-09-02,False,False
2021-11-23 10:00:00,10830.0,10990.0,10800.0,10940.0,4620121,970,2021-11-23,0.0951626268855811,1030.6112491708432,1045.8372694725363,1027.7563703642759,1041.0791381282572,0,152,1.0,0.041666666666666664,1400-09-02,False,False
2021-11-23 11:00:00,10960.0,10960.0,10840.0,10870.0,4044286,824,2021-11-23,0.0951626268855811,1042.9823906659688,1042.9823906659688,1031.5628754396992,1034.4177542462664,0,153,1.0,0.041666666666666664,1400-09-02,False,False
2021-11-23 12:00:00,10860.0,10880.0,10810.0,10820.0,2554202,512,2021-11-23,0.0951626268855811,1033.4661279774107,1035.3693805151222,1028.7079966331316,1029.6596229019874,0,154,1.0,0.041666666666666664,1400-09-02,False,False
2021-11-24 09:00:00,10800.0,10900.0,10690.0,10700.0,7667028,1134,2021-11-24,0.0951626268855811,1027.7563703642759,1037.272633052834,1017.2884814068619,1018.2401076757177,0,155,21.0,0.875,1400-09-03,False,False
2021-11-24 10:00:00,10700.0,10800.0,10690.0,10780.0,4140471,847,2021-11-24,0.0951626268855811,1018.2401076757177,1027.7563703642759,1017.2884814068619,1025.8531178265641,0,156,1.0,0.041666666666666664,1400-09-03,False,False
2021-11-24 11:00:00,10790.0,10940.0,10730.0,10750.0,4505123,896,2021-11-24,0.0951626268855811,1026.8047440954201,1041.0791381282572,1021.0949864822851,1022.9982390199967,0,157,1.0,0.041666666666666664,1400-09-03,False,False
2021-11-24 12:00:00,10760.0,10820.0,10720.0,10740.0,5441583,608,2021-11-24,0.0951626268855811,1023.9498652888526,1029.6596229019874,1020.1433602134293,1022.046612751141,0,158,1.0,0.041666666666666664,1400-09-03,False,False
2021-11-24 13:00:00,10830.0,10830.0,10830.0,10830.0,5000,1,2021-11-24,0.0951626268855811,1030.6112491708432,1030.6112491708432,1030.6112491708432,1030.6112491708432,0,159,1.0,0.041666666666666664,1400-09-03,False,False
2021-11-27 09:00:00,10350.0,10550.0,10240.0,10300.0,10910145,1571,2021-11-27,0.0951626268855811,984.9331882657643,1003.9657136428806,974.4652993083504,980.1750569214853,0,160,68.0,2.8333333333333335,1400-09-06,False,False
2021-11-27 10:00:00,10300.0,10340.0,10240.0,10260.0,7926842,1243,2021-11-27,0.0951626268855811,980.1750569214853,983.9815619969086,974.4652993083504,976.368551846062,0,161,1.0,0.041666666666666664,1400-09-06,False,False
2021-11-27 11:00:00,10260.0,10270.0,10240.0,10240.0,8410670,1456,2021-11-27,0.0951626268855811,976.368551846062,977.3201781149179,974.4652993083504,974.4652993083504,0,162,1.0,0.041666666666666664,1400-09-06,False,False
2021-11-27 12:00:00,10240.0,10260.0,10240.0,10240.0,4926836,748,2021-11-27,0.0951626268855811,974.4652993083504,976.368551846062,974.4652993083504,974.4652993083504,0,163,1.0,0.041666666666666664,1400-09-06,False,False
2021-11-28 09:00:00,10110.0,10450.0,10110.0,10340.0,10056508,1355,2021-11-28,0.0951626268855811,962.0941578132249,994.4494509543224,962.0941578132249,983.9815619969086,0,164,21.0,0.875,1400-09-07,False,False
2021-11-28 10:00:00,10330.0,10450.0,10290.0,10290.0,6507786,906,2021-11-28,0.0951626268855811,983.0299357280527,994.4494509543224,979.2234306526294,979.2234306526294,0,165,1.0,0.041666666666666664,1400-09-07,False,False
2021-11-28 11:00:00,10290.0,10330.0,10200.0,10250.0,5092873,841,2021-11-28,0.0951626268855811,979.2234306526294,983.0299357280527,970.6587942329272,975.4169255772063,0,166,1.0,0.041666666666666664,1400-09-07,False,False
2021-11-28 12:00:00,10250.0,10280.0,10160.0,10200.0,4269425,633,2021-11-28,0.0951626268855811,975.4169255772063,978.2718043837737,966.852289157504,970.6587942329272,0,167,1.0,0.041666666666666664,1400-09-07,False,False
2021-11-29 09:00:00,10300.0,10400.0,10240.0,10240.0,5963341,1073,2021-11-29,0.0951626268855811,980.1750569214853,989.6913196100434,974.4652993083504,974.4652993083504,0,168,21.0,0.875,1400-09-08,False,False
2021-11-29 10:00:00,10240.0,10240.0,10180.0,10200.0,7079155,958,2021-11-29,0.0951626268855811,974.4652993083504,974.4652993083504,968.7555416952156,970.6587942329272,0,169,1.0,0.041666666666666664,1400-09-08,False,False
2021-11-29 11:00:00,10200.0,10210.0,10130.0,10140.0,6657839,951,2021-11-29,0.0951626268855811,970.6587942329272,971.610420501783,963.9974103509364,964.9490366197923,0,170,1.0,0.041666666666666664,1400-09-08,False,False
2021-11-29 12:00:00,10130.0,10170.0,10120.0,10160.0,2875582,600,2021-11-29,0.0951626268855811,963.9974103509364,967.8039154263597,963.0457840820807,966.852289157504,0,171,1.0,0.041666666666666664,1400-09-08,False,False
2021-11-30 09:00:00,10250.0,10250.0,10080.0,10130.0,6032899,1072,2021-11-30,0.0951626268855811,975.4169255772063,975.4169255772063,959.2392790066574,963.9974103509364,0,172,21.0,0.875,1400-09-09,False,False
2021-11-30 10:00:00,10130.0,10170.0,10100.0,10120.0,4303923,834,2021-11-30,0.0951626268855811,963.9974103509364,967.8039154263597,961.142531544369,963.0457840820807,0,173,1.0,0.041666666666666664,1400-09-09,False,False
2021-11-30 11:00:00,10120.0,10150.0,10050.0,10150.0,6169525,923,2021-11-30,0.0951626268855811,963.0457840820807,965.9006628886481,956.38440020009,965.9006628886481,0,174,1.0,0.041666666666666664,1400-09-09,False,False
2021-11-30 12:00:00,10070.0,10140.0,10020.0,10020.0,4086266,730,2021-11-30,0.0951626268855811,958.2876527378016,964.9490366197923,953.5295213935226,953.5295213935226,0,175,1.0,0.041666666666666664,1400-09-09,False,False
2021-12-01 09:00:00,10080.0,10190.0,10000.0,10040.0,5868697,1082,2021-12-01,0.0951626268855811,959.2392790066574,969.7071679640713,951.626268855811,955.4327739312342,0,176,21.0,0.875,1400-09-10,False,False
2021-12-01 10:00:00,10040.0,10060.0,9980.0,10030.0,6811044,1109,2021-12-01,0.0951626268855811,955.4327739312342,957.3360264689458,949.7230163180993,954.4811476623784,0,177,1.0,0.041666666666666664,1400-09-10,False,False
2021-12-01 11:00:00,10030.0,10170.0,10000.0,10150.0,6947392,911,2021-12-01,0.0951626268855811,954.4811476623784,967.8039154263597,951.626268855811,965.9006628886481,0,178,1.0,0.041666666666666664,1400-09-10,False,False
2021-12-01 12:00:00,10140.0,10150.0,10080.0,10130.0,3813789,529,2021-12-01,0.0951626268855811,964.9490366197923,965.9006628886481,959.2392790066574,963.9974103509364,0,179,1.0,0.041666666666666664,1400-09-10,False,False
2021-12-04 09:00:00,10400.0,10420.0,10070.0,10080.0,6238624,1148,2021-12-04,0.0951626268855811,989.6913196100434,991.594572147755,958.2876527378016,959.2392790066574,0,180,69.0,2.875,1400-09-13,False,False
2021-12-04 10:00:00,10080.0,10110.0,9990.0,10080.0,6127893,1113,2021-12-04,0.0951626268855811,959.2392790066574,962.0941578132249,950.6746425869551,959.2392790066574,0,181,1.0,0.041666666666666664,1400-09-13,False,False
2021-12-04 11:00:00,10080.0,10110.0,10000.0,10020.0,4053133,809,2021-12-04,0.0951626268855811,959.2392790066574,962.0941578132249,951.626268855811,953.5295213935226,0,182,1.0,0.041666666666666664,1400-09-13,False,False
2021-12-04 12:00:00,10020.0,10240.0,10000.0,10230.0,5227757,642,2021-12-04,0.0951626268855811,953.5295213935226,974.4652993083504,951.626268855811,973.5136730394946,0,183,1.0,0.041666666666666664,1400-09-13,False,False
2021-12-05 09:00:00,10270.0,10470.0,10210.0,10360.0,7415414,1308,2021-12-05,0.0951626268855811,977.3201781149179,996.352703492034,971.610420501783,985.8848145346201,0,184,21.0,0.875,1400-09-14,False,False
2021-12-05 10:00:00,10360.0,10380.0,10300.0,10350.0,7519218,844,2021-12-05,0.0951626268855811,985.8848145346201,987.7880670723317,980.1750569214853,984.9331882657643,0,185,1.0,0.041666666666666664,1400-09-14,False,False
2021-12-05 11:00:00,10340.0,10370.0,10310.0,10310.0,5414643,736,2021-12-05,0.0951626268855811,983.9815619969086,986.836440803476,981.126683190341,981.126683190341,0,186,1.0,0.041666666666666664,1400-09-14,False,False
2021-12-05 12:00:00,10310.0,10320.0,10210.0,10300.0,3943462,547,2021-12-05,0.0951626268855811,981.126683190341,982.0783094591969,971.610420501783,980.1750569214853,0,187,1.0,0.041666666666666664,1400-09-14,False,False
2021-12-06 09:00:00,10350.0,10380.0,10170.0,10320.0,5906363,908,2021-12-06,0.0951626268855811,984.9331882657643,987.7880670723317,967.8039154263597,982.0783094591969,0,188,21.0,0.875,1400-09-15,False,False
2021-12-06 10:00:00,10320.0,10330.0,10250.0,10270.0,3314462,682,2021-12-06,0.0951626268855811,982.0783094591969,983.0299357280527,975.4169255772063,977.3201781149179,0,189,1.0,0.041666666666666664,1400-09-15,False,False
2021-12-06 11:00:00,10280.0,10310.0,10250.0,10260.0,3321020,630,2021-12-06,0.0951626268855811,978.2718043837737,981.126683190341,975.4169255772063,976.368551846062,0,190,1.0,0.041666666666666664,1400-09-15,False,False
2021-12-06 12:00:00,10260.0,10280.0,10160.0,10190.0,3175797,442,2021-12-06,0.0951626268855811,976.368551846062,978.2718043837737,966.852289157504,969.7071679640713,0,191,1.0,0.041666666666666664,1400-09-15,False,False
2021-12-07 09:00:00,10170.0,10270.0,10130.0,10220.0,3860378,743,2021-12-07,0.0951626268855811,967.8039154263597,977.3201781149179,963.9974103509364,972.5620467706387,0,192,21.0,0.875,1400-09-16,False,False
2021-12-07 10:00:00,10230.0,10260.0,10210.0,10240.0,2879821,583,2021-12-07,0.0951626268855811,973.5136730394946,976.368551846062,971.610420501783,974.4652993083504,0,193,1.0,0.041666666666666664,1400-09-16,False,False
2021-12-07 11:00:00,10240.0,10370.0,10230.0,10260.0,6253861,793,2021-12-07,0.0951626268855811,974.4652993083504,986.836440803476,973.5136730394946,976.368551846062,0,194,1.0,0.041666666666666664,1400-09-16,False,False
2021-12-07 12:00:00,10260.0,10280.0,10250.0,10280.0,3076284,379,2021-12-07,0.0951626268855811,976.368551846062,978.2718043837737,975.4169255772063,978.2718043837737,0,195,1.0,0.041666666666666664,1400-09-16,False,False
2021-12-08 09:00:00,10260.0,10340.0,10260.0,10300.0,4117116,703,2021-12-08,0.0951626268855811,976.368551846062,983.9815619969086,976.368551846062,980.1750569214853,0,196,21.0,0.875,1400-09-17,False,False
2021-12-08 10:00:00,10300.0,10650.0,10290.0,10580.0,6731295,937,2021-12-08,0.0951626268855811,980.1750569214853,1013.4819763314387,979.2234306526294,1006.820592449448,0,197,1.0,0.041666666666666664,1400-09-17,False,False
2021-12-08 11:00:00,10580.0,10600.0,10490.0,10560.0,5873740,824,2021-12-08,0.0951626268855811,1006.820592449448,1008.7238449871596,998.2559560297457,1004.9173399117363,0,198,1.0,0.041666666666666664,1400-09-17,False,False
2021-12-08 12:00:00,10560.0,10570.0,10450.0,10480.0,3394941,457,2021-12-08,0.0951626268855811,1004.9173399117363,1005.8689661805922,994.4494509543224,997.3043297608899,0,199,1.0,0.041666666666666664,1400-09-17,False,False
2021-12-11 09:00:00,10540.0,10600.0,10320.0,10360.0,5254858,942,2021-12-11,0.0951626268855811,1003.0140873740247,1008.7238449871596,982.0783094591969,985.8848145346201,0,200,69.0,2.875,1400-09-20,False,False
2021-12-11 10:00:00,10360.0,10600.0,10330.0,10400.0,4857867,637,2021-12-11,0.0951626268855811,985.8848145346201,1008.7238449871596,983.0299357280527,989.6913196100434,0,201,1.0,0.041666666666666664,1400-09-20,False,False
2021-12-11 11:00:00,10420.0,10420.0,10340.0,10360.0,3129025,539,2021-12-11,0.0951626268855811,991.594572147755,991.594572147755,983.9815619969086,985.8848145346201,0,202,1.0,0.041666666666666664,1400-09-20,False,False
2021-12-11 12:00:00,10350.0,10370.0,10320.0,10350.0,2658467,346,2021-12-11,0.0951626268855811,984.9331882657643,986.836440803476,982.0783094591969,984.9331882657643,0,203,1.0,0.041666666666666664,1400-09-20,False,False
2021-12-12 09:00:00,10300.0,10300.0,10060.0,10090.0,7034149,969,2021-12-12,0.0951626268855811,980.1750569214853,980.1750569214853,957.3360264689458,960.1909052755133,0,204,21.0,0.875,1400-09-21,False,False
2021-12-12 10:00:00,10090.0,10170.0,10050.0,10130.0,5119027,730,2021-12-12,0.0951626268855811,960.1909052755133,967.8039154263597,956.38440020009,963.9974103509364,0,205,1.0,0.041666666666666664,1400-09-21,False,False
2021-12-12 11:00:00,10120.0,10120.0,10050.0,10090.0,5887561,467,2021-12-12,0.0951626268855811,963.0457840820807,963.0457840820807,956.38440020009,960.1909052755133,0,206,1.0,0.041666666666666664,1400-09-21,False,False
2021-12-12 12:00:00,10080.0,10140.0,10070.0,10120.0,4047395,168,2021-12-12,0.0951626268855811,959.2392790066574,964.9490366197923,958.2876527378016,963.0457840820807,0,207,1.0,0.041666666666666664,1400-09-21,False,False
2021-12-13 09:00:00,10090.0,10190.0,10000.0,10000.0,7459871,1000,2021-12-13,0.0951626268855811,960.1909052755133,969.7071679640713,951.626268855811,951.626268855811,0,208,21.0,0.875,1400-09-22,False,False
2021-12-13 10:00:00,10000.0,10020.0,9910.0,9910.0,8096081,1122,2021-12-13,0.0951626268855811,951.626268855811,953.5295213935226,943.0616324361087,943.0616324361087,0,209,1.0,0.041666666666666664,1400-09-22,False,False
2021-12-13 11:00:00,9910.0,9920.0,9620.0,9620.0,16147474,1933,2021-12-13,0.0951626268855811,943.0616324361087,944.0132587049644,915.4644706392901,915.4644706392901,0,210,1.0,0.041666666666666664,1400-09-22,False,False
2021-12-13 12:00:00,9620.0,10000.0,9620.0,9620.0,5917861,810,2021-12-13,0.0951626268855811,915.4644706392901,951.626268855811,915.4644706392901,915.4644706392901,0,211,1.0,0.041666666666666664,1400-09-22,False,False
2021-12-14 09:00:00,9670.0,9890.0,9630.0,9780.0,10304042,1320,2021-12-14,0.0951626268855811,920.2226019835692,941.158379898397,916.416096908146,930.6904909409831,0,212,21.0,0.875,1400-09-23,False,False
2021-12-14 10:00:00,9770.0,10020.0,9750.0,9920.0,8166103,926,2021-12-14,0.0951626268855811,929.7388646721273,953.5295213935226,927.8356121344157,944.0132587049644,0,213,1.0,0.041666666666666664,1400-09-23,False,False
2021-12-14 11:00:00,9920.0,9990.0,9800.0,9830.0,4323346,657,2021-12-14,0.0951626268855811,944.0132587049644,950.6746425869551,932.5937434786947,935.4486222852622,0,214,1.0,0.041666666666666664,1400-09-23,False,False
2021-12-14 12:00:00,9800.0,9930.0,9780.0,9900.0,2607037,336,2021-12-14,0.0951626268855811,932.5937434786947,944.9648849738203,930.6904909409831,942.1100061672529,0,215,1.0,0.041666666666666664,1400-09-23,False,False
2021-12-15 09:00:00,9850.0,10100.0,9850.0,9930.0,3762912,701,2021-12-15,0.0951626268855811,937.3518748229737,961.142531544369,937.3518748229737,944.9648849738203,0,216,21.0,0.875,1400-09-24,False,False
2021-12-15 10:00:00,9930.0,9980.0,9820.0,9830.0,4023938,1079,2021-12-15,0.0951626268855811,944.9648849738203,949.7230163180993,934.4969960164063,935.4486222852622,0,217,1.0,0.041666666666666664,1400-09-24,False,False
2021-12-15 11:00:00,9820.0,9870.0,9770.0,9800.0,5115686,665,2021-12-15,0.0951626268855811,934.4969960164063,939.2551273606854,929.7388646721273,932.5937434786947,0,218,1.0,0.041666666666666664,1400-09-24,False,False
2021-12-15 12:00:00,9800.0,9890.0,9790.0,9840.0,2420692,373,2021-12-15,0.0951626268855811,932.5937434786947,941.158379898397,931.642117209839,936.400248554118,0,219,1.0,0.041666666666666664,1400-09-24,False,False
2021-12-18 09:00:00,9910.0,10070.0,9900.0,9920.0,7101207,1059,2021-12-18,0.0951626268855811,943.0616324361087,958.2876527378016,942.1100061672529,944.0132587049644,0,220,69.0,2.875,1400-09-27,False,False
2021-12-18 10:00:00,9900.0,9940.0,9880.0,9920.0,3691924,705,2021-12-18,0.0951626268855811,942.1100061672529,945.916511242676,940.2067536295413,944.0132587049644,0,221,1.0,0.041666666666666664,1400-09-27,False,False
2021-12-18 11:00:00,9920.0,9950.0,9890.0,9940.0,3887449,610,2021-12-18,0.0951626268855811,944.0132587049644,946.8681375115319,941.158379898397,945.916511242676,0,222,1.0,0.041666666666666664,1400-09-27,False,False
2021-12-18 12:00:00,9940.0,9960.0,9900.0,9930.0,2500524,384,2021-12-18,0.0951626268855811,945.916511242676,947.8197637803877,942.1100061672529,944.9648849738203,0,223,1.0,0.041666666666666664,1400-09-27,False,False
2021-12-19 09:00:00,9910.0,9990.0,9710.0,9760.0,4290449,775,2021-12-19,0.0951626268855811,943.0616324361087,950.6746425869551,924.0291070589924,928.7872384032714,0,224,21.0,0.875,1400-09-28,False,False
2021-12-19 10:00:00,9760.0,9770.0,9600.0,9660.0,4935043,803,2021-12-19,0.0951626268855811,928.7872384032714,929.7388646721273,913.5612181015786,919.2709757147134,0,225,1.0,0.041666666666666664,1400-09-28,False,False
2021-12-19 11:00:00,9650.0,9700.0,9600.0,9600.0,5410214,760,2021-12-19,0.0951626268855811,918.3193494458576,923.0774807901366,913.5612181015786,913.5612181015786,0,226,1.0,0.041666666666666664,1400-09-28,False,False
2021-12-19 12:00:00,9610.0,9700.0,9590.0,9680.0,2528242,386,2021-12-19,0.0951626268855811,914.5128443704343,923.0774807901366,912.6095918327227,921.174228252425,0,227,1.0,0.041666666666666664,1400-09-28,False,False
2021-12-20 09:00:00,9920.0,10060.0,9830.0,9880.0,9157395,1045,2021-12-20,0.0951626268855811,944.0132587049644,957.3360264689458,935.4486222852622,940.2067536295413,0,228,21.0,0.875,1400-09-29,False,False
2021-12-20 10:00:00,9870.0,10000.0,9870.0,9920.0,4224918,594,2021-12-20,0.0951626268855811,939.2551273606854,951.626268855811,939.2551273606854,944.0132587049644,0,229,1.0,0.041666666666666664,1400-09-29,False,False
2021-12-20 11:00:00,9930.0,10000.0,9910.0,9950.0,5426410,589,2021-12-20,0.0951626268855811,944.9648849738203,951.626268855811,943.0616324361087,946.8681375115319,0,230,1.0,0.041666666666666664,1400-09-29,False,False
2021-12-20 12:00:00,9950.0,9980.0,9920.0,9960.0,4274249,415,2021-12-20,0.0951626268855811,946.8681375115319,949.7230163180993,944.0132587049644,947.8197637803877,0,231,1.0,0.041666666666666664,1400-09-29,False,False
2021-12-21 09:00:00,9960.0,10180.0,9960.0,10170.0,8498423,790,2021-12-21,0.0951626268855811,947.8197637803877,968.7555416952156,947.8197637803877,967.8039154263597,0,232,21.0,0.875,1400-09-30,False,False
2021-12-21 10:00:00,10180.0,10230.0,10100.0,10110.0,8946032,788,2021-12-21,0.0951626268855811,968.7555416952156,973.5136730394946,961.142531544369,962.0941578132249,0,233,1.0,0.041666666666666664,1400-09-30,False,False
2021-12-21 11:00:00,10110.0,10220.0,10090.0,10180.0,7435454,654,2021-12-21,0.0951626268855811,962.0941578132249,972.5620467706387,960.1909052755133,968.7555416952156,0,234,1.0,0.041666666666666664,1400-09-30,False,False
2021-12-21 12:00:00,10190.0,10190.0,10110.0,10170.0,6177957,474,2021-12-21,0.0951626268855811,969.7071679640713,969.7071679640713,962.0941578132249,967.8039154263597,0,235,1.0,0.041666666666666664,1400-09-30,False,False
2021-12-22 09:00:00,10300.0,10570.0,10210.0,10380.0,10473287,1225,2021-12-22,0.0951626268855811,980.1750569214853,1005.8689661805922,971.610420501783,987.7880670723317,0,236,21.0,0.875,1400-10-01,False,False
2021-12-22 10:00:00,10380.0,10620.0,10360.0,10620.0,20985132,1351,2021-12-22,0.0951626268855811,987.7880670723317,1010.6270975248713,985.8848145346201,1010.6270975248713,0,237,1.0,0.041666666666666664,1400-10-01,False,False
2021-12-22 11:00:00,10620.0,10620.0,10620.0,10620.0,4254541,606,2021-12-22,0.0951626268855811,1010.6270975248713,1010.6270975248713,1010.6270975248713,1010.6270975248713,0,238,1.0,0.041666666666666664,1400-10-01,False,False
2021-12-22 12:00:00,10620.0,10620.0,10620.0,10620.0,1123566,223,2021-12-22,0.0951626268855811,1010.6270975248713,1010.6270975248713,1010.6270975248713,1010.6270975248713,0,239,1.0,0.041666666666666664,1400-10-01,False,False
2021-12-22 13:00:00,10620.0,10620.0,10620.0,10620.0,12000,1,2021-12-22,0.0951626268855811,1010.6270975248713,1010.6270975248713,1010.6270975248713,1010.6270975248713,0,240,1.0,0.041666666666666664,1400-10-01,False,False
2021-12-25 09:00:00,10800.0,11060.0,10660.0,10890.0,13513249,1830,2021-12-25,0.0951626268855811,1027.7563703642759,1052.4986533545268,1014.4336026002944,1036.3210067839782,0,241,68.0,2.8333333333333335,1400-10-04,False,False
2021-12-25 10:00:00,10890.0,10890.0,10650.0,10660.0,8507741,1303,2021-12-25,0.0951626268855811,1036.3210067839782,1036.3210067839782,1013.4819763314387,1014.4336026002944,0,242,1.0,0.041666666666666664,1400-10-04,False,False
2021-12-25 11:00:00,10660.0,10690.0,10600.0,10670.0,6245646,1087,2021-12-25,0.0951626268855811,1014.4336026002944,1017.2884814068619,1008.7238449871596,1015.3852288691503,0,243,1.0,0.041666666666666664,1400-10-04,False,False
2021-12-25 12:00:00,10660.0,10670.0,10580.0,10630.0,4120861,579,2021-12-25,0.0951626268855811,1014.4336026002944,1015.3852288691503,1006.820592449448,1011.578723793727,0,244,1.0,0.041666666666666664,1400-10-04,False,False
2021-12-26 09:00:00,10590.0,10650.0,10450.0,10540.0,6874953,1108,2021-12-26,0.0951626268855811,1007.7722187183037,1013.4819763314387,994.4494509543224,1003.0140873740247,0,245,21.0,0.875,1400-10-05,False,False
2021-12-26 10:00:00,10540.0,10700.0,10520.0,10610.0,5119634,784,2021-12-26,0.0951626268855811,1003.0140873740247,1018.2401076757177,1001.1108348363131,1009.6754712560154,0,246,1.0,0.041666666666666664,1400-10-05,False,False
2021-12-26 11:00:00,10650.0,10850.0,10650.0,10820.0,8461229,935,2021-12-26,0.0951626268855811,1013.4819763314387,1032.514501708555,1013.4819763314387,1029.6596229019874,0,247,1.0,0.041666666666666664,1400-10-05,False,False
2021-12-26 12:00:00,10820.0,10950.0,10800.0,10910.0,6191970,627,2021-12-26,0.0951626268855811,1029.6596229019874,1042.030764397113,1027.7563703642759,1038.2242593216897,0,248,1.0,0.041666666666666664,1400-10-05,False,False
2021-12-26 17:00:00,10570.0,10570.0,10570.0,10570.0,1528,1,2021-12-26,0.0951626268855811,1005.8689661805922,1005.8689661805922,1005.8689661805922,1005.8689661805922,0,249,5.0,0.20833333333333334,1400-10-05,False,False
2021-12-27 09:00:00,11000.0,11240.0,10900.0,11010.0,16841790,1627,2021-12-27,0.0951626268855811,1046.788895741392,1069.6279261939314,1037.272633052834,1047.7405220102478,0,250,16.0,0.6666666666666666,1400-10-06,False,False
2021-12-27 10:00:00,11010.0,11090.0,10930.0,10980.0,4780295,937,2021-12-27,0.0951626268855811,1047.7405220102478,1055.3535321610943,1040.1275118594015,1044.8856432036805,0,251,1.0,0.041666666666666664,1400-10-06,False,False
2021-12-27 11:00:00,10990.0,11000.0,10870.0,10900.0,4871043,835,2021-12-27,0.0951626268855811,1045.8372694725363,1046.788895741392,1034.4177542462664,1037.272633052834,0,252,1.0,0.041666666666666664,1400-10-06,False,False
2021-12-27 12:00:00,10900.0,10970.0,10890.0,10960.0,2971731,526,2021-12-27,0.0951626268855811,1037.272633052834,1043.9340169348245,1036.3210067839782,1042.9823906659688,0,253,1.0,0.041666666666666664,1400-10-06,False,False
2021-12-28 09:00:00,11090.0,11090.0,10820.0,10890.0,5756765,1023,2021-12-28,0.0951626268855811,1055.3535321610943,1055.3535321610943,1029.6596229019874,1036.3210067839782,0,254,21.0,0.875,1400-10-07,False,False
2021-12-28 10:00:00,10900.0,11040.0,10880.0,10980.0,6719034,874,2021-12-28,0.0951626268855811,1037.272633052834,1050.5954008168153,1035.3693805151222,1044.8856432036805,0,255,1.0,0.041666666666666664,1400-10-07,False,False
2021-12-28 11:00:00,10970.0,11000.0,10970.0,10980.0,6160600,833,2021-12-28,0.0951626268855811,1043.9340169348245,1046.788895741392,1043.9340169348245,1044.8856432036805,0,256,1.0,0.041666666666666664,1400-10-07,False,False
2021-12-28 12:00:00,10990.0,11000.0,10950.0,10970.0,3814918,484,2021-12-28,0.0951626268855811,1045.8372694725363,1046.788895741392,1042.030764397113,1043.9340169348245,0,257,1.0,0.041666666666666664,1400-10-07,False,False
2021-12-29 09:00:00,10940.0,11070.0,10870.0,10880.0,5177898,819,2021-12-29,0.0951626268855811,1041.0791381282572,1053.4502796233828,1034.4177542462664,1035.3693805151222,0,258,21.0,0.875,1400-10-08,False,False
2021-12-29 10:00:00,10880.0,10940.0,10880.0,10900.0,5364569,747,2021-12-29,0.0951626268855811,1035.3693805151222,1041.0791381282572,1035.3693805151222,1037.272633052834,0,259,1.0,0.041666666666666664,1400-10-08,False,False
2021-12-29 11:00:00,10900.0,10900.0,10720.0,10740.0,8755034,928,2021-12-29,0.0951626268855811,1037.272633052834,1037.272633052834,1020.1433602134293,1022.046612751141,0,260,1.0,0.041666666666666664,1400-10-08,False,False
2021-12-29 12:00:00,10730.0,10790.0,10680.0,10680.0,4961303,573,2021-12-29,0.0951626268855811,1021.0949864822851,1026.8047440954201,1016.3368551380061,1016.3368551380061,0,261,1.0,0.041666666666666664,1400-10-08,False,False
2022-01-01 09:00:00,10680.0,10680.0,10510.0,10510.0,6289597,967,2022-01-01,0.0951626268855811,1016.3368551380061,1016.3368551380061,1000.1592085674573,1000.1592085674573,0,262,69.0,2.875,1400-10-11,False,False
2022-01-01 10:00:00,10510.0,10510.0,10450.0,10470.0,6020321,836,2022-01-01,0.0951626268855811,1000.1592085674573,1000.1592085674573,994.4494509543224,996.352703492034,0,263,1.0,0.041666666666666664,1400-10-11,False,False
2022-01-01 11:00:00,10470.0,10560.0,10450.0,10490.0,3289578,629,2022-01-01,0.0951626268855811,996.352703492034,1004.9173399117363,994.4494509543224,998.2559560297457,0,264,1.0,0.041666666666666664,1400-10-11,False,False
2022-01-01 12:00:00,10490.0,10610.0,10470.0,10480.0,4387162,434,2022-01-01,0.0951626268855811,998.2559560297457,1009.6754712560154,996.352703492034,997.3043297608899,0,265,1.0,0.041666666666666664,1400-10-11,False,False
2022-01-02 09:00:00,10540.0,10670.0,10500.0,10600.0,4176074,797,2022-01-02,0.0951626268855811,1003.0140873740247,1015.3852288691503,999.2075822986016,1008.7238449871596,0,266,21.0,0.875,1400-10-12,False,False
2022-01-02 10:00:00,10610.0,10640.0,10530.0,10570.0,3300856,520,2022-01-02,0.0951626268855811,1009.6754712560154,1012.5303500625829,1002.062461105169,1005.8689661805922,0,267,1.0,0.041666666666666664,1400-10-12,False,False
2022-01-02 11:00:00,10560.0,10580.0,10480.0,10520.0,5326066,623,2022-01-02,0.0951626268855811,1004.9173399117363,1006.820592449448,997.3043297608899,1001.1108348363131,0,268,1.0,0.041666666666666664,1400-10-12,False,False
2022-01-02 12:00:00,10510.0,10680.0,10500.0,10680.0,2043031,340,2022-01-02,0.0951626268855811,1000.1592085674573,1016.3368551380061,999.2075822986016,1016.3368551380061,0,269,1.0,0.041666666666666664,1400-10-12,False,False
2022-01-03 09:00:00,10690.0,10720.0,10590.0,10590.0,2815723,514,2022-01-03,0.0951626268855811,1017.2884814068619,1020.1433602134293,1007.7722187183037,1007.7722187183037,0,270,21.0,0.875,1400-10-13,False,False
2022-01-03 10:00:00,10600.0,10640.0,10520.0,10550.0,5641077,578,2022-01-03,0.0951626268855811,1008.7238449871596,1012.5303500625829,1001.1108348363131,1003.9657136428806,0,271,1.0,0.041666666666666664,1400-10-13,False,False
2022-01-03 11:00:00,10550.0,10560.0,10490.0,10490.0,2885720,519,2022-01-03,0.0951626268855811,1003.9657136428806,1004.9173399117363,998.2559560297457,998.2559560297457,0,272,1.0,0.041666666666666664,1400-10-13,False,False
2022-01-03 12:00:00,10500.0,10570.0,10490.0,10510.0,2560571,350,2022-01-03,0.0951626268855811,999.2075822986016,1005.8689661805922,998.2559560297457,1000.1592085674573,0,273,1.0,0.041666666666666664,1400-10-13,False,False
2022-01-04 09:00:00,10440.0,10500.0,10360.0,10430.0,6248078,751,2022-01-04,0.0951626268855811,993.4978246854666,999.2075822986016,985.8848145346201,992.5461984166108,0,274,21.0,0.875,1400-10-14,False,False
2022-01-04 10:00:00,10430.0,10430.0,10360.0,10370.0,6541073,720,2022-01-04,0.0951626268855811,992.5461984166108,992.5461984166108,985.8848145346201,986.836440803476,0,275,1.0,0.041666666666666664,1400-10-14,False,False
2022-01-04 11:00:00,10370.0,10400.0,10360.0,10380.0,2983739,535,2022-01-04,0.0951626268855811,986.836440803476,989.6913196100434,985.8848145346201,987.7880670723317,0,276,1.0,0.041666666666666664,1400-10-14,False,False
2022-01-04 12:00:00,10380.0,10390.0,10370.0,10380.0,3226270,390,2022-01-04,0.0951626268855811,987.7880670723317,988.7396933411876,986.836440803476,987.7880670723317,0,277,1.0,0.041666666666666664,1400-10-14,False,False
2022-01-05 09:00:00,10390.0,10480.0,10330.0,10350.0,5643966,616,2022-01-05,0.0951626268855811,988.7396933411876,997.3043297608899,983.0299357280527,984.9331882657643,0,278,21.0,0.875,1400-10-15,False,False
2022-01-05 10:00:00,10350.0,10430.0,10340.0,10410.0,3693608,581,2022-01-05,0.0951626268855811,984.9331882657643,992.5461984166108,983.9815619969086,990.6429458788992,0,279,1.0,0.041666666666666664,1400-10-15,False,False
2022-01-05 11:00:00,10400.0,10490.0,10390.0,10410.0,3091033,485,2022-01-05,0.0951626268855811,989.6913196100434,998.2559560297457,988.7396933411876,990.6429458788992,0,280,1.0,0.041666666666666664,1400-10-15,False,False
2022-01-05 12:00:00,10420.0,10440.0,10410.0,10430.0,2134465,373,2022-01-05,0.0951626268855811,991.594572147755,993.4978246854666,990.6429458788992,992.5461984166108,0,281,1.0,0.041666666666666664,1400-10-15,False,False
2022-01-05 16:00:00,10420.0,10420.0,10420.0,10420.0,4403,1,2022-01-05,0.0951626268855811,991.594572147755,991.594572147755,991.594572147755,991.594572147755,0,282,4.0,0.16666666666666666,1400-10-15,False,False
2022-01-08 09:00:00,10400.0,10550.0,10370.0,10430.0,3353472,707,2022-01-08,0.0951626268855811,989.6913196100434,1003.9657136428806,986.836440803476,992.5461984166108,0,283,65.0,2.7083333333333335,1400-10-18,False,False
2022-01-08 10:00:00,10430.0,10430.0,10300.0,10310.0,3712862,637,2022-01-08,0.0951626268855811,992.5461984166108,992.5461984166108,980.1750569214853,981.126683190341,0,284,1.0,0.041666666666666664,1400-10-18,False,False
2022-01-08 11:00:00,10310.0,10310.0,10240.0,10240.0,4251997,691,2022-01-08,0.0951626268855811,981.126683190341,981.126683190341,974.4652993083504,974.4652993083504,0,285,1.0,0.041666666666666664,1400-10-18,False,False
2022-01-08 12:00:00,10240.0,10440.0,10240.0,10410.0,5558239,475,2022-01-08,0.0951626268855811,974.4652993083504,993.4978246854666,974.4652993083504,990.6429458788992,0,286,1.0,0.041666666666666664,1400-10-18,False,False
2022-01-09 09:00:00,10230.0,10300.0,10050.0,10060.0,6899802,882,2022-01-09,0.0951626268855811,973.5136730394946,980.1750569214853,956.38440020009,957.3360264689458,0,287,21.0,0.875,1400-10-19,False,False
2022-01-09 10:00:00,10060.0,10070.0,9970.0,10020.0,10487933,1053,2022-01-09,0.0951626268855811,957.3360264689458,958.2876527378016,948.7713900492436,953.5295213935226,0,288,1.0,0.041666666666666664,1400-10-19,False,False
2022-01-09 11:00:00,10030.0,10070.0,10010.0,10040.0,3304922,568,2022-01-09,0.0951626268855811,954.4811476623784,958.2876527378016,952.5778951246667,955.4327739312342,0,289,1.0,0.041666666666666664,1400-10-19,False,False
2022-01-09 12:00:00,10040.0,10110.0,10000.0,10070.0,2722828,422,2022-01-09,0.0951626268855811,955.4327739312342,962.0941578132249,951.626268855811,958.2876527378016,0,290,1.0,0.041666666666666664,1400-10-19,False,False
2022-01-10 09:00:00,10020.0,10060.0,9960.0,10020.0,7680452,934,2022-01-10,0.0951626268855811,953.5295213935226,957.3360264689458,947.8197637803877,953.5295213935226,0,291,21.0,0.875,1400-10-20,False,False
2022-01-10 10:00:00,10020.0,10050.0,9990.0,10020.0,3874074,631,2022-01-10,0.0951626268855811,953.5295213935226,956.38440020009,950.6746425869551,953.5295213935226,0,292,1.0,0.041666666666666664,1400-10-20,False,False
2022-01-10 11:00:00,10010.0,10180.0,10010.0,10110.0,4725814,736,2022-01-10,0.0951626268855811,952.5778951246667,968.7555416952156,952.5778951246667,962.0941578132249,0,293,1.0,0.041666666666666664,1400-10-20,False,False
2022-01-10 12:00:00,10100.0,10110.0,10050.0,10060.0,3094046,466,2022-01-10,0.0951626268855811,961.142531544369,962.0941578132249,956.38440020009,957.3360264689458,0,294,1.0,0.041666666666666664,1400-10-20,False,False
2022-01-11 09:00:00,10180.0,10270.0,10060.0,10150.0,3688280,779,2022-01-11,0.0951626268855811,968.7555416952156,977.3201781149179,957.3360264689458,965.9006628886481,0,295,21.0,0.875,1400-10-21,False,False
2022-01-11 10:00:00,10150.0,10160.0,10080.0,10080.0,2798378,479,2022-01-11,0.0951626268855811,965.9006628886481,966.852289157504,959.2392790066574,959.2392790066574,0,296,1.0,0.041666666666666664,1400-10-21,False,False
2022-01-11 11:00:00,10090.0,10090.0,10060.0,10080.0,1808870,397,2022-01-11,0.0951626268855811,960.1909052755133,960.1909052755133,957.3360264689458,959.2392790066574,0,297,1.0,0.041666666666666664,1400-10-21,False,False
2022-01-11 12:00:00,10070.0,10080.0,10040.0,10050.0,2849423,370,2022-01-11,0.0951626268855811,958.2876527378016,959.2392790066574,955.4327739312342,956.38440020009,0,298,1.0,0.041666666666666664,1400-10-21,False,False
2022-01-12 09:00:00,10020.0,10180.0,10010.0,10130.0,4142073,687,2022-01-12,0.0951626268855811,953.5295213935226,968.7555416952156,952.5778951246667,963.9974103509364,0,299,21.0,0.875,1400-10-22,False,False
2022-01-12 10:00:00,10130.0,10160.0,10100.0,10100.0,3011553,474,2022-01-12,0.0951626268855811,963.9974103509364,966.852289157504,961.142531544369,961.142531544369,0,300,1.0,0.041666666666666664,1400-10-22,False,False
2022-01-12 11:00:00,10100.0,10180.0,10040.0,10060.0,2791484,541,2022-01-12,0.0951626268855811,961.142531544369,968.7555416952156,955.4327739312342,957.3360264689458,0,301,1.0,0.041666666666666664,1400-10-22,False,False
2022-01-12 12:00:00,10050.0,10150.0,10010.0,10040.0,2195209,337,2022-01-12,0.0951626268855811,956.38440020009,965.9006628886481,952.5778951246667,955.4327739312342,0,302,1.0,0.041666666666666664,1400-10-22,False,False
2022-01-15 09:00:00,10100.0,10200.0,10040.0,10120.0,6090684,726,2022-01-15,0.0951626268855811,961.142531544369,970.6587942329272,955.4327739312342,963.0457840820807,0,303,69.0,2.875,1400-10-25,False,False
2022-01-15 10:00:00,10120.0,10120.0,10010.0,10010.0,4927488,677,2022-01-15,0.0951626268855811,963.0457840820807,963.0457840820807,952.5778951246667,952.5778951246667,0,304,1.0,0.041666666666666664,1400-10-25,False,False
2022-01-15 11:00:00,10020.0,10030.0,9990.0,10000.0,5030719,738,2022-01-15,0.0951626268855811,953.5295213935226,954.4811476623784,950.6746425869551,951.626268855811,0,305,1.0,0.041666666666666664,1400-10-25,False,False
2022-01-15 12:00:00,9990.0,10020.0,9970.0,10000.0,5104915,476,2022-01-15,0.0951626268855811,950.6746425869551,953.5295213935226,948.7713900492436,951.626268855811,0,306,1.0,0.041666666666666664,1400-10-25,False,False
2022-01-16 09:00:00,10060.0,10100.0,9900.0,9910.0,8897351,1074,2022-01-16,0.0951626268855811,957.3360264689458,961.142531544369,942.1100061672529,943.0616324361087,0,307,21.0,0.875,1400-10-26,False,False
2022-01-16 10:00:00,9910.0,9970.0,9890.0,9930.0,2232322,569,2022-01-16,0.0951626268855811,943.0616324361087,948.7713900492436,941.158379898397,944.9648849738203,0,308,1.0,0.041666666666666664,1400-10-26,False,False
2022-01-16 11:00:00,9930.0,9990.0,9930.0,9970.0,2450662,595,2022-01-16,0.0951626268855811,944.9648849738203,950.6746425869551,944.9648849738203,948.7713900492436,0,309,1.0,0.041666666666666664,1400-10-26,False,False
2022-01-16 12:00:00,9980.0,10040.0,9980.0,10030.0,2661447,344,2022-01-16,0.0951626268855811,949.7230163180993,955.4327739312342,949.7230163180993,954.4811476623784,0,310,1.0,0.041666666666666664,1400-10-26,False,False
2022-01-17 09:00:00,10010.0,10100.0,10010.0,10030.0,4598819,605,2022-01-17,0.0951626268855811,952.5778951246667,961.142531544369,952.5778951246667,954.4811476623784,0,311,21.0,0.875,1400-10-27,False,False
2022-01-17 10:00:00,10020.0,10030.0,9950.0,9970.0,1970148,490,2022-01-17,0.0951626268855811,953.5295213935226,954.4811476623784,946.8681375115319,948.7713900492436,0,312,1.0,0.041666666666666664,1400-10-27,False,False
2022-01-17 11:00:00,9970.0,9970.0,9860.0,9870.0,5229775,684,2022-01-17,0.0951626268855811,948.7713900492436,948.7713900492436,938.3035010918296,939.2551273606854,0,313,1.0,0.041666666666666664,1400-10-27,False,False
2022-01-17 12:00:00,9860.0,9950.0,9820.0,9940.0,4394157,492,2022-01-17,0.0951626268855811,938.3035010918296,946.8681375115319,934.4969960164063,945.916511242676,0,314,1.0,0.041666666666666664,1400-10-27,False,False
2022-01-18 09:00:00,9820.0,9830.0,9620.0,9660.0,8301541,1071,2022-01-18,0.0951626268855811,934.4969960164063,935.4486222852622,915.4644706392901,919.2709757147134,0,315,21.0,0.875,1400-10-28,False,False
2022-01-18 10:00:00,9650.0,9660.0,9440.0,9470.0,12374773,1245,2022-01-18,0.0951626268855811,918.3193494458576,919.2709757147134,898.3351977998856,901.190076606453,0,316,1.0,0.041666666666666664,1400-10-28,False,False
2022-01-18 11:00:00,9460.0,9580.0,9450.0,9510.0,5725415,943,2022-01-18,0.0951626268855811,900.2384503375971,911.6579655638669,899.2868240687413,904.9965816818763,0,317,1.0,0.041666666666666664,1400-10-28,False,False
2022-01-18 12:00:00,9500.0,9560.0,9500.0,9540.0,3733161,403,2022-01-18,0.0951626268855811,904.0449554130204,909.7547130261553,904.0449554130204,907.8514604884436,0,318,1.0,0.041666666666666664,1400-10-28,False,False
2022-01-19 09:00:00,9620.0,9740.0,9580.0,9730.0,7159477,1046,2022-01-19,0.0951626268855811,915.4644706392901,926.8839858655599,911.6579655638669,925.932359596704,0,319,21.0,0.875,1400-10-29,False,False
2022-01-19 10:00:00,9720.0,9760.0,9600.0,9600.0,4467571,688,2022-01-19,0.0951626268855811,924.9807333278483,928.7872384032714,913.5612181015786,913.5612181015786,0,320,1.0,0.041666666666666664,1400-10-29,False,False
2022-01-19 11:00:00,9600.0,9610.0,9580.0,9600.0,4223720,613,2022-01-19,0.0951626268855811,913.5612181015786,914.5128443704343,911.6579655638669,913.5612181015786,0,321,1.0,0.041666666666666664,1400-10-29,False,False
2022-01-19 12:00:00,9600.0,9620.0,9580.0,9620.0,4933661,472,2022-01-19,0.0951626268855811,913.5612181015786,915.4644706392901,911.6579655638669,915.4644706392901,0,322,1.0,0.041666666666666664,1400-10-29,False,False
2022-01-22 09:00:00,9900.0,10100.0,9840.0,9980.0,9447454,1242,2022-01-22,0.0951626268855811,942.1100061672529,961.142531544369,936.400248554118,949.7230163180993,0,323,69.0,2.875,1400-11-02,False,False
2022-01-22 10:00:00,9990.0,9990.0,9870.0,9900.0,3948428,683,2022-01-22,0.0951626268855811,950.6746425869551,950.6746425869551,939.2551273606854,942.1100061672529,0,324,1.0,0.041666666666666664,1400-11-02,False,False
2022-01-22 11:00:00,9890.0,9910.0,9850.0,9890.0,2880823,708,2022-01-22,0.0951626268855811,941.158379898397,943.0616324361087,937.3518748229737,941.158379898397,0,325,1.0,0.041666666666666664,1400-11-02,False,False
2022-01-22 12:00:00,9890.0,9900.0,9850.0,9900.0,2308594,431,2022-01-22,0.0951626268855811,941.158379898397,942.1100061672529,937.3518748229737,942.1100061672529,0,326,1.0,0.041666666666666664,1400-11-02,False,False
2022-01-23 09:00:00,9900.0,9900.0,9730.0,9820.0,5251427,778,2022-01-23,0.0951626268855811,942.1100061672529,942.1100061672529,925.932359596704,934.4969960164063,0,327,21.0,0.875,1400-11-03,False,False
2022-01-23 10:00:00,9820.0,9880.0,9770.0,9780.0,4142123,543,2022-01-23,0.0951626268855811,934.4969960164063,940.2067536295413,929.7388646721273,930.6904909409831,0,328,1.0,0.041666666666666664,1400-11-03,False,False
2022-01-23 11:00:00,9780.0,9790.0,9550.0,9550.0,7177938,729,2022-01-23,0.0951626268855811,930.6904909409831,931.642117209839,908.8030867572994,908.8030867572994,0,329,1.0,0.041666666666666664,1400-11-03,False,False
2022-01-23 12:00:00,9560.0,9660.0,9550.0,9650.0,3787144,399,2022-01-23,0.0951626268855811,909.7547130261553,919.2709757147134,908.8030867572994,918.3193494458576,0,330,1.0,0.041666666666666664,1400-11-03,False,False
2022-01-24 09:00:00,9600.0,9690.0,9440.0,9570.0,7377436,839,2022-01-24,0.0951626268855811,913.5612181015786,922.1258545212808,898.3351977998856,910.706339295011,0,331,21.0,0.875,1400-11-04,False,False
2022-01-24 10:00:00,9570.0,9760.0,9570.0,9590.0,4200601,733,2022-01-24,0.0951626268855811,910.706339295011,928.7872384032714,910.706339295011,912.6095918327227,0,332,1.0,0.041666666666666664,1400-11-04,False,False
2022-01-24 11:00:00,9590.0,9600.0,9530.0,9560.0,4173263,533,2022-01-24,0.0951626268855811,912.6095918327227,913.5612181015786,906.8998342195879,909.7547130261553,0,333,1.0,0.041666666666666664,1400-11-04,False,False
2022-01-24 12:00:00,9560.0,9570.0,9430.0,9480.0,3329826,456,2022-01-24,0.0951626268855811,909.7547130261553,910.706339295011,897.3835715310297,902.1417028753087,0,334,1.0,0.041666666666666664,1400-11-04,False,False
2022-01-25 09:00:00,9430.0,9580.0,9200.0,9200.0,9435026,929,2022-01-25,0.0951626268855811,897.3835715310297,911.6579655638669,875.496167347346,875.496167347346,0,335,21.0,0.875,1400-11-05,False,False
2022-01-25 10:00:00,9210.0,9570.0,9100.0,9320.0,46386977,1534,2022-01-25,0.0951626268855811,876.4477936162019,910.706339295011,865.979904658788,886.9156825736158,0,336,1.0,0.041666666666666664,1400-11-05,False,False
2022-01-25 11:00:00,9320.0,9600.0,9300.0,9600.0,27489301,1485,2022-01-25,0.0951626268855811,886.9156825736158,913.5612181015786,885.0124300359042,913.5612181015786,0,337,1.0,0.041666666666666664,1400-11-05,False,False
2022-01-25 12:00:00,9600.0,9650.0,9590.0,9640.0,13730992,981,2022-01-25,0.0951626268855811,913.5612181015786,918.3193494458576,912.6095918327227,917.3677231770017,0,338,1.0,0.041666666666666664,1400-11-05,False,False
2022-01-25 17:00:00,9410.0,9620.0,9400.0,9430.0,15180190,109,2022-01-25,0.0951626268855811,895.4803189933181,915.4644706392901,894.5286927244623,897.3835715310297,0,339,5.0,0.20833333333333334,1400-11-05,False,False
2022-01-25 18:00:00,9430.0,9610.0,9430.0,9610.0,13305586,110,2022-01-25,0.0951626268855811,897.3835715310297,914.5128443704343,897.3835715310297,914.5128443704343,0,340,1.0,0.041666666666666664,1400-11-05,False,False
2022-01-26 09:00:00,9920.0,9950.0,9800.0,9950.0,13851837,1600,2022-01-26,0.0951626268855811,944.0132587049644,946.8681375115319,932.5937434786947,946.8681375115319,0,341,15.0,0.625,1400-11-06,False,False
2022-01-26 10:00:00,9950.0,9950.0,9720.0,9840.0,5403675,770,2022-01-26,0.0951626268855811,946.8681375115319,946.8681375115319,924.9807333278483,936.400248554118,0,342,1.0,0.041666666666666664,1400-11-06,False,False
2022-01-26 11:00:00,9850.0,9950.0,9820.0,9950.0,9950015,740,2022-01-26,0.0951626268855811,937.3518748229737,946.8681375115319,934.4969960164063,946.8681375115319,0,343,1.0,0.041666666666666664,1400-11-06,False,False
2022-01-26 12:00:00,9950.0,9950.0,9950.0,9950.0,1384772,150,2022-01-26,0.0951626268855811,946.8681375115319,946.8681375115319,946.8681375115319,946.8681375115319,0,344,1.0,0.041666666666666664,1400-11-06,False,False
2022-01-29 09:00:00,10240.0,10410.0,10100.0,10410.0,15340148,1462,2022-01-29,0.0951626268855811,974.4652993083504,990.6429458788992,961.142531544369,990.6429458788992,0,345,69.0,2.875,1400-11-09,False,False
2022-01-29 10:00:00,10410.0,10410.0,10410.0,10410.0,5888751,481,2022-01-29,0.0951626268855811,990.6429458788992,990.6429458788992,990.6429458788992,990.6429458788992,0,346,1.0,0.041666666666666664,1400-11-09,False,False
2022-01-29 11:00:00,10410.0,10410.0,10410.0,10410.0,9922828,439,2022-01-29,0.0951626268855811,990.6429458788992,990.6429458788992,990.6429458788992,990.6429458788992,0,347,1.0,0.041666666666666664,1400-11-09,False,False
2022-01-29 12:00:00,10410.0,10410.0,10410.0,10410.0,2156531,175,2022-01-29,0.0951626268855811,990.6429458788992,990.6429458788992,990.6429458788992,990.6429458788992,0,348,1.0,0.041666666666666664,1400-11-09,False,False
2022-01-30 09:00:00,10610.0,10770.0,10520.0,10660.0,15910896,1738,2022-01-30,0.0951626268855811,1009.6754712560154,1024.9014915577084,1001.1108348363131,1014.4336026002944,0,349,21.0,0.875,1400-11-10,False,False
2022-01-30 10:00:00,10660.0,10690.0,10650.0,10650.0,13225565,1187,2022-01-30,0.0951626268855811,1014.4336026002944,1017.2884814068619,1013.4819763314387,1013.4819763314387,0,350,1.0,0.041666666666666664,1400-11-10,False,False
2022-01-30 11:00:00,10650.0,10800.0,10570.0,10740.0,25854753,1592,2022-01-30,0.0951626268855811,1013.4819763314387,1027.7563703642759,1005.8689661805922,1022.046612751141,0,351,1.0,0.041666666666666664,1400-11-10,False,False
2022-01-30 12:00:00,10730.0,10760.0,10670.0,10710.0,5021450,617,2022-01-30,0.0951626268855811,1021.0949864822851,1023.9498652888526,1015.3852288691503,1019.1917339445736,0,352,1.0,0.041666666666666664,1400-11-10,False,False
2022-01-30 16:00:00,10750.0,10790.0,10620.0,10650.0,11624319,101,2022-01-30,0.0951626268855811,1022.9982390199967,1026.8047440954201,1010.6270975248713,1013.4819763314387,0,353,4.0,0.16666666666666666,1400-11-10,False,False
2022-01-30 18:00:00,10620.0,10750.0,10580.0,10600.0,6359214,62,2022-01-30,0.0951626268855811,1010.6270975248713,1022.9982390199967,1006.820592449448,1008.7238449871596,0,354,2.0,0.08333333333333333,1400-11-10,False,False
2022-01-31 09:00:00,10710.0,10800.0,10680.0,10710.0,8593791,1170,2022-01-31,0.0951626268855811,1019.1917339445736,1027.7563703642759,1016.3368551380061,1019.1917339445736,0,355,15.0,0.625,1400-11-11,False,False
2022-01-31 10:00:00,10710.0,10900.0,10700.0,10730.0,8388169,1078,2022-01-31,0.0951626268855811,1019.1917339445736,1037.272633052834,1018.2401076757177,1021.0949864822851,0,356,1.0,0.041666666666666664,1400-11-11,False,False
2022-01-31 11:00:00,10720.0,10800.0,10700.0,10770.0,6266905,907,2022-01-31,0.0951626268855811,1020.1433602134293,1027.7563703642759,1018.2401076757177,1024.9014915577084,0,357,1.0,0.041666666666666664,1400-11-11,False,False
2022-01-31 12:00:00,10770.0,10800.0,10710.0,10760.0,4251534,496,2022-01-31,0.0951626268855811,1024.9014915577084,1027.7563703642759,1019.1917339445736,1023.9498652888526,0,358,1.0,0.041666666666666664,1400-11-11,False,False
2022-02-01 09:00:00,10850.0,10850.0,10750.0,10770.0,13596566,1190,2022-02-01,0.0951626268855811,1032.514501708555,1032.514501708555,1022.9982390199967,1024.9014915577084,0,359,21.0,0.875,1400-11-12,False,False
2022-02-01 10:00:00,10770.0,10780.0,10740.0,10740.0,11929388,923,2022-02-01,0.0951626268855811,1024.9014915577084,1025.8531178265641,1022.046612751141,1022.046612751141,0,360,1.0,0.041666666666666664,1400-11-12,False,False
2022-02-01 11:00:00,10740.0,10780.0,10740.0,10760.0,20539940,1037,2022-02-01,0.0951626268855811,1022.046612751141,1025.8531178265641,1022.046612751141,1023.9498652888526,0,361,1.0,0.041666666666666664,1400-11-12,False,False
2022-02-01 12:00:00,10760.0,10780.0,10750.0,10750.0,10957383,612,2022-02-01,0.0951626268855811,1023.9498652888526,1025.8531178265641,1022.9982390199967,1022.9982390199967,0,362,1.0,0.041666666666666664,1400-11-12,False,False
2022-02-01 14:00:00,10770.0,10770.0,10770.0,10770.0,3750221,25,2022-02-01,0.0951626268855811,1024.9014915577084,1024.9014915577084,1024.9014915577084,1024.9014915577084,0,363,2.0,0.08333333333333333,1400-11-12,False,False
2022-02-01 15:00:00,10770.0,10770.0,10740.0,10750.0,3698589,27,2022-02-01,0.0951626268855811,1024.9014915577084,1024.9014915577084,1022.046612751141,1022.9982390199967,0,364,1.0,0.041666666666666664,1400-11-12,False,False
2022-02-02 09:00:00,10760.0,10790.0,10760.0,10780.0,18017240,1206,2022-02-02,0.0951626268855811,1023.9498652888526,1026.8047440954201,1023.9498652888526,1025.8531178265641,0,365,18.0,0.75,1400-11-13,False,False
2022-02-02 10:00:00,10790.0,10810.0,10780.0,10810.0,12540094,993,2022-02-02,0.0951626268855811,1026.8047440954201,1028.7079966331316,1025.8531178265641,1028.7079966331316,0,366,1.0,0.041666666666666664,1400-11-13,False,False
2022-02-02 11:00:00,10820.0,10820.0,10790.0,10810.0,7782900,779,2022-02-02,0.0951626268855811,1029.6596229019874,1029.6596229019874,1026.8047440954201,1028.7079966331316,0,367,1.0,0.041666666666666664,1400-11-13,False,False
2022-02-02 12:00:00,10810.0,10830.0,10760.0,10760.0,14032791,604,2022-02-02,0.0951626268855811,1028.7079966331316,1030.6112491708432,1023.9498652888526,1023.9498652888526,0,368,1.0,0.041666666666666664,1400-11-13,False,False
2022-02-02 16:00:00,10760.0,10810.0,10760.0,10760.0,2863562,22,2022-02-02,0.0951626268855811,1023.9498652888526,1028.7079966331316,1023.9498652888526,1023.9498652888526,0,369,4.0,0.16666666666666666,1400-11-13,False,False
2022-02-05 09:00:00,10800.0,10840.0,10790.0,10790.0,11350990,1043,2022-02-05,0.0951626268855811,1027.7563703642759,1031.5628754396992,1026.8047440954201,1026.8047440954201,0,370,65.0,2.7083333333333335,1400-11-16,False,False
2022-02-05 10:00:00,10790.0,10810.0,10790.0,10800.0,13219585,938,2022-02-05,0.0951626268855811,1026.8047440954201,1028.7079966331316,1026.8047440954201,1027.7563703642759,0,371,1.0,0.041666666666666664,1400-11-16,False,False
2022-02-05 11:00:00,10800.0,10820.0,10800.0,10810.0,12679299,922,2022-02-05,0.0951626268855811,1027.7563703642759,1029.6596229019874,1027.7563703642759,1028.7079966331316,0,372,1.0,0.041666666666666664,1400-11-16,False,False
2022-02-05 12:00:00,10810.0,10840.0,10810.0,10830.0,13202293,695,2022-02-05,0.0951626268855811,1028.7079966331316,1031.5628754396992,1028.7079966331316,1030.6112491708432,0,373,1.0,0.041666666666666664,1400-11-16,False,False
2022-02-05 17:00:00,10830.0,10830.0,10790.0,10790.0,5775097,39,2022-02-05,0.0951626268855811,1030.6112491708432,1030.6112491708432,1026.8047440954201,1026.8047440954201,0,374,5.0,0.20833333333333334,1400-11-16,False,False
2022-02-06 09:00:00,10810.0,10820.0,10400.0,10600.0,51551117,2069,2022-02-06,0.0951626268855811,1028.7079966331316,1029.6596229019874,989.6913196100434,1008.7238449871596,0,375,16.0,0.6666666666666666,1400-11-17,False,False
2022-02-06 10:00:00,10610.0,10620.0,10440.0,10460.0,29893524,1655,2022-02-06,0.0951626268855811,1009.6754712560154,1010.6270975248713,993.4978246854666,995.4010772231783,0,376,1.0,0.041666666666666664,1400-11-17,False,False
2022-02-06 11:00:00,10450.0,10810.0,10450.0,10480.0,47467147,1137,2022-02-06,0.0951626268855811,994.4494509543224,1028.7079966331316,994.4494509543224,997.3043297608899,0,377,1.0,0.041666666666666664,1400-11-17,False,False
2022-02-06 12:00:00,10490.0,10600.0,10320.0,10550.0,10988875,643,2022-02-06,0.0951626268855811,998.2559560297457,1008.7238449871596,982.0783094591969,1003.9657136428806,0,378,1.0,0.041666666666666664,1400-11-17,False,False
2022-02-06 15:00:00,10580.0,10590.0,10450.0,10570.0,5141851,38,2022-02-06,0.0951626268855811,1006.820592449448,1007.7722187183037,994.4494509543224,1005.8689661805922,0,379,3.0,0.125,1400-11-17,False,False
2022-02-07 09:00:00,10340.0,10540.0,10340.0,10480.0,12464162,993,2022-02-07,0.0951626268855811,983.9815619969086,1003.0140873740247,983.9815619969086,997.3043297608899,0,380,18.0,0.75,1400-11-18,False,False
2022-02-07 10:00:00,10480.0,10520.0,10430.0,10460.0,5921192,662,2022-02-07,0.0951626268855811,997.3043297608899,1001.1108348363131,992.5461984166108,995.4010772231783,0,381,1.0,0.041666666666666664,1400-11-18,False,False
2022-02-07 11:00:00,10460.0,10470.0,10430.0,10440.0,3561071,303,2022-02-07,0.0951626268855811,995.4010772231783,996.352703492034,992.5461984166108,993.4978246854666,0,382,1.0,0.041666666666666664,1400-11-18,False,False
2022-02-08 10:00:00,10450.0,10500.0,10380.0,10410.0,15835674,835,2022-02-08,0.0951626268855811,994.4494509543224,999.2075822986016,987.7880670723317,990.6429458788992,0,383,23.0,0.9583333333333334,1400-11-19,False,False
2022-02-08 11:00:00,10420.0,10450.0,10230.0,10300.0,8510795,788,2022-02-08,0.0951626268855811,991.594572147755,994.4494509543224,973.5136730394946,980.1750569214853,0,384,1.0,0.041666666666666664,1400-11-19,False,False
2022-02-08 12:00:00,10290.0,10290.0,10210.0,10280.0,2338419,425,2022-02-08,0.0951626268855811,979.2234306526294,979.2234306526294,971.610420501783,978.2718043837737,0,385,1.0,0.041666666666666664,1400-11-19,False,False
2022-02-09 09:00:00,10310.0,10310.0,10080.0,10170.0,5502892,1121,2022-02-09,0.0951626268855811,981.126683190341,981.126683190341,959.2392790066574,967.8039154263597,0,386,21.0,0.875,1400-11-20,False,False
2022-02-09 10:00:00,10130.0,10240.0,10120.0,10240.0,4923340,893,2022-02-09,0.0951626268855811,963.9974103509364,974.4652993083504,963.0457840820807,974.4652993083504,0,387,1.0,0.041666666666666664,1400-11-20,False,False
2022-02-09 11:00:00,10230.0,10480.0,10220.0,10480.0,8300266,1071,2022-02-09,0.0951626268855811,973.5136730394946,997.3043297608899,972.5620467706387,997.3043297608899,0,388,1.0,0.041666666666666664,1400-11-20,False,False
2022-02-09 12:00:00,10480.0,10490.0,10420.0,10480.0,5613428,463,2022-02-09,0.0951626268855811,997.3043297608899,998.2559560297457,991.594572147755,997.3043297608899,0,389,1.0,0.041666666666666664,1400-11-20,False,False
2022-02-12 09:00:00,10410.0,10500.0,10260.0,10310.0,2730974,615,2022-02-12,0.0951626268855811,990.6429458788992,999.2075822986016,976.368551846062,981.126683190341,0,390,69.0,2.875,1400-11-23,False,False
2022-02-12 10:00:00,10310.0,10320.0,10220.0,10230.0,3042404,555,2022-02-12,0.0951626268855811,981.126683190341,982.0783094591969,972.5620467706387,973.5136730394946,0,391,1.0,0.041666666666666664,1400-11-23,False,False
2022-02-12 11:00:00,10240.0,10300.0,10160.0,10260.0,4627733,513,2022-02-12,0.0951626268855811,974.4652993083504,980.1750569214853,966.852289157504,976.368551846062,0,392,1.0,0.041666666666666664,1400-11-23,False,False
2022-02-12 12:00:00,10270.0,10280.0,10140.0,10210.0,2948603,400,2022-02-12,0.0951626268855811,977.3201781149179,978.2718043837737,964.9490366197923,971.610420501783,0,393,1.0,0.041666666666666664,1400-11-23,False,False
2022-02-13 09:00:00,10140.0,10260.0,10100.0,10260.0,8352893,678,2022-02-13,0.0951626268855811,964.9490366197923,976.368551846062,961.142531544369,976.368551846062,0,394,21.0,0.875,1400-11-24,False,False
2022-02-13 10:00:00,10250.0,10260.0,10180.0,10220.0,8767021,542,2022-02-13,0.0951626268855811,975.4169255772063,976.368551846062,968.7555416952156,972.5620467706387,0,395,1.0,0.041666666666666664,1400-11-24,False,False
2022-02-13 11:00:00,10220.0,10240.0,10210.0,10220.0,5253160,526,2022-02-13,0.0951626268855811,972.5620467706387,974.4652993083504,971.610420501783,972.5620467706387,0,396,1.0,0.041666666666666664,1400-11-24,False,False
2022-02-13 12:00:00,10220.0,10240.0,10200.0,10210.0,6031898,435,2022-02-13,0.0951626268855811,972.5620467706387,974.4652993083504,970.6587942329272,971.610420501783,0,397,1.0,0.041666666666666664,1400-11-24,False,False
2022-02-14 09:00:00,10380.0,10490.0,10300.0,10460.0,9718278,943,2022-02-14,0.0951626268855811,987.7880670723317,998.2559560297457,980.1750569214853,995.4010772231783,0,398,21.0,0.875,1400-11-25,False,False
2022-02-14 10:00:00,10460.0,10470.0,10430.0,10470.0,6872573,711,2022-02-14,0.0951626268855811,995.4010772231783,996.352703492034,992.5461984166108,996.352703492034,0,399,1.0,0.041666666666666664,1400-11-25,False,False
2022-02-14 11:00:00,10470.0,10580.0,10460.0,10550.0,11156224,867,2022-02-14,0.0951626268855811,996.352703492034,1006.820592449448,995.4010772231783,1003.9657136428806,0,400,1.0,0.041666666666666664,1400-11-25,False,False
2022-02-14 12:00:00,10550.0,10580.0,10540.0,10560.0,3231482,416,2022-02-14,0.0951626268855811,1003.9657136428806,1006.820592449448,1003.0140873740247,1004.9173399117363,0,401,1.0,0.041666666666666664,1400-11-25,False,False
2022-02-14 15:00:00,10460.0,10490.0,10350.0,10450.0,1478416,34,2022-02-14,0.0951626268855811,995.4010772231783,998.2559560297457,984.9331882657643,994.4494509543224,0,402,3.0,0.125,1400-11-25,False,False
2022-02-16 09:00:00,10540.0,10610.0,10480.0,10480.0,6072323,805,2022-02-16,0.0951626268855811,1003.0140873740247,1009.6754712560154,997.3043297608899,997.3043297608899,0,403,42.0,1.75,1400-11-27,False,False
2022-02-16 10:00:00,10480.0,10500.0,10480.0,10480.0,5899123,705,2022-02-16,0.0951626268855811,997.3043297608899,999.2075822986016,997.3043297608899,997.3043297608899,0,404,1.0,0.041666666666666664,1400-11-27,False,False
2022-02-16 11:00:00,10480.0,10500.0,10470.0,10480.0,7506776,771,2022-02-16,0.0951626268855811,997.3043297608899,999.2075822986016,996.352703492034,997.3043297608899,0,405,1.0,0.041666666666666664,1400-11-27,False,False
2022-02-16 12:00:00,10480.0,10490.0,10470.0,10490.0,9714325,528,2022-02-16,0.0951626268855811,997.3043297608899,998.2559560297457,996.352703492034,998.2559560297457,0,406,1.0,0.041666666666666664,1400-11-27,False,False
2022-02-19 09:00:00,10490.0,10500.0,10470.0,10490.0,17316361,1080,2022-02-19,0.0951626268855811,998.2559560297457,999.2075822986016,996.352703492034,998.2559560297457,0,407,69.0,2.875,1400-11-30,False,False
2022-02-19 10:00:00,10500.0,10500.0,10480.0,10490.0,11140487,833,2022-02-19,0.0951626268855811,999.2075822986016,999.2075822986016,997.3043297608899,998.2559560297457,0,408,1.0,0.041666666666666664,1400-11-30,False,False
2022-02-19 11:00:00,10490.0,10500.0,10480.0,10500.0,9389193,793,2022-02-19,0.0951626268855811,998.2559560297457,999.2075822986016,997.3043297608899,999.2075822986016,0,409,1.0,0.041666666666666664,1400-11-30,False,False
2022-02-19 12:00:00,10490.0,10500.0,10470.0,10490.0,9436055,479,2022-02-19,0.0951626268855811,998.2559560297457,999.2075822986016,996.352703492034,998.2559560297457,0,410,1.0,0.041666666666666664,1400-11-30,False,False
2022-02-20 09:00:00,10500.0,10510.0,10480.0,10500.0,10650105,803,2022-02-20,0.0951626268855811,999.2075822986016,1000.1592085674573,997.3043297608899,999.2075822986016,0,411,21.0,0.875,1400-12-01,False,False
2022-02-20 10:00:00,10500.0,10510.0,10480.0,10480.0,5053056,610,2022-02-20,0.0951626268855811,999.2075822986016,1000.1592085674573,997.3043297608899,997.3043297608899,0,412,1.0,0.041666666666666664,1400-12-01,False,False
2022-02-20 11:00:00,10480.0,10500.0,10480.0,10490.0,7324275,618,2022-02-20,0.0951626268855811,997.3043297608899,999.2075822986016,997.3043297608899,998.2559560297457,0,413,1.0,0.041666666666666664,1400-12-01,False,False
2022-02-20 12:00:00,10490.0,10500.0,10480.0,10500.0,6351115,432,2022-02-20,0.0951626268855811,998.2559560297457,999.2075822986016,997.3043297608899,999.2075822986016,0,414,1.0,0.041666666666666664,1400-12-01,False,False
2022-02-21 09:00:00,10490.0,10490.0,10350.0,10380.0,4692669,835,2022-02-21,0.0951626268855811,998.2559560297457,998.2559560297457,984.9331882657643,987.7880670723317,0,415,21.0,0.875,1400-12-02,False,False
2022-02-21 10:00:00,10380.0,10430.0,10350.0,10360.0,4333598,651,2022-02-21,0.0951626268855811,987.7880670723317,992.5461984166108,984.9331882657643,985.8848145346201,0,416,1.0,0.041666666666666664,1400-12-02,False,False
2022-02-21 11:00:00,10350.0,10360.0,10310.0,10330.0,4040560,656,2022-02-21,0.0951626268855811,984.9331882657643,985.8848145346201,981.126683190341,983.0299357280527,0,417,1.0,0.041666666666666664,1400-12-02,False,False
2022-02-21 12:00:00,10320.0,10320.0,10260.0,10300.0,3558371,501,2022-02-21,0.0951626268855811,982.0783094591969,982.0783094591969,976.368551846062,980.1750569214853,0,418,1.0,0.041666666666666664,1400-12-02,False,False
2022-02-22 09:00:00,10410.0,10420.0,10330.0,10390.0,8657006,723,2022-02-22,0.0951626268855811,990.6429458788992,991.594572147755,983.0299357280527,988.7396933411876,0,419,21.0,0.875,1400-12-03,False,False
2022-02-22 10:00:00,10400.0,10400.0,10360.0,10390.0,8847195,999,2022-02-22,0.0951626268855811,989.6913196100434,989.6913196100434,985.8848145346201,988.7396933411876,0,420,1.0,0.041666666666666664,1400-12-03,False,False
2022-02-22 11:00:00,10390.0,10460.0,10390.0,10430.0,6141405,593,2022-02-22,0.0951626268855811,988.7396933411876,995.4010772231783,988.7396933411876,992.5461984166108,0,421,1.0,0.041666666666666664,1400-12-03,False,False
2022-02-22 12:00:00,10420.0,10450.0,10390.0,10450.0,5291947,580,2022-02-22,0.0951626268855811,991.594572147755,994.4494509543224,988.7396933411876,994.4494509543224,0,422,1.0,0.041666666666666664,1400-12-03,False,False
2022-02-23 09:00:00,10400.0,10470.0,10390.0,10400.0,5476786,695,2022-02-23,0.0951626268855811,989.6913196100434,996.352703492034,988.7396933411876,989.6913196100434,0,423,21.0,0.875,1400-12-04,False,False
2022-02-23 10:00:00,10400.0,10410.0,10390.0,10400.0,5687281,530,2022-02-23,0.0951626268855811,989.6913196100434,990.6429458788992,988.7396933411876,989.6913196100434,0,424,1.0,0.041666666666666664,1400-12-04,False,False
2022-02-23 11:00:00,10400.0,10410.0,10390.0,10400.0,7556937,576,2022-02-23,0.0951626268855811,989.6913196100434,990.6429458788992,988.7396933411876,989.6913196100434,0,425,1.0,0.041666666666666664,1400-12-04,False,False
2022-02-23 12:00:00,10400.0,10410.0,10390.0,10410.0,3875354,327,2022-02-23,0.0951626268855811,989.6913196100434,990.6429458788992,988.7396933411876,990.6429458788992,0,426,1.0,0.041666666666666664,1400-12-04,False,False
2022-02-26 09:00:00,10400.0,10410.0,10200.0,10200.0,7146274,807,2022-02-26,0.0951626268855811,989.6913196100434,990.6429458788992,970.6587942329272,970.6587942329272,0,427,69.0,2.875,1400-12-07,False,False
2022-02-26 10:00:00,10200.0,10240.0,10140.0,10190.0,3691139,668,2022-02-26,0.0951626268855811,970.6587942329272,974.4652993083504,964.9490366197923,969.7071679640713,0,428,1.0,0.041666666666666664,1400-12-07,False,False
2022-02-26 11:00:00,10200.0,10200.0,10070.0,10100.0,3882923,593,2022-02-26,0.0951626268855811,970.6587942329272,970.6587942329272,958.2876527378016,961.142531544369,0,429,1.0,0.041666666666666664,1400-12-07,False,False
2022-02-26 12:00:00,10090.0,10240.0,10080.0,10130.0,3059188,411,2022-02-26,0.0951626268855811,960.1909052755133,974.4652993083504,959.2392790066574,963.9974103509364,0,430,1.0,0.041666666666666664,1400-12-07,False,False
2022-02-27 09:00:00,10100.0,10190.0,10050.0,10060.0,3845128,729,2022-02-27,0.0951626268855811,961.142531544369,969.7071679640713,956.38440020009,957.3360264689458,0,431,21.0,0.875,1400-12-08,False,False
2022-02-27 10:00:00,10050.0,10050.0,10010.0,10020.0,4507583,797,2022-02-27,0.0951626268855811,956.38440020009,956.38440020009,952.5778951246667,953.5295213935226,0,432,1.0,0.041666666666666664,1400-12-08,False,False
2022-02-27 11:00:00,10030.0,10130.0,10000.0,10100.0,4119989,675,2022-02-27,0.0951626268855811,954.4811476623784,963.9974103509364,951.626268855811,961.142531544369,0,433,1.0,0.041666666666666664,1400-12-08,False,False
2022-02-27 12:00:00,10110.0,10120.0,10060.0,10080.0,981424,301,2022-02-27,0.0951626268855811,962.0941578132249,963.0457840820807,957.3360264689458,959.2392790066574,0,434,1.0,0.041666666666666664,1400-12-08,False,False
2022-02-28 09:00:00,10010.0,10140.0,10010.0,10030.0,2943069,607,2022-02-28,0.0951626268855811,952.5778951246667,964.9490366197923,952.5778951246667,954.4811476623784,0,435,21.0,0.875,1400-12-09,False,False
2022-02-28 10:00:00,10030.0,10210.0,10020.0,10160.0,5547324,818,2022-02-28,0.0951626268855811,954.4811476623784,971.610420501783,953.5295213935226,966.852289157504,0,436,1.0,0.041666666666666664,1400-12-09,False,False
2022-02-28 11:00:00,10160.0,10180.0,10090.0,10090.0,3939554,580,2022-02-28,0.0951626268855811,966.852289157504,968.7555416952156,960.1909052755133,960.1909052755133,0,437,1.0,0.041666666666666664,1400-12-09,False,False
2022-02-28 12:00:00,10100.0,10120.0,10060.0,10100.0,4274740,427,2022-02-28,0.0951626268855811,961.142531544369,963.0457840820807,957.3360264689458,961.142531544369,0,438,1.0,0.041666666666666664,1400-12-09,False,False
2022-03-02 09:00:00,10160.0,10180.0,10040.0,10040.0,3634306,678,2022-03-02,0.0951626268855811,966.852289157504,968.7555416952156,955.4327739312342,955.4327739312342,0,439,45.0,1.875,1400-12-11,False,False
2022-03-02 10:00:00,10040.0,10090.0,10020.0,10040.0,3729776,533,2022-03-02,0.0951626268855811,955.4327739312342,960.1909052755133,953.5295213935226,955.4327739312342,0,440,1.0,0.041666666666666664,1400-12-11,False,False
2022-03-02 11:00:00,10050.0,10080.0,10040.0,10050.0,2489896,478,2022-03-02,0.0951626268855811,956.38440020009,959.2392790066574,955.4327739312342,956.38440020009,0,441,1.0,0.041666666666666664,1400-12-11,False,False
2022-03-02 12:00:00,10040.0,10060.0,10020.0,10040.0,1993832,403,2022-03-02,0.0951626268855811,955.4327739312342,957.3360264689458,953.5295213935226,955.4327739312342,0,442,1.0,0.041666666666666664,1400-12-11,False,False
2022-03-05 09:00:00,10100.0,10290.0,10100.0,10150.0,7752067,959,2022-03-05,0.0951626268855811,961.142531544369,979.2234306526294,961.142531544369,965.9006628886481,0,443,69.0,2.875,1400-12-14,False,False
2022-03-05 10:00:00,10150.0,10160.0,10070.0,10090.0,4134112,663,2022-03-05,0.0951626268855811,965.9006628886481,966.852289157504,958.2876527378016,960.1909052755133,0,444,1.0,0.041666666666666664,1400-12-14,False,False
2022-03-05 11:00:00,10080.0,10170.0,10070.0,10140.0,4643690,569,2022-03-05,0.0951626268855811,959.2392790066574,967.8039154263597,958.2876527378016,964.9490366197923,0,445,1.0,0.041666666666666664,1400-12-14,False,False
2022-03-05 12:00:00,10140.0,10360.0,10110.0,10330.0,8859873,778,2022-03-05,0.0951626268855811,964.9490366197923,985.8848145346201,962.0941578132249,983.0299357280527,0,446,1.0,0.041666666666666664,1400-12-14,False,False
2022-03-06 09:00:00,10350.0,10430.0,10320.0,10360.0,8034450,1023,2022-03-06,0.0951626268855811,984.9331882657643,992.5461984166108,982.0783094591969,985.8848145346201,0,447,21.0,0.875,1400-12-15,False,False
2022-03-06 10:00:00,10360.0,10550.0,10350.0,10550.0,8383499,953,2022-03-06,0.0951626268855811,985.8848145346201,1003.9657136428806,984.9331882657643,1003.9657136428806,0,448,1.0,0.041666666666666664,1400-12-15,False,False
2022-03-06 11:00:00,10550.0,10670.0,10490.0,10660.0,27527003,1648,2022-03-06,0.0951626268855811,1003.9657136428806,1015.3852288691503,998.2559560297457,1014.4336026002944,0,449,1.0,0.041666666666666664,1400-12-15,False,False
2022-03-06 12:00:00,10670.0,10670.0,10640.0,10670.0,10707074,727,2022-03-06,0.0951626268855811,1015.3852288691503,1015.3852288691503,1012.5303500625829,1015.3852288691503,0,450,1.0,0.041666666666666664,1400-12-15,False,False
2022-03-07 09:00:00,10710.0,10960.0,10670.0,10790.0,9406353,1374,2022-03-07,0.0951626268855811,1019.1917339445736,1042.9823906659688,1015.3852288691503,1026.8047440954201,0,451,21.0,0.875,1400-12-16,False,False
2022-03-07 10:00:00,10780.0,10810.0,10740.0,10770.0,5846776,842,2022-03-07,0.0951626268855811,1025.8531178265641,1028.7079966331316,1022.046612751141,1024.9014915577084,0,452,1.0,0.041666666666666664,1400-12-16,False,False
2022-03-07 11:00:00,10770.0,10780.0,10590.0,10590.0,7451739,860,2022-03-07,0.0951626268855811,1024.9014915577084,1025.8531178265641,1007.7722187183037,1007.7722187183037,0,453,1.0,0.041666666666666664,1400-12-16,False,False
2022-03-07 12:00:00,10590.0,10660.0,10560.0,10650.0,5635980,578,2022-03-07,0.0951626268855811,1007.7722187183037,1014.4336026002944,1004.9173399117363,1013.4819763314387,0,454,1.0,0.041666666666666664,1400-12-16,False,False
2022-03-08 09:00:00,10620.0,10650.0,10450.0,10550.0,7446830,847,2022-03-08,0.0951626268855811,1010.6270975248713,1013.4819763314387,994.4494509543224,1003.9657136428806,0,455,21.0,0.875,1400-12-17,False,False
2022-03-08 10:00:00,10540.0,10570.0,10420.0,10510.0,5500401,634,2022-03-08,0.0951626268855811,1003.0140873740247,1005.8689661805922,991.594572147755,1000.1592085674573,0,456,1.0,0.041666666666666664,1400-12-17,False,False
2022-03-08 11:00:00,10510.0,10640.0,10490.0,10540.0,6012326,675,2022-03-08,0.0951626268855811,1000.1592085674573,1012.5303500625829,998.2559560297457,1003.0140873740247,0,457,1.0,0.041666666666666664,1400-12-17,False,False
2022-03-08 12:00:00,10540.0,10570.0,10510.0,10550.0,3110465,352,2022-03-08,0.0951626268855811,1003.0140873740247,1005.8689661805922,1000.1592085674573,1003.9657136428806,0,458,1.0,0.041666666666666664,1400-12-17,False,False
2022-03-09 09:00:00,10470.0,10790.0,10470.0,10600.0,7048795,720,2022-03-09,0.0951626268855811,996.352703492034,1026.8047440954201,996.352703492034,1008.7238449871596,0,459,21.0,0.875,1400-12-18,False,False
2022-03-09 10:00:00,10600.0,10670.0,10520.0,10630.0,7194089,713,2022-03-09,0.0951626268855811,1008.7238449871596,1015.3852288691503,1001.1108348363131,1011.578723793727,0,460,1.0,0.041666666666666664,1400-12-18,False,False
2022-03-09 11:00:00,10630.0,10640.0,10480.0,10510.0,6488220,736,2022-03-09,0.0951626268855811,1011.578723793727,1012.5303500625829,997.3043297608899,1000.1592085674573,0,461,1.0,0.041666666666666664,1400-12-18,False,False
2022-03-09 12:00:00,10510.0,10570.0,10500.0,10550.0,3388442,436,2022-03-09,0.0951626268855811,1000.1592085674573,1005.8689661805922,999.2075822986016,1003.9657136428806,0,462,1.0,0.041666666666666664,1400-12-18,False,False
2022-03-09 13:00:00,10560.0,10560.0,10560.0,10560.0,1000,1,2022-03-09,0.0951626268855811,1004.9173399117363,1004.9173399117363,1004.9173399117363,1004.9173399117363,0,463,1.0,0.041666666666666664,1400-12-18,False,False
2022-03-12 09:00:00,10540.0,10540.0,10360.0,10400.0,7228654,884,2022-03-12,0.0951626268855811,1003.0140873740247,1003.0140873740247,985.8848145346201,989.6913196100434,0,464,68.0,2.8333333333333335,1400-12-21,False,False
2022-03-12 10:00:00,10400.0,10450.0,10370.0,10440.0,4756288,598,2022-03-12,0.0951626268855811,989.6913196100434,994.4494509543224,986.836440803476,993.4978246854666,0,465,1.0,0.041666666666666664,1400-12-21,False,False
2022-03-12 11:00:00,10430.0,10610.0,10420.0,10510.0,7454377,776,2022-03-12,0.0951626268855811,992.5461984166108,1009.6754712560154,991.594572147755,1000.1592085674573,0,466,1.0,0.041666666666666664,1400-12-21,False,False
2022-03-12 12:00:00,10520.0,10520.0,10430.0,10440.0,3325108,408,2022-03-12,0.0951626268855811,1001.1108348363131,1001.1108348363131,992.5461984166108,993.4978246854666,0,467,1.0,0.041666666666666664,1400-12-21,False,False
2022-03-13 09:00:00,10340.0,10550.0,10310.0,10510.0,6562490,772,2022-03-13,0.0951626268855811,983.9815619969086,1003.9657136428806,981.126683190341,1000.1592085674573,0,468,21.0,0.875,1400-12-22,False,False
2022-03-13 10:00:00,10510.0,10630.0,10500.0,10510.0,6326052,751,2022-03-13,0.0951626268855811,1000.1592085674573,1011.578723793727,999.2075822986016,1000.1592085674573,0,469,1.0,0.041666666666666664,1400-12-22,False,False
2022-03-13 11:00:00,10510.0,10540.0,10500.0,10500.0,4341161,522,2022-03-13,0.0951626268855811,1000.1592085674573,1003.0140873740247,999.2075822986016,999.2075822986016,0,470,1.0,0.041666666666666664,1400-12-22,False,False
2022-03-13 12:00:00,10500.0,10510.0,10470.0,10470.0,4753800,379,2022-03-13,0.0951626268855811,999.2075822986016,1000.1592085674573,996.352703492034,996.352703492034,0,471,1.0,0.041666666666666664,1400-12-22,False,False
2022-03-14 09:00:00,10460.0,10580.0,10460.0,10540.0,4764961,587,2022-03-14,0.0951626268855811,995.4010772231783,1006.820592449448,995.4010772231783,1003.0140873740247,0,472,21.0,0.875,1400-12-23,False,False
2022-03-14 10:00:00,10520.0,10540.0,10500.0,10510.0,4907622,543,2022-03-14,0.0951626268855811,1001.1108348363131,1003.0140873740247,999.2075822986016,1000.1592085674573,0,473,1.0,0.041666666666666664,1400-12-23,False,False
2022-03-14 11:00:00,10520.0,10550.0,10510.0,10510.0,5769858,548,2022-03-14,0.0951626268855811,1001.1108348363131,1003.9657136428806,1000.1592085674573,1000.1592085674573,0,474,1.0,0.041666666666666664,1400-12-23,False,False
2022-03-14 12:00:00,10510.0,10530.0,10510.0,10520.0,3868090,453,2022-03-14,0.0951626268855811,1000.1592085674573,1002.062461105169,1000.1592085674573,1001.1108348363131,0,475,1.0,0.041666666666666664,1400-12-23,False,False
2022-03-15 09:00:00,10520.0,10590.0,10450.0,10540.0,2875874,484,2022-03-15,0.0951626268855811,1001.1108348363131,1007.7722187183037,994.4494509543224,1003.0140873740247,0,476,21.0,0.875,1400-12-24,False,False
2022-03-15 10:00:00,10550.0,10550.0,10500.0,10500.0,6317333,621,2022-03-15,0.0951626268855811,1003.9657136428806,1003.9657136428806,999.2075822986016,999.2075822986016,0,477,1.0,0.041666666666666664,1400-12-24,False,False
2022-03-15 11:00:00,10500.0,10530.0,10490.0,10510.0,5162358,503,2022-03-15,0.0951626268855811,999.2075822986016,1002.062461105169,998.2559560297457,1000.1592085674573,0,478,1.0,0.041666666666666664,1400-12-24,False,False
2022-03-15 12:00:00,10510.0,10530.0,10500.0,10520.0,3774319,304,2022-03-15,0.0951626268855811,1000.1592085674573,1002.062461105169,999.2075822986016,1001.1108348363131,0,479,1.0,0.041666666666666664,1400-12-24,False,False
2022-03-16 09:00:00,10520.0,10720.0,10500.0,10670.0,3602118,645,2022-03-16,0.0951626268855811,1001.1108348363131,1020.1433602134293,999.2075822986016,1015.3852288691503,0,480,21.0,0.875,1400-12-25,False,False
2022-03-16 10:00:00,10660.0,10670.0,10600.0,10670.0,2656477,394,2022-03-16,0.0951626268855811,1014.4336026002944,1015.3852288691503,1008.7238449871596,1015.3852288691503,0,481,1.0,0.041666666666666664,1400-12-25,False,False
2022-03-16 11:00:00,10660.0,10750.0,10660.0,10700.0,3887872,614,2022-03-16,0.0951626268855811,1014.4336026002944,1022.9982390199967,1014.4336026002944,1018.2401076757177,0,482,1.0,0.041666666666666664,1400-12-25,False,False
2022-03-16 12:00:00,10690.0,10700.0,10670.0,10700.0,2979108,336,2022-03-16,0.0951626268855811,1017.2884814068619,1018.2401076757177,1015.3852288691503,1018.2401076757177,0,483,1.0,0.041666666666666664,1400-12-25,False,False
2022-03-19 09:00:00,10780.0,10950.0,10770.0,10830.0,4447463,696,2022-03-19,0.0951626268855811,1025.8531178265641,1042.030764397113,1024.9014915577084,1030.6112491708432,0,484,69.0,2.875,1400-12-28,False,False
2022-03-19 10:00:00,10830.0,10950.0,10800.0,10940.0,3996200,637,2022-03-19,0.0951626268855811,1030.6112491708432,1042.030764397113,1027.7563703642759,1041.0791381282572,0,485,1.0,0.041666666666666664,1400-12-28,False,False
2022-03-19 11:00:00,10930.0,11060.0,10920.0,10980.0,6292303,807,2022-03-19,0.0951626268855811,1040.1275118594015,1052.4986533545268,1039.1758855905455,1044.8856432036805,0,486,1.0,0.041666666666666664,1400-12-28,False,False
2022-03-19 12:00:00,10990.0,11040.0,10980.0,11020.0,6778195,647,2022-03-19,0.0951626268855811,1045.8372694725363,1050.5954008168153,1044.8856432036805,1048.6921482791038,0,487,1.0,0.041666666666666664,1400-12-28,False,False
2022-03-19 13:00:00,11020.0,11020.0,10780.0,10780.0,69418,3,2022-03-19,0.0951626268855811,1048.6921482791038,1048.6921482791038,1025.8531178265641,1025.8531178265641,0,488,1.0,0.041666666666666664,1400-12-28,False,False
2022-03-26 09:00:00,11400.0,11400.0,11100.0,11250.0,6081850,913,2022-03-26,0.0951626268855811,1084.8539464956245,1084.8539464956245,1056.30515842995,1070.5795524627872,0,489,164.0,6.833333333333333,1401-01-06,False,False
2022-03-26 10:00:00,11240.0,11480.0,11220.0,11480.0,19011727,1262,2022-03-26,0.0951626268855811,1069.6279261939314,1092.4669566464709,1067.72467365622,1092.4669566464709,0,490,1.0,0.041666666666666664,1401-01-06,False,False
2022-03-26 11:00:00,11480.0,11480.0,11480.0,11480.0,9563986,698,2022-03-26,0.0951626268855811,1092.4669566464709,1092.4669566464709,1092.4669566464709,1092.4669566464709,0,491,1.0,0.041666666666666664,1401-01-06,False,False
2022-03-26 12:00:00,11480.0,11480.0,11480.0,11480.0,3077449,349,2022-03-26,0.0951626268855811,1092.4669566464709,1092.4669566464709,1092.4669566464709,1092.4669566464709,0,492,1.0,0.041666666666666664,1401-01-06,False,False
2022-03-27 09:00:00,11570.0,11660.0,11480.0,11510.0,9328186,1387,2022-03-27,0.0951626268855811,1101.0315930661732,1109.5962294858755,1092.4669566464709,1095.3218354530384,0,493,21.0,0.875,1401-01-07,False,False
2022-03-27 10:00:00,11510.0,11800.0,11460.0,11720.0,6704621,1023,2022-03-27,0.0951626268855811,1095.3218354530384,1122.9189972498568,1090.5637041087593,1115.3059870990105,0,494,1.0,0.041666666666666664,1401-01-07,False,False
2022-03-27 11:00:00,11720.0,11850.0,11660.0,11730.0,10230317,1068,2022-03-27,0.0951626268855811,1115.3059870990105,1127.6771285941359,1109.5962294858755,1116.2576133678663,0,495,1.0,0.041666666666666664,1401-01-07,False,False
2022-03-27 12:00:00,11730.0,11760.0,11670.0,11720.0,4525530,520,2022-03-27,0.0951626268855811,1116.2576133678663,1119.1124921744338,1110.5478557547315,1115.3059870990105,0,496,1.0,0.041666666666666664,1401-01-07,False,False
2022-03-28 09:00:00,11750.0,11800.0,11620.0,11710.0,7123315,1150,2022-03-28,0.0951626268855811,1118.1608659055778,1122.9189972498568,1105.7897244104522,1114.3543608301545,0,497,21.0,0.875,1401-01-08,False,False
2022-03-28 10:00:00,11710.0,11750.0,11630.0,11720.0,6095567,933,2022-03-28,0.0951626268855811,1114.3543608301545,1118.1608659055778,1106.7413506793082,1115.3059870990105,0,498,1.0,0.041666666666666664,1401-01-08,False,False
2022-03-28 11:00:00,11720.0,11940.0,11700.0,11920.0,8253464,979,2022-03-28,0.0951626268855811,1115.3059870990105,1136.2417650138382,1113.4027345612988,1134.3385124761267,0,499,1.0,0.041666666666666664,1401-01-08,False,False
2022-03-28 12:00:00,11910.0,11920.0,11770.0,11790.0,3485762,541,2022-03-28,0.0951626268855811,1133.386886207271,1134.3385124761267,1120.0641184432895,1121.967370981001,0,500,1.0,0.041666666666666664,1401-01-08,False,False
2022-03-29 09:00:00,11850.0,11850.0,11440.0,11510.0,7941640,1287,2022-03-29,0.0951626268855811,1127.6771285941359,1127.6771285941359,1088.6604515710478,1095.3218354530384,0,501,21.0,0.875,1401-01-09,False,False
2022-03-29 10:00:00,11490.0,11690.0,11460.0,11500.0,6691491,837,2022-03-29,0.0951626268855811,1093.4185829153269,1112.451108292443,1090.5637041087593,1094.3702091841826,0,502,1.0,0.041666666666666664,1401-01-09,False,False
2022-03-29 11:00:00,11510.0,11510.0,11440.0,11440.0,6657265,908,2022-03-29,0.0951626268855811,1095.3218354530384,1095.3218354530384,1088.6604515710478,1088.6604515710478,0,503,1.0,0.041666666666666664,1401-01-09,False,False
2022-03-29 12:00:00,11440.0,11450.0,11410.0,11420.0,5224913,575,2022-03-29,0.0951626268855811,1088.6604515710478,1089.6120778399036,1085.8055727644803,1086.757199033336,0,504,1.0,0.041666666666666664,1401-01-09,False,False
2022-03-30 09:00:00,11420.0,11620.0,11310.0,11610.0,3102210,759,2022-03-30,0.0951626268855811,1086.757199033336,1105.7897244104522,1076.2893100759222,1104.8380981415964,0,505,21.0,0.875,1401-01-10,False,False
2022-03-30 10:00:00,11610.0,11650.0,11590.0,11630.0,3643247,710,2022-03-30,0.0951626268855811,1104.8380981415964,1108.6446032170197,1102.934845603885,1106.7413506793082,0,506,1.0,0.041666666666666664,1401-01-10,False,False
2022-03-30 11:00:00,11630.0,11700.0,11610.0,11650.0,4002892,608,2022-03-30,0.0951626268855811,1106.7413506793082,1113.4027345612988,1104.8380981415964,1108.6446032170197,0,507,1.0,0.041666666666666664,1401-01-10,False,False
2022-03-30 12:00:00,11650.0,11690.0,11640.0,11680.0,3480328,445,2022-03-30,0.0951626268855811,1108.6446032170197,1112.451108292443,1107.692976948164,1111.4994820235872,0,508,1.0,0.041666666666666664,1401-01-10,False,False
2022-04-03 09:00:00,11780.0,12190.0,11660.0,12190.0,16273785,1571,2022-04-03,0.0951626268855811,1121.0157447121453,1160.0324217352336,1109.5962294858755,1160.0324217352336,0,509,93.0,3.875,1401-01-14,False,False
2022-04-03 10:00:00,12190.0,12190.0,12190.0,12190.0,11193824,842,2022-04-03,0.0951626268855811,1160.0324217352336,1160.0324217352336,1160.0324217352336,1160.0324217352336,0,510,1.0,0.041666666666666664,1401-01-14,False,False
2022-04-03 11:00:00,12190.0,12190.0,12190.0,12190.0,6276395,652,2022-04-03,0.0951626268855811,1160.0324217352336,1160.0324217352336,1160.0324217352336,1160.0324217352336,0,511,1.0,0.041666666666666664,1401-01-14,False,False
2022-04-03 12:00:00,12190.0,12190.0,12190.0,12190.0,4517026,386,2022-04-03,0.0951626268855811,1160.0324217352336,1160.0324217352336,1160.0324217352336,1160.0324217352336,0,512,1.0,0.041666666666666664,1401-01-14,False,False
2022-04-04 09:00:00,12670.0,12670.0,12200.0,12310.0,19521153,2198,2022-04-04,0.0951626268855811,1205.7104826403124,1205.7104826403124,1160.9840480040893,1171.4519369615032,0,513,21.0,0.875,1401-01-15,False,False
2022-04-04 10:00:00,12300.0,12310.0,12020.0,12200.0,15500980,1630,2022-04-04,0.0951626268855811,1170.5003106926474,1171.4519369615032,1143.8547751646847,1160.9840480040893,0,514,1.0,0.041666666666666664,1401-01-15,False,False
2022-04-04 11:00:00,12200.0,12240.0,12110.0,12130.0,10054343,1224,2022-04-04,0.0951626268855811,1160.9840480040893,1164.7905530795126,1152.419411584387,1154.3226641220988,0,515,1.0,0.041666666666666664,1401-01-15,False,False
2022-04-04 12:00:00,12130.0,12220.0,12110.0,12150.0,11851397,775,2022-04-04,0.0951626268855811,1154.3226641220988,1162.8873005418009,1152.419411584387,1156.2259166598103,0,516,1.0,0.041666666666666664,1401-01-15,False,False
2022-04-05 09:00:00,12200.0,12340.0,12010.0,12200.0,11915838,1365,2022-04-05,0.0951626268855811,1160.9840480040893,1174.3068157680707,1142.903148895829,1160.9840480040893,0,517,21.0,0.875,1401-01-16,False,False
2022-04-05 10:00:00,12190.0,12400.0,12190.0,12340.0,7857937,1136,2022-04-05,0.0951626268855811,1160.0324217352336,1180.0165733812055,1160.0324217352336,1174.3068157680707,0,518,1.0,0.041666666666666664,1401-01-16,False,False
2022-04-05 11:00:00,12350.0,12420.0,12320.0,12320.0,13170489,1125,2022-04-05,0.0951626268855811,1175.2584420369265,1181.9198259189172,1172.4035632303592,1172.4035632303592,0,519,1.0,0.041666666666666664,1401-01-16,False,False
2022-04-05 12:00:00,12320.0,12340.0,12270.0,12280.0,4849259,580,2022-04-05,0.0951626268855811,1172.4035632303592,1174.3068157680707,1167.6454318860801,1168.597058154936,0,520,1.0,0.041666666666666664,1401-01-16,False,False
2022-04-06 09:00:00,12280.0,12350.0,12120.0,12120.0,6300992,1012,2022-04-06,0.0951626268855811,1168.597058154936,1175.2584420369265,1153.3710378532428,1153.3710378532428,0,521,21.0,0.875,1401-01-17,False,False
2022-04-06 10:00:00,12140.0,12170.0,12020.0,12020.0,7232028,992,2022-04-06,0.0951626268855811,1155.2742903909545,1158.1291691975218,1143.8547751646847,1143.8547751646847,0,522,1.0,0.041666666666666664,1401-01-17,False,False
2022-04-06 11:00:00,12020.0,12130.0,11970.0,12020.0,8849440,1094,2022-04-06,0.0951626268855811,1143.8547751646847,1154.3226641220988,1139.0966438204057,1143.8547751646847,0,523,1.0,0.041666666666666664,1401-01-17,False,False
2022-04-06 12:00:00,12020.0,12030.0,11940.0,11960.0,5847710,759,2022-04-06,0.0951626268855811,1143.8547751646847,1144.8064014335405,1136.2417650138382,1138.14501755155,0,524,1.0,0.041666666666666664,1401-01-17,False,False
2022-04-09 09:00:00,11850.0,12000.0,11670.0,11930.0,5876982,1012,2022-04-09,0.0951626268855811,1127.6771285941359,1141.9515226269732,1110.5478557547315,1135.2901387449824,0,525,69.0,2.875,1401-01-20,False,False
2022-04-09 10:00:00,11920.0,12100.0,11910.0,12030.0,4892507,848,2022-04-09,0.0951626268855811,1134.3385124761267,1151.4677853155313,1133.386886207271,1144.8064014335405,0,526,1.0,0.041666666666666664,1401-01-20,False,False
2022-04-09 11:00:00,12040.0,12100.0,12010.0,12020.0,6207653,787,2022-04-09,0.0951626268855811,1145.7580277023965,1151.4677853155313,1142.903148895829,1143.8547751646847,0,527,1.0,0.041666666666666664,1401-01-20,False,False
2022-04-09 12:00:00,12020.0,12050.0,11990.0,12000.0,2672394,442,2022-04-09,0.0951626268855811,1143.8547751646847,1146.7096539712522,1140.9998963581174,1141.9515226269732,0,528,1.0,0.041666666666666664,1401-01-20,False,False
2022-04-10 09:00:00,12060.0,12330.0,12060.0,12280.0,9089959,901,2022-04-10,0.0951626268855811,1147.661280240108,1173.355189499215,1147.661280240108,1168.597058154936,0,529,21.0,0.875,1401-01-21,False,False
2022-04-10 10:00:00,12260.0,12270.0,12100.0,12200.0,8472451,950,2022-04-10,0.0951626268855811,1166.6938056172241,1167.6454318860801,1151.4677853155313,1160.9840480040893,0,530,1.0,0.041666666666666664,1401-01-21,False,False
2022-04-10 11:00:00,12200.0,12250.0,12170.0,12170.0,5891536,758,2022-04-10,0.0951626268855811,1160.9840480040893,1165.7421793483684,1158.1291691975218,1158.1291691975218,0,531,1.0,0.041666666666666664,1401-01-21,False,False
2022-04-10 12:00:00,12180.0,12210.0,12160.0,12160.0,2926418,461,2022-04-10,0.0951626268855811,1159.0807954663778,1161.935674272945,1157.177542928666,1157.177542928666,0,532,1.0,0.041666666666666664,1401-01-21,False,False
2022-04-11 09:00:00,12230.0,12300.0,12220.0,12240.0,5575032,841,2022-04-11,0.0951626268855811,1163.8389268106569,1170.5003106926474,1162.8873005418009,1164.7905530795126,0,533,21.0,0.875,1401-01-22,False,False
2022-04-11 10:00:00,12240.0,12260.0,12210.0,12250.0,5718193,798,2022-04-11,0.0951626268855811,1164.7905530795126,1166.6938056172241,1161.935674272945,1165.7421793483684,0,534,1.0,0.041666666666666664,1401-01-22,False,False
2022-04-11 11:00:00,12250.0,12330.0,12240.0,12270.0,6198357,840,2022-04-11,0.0951626268855811,1165.7421793483684,1173.355189499215,1164.7905530795126,1167.6454318860801,0,535,1.0,0.041666666666666664,1401-01-22,False,False
2022-04-11 12:00:00,12270.0,12330.0,12250.0,12330.0,3712218,469,2022-04-11,0.0951626268855811,1167.6454318860801,1173.355189499215,1165.7421793483684,1173.355189499215,0,536,1.0,0.041666666666666664,1401-01-22,False,False
2022-04-11 16:00:00,12260.0,12260.0,12260.0,12260.0,6966,1,2022-04-11,0.0951626268855811,1166.6938056172241,1166.6938056172241,1166.6938056172241,1166.6938056172241,0,537,4.0,0.16666666666666666,1401-01-22,False,False
2022-04-12 09:00:00,11800.0,11930.0,11650.0,11650.0,17576314,1732,2022-04-12,0.0951626268855811,1122.9189972498568,1135.2901387449824,1108.6446032170197,1108.6446032170197,0,538,17.0,0.7083333333333334,1401-01-23,False,False
2022-04-12 10:00:00,11650.0,11680.0,11650.0,11650.0,12566122,1440,2022-04-12,0.0951626268855811,1108.6446032170197,1111.4994820235872,1108.6446032170197,1108.6446032170197,0,539,1.0,0.041666666666666664,1401-01-23,False,False
2022-04-12 11:00:00,11650.0,11670.0,11650.0,11650.0,15008889,1099,2022-04-12,0.0951626268855811,1108.6446032170197,1110.5478557547315,1108.6446032170197,1108.6446032170197,0,540,1.0,0.041666666666666664,1401-01-23,False,False
2022-04-12 12:00:00,11650.0,11650.0,11650.0,11650.0,10941406,467,2022-04-12,0.0951626268855811,1108.6446032170197,1108.6446032170197,1108.6446032170197,1108.6446032170197,0,541,1.0,0.041666666666666664,1401-01-23,False,False
2022-04-13 09:00:00,11570.0,11950.0,11570.0,11900.0,7707162,1137,2022-04-13,0.0951626268855811,1101.0315930661732,1137.1933912826942,1101.0315930661732,1132.4352599384151,0,542,21.0,0.875,1401-01-24,False,False
2022-04-13 10:00:00,11890.0,11920.0,11790.0,11820.0,5027461,731,2022-04-13,0.0951626268855811,1131.4836336695591,1134.3385124761267,1121.967370981001,1124.8222497875686,0,543,1.0,0.041666666666666664,1401-01-24,False,False
2022-04-13 11:00:00,11810.0,11920.0,11790.0,11900.0,5995744,655,2022-04-13,0.0951626268855811,1123.8706235187128,1134.3385124761267,1121.967370981001,1132.4352599384151,0,544,1.0,0.041666666666666664,1401-01-24,False,False
2022-04-13 12:00:00,11910.0,11970.0,11890.0,11950.0,3102301,459,2022-04-13,0.0951626268855811,1133.386886207271,1139.0966438204057,1131.4836336695591,1137.1933912826942,0,545,1.0,0.041666666666666664,1401-01-24,False,False
2022-04-13 16:00:00,11900.0,11900.0,11900.0,11900.0,6873,1,2022-04-13,0.0951626268855811,1132.4352599384151,1132.4352599384151,1132.4352599384151,1132.4352599384151,0,546,4.0,0.16666666666666666,1401-01-24,False,False
2022-04-16 09:00:00,11900.0,12080.0,11870.0,12010.0,9361042,1027,2022-04-16,0.0951626268855811,1132.4352599384151,1149.5645327778195,1129.5803811318476,1142.903148895829,0,547,65.0,2.7083333333333335,1401-01-27,False,False
2022-04-16 10:00:00,12010.0,12020.0,11960.0,11990.0,6574110,845,2022-04-16,0.0951626268855811,1142.903148895829,1143.8547751646847,1138.14501755155,1140.9998963581174,0,548,1.0,0.041666666666666664,1401-01-27,False,False
2022-04-16 11:00:00,11990.0,12010.0,11970.0,11980.0,5310304,723,2022-04-16,0.0951626268855811,1140.9998963581174,1142.903148895829,1139.0966438204057,1140.0482700892615,0,549,1.0,0.041666666666666664,1401-01-27,False,False
2022-04-16 12:00:00,11980.0,12020.0,11980.0,12010.0,4870886,443,2022-04-16,0.0951626268855811,1140.0482700892615,1143.8547751646847,1140.0482700892615,1142.903148895829,0,550,1.0,0.041666666666666664,1401-01-27,False,False
2022-04-16 16:00:00,11960.0,11960.0,11960.0,11960.0,6838,1,2022-04-16,0.0951626268855811,1138.14501755155,1138.14501755155,1138.14501755155,1138.14501755155,0,551,4.0,0.16666666666666666,1401-01-27,False,False
2022-04-17 09:00:00,12000.0,12050.0,11800.0,11980.0,9459390,996,2022-04-17,0.0951626268855811,1141.9515226269732,1146.7096539712522,1122.9189972498568,1140.0482700892615,0,552,17.0,0.7083333333333334,1401-01-28,False,False
2022-04-17 10:00:00,11980.0,11990.0,11950.0,11980.0,4548148,679,2022-04-17,0.0951626268855811,1140.0482700892615,1140.9998963581174,1137.1933912826942,1140.0482700892615,0,553,1.0,0.041666666666666664,1401-01-28,False,False
2022-04-17 11:00:00,11980.0,12030.0,11950.0,12020.0,10259009,1099,2022-04-17,0.0951626268855811,1140.0482700892615,1144.8064014335405,1137.1933912826942,1143.8547751646847,0,554,1.0,0.041666666666666664,1401-01-28,False,False
2022-04-17 12:00:00,12020.0,12070.0,11960.0,11960.0,7321015,666,2022-04-17,0.0951626268855811,1143.8547751646847,1148.6129065089638,1138.14501755155,1138.14501755155,0,555,1.0,0.041666666666666664,1401-01-28,False,False
2022-04-20 11:00:00,12100.0,12140.0,12000.0,12100.0,4865945,742,2022-04-20,0.0951626268855811,1151.4677853155313,1155.2742903909545,1141.9515226269732,1151.4677853155313,0,556,71.0,2.9583333333333335,1401-01-31,False,False
2022-04-20 12:00:00,12100.0,12130.0,12000.0,12130.0,6608066,590,2022-04-20,0.0951626268855811,1151.4677853155313,1154.3226641220988,1141.9515226269732,1154.3226641220988,0,557,1.0,0.041666666666666664,1401-01-31,False,False
2022-04-24 09:00:00,12240.0,12240.0,11850.0,11860.0,5105061,1077,2022-04-24,0.0951626268855811,1164.7905530795126,1164.7905530795126,1127.6771285941359,1128.6287548629919,0,558,93.0,3.875,1401-02-04,False,False
2022-04-24 10:00:00,11870.0,11920.0,11830.0,11840.0,4025500,748,2022-04-24,0.0951626268855811,1129.5803811318476,1134.3385124761267,1125.7738760564243,1126.72550232528,0,559,1.0,0.041666666666666664,1401-02-04,False,False
2022-04-24 11:00:00,11830.0,11960.0,11790.0,11940.0,5753393,836,2022-04-24,0.0951626268855811,1125.7738760564243,1138.14501755155,1121.967370981001,1136.2417650138382,0,560,1.0,0.041666666666666664,1401-02-04,False,False
2022-04-24 12:00:00,11950.0,12080.0,11930.0,12000.0,5383498,488,2022-04-24,0.0951626268855811,1137.1933912826942,1149.5645327778195,1135.2901387449824,1141.9515226269732,0,561,1.0,0.041666666666666664,1401-02-04,False,False
2022-04-25 09:00:00,11840.0,11950.0,11820.0,11940.0,3133582,703,2022-04-25,0.0951626268855811,1126.72550232528,1137.1933912826942,1124.8222497875686,1136.2417650138382,0,562,21.0,0.875,1401-02-05,False,False
2022-04-25 10:00:00,11950.0,12000.0,11900.0,11970.0,4230960,639,2022-04-25,0.0951626268855811,1137.1933912826942,1141.9515226269732,1132.4352599384151,1139.0966438204057,0,563,1.0,0.041666666666666664,1401-02-05,False,False
2022-04-25 11:00:00,11990.0,12070.0,11970.0,12050.0,6381757,833,2022-04-25,0.0951626268855811,1140.9998963581174,1148.6129065089638,1139.0966438204057,1146.7096539712522,0,564,1.0,0.041666666666666664,1401-02-05,False,False
2022-04-25 12:00:00,12040.0,12200.0,11990.0,12100.0,7052188,599,2022-04-25,0.0951626268855811,1145.7580277023965,1160.9840480040893,1140.9998963581174,1151.4677853155313,0,565,1.0,0.041666666666666664,1401-02-05,False,False
2022-04-25 16:00:00,12020.0,12020.0,12020.0,12020.0,2,1,2022-04-25,0.0951626268855811,1143.8547751646847,1143.8547751646847,1143.8547751646847,1143.8547751646847,0,566,4.0,0.16666666666666666,1401-02-05,False,False
2022-04-26 09:00:00,12060.0,12200.0,12050.0,12060.0,7524792,1020,2022-04-26,0.0951626268855811,1147.661280240108,1160.9840480040893,1146.7096539712522,1147.661280240108,0,567,17.0,0.7083333333333334,1401-02-06,False,False
2022-04-26 10:00:00,12060.0,12140.0,12050.0,12080.0,6338736,894,2022-04-26,0.0951626268855811,1147.661280240108,1155.2742903909545,1146.7096539712522,1149.5645327778195,0,568,1.0,0.041666666666666664,1401-02-06,False,False
2022-04-26 11:00:00,12080.0,12160.0,12070.0,12110.0,7675391,963,2022-04-26,0.0951626268855811,1149.5645327778195,1157.177542928666,1148.6129065089638,1152.419411584387,0,569,1.0,0.041666666666666664,1401-02-06,False,False
2022-04-26 12:00:00,12110.0,12110.0,12010.0,12090.0,4656637,497,2022-04-26,0.0951626268855811,1152.419411584387,1152.419411584387,1142.903148895829,1150.5161590466755,0,570,1.0,0.041666666666666664,1401-02-06,False,False
2022-04-27 09:00:00,12100.0,12150.0,11980.0,12130.0,8109988,1115,2022-04-27,0.0951626268855811,1151.4677853155313,1156.2259166598103,1140.0482700892615,1154.3226641220988,0,571,21.0,0.875,1401-02-07,False,False
2022-04-27 10:00:00,12130.0,12140.0,12070.0,12070.0,9353445,892,2022-04-27,0.0951626268855811,1154.3226641220988,1155.2742903909545,1148.6129065089638,1148.6129065089638,0,572,1.0,0.041666666666666664,1401-02-07,False,False
2022-04-27 11:00:00,12080.0,12110.0,11980.0,12110.0,6069730,957,2022-04-27,0.0951626268855811,1149.5645327778195,1152.419411584387,1140.0482700892615,1152.419411584387,0,573,1.0,0.041666666666666664,1401-02-07,False,False
2022-04-27 12:00:00,12110.0,12120.0,12070.0,12100.0,4538251,614,2022-04-27,0.0951626268855811,1152.419411584387,1153.3710378532428,1148.6129065089638,1151.4677853155313,0,574,1.0,0.041666666666666664,1401-02-07,False,False
2022-04-27 17:00:00,12130.0,12130.0,12130.0,12130.0,2,1,2022-04-27,0.0951626268855811,1154.3226641220988,1154.3226641220988,1154.3226641220988,1154.3226641220988,0,575,5.0,0.20833333333333334,1401-02-07,False,False
2022-04-30 09:00:00,12070.0,12070.0,11910.0,12000.0,5840403,957,2022-04-30,0.0951626268855811,1148.6129065089638,1148.6129065089638,1133.386886207271,1141.9515226269732,0,576,64.0,2.6666666666666665,1401-02-10,False,False
2022-04-30 10:00:00,12000.0,12000.0,11950.0,11950.0,7413926,968,2022-04-30,0.0951626268855811,1141.9515226269732,1141.9515226269732,1137.1933912826942,1137.1933912826942,0,577,1.0,0.041666666666666664,1401-02-10,False,False
2022-04-30 11:00:00,11950.0,11960.0,11910.0,11940.0,5808245,862,2022-04-30,0.0951626268855811,1137.1933912826942,1138.14501755155,1133.386886207271,1136.2417650138382,0,578,1.0,0.041666666666666664,1401-02-10,False,False
2022-04-30 12:00:00,11930.0,11970.0,11900.0,11930.0,4237663,517,2022-04-30,0.0951626268855811,1135.2901387449824,1139.0966438204057,1132.4352599384151,1135.2901387449824,0,579,1.0,0.041666666666666664,1401-02-10,False,False
2022-04-30 17:00:00,12000.0,12000.0,12000.0,12000.0,6999,2,2022-04-30,0.0951626268855811,1141.9515226269732,1141.9515226269732,1141.9515226269732,1141.9515226269732,0,580,5.0,0.20833333333333334,1401-02-10,False,False
2022-05-01 09:00:00,11900.0,11990.0,11790.0,11890.0,7142613,999,2022-05-01,0.0951626268855811,1132.4352599384151,1140.9998963581174,1121.967370981001,1131.4836336695591,0,581,16.0,0.6666666666666666,1401-02-11,False,False
2022-05-01 10:00:00,11910.0,11950.0,11840.0,11880.0,5635868,711,2022-05-01,0.0951626268855811,1133.386886207271,1137.1933912826942,1126.72550232528,1130.5320074007034,0,582,1.0,0.041666666666666664,1401-02-11,False,False
2022-05-01 11:00:00,11880.0,11970.0,11800.0,11900.0,5983427,668,2022-05-01,0.0951626268855811,1130.5320074007034,1139.0966438204057,1122.9189972498568,1132.4352599384151,0,583,1.0,0.041666666666666664,1401-02-11,False,False
2022-05-01 12:00:00,11900.0,11900.0,11860.0,11900.0,2760404,403,2022-05-01,0.0951626268855811,1132.4352599384151,1132.4352599384151,1128.6287548629919,1132.4352599384151,0,584,1.0,0.041666666666666664,1401-02-11,False,False
2022-05-01 16:00:00,11820.0,11820.0,11820.0,11820.0,6999,3,2022-05-01,0.0951626268855811,1124.8222497875686,1124.8222497875686,1124.8222497875686,1124.8222497875686,0,585,4.0,0.16666666666666666,1401-02-11,False,False
2022-05-02 09:00:00,11810.0,11880.0,11750.0,11750.0,4476277,783,2022-05-02,0.0951626268855811,1123.8706235187128,1130.5320074007034,1118.1608659055778,1118.1608659055778,0,586,17.0,0.7083333333333334,1401-02-12,False,False
2022-05-02 10:00:00,11750.0,11780.0,11740.0,11760.0,6415239,830,2022-05-02,0.0951626268855811,1118.1608659055778,1121.0157447121453,1117.209239636722,1119.1124921744338,0,587,1.0,0.041666666666666664,1401-02-12,False,False
2022-05-02 11:00:00,11770.0,11790.0,11740.0,11780.0,6152382,919,2022-05-02,0.0951626268855811,1120.0641184432895,1121.967370981001,1117.209239636722,1121.0157447121453,0,588,1.0,0.041666666666666664,1401-02-12,False,False
2022-05-02 12:00:00,11780.0,11800.0,11750.0,11790.0,6370231,586,2022-05-02,0.0951626268855811,1121.0157447121453,1122.9189972498568,1118.1608659055778,1121.967370981001,0,589,1.0,0.041666666666666664,1401-02-12,False,False
2022-05-02 16:00:00,11790.0,11790.0,11770.0,11770.0,7001,2,2022-05-02,0.0951626268855811,1121.967370981001,1121.967370981001,1120.0641184432895,1120.0641184432895,0,590,4.0,0.16666666666666666,1401-02-12,False,False
2022-05-07 09:00:00,11780.0,11850.0,11760.0,11790.0,9879924,1257,2022-05-07,0.0951626268855811,1121.0157447121453,1127.6771285941359,1119.1124921744338,1121.967370981001,0,591,113.0,4.708333333333333,1401-02-17,False,False
2022-05-07 10:00:00,11790.0,11970.0,11750.0,11900.0,7034890,968,2022-05-07,0.0951626268855811,1121.967370981001,1139.0966438204057,1118.1608659055778,1132.4352599384151,0,592,1.0,0.041666666666666664,1401-02-17,False,False
2022-05-07 11:00:00,11890.0,11940.0,11810.0,11820.0,4692083,756,2022-05-07,0.0951626268855811,1131.4836336695591,1136.2417650138382,1123.8706235187128,1124.8222497875686,0,593,1.0,0.041666666666666664,1401-02-17,False,False
2022-05-07 12:00:00,11820.0,11860.0,11790.0,11850.0,4569601,501,2022-05-07,0.0951626268855811,1124.8222497875686,1128.6287548629919,1121.967370981001,1127.6771285941359,0,594,1.0,0.041666666666666664,1401-02-17,False,False
2022-05-07 17:00:00,11800.0,11800.0,11800.0,11800.0,7000,3,2022-05-07,0.0951626268855811,1122.9189972498568,1122.9189972498568,1122.9189972498568,1122.9189972498568,0,595,5.0,0.20833333333333334,1401-02-17,False,False
2022-05-08 09:00:00,11820.0,12180.0,11820.0,12050.0,7933387,1307,2022-05-08,0.0951626268855811,1124.8222497875686,1159.0807954663778,1124.8222497875686,1146.7096539712522,0,596,16.0,0.6666666666666666,1401-02-18,False,False
2022-05-08 10:00:00,12060.0,12120.0,11890.0,11990.0,7035490,903,2022-05-08,0.0951626268855811,1147.661280240108,1153.3710378532428,1131.4836336695591,1140.9998963581174,0,597,1.0,0.041666666666666664,1401-02-18,False,False
2022-05-08 11:00:00,11980.0,12080.0,11980.0,12020.0,5724781,837,2022-05-08,0.0951626268855811,1140.0482700892615,1149.5645327778195,1140.0482700892615,1143.8547751646847,0,598,1.0,0.041666666666666664,1401-02-18,False,False
2022-05-08 12:00:00,12030.0,12170.0,12030.0,12170.0,5855240,677,2022-05-08,0.0951626268855811,1144.8064014335405,1158.1291691975218,1144.8064014335405,1158.1291691975218,0,599,1.0,0.041666666666666664,1401-02-18,False,False
2022-05-08 17:00:00,12050.0,12050.0,12050.0,12050.0,6999,1,2022-05-08,0.0951626268855811,1146.7096539712522,1146.7096539712522,1146.7096539712522,1146.7096539712522,0,600,5.0,0.20833333333333334,1401-02-18,False,False
2022-05-09 09:00:00,12180.0,12180.0,11850.0,11930.0,12281084,1264,2022-05-09,0.0951626268855811,1159.0807954663778,1159.0807954663778,1127.6771285941359,1135.2901387449824,0,601,16.0,0.6666666666666666,1401-02-19,False,False
2022-05-09 10:00:00,11930.0,11930.0,11850.0,11880.0,6481137,843,2022-05-09,0.0951626268855811,1135.2901387449824,1135.2901387449824,1127.6771285941359,1130.5320074007034,0,602,1.0,0.041666666666666664,1401-02-19,False,False
2022-05-09 11:00:00,11870.0,11890.0,11780.0,11790.0,5263377,835,2022-05-09,0.0951626268855811,1129.5803811318476,1131.4836336695591,1121.0157447121453,1121.967370981001,0,603,1.0,0.041666666666666664,1401-02-19,False,False
2022-05-09 12:00:00,11790.0,11970.0,11780.0,11940.0,9149929,598,2022-05-09,0.0951626268855811,1121.967370981001,1139.0966438204057,1121.0157447121453,1136.2417650138382,0,604,1.0,0.041666666666666664,1401-02-19,False,False
2022-05-10 09:00:00,11940.0,11950.0,11820.0,11890.0,6135383,926,2022-05-10,0.0951626268855811,1136.2417650138382,1137.1933912826942,1124.8222497875686,1131.4836336695591,0,605,21.0,0.875,1401-02-20,False,False
2022-05-10 10:00:00,11880.0,11970.0,11840.0,11950.0,4405604,751,2022-05-10,0.0951626268855811,1130.5320074007034,1139.0966438204057,1126.72550232528,1137.1933912826942,0,606,1.0,0.041666666666666664,1401-02-20,False,False
2022-05-10 11:00:00,11940.0,11960.0,11890.0,11910.0,3288114,577,2022-05-10,0.0951626268855811,1136.2417650138382,1138.14501755155,1131.4836336695591,1133.386886207271,0,607,1.0,0.041666666666666664,1401-02-20,False,False
2022-05-10 12:00:00,11900.0,11900.0,11830.0,11830.0,2945771,411,2022-05-10,0.0951626268855811,1132.4352599384151,1132.4352599384151,1125.7738760564243,1125.7738760564243,0,608,1.0,0.041666666666666664,1401-02-20,False,False
2022-05-11 09:00:00,11890.0,12240.0,11850.0,12150.0,12440233,1180,2022-05-11,0.0951626268855811,1131.4836336695591,1164.7905530795126,1127.6771285941359,1156.2259166598103,0,609,21.0,0.875,1401-02-21,False,False
2022-05-11 10:00:00,12150.0,12210.0,12100.0,12130.0,6402523,822,2022-05-11,0.0951626268855811,1156.2259166598103,1161.935674272945,1151.4677853155313,1154.3226641220988,0,610,1.0,0.041666666666666664,1401-02-21,False,False
2022-05-11 11:00:00,12130.0,12140.0,12030.0,12080.0,5315973,733,2022-05-11,0.0951626268855811,1154.3226641220988,1155.2742903909545,1144.8064014335405,1149.5645327778195,0,611,1.0,0.041666666666666664,1401-02-21,False,False
2022-05-11 12:00:00,12080.0,12120.0,12050.0,12090.0,4163759,504,2022-05-11,0.0951626268855811,1149.5645327778195,1153.3710378532428,1146.7096539712522,1150.5161590466755,0,612,1.0,0.041666666666666664,1401-02-21,False,False
2022-05-14 09:00:00,12220.0,12460.0,12050.0,12180.0,9289637,1472,2022-05-14,0.0951626268855811,1162.8873005418009,1185.7263309943405,1146.7096539712522,1159.0807954663778,0,613,69.0,2.875,1401-02-24,False,False
2022-05-14 10:00:00,12170.0,12180.0,12070.0,12090.0,4924888,907,2022-05-14,0.0951626268855811,1158.1291691975218,1159.0807954663778,1148.6129065089638,1150.5161590466755,0,614,1.0,0.041666666666666664,1401-02-24,False,False
2022-05-14 11:00:00,12090.0,12140.0,12080.0,12090.0,10142429,948,2022-05-14,0.0951626268855811,1150.5161590466755,1155.2742903909545,1149.5645327778195,1150.5161590466755,0,615,1.0,0.041666666666666664,1401-02-24,False,False
2022-05-14 12:00:00,12090.0,12130.0,12070.0,12130.0,4369663,518,2022-05-14,0.0951626268855811,1150.5161590466755,1154.3226641220988,1148.6129065089638,1154.3226641220988,0,616,1.0,0.041666666666666664,1401-02-24,False,False
2022-05-14 16:00:00,12320.0,12320.0,12320.0,12320.0,7000,1,2022-05-14,0.0951626268855811,1172.4035632303592,1172.4035632303592,1172.4035632303592,1172.4035632303592,0,617,4.0,0.16666666666666666,1401-02-24,False,False
2022-05-15 09:00:00,12190.0,12230.0,11910.0,11930.0,7454677,1174,2022-05-15,0.0951626268855811,1160.0324217352336,1163.8389268106569,1133.386886207271,1135.2901387449824,0,618,17.0,0.7083333333333334,1401-02-25,False,False
2022-05-15 10:00:00,11940.0,12080.0,11940.0,12010.0,4345161,815,2022-05-15,0.0951626268855811,1136.2417650138382,1149.5645327778195,1136.2417650138382,1142.903148895829,0,619,1.0,0.041666666666666664,1401-02-25,False,False
2022-05-15 11:00:00,12010.0,12240.0,12000.0,12190.0,5902984,766,2022-05-15,0.0951626268855811,1142.903148895829,1164.7905530795126,1141.9515226269732,1160.0324217352336,0,620,1.0,0.041666666666666664,1401-02-25,False,False
2022-05-15 12:00:00,12200.0,12200.0,12110.0,12180.0,3286792,522,2022-05-15,0.0951626268855811,1160.9840480040893,1160.9840480040893,1152.419411584387,1159.0807954663778,0,621,1.0,0.041666666666666664,1401-02-25,False,False
2022-05-16 09:00:00,12100.0,12290.0,12100.0,12130.0,7144490,1369,2022-05-16,0.0951626268855811,1151.4677853155313,1169.5486844237917,1151.4677853155313,1154.3226641220988,0,622,21.0,0.875,1401-02-26,False,False
2022-05-16 10:00:00,12130.0,12210.0,12090.0,12200.0,9727383,1360,2022-05-16,0.0951626268855811,1154.3226641220988,1161.935674272945,1150.5161590466755,1160.9840480040893,0,623,1.0,0.041666666666666664,1401-02-26,False,False
2022-05-16 11:00:00,12200.0,12620.0,12190.0,12560.0,18225111,1737,2022-05-16,0.0951626268855811,1160.9840480040893,1200.9523512960334,1160.0324217352336,1195.2425936828986,0,624,1.0,0.041666666666666664,1401-02-26,False,False
2022-05-16 12:00:00,12560.0,12560.0,12470.0,12500.0,6816000,891,2022-05-16,0.0951626268855811,1195.2425936828986,1195.2425936828986,1186.6779572631963,1189.5328360697638,0,625,1.0,0.041666666666666664,1401-02-26,False,False
2022-05-16 17:00:00,12220.0,12220.0,12220.0,12220.0,7000,2,2022-05-16,0.0951626268855811,1162.8873005418009,1162.8873005418009,1162.8873005418009,1162.8873005418009,0,626,5.0,0.20833333333333334,1401-02-26,False,False
2022-05-17 09:00:00,12700.0,12890.0,12650.0,12850.0,18241175,2171,2022-05-17,0.0951626268855811,1208.56536144688,1226.6462605551403,1203.807230102601,1222.839755479717,0,627,16.0,0.6666666666666666,1401-02-27,False,False
2022-05-17 10:00:00,12840.0,12850.0,12700.0,12790.0,10995653,1438,2022-05-17,0.0951626268855811,1221.8881292108613,1222.839755479717,1208.56536144688,1217.1299978665822,0,628,1.0,0.041666666666666664,1401-02-27,False,False
2022-05-17 11:00:00,12790.0,12810.0,12610.0,12620.0,8630679,1297,2022-05-17,0.0951626268855811,1217.1299978665822,1219.0332504042938,1200.0007250271776,1200.9523512960334,0,629,1.0,0.041666666666666664,1401-02-27,False,False
2022-05-17 12:00:00,12610.0,12650.0,12550.0,12590.0,4970777,740,2022-05-17,0.0951626268855811,1200.0007250271776,1203.807230102601,1194.2909674140428,1198.0974724894659,0,630,1.0,0.041666666666666664,1401-02-27,False,False
2022-05-18 09:00:00,12630.0,12830.0,12510.0,12690.0,11116394,1403,2022-05-18,0.0951626268855811,1201.9039775648891,1220.9365029420055,1190.4844623386196,1207.6137351780242,0,631,21.0,0.875,1401-02-28,False,False
2022-05-18 10:00:00,12690.0,12710.0,12630.0,12660.0,5162907,961,2022-05-18,0.0951626268855811,1207.6137351780242,1209.5169877157357,1201.9039775648891,1204.7588563714567,0,632,1.0,0.041666666666666664,1401-02-28,False,False
2022-05-18 11:00:00,12660.0,12730.0,12560.0,12720.0,4938226,839,2022-05-18,0.0951626268855811,1204.7588563714567,1211.4202402534474,1195.2425936828986,1210.4686139845915,0,633,1.0,0.041666666666666664,1401-02-28,False,False
2022-05-18 12:00:00,12710.0,12750.0,12670.0,12750.0,3674953,515,2022-05-18,0.0951626268855811,1209.5169877157357,1213.323492791159,1205.7104826403124,1213.323492791159,0,634,1.0,0.041666666666666664,1401-02-28,False,False
2022-05-18 13:00:00,12700.0,12710.0,12700.0,12710.0,135677,5,2022-05-18,0.0951626268855811,1208.56536144688,1209.5169877157357,1208.56536144688,1209.5169877157357,0,635,1.0,0.041666666666666664,1401-02-28,False,False
2022-05-18 14:00:00,12720.0,12720.0,12720.0,12720.0,30609,1,2022-05-18,0.0951626268855811,1210.4686139845915,1210.4686139845915,1210.4686139845915,1210.4686139845915,0,636,1.0,0.041666666666666664,1401-02-28,False,False
2022-05-21 09:00:00,12590.0,12660.0,12250.0,12620.0,9698170,1223,2022-05-21,0.0951626268855811,1198.0974724894659,1204.7588563714567,1165.7421793483684,1200.9523512960334,0,637,67.0,2.7916666666666665,1401-02-31,False,False
2022-05-21 10:00:00,12630.0,12650.0,12560.0,12570.0,5813138,799,2022-05-21,0.0951626268855811,1201.9039775648891,1203.807230102601,1195.2425936828986,1196.1942199517543,0,638,1.0,0.041666666666666664,1401-02-31,False,False
2022-05-21 11:00:00,12570.0,12580.0,12520.0,12550.0,6941026,748,2022-05-21,0.0951626268855811,1196.1942199517543,1197.14584622061,1191.4360886074753,1194.2909674140428,0,639,1.0,0.041666666666666664,1401-02-31,False,False
2022-05-21 12:00:00,12560.0,12570.0,12510.0,12540.0,4285610,505,2022-05-21,0.0951626268855811,1195.2425936828986,1196.1942199517543,1190.4844623386196,1193.3393411451868,0,640,1.0,0.041666666666666664,1401-02-31,False,False
2022-05-21 16:00:00,12640.0,12640.0,12640.0,12640.0,1401,1,2022-05-21,0.0951626268855811,1202.8556038337451,1202.8556038337451,1202.8556038337451,1202.8556038337451,0,641,4.0,0.16666666666666666,1401-02-31,False,False
2022-05-22 09:00:00,12560.0,12600.0,12400.0,12520.0,9883823,1005,2022-05-22,0.0951626268855811,1195.2425936828986,1199.0490987583219,1180.0165733812055,1191.4360886074753,0,642,17.0,0.7083333333333334,1401-03-01,False,False
2022-05-22 10:00:00,12510.0,12580.0,12510.0,12560.0,9313706,832,2022-05-22,0.0951626268855811,1190.4844623386196,1197.14584622061,1190.4844623386196,1195.2425936828986,0,643,1.0,0.041666666666666664,1401-03-01,False,False
2022-05-22 11:00:00,12570.0,12570.0,12540.0,12540.0,7545749,778,2022-05-22,0.0951626268855811,1196.1942199517543,1196.1942199517543,1193.3393411451868,1193.3393411451868,0,644,1.0,0.041666666666666664,1401-03-01,False,False
2022-05-22 12:00:00,12550.0,12570.0,12490.0,12560.0,7750099,517,2022-05-22,0.0951626268855811,1194.2909674140428,1196.1942199517543,1188.5812098009078,1195.2425936828986,0,645,1.0,0.041666666666666664,1401-03-01,False,False
2022-05-23 09:00:00,12550.0,12580.0,12320.0,12380.0,12346291,1055,2022-05-23,0.0951626268855811,1194.2909674140428,1197.14584622061,1172.4035632303592,1178.113320843494,0,646,21.0,0.875,1401-03-02,False,False
2022-05-23 10:00:00,12370.0,12500.0,12270.0,12350.0,17031680,1418,2022-05-23,0.0951626268855811,1177.1616945746382,1189.5328360697638,1167.6454318860801,1175.2584420369265,0,647,1.0,0.041666666666666664,1401-03-02,False,False
2022-05-23 11:00:00,12340.0,12450.0,12280.0,12310.0,8234061,844,2022-05-23,0.0951626268855811,1174.3068157680707,1184.7747047254845,1168.597058154936,1171.4519369615032,0,648,1.0,0.041666666666666664,1401-03-02,False,False
2022-05-23 12:00:00,12310.0,12450.0,12300.0,12330.0,4571107,441,2022-05-23,0.0951626268855811,1171.4519369615032,1184.7747047254845,1170.5003106926474,1173.355189499215,0,649,1.0,0.041666666666666664,1401-03-02,False,False
2022-05-24 09:00:00,12390.0,12390.0,12250.0,12310.0,8184024,1013,2022-05-24,0.0951626268855811,1179.0649471123497,1179.0649471123497,1165.7421793483684,1171.4519369615032,0,650,21.0,0.875,1401-03-03,False,False
2022-05-24 10:00:00,12310.0,12320.0,12190.0,12220.0,7922964,780,2022-05-24,0.0951626268855811,1171.4519369615032,1172.4035632303592,1160.0324217352336,1162.8873005418009,0,651,1.0,0.041666666666666664,1401-03-03,False,False
2022-05-24 11:00:00,12210.0,12280.0,12180.0,12270.0,10066176,770,2022-05-24,0.0951626268855811,1161.935674272945,1168.597058154936,1159.0807954663778,1167.6454318860801,0,652,1.0,0.041666666666666664,1401-03-03,False,False
2022-05-24 12:00:00,12260.0,12300.0,12260.0,12290.0,8091414,530,2022-05-24,0.0951626268855811,1166.6938056172241,1170.5003106926474,1166.6938056172241,1169.5486844237917,0,653,1.0,0.041666666666666664,1401-03-03,False,False
2022-05-25 09:00:00,12260.0,12270.0,12080.0,12110.0,7823230,1094,2022-05-25,0.0951626268855811,1166.6938056172241,1167.6454318860801,1149.5645327778195,1152.419411584387,0,654,21.0,0.875,1401-03-04,False,False
2022-05-25 10:00:00,12110.0,12140.0,11950.0,12000.0,10122347,1236,2022-05-25,0.0951626268855811,1152.419411584387,1155.2742903909545,1137.1933912826942,1141.9515226269732,0,655,1.0,0.041666666666666664,1401-03-04,False,False
2022-05-25 11:00:00,12000.0,12200.0,12000.0,12200.0,7270250,896,2022-05-25,0.0951626268855811,1141.9515226269732,1160.9840480040893,1141.9515226269732,1160.9840480040893,0,656,1.0,0.041666666666666664,1401-03-04,False,False
2022-05-25 12:00:00,12180.0,12230.0,12100.0,12120.0,4252474,521,2022-05-25,0.0951626268855811,1159.0807954663778,1163.8389268106569,1151.4677853155313,1153.3710378532428,0,657,1.0,0.041666666666666664,1401-03-04,False,False
2022-05-28 09:00:00,12120.0,12250.0,11750.0,11860.0,7945121,1232,2022-05-28,0.0951626268855811,1153.3710378532428,1165.7421793483684,1118.1608659055778,1128.6287548629919,0,658,69.0,2.875,1401-03-07,False,False
2022-05-28 10:00:00,11870.0,12010.0,11820.0,11990.0,7251190,808,2022-05-28,0.0951626268855811,1129.5803811318476,1142.903148895829,1124.8222497875686,1140.9998963581174,0,659,1.0,0.041666666666666664,1401-03-07,False,False
2022-05-28 11:00:00,11990.0,12000.0,11950.0,11980.0,8266497,840,2022-05-28,0.0951626268855811,1140.9998963581174,1141.9515226269732,1137.1933912826942,1140.0482700892615,0,660,1.0,0.041666666666666664,1401-03-07,False,False
2022-05-28 12:00:00,11980.0,11990.0,11970.0,11980.0,3740991,498,2022-05-28,0.0951626268855811,1140.0482700892615,1140.9998963581174,1139.0966438204057,1140.0482700892615,0,661,1.0,0.041666666666666664,1401-03-07,False,False
2022-05-29 09:00:00,11820.0,11890.0,11580.0,11670.0,9208418,1135,2022-05-29,0.0951626268855811,1124.8222497875686,1131.4836336695591,1101.9832193350292,1110.5478557547315,0,662,21.0,0.875,1401-03-08,False,False
2022-05-29 10:00:00,11670.0,11840.0,11630.0,11780.0,5461732,768,2022-05-29,0.0951626268855811,1110.5478557547315,1126.72550232528,1106.7413506793082,1121.0157447121453,0,663,1.0,0.041666666666666664,1401-03-08,False,False
2022-05-29 11:00:00,11800.0,11810.0,11720.0,11770.0,6943220,652,2022-05-29,0.0951626268855811,1122.9189972498568,1123.8706235187128,1115.3059870990105,1120.0641184432895,0,664,1.0,0.041666666666666664,1401-03-08,False,False
2022-05-29 12:00:00,11770.0,11880.0,11750.0,11780.0,3552514,395,2022-05-29,0.0951626268855811,1120.0641184432895,1130.5320074007034,1118.1608659055778,1121.0157447121453,0,665,1.0,0.041666666666666664,1401-03-08,False,False
2022-05-29 13:00:00,11670.0,11670.0,11670.0,11670.0,19578,1,2022-05-29,0.0951626268855811,1110.5478557547315,1110.5478557547315,1110.5478557547315,1110.5478557547315,0,666,1.0,0.041666666666666664,1401-03-08,False,False
2022-05-30 09:00:00,11800.0,11930.0,11680.0,11720.0,4012163,872,2022-05-30,0.0951626268855811,1122.9189972498568,1135.2901387449824,1111.4994820235872,1115.3059870990105,0,667,20.0,0.8333333333333334,1401-03-09,False,False
2022-05-30 10:00:00,11720.0,11750.0,11710.0,11720.0,3728325,690,2022-05-30,0.0951626268855811,1115.3059870990105,1118.1608659055778,1114.3543608301545,1115.3059870990105,0,668,1.0,0.041666666666666664,1401-03-09,False,False
2022-05-30 11:00:00,11730.0,11800.0,11720.0,11770.0,10140894,816,2022-05-30,0.0951626268855811,1116.2576133678663,1122.9189972498568,1115.3059870990105,1120.0641184432895,0,669,1.0,0.041666666666666664,1401-03-09,False,False
2022-05-30 12:00:00,11760.0,11780.0,11740.0,11760.0,5857708,499,2022-05-30,0.0951626268855811,1119.1124921744338,1121.0157447121453,1117.209239636722,1119.1124921744338,0,670,1.0,0.041666666666666664,1401-03-09,False,False
2022-05-31 09:00:00,11770.0,11900.0,11600.0,11820.0,3083675,698,2022-05-31,0.0951626268855811,1120.0641184432895,1132.4352599384151,1103.8864718727407,1124.8222497875686,0,671,21.0,0.875,1401-03-10,False,False
2022-05-31 10:00:00,11820.0,11870.0,11780.0,11780.0,3291921,624,2022-05-31,0.0951626268855811,1124.8222497875686,1129.5803811318476,1121.0157447121453,1121.0157447121453,0,672,1.0,0.041666666666666664,1401-03-10,False,False
2022-05-31 11:00:00,11780.0,11800.0,11700.0,11720.0,3172068,618,2022-05-31,0.0951626268855811,1121.0157447121453,1122.9189972498568,1113.4027345612988,1115.3059870990105,0,673,1.0,0.041666666666666664,1401-03-10,False,False
2022-05-31 12:00:00,11720.0,11720.0,11660.0,11700.0,2363422,401,2022-05-31,0.0951626268855811,1115.3059870990105,1115.3059870990105,1109.5962294858755,1113.4027345612988,0,674,1.0,0.041666666666666664,1401-03-10,False,False
2022-05-31 13:00:00,11800.0,11800.0,11800.0,11800.0,647,1,2022-05-31,0.0951626268855811,1122.9189972498568,1122.9189972498568,1122.9189972498568,1122.9189972498568,0,675,1.0,0.041666666666666664,1401-03-10,False,False
2022-06-06 09:00:00,11480.0,11480.0,11480.0,11480.0,1,1,2022-06-06,0.0951626268855811,1092.4669566464709,1092.4669566464709,1092.4669566464709,1092.4669566464709,0,676,140.0,5.833333333333333,1401-03-16,False,False
2022-06-06 10:00:00,11470.0,11470.0,11020.0,11180.0,4460781,497,2022-06-06,0.0951626268855811,1091.515330377615,1091.515330377615,1048.6921482791038,1063.9181685807966,0,677,1.0,0.041666666666666664,1401-03-16,False,False
2022-06-06 11:00:00,11190.0,11370.0,11180.0,11330.0,10895787,1197,2022-06-06,0.0951626268855811,1064.8697948496524,1081.999067689057,1063.9181685807966,1078.1925626136338,0,678,1.0,0.041666666666666664,1401-03-16,False,False
2022-06-06 12:00:00,11330.0,11480.0,11220.0,11480.0,4926905,577,2022-06-06,0.0951626268855811,1078.1925626136338,1092.4669566464709,1067.72467365622,1092.4669566464709,0,679,1.0,0.041666666666666664,1401-03-16,False,False
2022-06-07 09:00:00,11340.0,11340.0,11150.0,11270.0,5817482,1015,2022-06-07,0.0951626268855811,1079.1441888824895,1079.1441888824895,1061.0632897742291,1072.482805000499,0,680,21.0,0.875,1401-03-17,False,False
2022-06-07 10:00:00,11270.0,11310.0,11250.0,11300.0,7959544,829,2022-06-07,0.0951626268855811,1072.482805000499,1076.2893100759222,1070.5795524627872,1075.3376838070665,0,681,1.0,0.041666666666666664,1401-03-17,False,False
2022-06-07 11:00:00,11300.0,11310.0,11260.0,11280.0,8634123,723,2022-06-07,0.0951626268855811,1075.3376838070665,1076.2893100759222,1071.5311787316432,1073.4344312693547,0,682,1.0,0.041666666666666664,1401-03-17,False,False
2022-06-07 12:00:00,11290.0,11290.0,11240.0,11270.0,8104861,534,2022-06-07,0.0951626268855811,1074.3860575382105,1074.3860575382105,1069.6279261939314,1072.482805000499,0,683,1.0,0.041666666666666664,1401-03-17,False,False
2022-06-08 10:00:00,11360.0,11360.0,11260.0,11280.0,4660439,654,2022-06-08,0.0951626268855811,1081.0474414202013,1081.0474414202013,1071.5311787316432,1073.4344312693547,0,684,22.0,0.9166666666666666,1401-03-18,False,False
2022-06-08 11:00:00,11280.0,11320.0,11250.0,11310.0,7753128,726,2022-06-08,0.0951626268855811,1073.4344312693547,1077.240936344778,1070.5795524627872,1076.2893100759222,0,685,1.0,0.041666666666666664,1401-03-18,False,False
2022-06-08 12:00:00,11300.0,11320.0,11280.0,11310.0,7337402,523,2022-06-08,0.0951626268855811,1075.3376838070665,1077.240936344778,1073.4344312693547,1076.2893100759222,0,686,1.0,0.041666666666666664,1401-03-18,False,False
2022-06-11 09:00:00,11260.0,11290.0,11150.0,11220.0,4286256,864,2022-06-11,0.0951626268855811,1071.5311787316432,1074.3860575382105,1061.0632897742291,1067.72467365622,0,687,69.0,2.875,1401-03-21,False,False
2022-06-11 10:00:00,11220.0,11330.0,11200.0,11310.0,7297868,778,2022-06-11,0.0951626268855811,1067.72467365622,1078.1925626136338,1065.8214211185082,1076.2893100759222,0,688,1.0,0.041666666666666664,1401-03-21,False,False
2022-06-11 11:00:00,11310.0,11340.0,11290.0,11310.0,7438769,693,2022-06-11,0.0951626268855811,1076.2893100759222,1079.1441888824895,1074.3860575382105,1076.2893100759222,0,689,1.0,0.041666666666666664,1401-03-21,False,False
2022-06-11 12:00:00,11310.0,11320.0,11280.0,11310.0,5060559,457,2022-06-11,0.0951626268855811,1076.2893100759222,1077.240936344778,1073.4344312693547,1076.2893100759222,0,690,1.0,0.041666666666666664,1401-03-21,False,False
2022-06-12 09:00:00,11300.0,11330.0,11200.0,11300.0,4764123,745,2022-06-12,0.0951626268855811,1075.3376838070665,1078.1925626136338,1065.8214211185082,1075.3376838070665,0,691,21.0,0.875,1401-03-22,False,False
2022-06-12 10:00:00,11300.0,11700.0,11290.0,11680.0,7068852,859,2022-06-12,0.0951626268855811,1075.3376838070665,1113.4027345612988,1074.3860575382105,1111.4994820235872,0,692,1.0,0.041666666666666664,1401-03-22,False,False
2022-06-12 11:00:00,11680.0,11690.0,11440.0,11520.0,8603802,836,2022-06-12,0.0951626268855811,1111.4994820235872,1112.451108292443,1088.6604515710478,1096.2734617218941,0,693,1.0,0.041666666666666664,1401-03-22,False,False
2022-06-12 12:00:00,11530.0,11560.0,11440.0,11540.0,7982221,510,2022-06-12,0.0951626268855811,1097.2250879907501,1100.0799667973174,1088.6604515710478,1098.176714259606,0,694,1.0,0.041666666666666664,1401-03-22,False,False
2022-06-13 09:00:00,11600.0,12100.0,11600.0,11960.0,11676452,1333,2022-06-13,0.0951626268855811,1103.8864718727407,1151.4677853155313,1103.8864718727407,1138.14501755155,0,695,21.0,0.875,1401-03-23,False,False
2022-06-13 10:00:00,11950.0,11970.0,11810.0,11830.0,6236281,854,2022-06-13,0.0951626268855811,1137.1933912826942,1139.0966438204057,1123.8706235187128,1125.7738760564243,0,696,1.0,0.041666666666666664,1401-03-23,False,False
2022-06-13 11:00:00,11830.0,11910.0,11700.0,11700.0,8034896,855,2022-06-13,0.0951626268855811,1125.7738760564243,1133.386886207271,1113.4027345612988,1113.4027345612988,0,697,1.0,0.041666666666666664,1401-03-23,False,False
2022-06-13 12:00:00,11720.0,11730.0,11630.0,11660.0,10861621,698,2022-06-13,0.0951626268855811,1115.3059870990105,1116.2576133678663,1106.7413506793082,1109.5962294858755,0,698,1.0,0.041666666666666664,1401-03-23,False,False
2022-06-14 09:00:00,11750.0,11910.0,11640.0,11810.0,10671570,981,2022-06-14,0.0951626268855811,1118.1608659055778,1133.386886207271,1107.692976948164,1123.8706235187128,0,699,21.0,0.875,1401-03-24,False,False
2022-06-14 10:00:00,11840.0,11870.0,11760.0,11820.0,6839495,643,2022-06-14,0.0951626268855811,1126.72550232528,1129.5803811318476,1119.1124921744338,1124.8222497875686,0,700,1.0,0.041666666666666664,1401-03-24,False,False
2022-06-14 11:00:00,11820.0,11850.0,11760.0,11830.0,4697792,544,2022-06-14,0.0951626268855811,1124.8222497875686,1127.6771285941359,1119.1124921744338,1125.7738760564243,0,701,1.0,0.041666666666666664,1401-03-24,False,False
2022-06-14 12:00:00,11830.0,11840.0,11780.0,11820.0,4596232,393,2022-06-14,0.0951626268855811,1125.7738760564243,1126.72550232528,1121.0157447121453,1124.8222497875686,0,702,1.0,0.041666666666666664,1401-03-24,False,False
2022-06-15 09:00:00,11730.0,11800.0,11580.0,11610.0,2695077,602,2022-06-15,0.0951626268855811,1116.2576133678663,1122.9189972498568,1101.9832193350292,1104.8380981415964,0,703,21.0,0.875,1401-03-25,False,False
2022-06-15 10:00:00,11610.0,11620.0,11600.0,11600.0,3532823,561,2022-06-15,0.0951626268855811,1104.8380981415964,1105.7897244104522,1103.8864718727407,1103.8864718727407,0,704,1.0,0.041666666666666664,1401-03-25,False,False
2022-06-15 11:00:00,11600.0,11990.0,11600.0,11810.0,6608492,724,2022-06-15,0.0951626268855811,1103.8864718727407,1140.9998963581174,1103.8864718727407,1123.8706235187128,0,705,1.0,0.041666666666666664,1401-03-25,False,False
2022-06-15 12:00:00,11810.0,11820.0,11780.0,11820.0,4282306,467,2022-06-15,0.0951626268855811,1123.8706235187128,1124.8222497875686,1121.0157447121453,1124.8222497875686,0,706,1.0,0.041666666666666664,1401-03-25,False,False
2022-06-18 09:00:00,11650.0,11750.0,11550.0,11570.0,4019993,750,2022-06-18,0.0951626268855811,1108.6446032170197,1118.1608659055778,1099.1283405284616,1101.0315930661732,0,707,69.0,2.875,1401-03-28,False,False
2022-06-18 10:00:00,11560.0,11630.0,11550.0,11610.0,7779280,715,2022-06-18,0.0951626268855811,1100.0799667973174,1106.7413506793082,1099.1283405284616,1104.8380981415964,0,708,1.0,0.041666666666666664,1401-03-28,False,False
2022-06-18 11:00:00,11610.0,11620.0,11600.0,11610.0,7921162,739,2022-06-18,0.0951626268855811,1104.8380981415964,1105.7897244104522,1103.8864718727407,1104.8380981415964,0,709,1.0,0.041666666666666664,1401-03-28,False,False
2022-06-18 12:00:00,11610.0,11720.0,11600.0,11610.0,3910657,498,2022-06-18,0.0951626268855811,1104.8380981415964,1115.3059870990105,1103.8864718727407,1104.8380981415964,0,710,1.0,0.041666666666666664,1401-03-28,False,False
2022-06-19 09:00:00,11660.0,11740.0,11580.0,11610.0,5819011,768,2022-06-19,0.0951626268855811,1109.5962294858755,1117.209239636722,1101.9832193350292,1104.8380981415964,0,711,21.0,0.875,1401-03-29,False,False
2022-06-19 10:00:00,11610.0,11650.0,11580.0,11590.0,5110052,666,2022-06-19,0.0951626268855811,1104.8380981415964,1108.6446032170197,1101.9832193350292,1102.934845603885,0,712,1.0,0.041666666666666664,1401-03-29,False,False
2022-06-19 11:00:00,11580.0,11600.0,11560.0,11580.0,5587829,553,2022-06-19,0.0951626268855811,1101.9832193350292,1103.8864718727407,1100.0799667973174,1101.9832193350292,0,713,1.0,0.041666666666666664,1401-03-29,False,False
2022-06-19 12:00:00,11580.0,11620.0,11570.0,11610.0,4203345,379,2022-06-19,0.0951626268855811,1101.9832193350292,1105.7897244104522,1101.0315930661732,1104.8380981415964,0,714,1.0,0.041666666666666664,1401-03-29,False,False
2022-06-20 09:00:00,11590.0,11740.0,11590.0,11650.0,5067529,638,2022-06-20,0.0951626268855811,1102.934845603885,1117.209239636722,1102.934845603885,1108.6446032170197,0,715,21.0,0.875,1401-03-30,False,False
2022-06-20 10:00:00,11650.0,11660.0,11590.0,11610.0,6697203,563,2022-06-20,0.0951626268855811,1108.6446032170197,1109.5962294858755,1102.934845603885,1104.8380981415964,0,716,1.0,0.041666666666666664,1401-03-30,False,False
2022-06-20 11:00:00,11620.0,11620.0,11590.0,11600.0,5124870,603,2022-06-20,0.0951626268855811,1105.7897244104522,1105.7897244104522,1102.934845603885,1103.8864718727407,0,717,1.0,0.041666666666666664,1401-03-30,False,False
2022-06-20 12:00:00,11590.0,11610.0,11580.0,11610.0,3778710,371,2022-06-20,0.0951626268855811,1102.934845603885,1104.8380981415964,1101.9832193350292,1104.8380981415964,0,718,1.0,0.041666666666666664,1401-03-30,False,False
2022-06-20 13:00:00,11720.0,11720.0,11720.0,11720.0,30430,1,2022-06-20,0.0951626268855811,1115.3059870990105,1115.3059870990105,1115.3059870990105,1115.3059870990105,0,719,1.0,0.041666666666666664,1401-03-30,False,False
2022-06-21 09:00:00,11580.0,11610.0,11500.0,11550.0,4675464,564,2022-06-21,0.0951626268855811,1101.9832193350292,1104.8380981415964,1094.3702091841826,1099.1283405284616,0,720,20.0,0.8333333333333334,1401-03-31,False,False
2022-06-21 10:00:00,11560.0,11610.0,11540.0,11600.0,5484772,487,2022-06-21,0.0951626268855811,1100.0799667973174,1104.8380981415964,1098.176714259606,1103.8864718727407,0,721,1.0,0.041666666666666664,1401-03-31,False,False
2022-06-21 11:00:00,11600.0,11610.0,11510.0,11510.0,2722001,452,2022-06-21,0.0951626268855811,1103.8864718727407,1104.8380981415964,1095.3218354530384,1095.3218354530384,0,722,1.0,0.041666666666666664,1401-03-31,False,False
2022-06-21 12:00:00,11510.0,11530.0,11460.0,11530.0,2555102,327,2022-06-21,0.0951626268855811,1095.3218354530384,1097.2250879907501,1090.5637041087593,1097.2250879907501,0,723,1.0,0.041666666666666664,1401-03-31,False,False
2022-06-22 09:00:00,11460.0,11470.0,11310.0,11420.0,3122200,647,2022-06-22,0.0951626268855811,1090.5637041087593,1091.515330377615,1076.2893100759222,1086.757199033336,0,724,21.0,0.875,1401-04-01,False,False
2022-06-22 10:00:00,11420.0,11460.0,11360.0,11450.0,4277857,537,2022-06-22,0.0951626268855811,1086.757199033336,1090.5637041087593,1081.0474414202013,1089.6120778399036,0,725,1.0,0.041666666666666664,1401-04-01,False,False
2022-06-22 11:00:00,11450.0,11550.0,11430.0,11450.0,5492116,531,2022-06-22,0.0951626268855811,1089.6120778399036,1099.1283405284616,1087.7088253021918,1089.6120778399036,0,726,1.0,0.041666666666666664,1401-04-01,False,False
2022-06-22 12:00:00,11440.0,11500.0,11440.0,11470.0,5720582,347,2022-06-22,0.0951626268855811,1088.6604515710478,1094.3702091841826,1088.6604515710478,1091.515330377615,0,727,1.0,0.041666666666666664,1401-04-01,False,False
2022-06-25 09:00:00,11320.0,11320.0,11170.0,11170.0,10287737,1136,2022-06-25,0.0951626268855811,1077.240936344778,1077.240936344778,1062.9665423119409,1062.9665423119409,0,728,69.0,2.875,1401-04-04,False,False
2022-06-25 10:00:00,11180.0,11180.0,11080.0,11120.0,7487492,854,2022-06-25,0.0951626268855811,1063.9181685807966,1063.9181685807966,1054.4019058922386,1058.2084109676618,0,729,1.0,0.041666666666666664,1401-04-04,False,False
2022-06-25 11:00:00,11120.0,11160.0,11080.0,11100.0,7174737,856,2022-06-25,0.0951626268855811,1058.2084109676618,1062.0149160430851,1054.4019058922386,1056.30515842995,0,730,1.0,0.041666666666666664,1401-04-04,False,False
2022-06-25 12:00:00,11100.0,11120.0,11070.0,11080.0,7126752,563,2022-06-25,0.0951626268855811,1056.30515842995,1058.2084109676618,1053.4502796233828,1054.4019058922386,0,731,1.0,0.041666666666666664,1401-04-04,False,False
2022-06-26 09:00:00,11110.0,11120.0,10850.0,10940.0,11729499,972,2022-06-26,0.0951626268855811,1057.2567846988059,1058.2084109676618,1032.514501708555,1041.0791381282572,0,732,21.0,0.875,1401-04-05,False,False
2022-06-26 10:00:00,10940.0,10960.0,10770.0,10780.0,5486458,573,2022-06-26,0.0951626268855811,1041.0791381282572,1042.9823906659688,1024.9014915577084,1025.8531178265641,0,733,1.0,0.041666666666666664,1401-04-05,False,False
2022-06-26 11:00:00,10780.0,10910.0,10780.0,10880.0,6243521,610,2022-06-26,0.0951626268855811,1025.8531178265641,1038.2242593216897,1025.8531178265641,1035.3693805151222,0,734,1.0,0.041666666666666664,1401-04-05,False,False
2022-06-26 12:00:00,10880.0,10890.0,10750.0,10790.0,5285118,495,2022-06-26,0.0951626268855811,1035.3693805151222,1036.3210067839782,1022.9982390199967,1026.8047440954201,0,735,1.0,0.041666666666666664,1401-04-05,False,False
2022-06-27 09:00:00,10800.0,10950.0,10780.0,10890.0,11168185,986,2022-06-27,0.0951626268855811,1027.7563703642759,1042.030764397113,1025.8531178265641,1036.3210067839782,0,736,21.0,0.875,1401-04-06,False,False
2022-06-27 10:00:00,10890.0,10920.0,10880.0,10900.0,10597333,742,2022-06-27,0.0951626268855811,1036.3210067839782,1039.1758855905455,1035.3693805151222,1037.272633052834,0,737,1.0,0.041666666666666664,1401-04-06,False,False
2022-06-27 11:00:00,10900.0,10910.0,10870.0,10880.0,7439420,690,2022-06-27,0.0951626268855811,1037.272633052834,1038.2242593216897,1034.4177542462664,1035.3693805151222,0,738,1.0,0.041666666666666664,1401-04-06,False,False
2022-06-27 12:00:00,10880.0,10900.0,10860.0,10900.0,3728951,468,2022-06-27,0.0951626268855811,1035.3693805151222,1037.272633052834,1033.4661279774107,1037.272633052834,0,739,1.0,0.041666666666666664,1401-04-06,False,False
2022-06-28 09:00:00,10910.0,11050.0,10880.0,10990.0,5873329,838,2022-06-28,0.0951626268855811,1038.2242593216897,1051.547027085671,1035.3693805151222,1045.8372694725363,0,740,21.0,0.875,1401-04-07,False,False
2022-06-28 10:00:00,10990.0,10990.0,10910.0,10910.0,4467581,573,2022-06-28,0.0951626268855811,1045.8372694725363,1045.8372694725363,1038.2242593216897,1038.2242593216897,0,741,1.0,0.041666666666666664,1401-04-07,False,False
2022-06-28 11:00:00,10920.0,10930.0,10900.0,10910.0,5267022,461,2022-06-28,0.0951626268855811,1039.1758855905455,1040.1275118594015,1037.272633052834,1038.2242593216897,0,742,1.0,0.041666666666666664,1401-04-07,False,False
2022-06-28 12:00:00,10910.0,10940.0,10900.0,10920.0,3347781,304,2022-06-28,0.0951626268855811,1038.2242593216897,1041.0791381282572,1037.272633052834,1039.1758855905455,0,743,1.0,0.041666666666666664,1401-04-07,False,False
2022-06-29 09:00:00,10920.0,10960.0,10920.0,10940.0,4687723,580,2022-06-29,0.0951626268855811,1039.1758855905455,1042.9823906659688,1039.1758855905455,1041.0791381282572,0,744,21.0,0.875,1401-04-08,False,False
2022-06-29 10:00:00,10940.0,10970.0,10900.0,10950.0,5101025,517,2022-06-29,0.0951626268855811,1041.0791381282572,1043.9340169348245,1037.272633052834,1042.030764397113,0,745,1.0,0.041666666666666664,1401-04-08,False,False
2022-06-29 11:00:00,10950.0,10960.0,10930.0,10940.0,2796959,447,2022-06-29,0.0951626268855811,1042.030764397113,1042.9823906659688,1040.1275118594015,1041.0791381282572,0,746,1.0,0.041666666666666664,1401-04-08,False,False
2022-06-29 12:00:00,10930.0,10950.0,10920.0,10930.0,2435943,308,2022-06-29,0.0951626268855811,1040.1275118594015,1042.030764397113,1039.1758855905455,1040.1275118594015,0,747,1.0,0.041666666666666664,1401-04-08,False,False
2022-07-02 09:00:00,10900.0,10930.0,10800.0,10870.0,5816303,673,2022-07-02,0.0951626268855811,1037.272633052834,1040.1275118594015,1027.7563703642759,1034.4177542462664,0,748,69.0,2.875,1401-04-11,False,False
2022-07-02 10:00:00,10860.0,10880.0,10820.0,10840.0,3837492,576,2022-07-02,0.0951626268855811,1033.4661279774107,1035.3693805151222,1029.6596229019874,1031.5628754396992,0,749,1.0,0.041666666666666664,1401-04-11,False,False
2022-07-02 11:00:00,10830.0,10850.0,10790.0,10800.0,2975021,511,2022-07-02,0.0951626268855811,1030.6112491708432,1032.514501708555,1026.8047440954201,1027.7563703642759,0,750,1.0,0.041666666666666664,1401-04-11,False,False
2022-07-02 12:00:00,10810.0,10820.0,10660.0,10710.0,2998422,382,2022-07-02,0.0951626268855811,1028.7079966331316,1029.6596229019874,1014.4336026002944,1019.1917339445736,0,751,1.0,0.041666666666666664,1401-04-11,False,False
2022-07-03 09:00:00,10820.0,10820.0,10630.0,10810.0,4211893,694,2022-07-03,0.0951626268855811,1029.6596229019874,1029.6596229019874,1011.578723793727,1028.7079966331316,0,752,21.0,0.875,1401-04-12,False,False
2022-07-03 10:00:00,10810.0,10820.0,10800.0,10820.0,2593546,566,2022-07-03,0.0951626268855811,1028.7079966331316,1029.6596229019874,1027.7563703642759,1029.6596229019874,0,753,1.0,0.041666666666666664,1401-04-12,False,False
2022-07-03 11:00:00,10820.0,10840.0,10810.0,10830.0,3939569,597,2022-07-03,0.0951626268855811,1029.6596229019874,1031.5628754396992,1028.7079966331316,1030.6112491708432,0,754,1.0,0.041666666666666664,1401-04-12,False,False
2022-07-03 12:00:00,10820.0,10840.0,10810.0,10840.0,3335526,355,2022-07-03,0.0951626268855811,1029.6596229019874,1031.5628754396992,1028.7079966331316,1031.5628754396992,0,755,1.0,0.041666666666666664,1401-04-12,False,False
2022-07-04 09:00:00,10830.0,10900.0,10820.0,10830.0,2054698,495,2022-07-04,0.0951626268855811,1030.6112491708432,1037.272633052834,1029.6596229019874,1030.6112491708432,0,756,21.0,0.875,1401-04-13,False,False
2022-07-04 10:00:00,10820.0,10840.0,10790.0,10790.0,3427861,533,2022-07-04,0.0951626268855811,1029.6596229019874,1031.5628754396992,1026.8047440954201,1026.8047440954201,0,757,1.0,0.041666666666666664,1401-04-13,False,False
2022-07-04 11:00:00,10800.0,10800.0,10780.0,10780.0,3412093,489,2022-07-04,0.0951626268855811,1027.7563703642759,1027.7563703642759,1025.8531178265641,1025.8531178265641,0,758,1.0,0.041666666666666664,1401-04-13,False,False
2022-07-04 12:00:00,10790.0,10790.0,10760.0,10790.0,3826120,318,2022-07-04,0.0951626268855811,1026.8047440954201,1026.8047440954201,1023.9498652888526,1026.8047440954201,0,759,1.0,0.041666666666666664,1401-04-13,False,False
2022-07-05 09:00:00,10830.0,11050.0,10790.0,11040.0,6075523,798,2022-07-05,0.0951626268855811,1030.6112491708432,1051.547027085671,1026.8047440954201,1050.5954008168153,0,760,21.0,0.875,1401-04-14,False,False
2022-07-05 10:00:00,11040.0,11100.0,10940.0,10960.0,9683412,920,2022-07-05,0.0951626268855811,1050.5954008168153,1056.30515842995,1041.0791381282572,1042.9823906659688,0,761,1.0,0.041666666666666664,1401-04-14,False,False
2022-07-05 11:00:00,10950.0,11050.0,10890.0,11050.0,4900635,577,2022-07-05,0.0951626268855811,1042.030764397113,1051.547027085671,1036.3210067839782,1051.547027085671,0,762,1.0,0.041666666666666664,1401-04-14,False,False
2022-07-05 12:00:00,11050.0,11090.0,10980.0,10990.0,3117777,466,2022-07-05,0.0951626268855811,1051.547027085671,1055.3535321610943,1044.8856432036805,1045.8372694725363,0,763,1.0,0.041666666666666664,1401-04-14,False,False
2022-07-06 09:00:00,10960.0,11220.0,10950.0,11040.0,12385997,1084,2022-07-06,0.0951626268855811,1042.9823906659688,1067.72467365622,1042.030764397113,1050.5954008168153,0,764,21.0,0.875,1401-04-15,False,False
2022-07-06 10:00:00,11040.0,11050.0,10970.0,10980.0,4376802,601,2022-07-06,0.0951626268855811,1050.5954008168153,1051.547027085671,1043.9340169348245,1044.8856432036805,0,765,1.0,0.041666666666666664,1401-04-15,False,False
2022-07-06 11:00:00,10980.0,11000.0,10960.0,10990.0,6138010,647,2022-07-06,0.0951626268855811,1044.8856432036805,1046.788895741392,1042.9823906659688,1045.8372694725363,0,766,1.0,0.041666666666666664,1401-04-15,False,False
2022-07-06 12:00:00,10990.0,11000.0,10930.0,10930.0,6078790,466,2022-07-06,0.0951626268855811,1045.8372694725363,1046.788895741392,1040.1275118594015,1040.1275118594015,0,767,1.0,0.041666666666666664,1401-04-15,False,False
2022-07-09 09:00:00,10990.0,11300.0,10990.0,11040.0,12802741,952,2022-07-09,0.0951626268855811,1045.8372694725363,1075.3376838070665,1045.8372694725363,1050.5954008168153,0,768,69.0,2.875,1401-04-18,False,False
2022-07-09 10:00:00,11050.0,11050.0,11000.0,11010.0,7215874,703,2022-07-09,0.0951626268855811,1051.547027085671,1051.547027085671,1046.788895741392,1047.7405220102478,0,769,1.0,0.041666666666666664,1401-04-18,False,False
2022-07-09 11:00:00,11000.0,11010.0,10950.0,10970.0,6010512,640,2022-07-09,0.0951626268855811,1046.788895741392,1047.7405220102478,1042.030764397113,1043.9340169348245,0,770,1.0,0.041666666666666664,1401-04-18,False,False
2022-07-09 12:00:00,10960.0,11000.0,10960.0,10990.0,2224349,364,2022-07-09,0.0951626268855811,1042.9823906659688,1046.788895741392,1042.9823906659688,1045.8372694725363,0,771,1.0,0.041666666666666664,1401-04-18,False,False
2022-07-11 09:00:00,11280.0,11660.0,11210.0,11520.0,15846718,1902,2022-07-11,0.0951626268855811,1073.4344312693547,1109.5962294858755,1066.7730473873642,1096.2734617218941,0,772,45.0,1.875,1401-04-20,False,False
2022-07-11 10:00:00,11530.0,11540.0,11300.0,11310.0,9091335,1196,2022-07-11,0.0951626268855811,1097.2250879907501,1098.176714259606,1075.3376838070665,1076.2893100759222,0,773,1.0,0.041666666666666664,1401-04-20,False,False
2022-07-11 11:00:00,11310.0,11350.0,11250.0,11320.0,6949278,1009,2022-07-11,0.0951626268855811,1076.2893100759222,1080.0958151513455,1070.5795524627872,1077.240936344778,0,774,1.0,0.041666666666666664,1401-04-20,False,False
2022-07-11 12:00:00,11320.0,11330.0,11240.0,11300.0,6145571,695,2022-07-11,0.0951626268855811,1077.240936344778,1078.1925626136338,1069.6279261939314,1075.3376838070665,0,775,1.0,0.041666666666666664,1401-04-20,False,False
2022-07-12 09:00:00,11300.0,11410.0,11200.0,11360.0,6946186,970,2022-07-12,0.0951626268855811,1075.3376838070665,1085.8055727644803,1065.8214211185082,1081.0474414202013,0,776,21.0,0.875,1401-04-21,False,False
2022-07-12 10:00:00,11360.0,11440.0,11320.0,11410.0,6984304,720,2022-07-12,0.0951626268855811,1081.0474414202013,1088.6604515710478,1077.240936344778,1085.8055727644803,0,777,1.0,0.041666666666666664,1401-04-21,False,False
2022-07-12 11:00:00,11410.0,11460.0,11380.0,11400.0,9338769,793,2022-07-12,0.0951626268855811,1085.8055727644803,1090.5637041087593,1082.9506939579128,1084.8539464956245,0,778,1.0,0.041666666666666664,1401-04-21,False,False
2022-07-12 12:00:00,11410.0,11410.0,11350.0,11370.0,5357930,472,2022-07-12,0.0951626268855811,1085.8055727644803,1085.8055727644803,1080.0958151513455,1081.999067689057,0,779,1.0,0.041666666666666664,1401-04-21,False,False
2022-07-13 09:00:00,11400.0,11500.0,11300.0,11310.0,5922235,881,2022-07-13,0.0951626268855811,1084.8539464956245,1094.3702091841826,1075.3376838070665,1076.2893100759222,0,780,21.0,0.875,1401-04-22,False,False
2022-07-13 10:00:00,11310.0,11320.0,11200.0,11240.0,4601361,862,2022-07-13,0.0951626268855811,1076.2893100759222,1077.240936344778,1065.8214211185082,1069.6279261939314,0,781,1.0,0.041666666666666664,1401-04-22,False,False
2022-07-13 11:00:00,11230.0,11330.0,11210.0,11320.0,4131135,594,2022-07-13,0.0951626268855811,1068.6762999250757,1078.1925626136338,1066.7730473873642,1077.240936344778,0,782,1.0,0.041666666666666664,1401-04-22,False,False
2022-07-13 12:00:00,11330.0,11380.0,11320.0,11370.0,3337326,431,2022-07-13,0.0951626268855811,1078.1925626136338,1082.9506939579128,1077.240936344778,1081.999067689057,0,783,1.0,0.041666666666666664,1401-04-22,False,False
2022-07-16 09:00:00,11370.0,11370.0,11160.0,11190.0,6000139,785,2022-07-16,0.0951626268855811,1081.999067689057,1081.999067689057,1062.0149160430851,1064.8697948496524,0,784,69.0,2.875,1401-04-25,False,False
2022-07-16 10:00:00,11190.0,11190.0,10910.0,10960.0,4545279,767,2022-07-16,0.0951626268855811,1064.8697948496524,1064.8697948496524,1038.2242593216897,1042.9823906659688,0,785,1.0,0.041666666666666664,1401-04-25,False,False
2022-07-16 11:00:00,10950.0,11100.0,10920.0,11000.0,4511382,731,2022-07-16,0.0951626268855811,1042.030764397113,1056.30515842995,1039.1758855905455,1046.788895741392,0,786,1.0,0.041666666666666664,1401-04-25,False,False
2022-07-16 12:00:00,11000.0,11040.0,10970.0,11030.0,3745974,390,2022-07-16,0.0951626268855811,1046.788895741392,1050.5954008168153,1043.9340169348245,1049.6437745479595,0,787,1.0,0.041666666666666664,1401-04-25,False,False
2022-07-17 09:00:00,11090.0,11090.0,10910.0,11020.0,4990375,801,2022-07-17,0.0951626268855811,1055.3535321610943,1055.3535321610943,1038.2242593216897,1048.6921482791038,0,788,21.0,0.875,1401-04-26,False,False
2022-07-17 10:00:00,11030.0,11060.0,10990.0,11000.0,5216879,626,2022-07-17,0.0951626268855811,1049.6437745479595,1052.4986533545268,1045.8372694725363,1046.788895741392,0,789,1.0,0.041666666666666664,1401-04-26,False,False
2022-07-17 11:00:00,11010.0,11020.0,10990.0,10990.0,5424357,736,2022-07-17,0.0951626268855811,1047.7405220102478,1048.6921482791038,1045.8372694725363,1045.8372694725363,0,790,1.0,0.041666666666666664,1401-04-26,False,False
2022-07-17 12:00:00,11000.0,11000.0,10960.0,10990.0,5019803,580,2022-07-17,0.0951626268855811,1046.788895741392,1046.788895741392,1042.9823906659688,1045.8372694725363,0,791,1.0,0.041666666666666664,1401-04-26,False,False
2022-07-24 12:00:00,10990.0,10990.0,10710.0,10830.0,2849555,331,2022-07-24,0.0951626268855811,1045.8372694725363,1045.8372694725363,1019.1917339445736,1030.6112491708432,0,792,168.0,7.0,1401-05-02,False,False
2022-07-25 09:00:00,10890.0,10930.0,10760.0,10800.0,9943888,1105,2022-07-25,0.0951626268855811,1036.3210067839782,1040.1275118594015,1023.9498652888526,1027.7563703642759,0,793,21.0,0.875,1401-05-03,False,False
2022-07-25 10:00:00,10800.0,10810.0,10660.0,10660.0,6205317,773,2022-07-25,0.0951626268855811,1027.7563703642759,1028.7079966331316,1014.4336026002944,1014.4336026002944,0,794,1.0,0.041666666666666664,1401-05-03,False,False
2022-07-25 11:00:00,10650.0,10660.0,10540.0,10550.0,5465405,711,2022-07-25,0.0951626268855811,1013.4819763314387,1014.4336026002944,1003.0140873740247,1003.9657136428806,0,795,1.0,0.041666666666666664,1401-05-03,False,False
2022-07-25 12:00:00,10550.0,10560.0,10500.0,10540.0,5342894,572,2022-07-25,0.0951626268855811,1003.9657136428806,1004.9173399117363,999.2075822986016,1003.0140873740247,0,796,1.0,0.041666666666666664,1401-05-03,False,False
2022-07-26 09:00:00,10600.0,10760.0,10600.0,10700.0,8527607,833,2022-07-26,0.0951626268855811,1008.7238449871596,1023.9498652888526,1008.7238449871596,1018.2401076757177,0,797,21.0,0.875,1401-05-04,False,False
2022-07-26 10:00:00,10690.0,10710.0,10680.0,10690.0,3869608,574,2022-07-26,0.0951626268855811,1017.2884814068619,1019.1917339445736,1016.3368551380061,1017.2884814068619,0,798,1.0,0.041666666666666664,1401-05-04,False,False
2022-07-26 11:00:00,10700.0,10720.0,10680.0,10680.0,3744477,583,2022-07-26,0.0951626268855811,1018.2401076757177,1020.1433602134293,1016.3368551380061,1016.3368551380061,0,799,1.0,0.041666666666666664,1401-05-04,False,False
2022-07-26 12:00:00,10680.0,10690.0,10620.0,10680.0,4636780,391,2022-07-26,0.0951626268855811,1016.3368551380061,1017.2884814068619,1010.6270975248713,1016.3368551380061,0,800,1.0,0.041666666666666664,1401-05-04,False,False
2022-07-27 09:00:00,10700.0,11020.0,10680.0,10850.0,3894636,732,2022-07-27,0.0951626268855811,1018.2401076757177,1048.6921482791038,1016.3368551380061,1032.514501708555,0,801,21.0,0.875,1401-05-05,False,False
2022-07-27 10:00:00,10860.0,10920.0,10820.0,10920.0,3275973,478,2022-07-27,0.0951626268855811,1033.4661279774107,1039.1758855905455,1029.6596229019874,1039.1758855905455,0,802,1.0,0.041666666666666664,1401-05-05,False,False
2022-07-27 11:00:00,10910.0,11090.0,10900.0,10960.0,6626346,728,2022-07-27,0.0951626268855811,1038.2242593216897,1055.3535321610943,1037.272633052834,1042.9823906659688,0,803,1.0,0.041666666666666664,1401-05-05,False,False
2022-07-27 12:00:00,10960.0,10970.0,10810.0,10930.0,3650760,422,2022-07-27,0.0951626268855811,1042.9823906659688,1043.9340169348245,1028.7079966331316,1040.1275118594015,0,804,1.0,0.041666666666666664,1401-05-05,False,False
2022-07-30 09:00:00,10980.0,11170.0,10970.0,11130.0,6587247,964,2022-07-30,0.0951626268855811,1044.8856432036805,1062.9665423119409,1043.9340169348245,1059.1600372365176,0,805,69.0,2.875,1401-05-08,False,False
2022-07-30 10:00:00,11120.0,11140.0,11040.0,11050.0,3960065,617,2022-07-30,0.0951626268855811,1058.2084109676618,1060.1116635053734,1050.5954008168153,1051.547027085671,0,806,1.0,0.041666666666666664,1401-05-08,False,False
2022-07-30 11:00:00,11050.0,11060.0,10970.0,10980.0,5930371,627,2022-07-30,0.0951626268855811,1051.547027085671,1052.4986533545268,1043.9340169348245,1044.8856432036805,0,807,1.0,0.041666666666666664,1401-05-08,False,False
2022-07-30 12:00:00,10970.0,11000.0,10840.0,10890.0,4584266,477,2022-07-30,0.0951626268855811,1043.9340169348245,1046.788895741392,1031.5628754396992,1036.3210067839782,0,808,1.0,0.041666666666666664,1401-05-08,False,False
2022-07-31 09:00:00,10830.0,10910.0,10690.0,10900.0,4558020,797,2022-07-31,0.0951626268855811,1030.6112491708432,1038.2242593216897,1017.2884814068619,1037.272633052834,0,809,21.0,0.875,1401-05-09,False,False
2022-07-31 10:00:00,10880.0,11120.0,10840.0,11110.0,11971417,1172,2022-07-31,0.0951626268855811,1035.3693805151222,1058.2084109676618,1031.5628754396992,1057.2567846988059,0,810,1.0,0.041666666666666664,1401-05-09,False,False
2022-07-31 11:00:00,11110.0,11280.0,11090.0,11220.0,16498392,1700,2022-07-31,0.0951626268855811,1057.2567846988059,1073.4344312693547,1055.3535321610943,1067.72467365622,0,811,1.0,0.041666666666666664,1401-05-09,False,False
2022-07-31 12:00:00,11210.0,11370.0,11210.0,11350.0,11198641,977,2022-07-31,0.0951626268855811,1066.7730473873642,1081.999067689057,1066.7730473873642,1080.0958151513455,0,812,1.0,0.041666666666666664,1401-05-09,False,False
2022-07-31 16:00:00,11250.0,11250.0,11250.0,11250.0,6144,4,2022-07-31,0.0951626268855811,1070.5795524627872,1070.5795524627872,1070.5795524627872,1070.5795524627872,0,813,4.0,0.16666666666666666,1401-05-09,False,False
2022-08-09 11:00:00,5470.0,5490.0,5390.0,5440.0,11751390,567,2022-08-09,0.2028562103648742,1109.623470695862,1113.6805949031593,1093.394973866672,1103.5377843849155,0,814,211.0,8.791666666666666,1401-05-18,True,True
2022-08-09 12:00:00,5430.0,5500.0,5430.0,5500.0,14545307,1073,2022-08-09,0.2028562103648742,1101.5092222812668,1115.709157006808,1101.5092222812668,1115.709157006808,0,815,1.0,0.041666666666666664,1401-05-18,False,False
2022-08-10 09:00:00,5590.0,5600.0,5480.0,5510.0,13729183,1375,2022-08-10,0.2028562103648742,1133.9662159396466,1135.9947780432956,1111.6520327995106,1117.7377191104567,0,816,21.0,0.875,1401-05-19,False,False
2022-08-10 10:00:00,5510.0,5540.0,5480.0,5520.0,9276717,848,2022-08-10,0.2028562103648742,1117.7377191104567,1123.823405421403,1111.6520327995106,1119.7662812141054,0,817,1.0,0.041666666666666664,1401-05-19,False,False
2022-08-10 11:00:00,5520.0,5540.0,5500.0,5520.0,6933674,667,2022-08-10,0.2028562103648742,1119.7662812141054,1123.823405421403,1115.709157006808,1119.7662812141054,0,818,1.0,0.041666666666666664,1401-05-19,False,False
2022-08-10 12:00:00,5520.0,5540.0,5500.0,5520.0,6490326,468,2022-08-10,0.2028562103648742,1119.7662812141054,1123.823405421403,1115.709157006808,1119.7662812141054,0,819,1.0,0.041666666666666664,1401-05-19,False,False
2022-08-10 18:00:00,5500.0,5500.0,5500.0,5500.0,10000,1,2022-08-10,0.2028562103648742,1115.709157006808,1115.709157006808,1115.709157006808,1115.709157006808,0,820,6.0,0.25,1401-05-19,False,False
2022-08-13 09:00:00,5520.0,5780.0,5500.0,5740.0,14009695,1156,2022-08-13,0.2028562103648742,1119.7662812141054,1172.5088959089728,1115.709157006808,1164.394647494378,0,821,63.0,2.625,1401-05-22,False,False
2022-08-13 10:00:00,5730.0,5810.0,5700.0,5800.0,10318213,827,2022-08-13,0.2028562103648742,1162.366085390729,1178.5945822199192,1156.280399079783,1176.5660201162702,0,822,1.0,0.041666666666666664,1401-05-22,False,False
2022-08-13 11:00:00,5790.0,5850.0,5790.0,5830.0,16245172,1215,2022-08-13,0.2028562103648742,1174.5374580126215,1186.708830634514,1174.5374580126215,1182.6517064272166,0,823,1.0,0.041666666666666664,1401-05-22,False,False
2022-08-13 12:00:00,5830.0,5850.0,5790.0,5810.0,13220450,679,2022-08-13,0.2028562103648742,1182.6517064272166,1186.708830634514,1174.5374580126215,1178.5945822199192,0,824,1.0,0.041666666666666664,1401-05-22,False,False
2022-08-14 09:00:00,5850.0,5850.0,5720.0,5740.0,9422556,953,2022-08-14,0.2028562103648742,1186.708830634514,1186.708830634514,1160.3375232870803,1164.394647494378,0,825,21.0,0.875,1401-05-23,False,False
2022-08-14 10:00:00,5740.0,5750.0,5650.0,5710.0,7649121,676,2022-08-14,0.2028562103648742,1164.394647494378,1166.4232095980267,1146.1375885615391,1158.3089611834316,0,826,1.0,0.041666666666666664,1401-05-23,False,False
2022-08-14 11:00:00,5720.0,5760.0,5690.0,5700.0,5232902,492,2022-08-14,0.2028562103648742,1160.3375232870803,1168.4517717016754,1154.2518369761342,1156.280399079783,0,827,1.0,0.041666666666666664,1401-05-23,False,False
2022-08-14 12:00:00,5700.0,5740.0,5680.0,5720.0,3548249,323,2022-08-14,0.2028562103648742,1156.280399079783,1164.394647494378,1152.2232748724855,1160.3375232870803,0,828,1.0,0.041666666666666664,1401-05-23,False,False
2022-08-15 09:00:00,5720.0,5720.0,5610.0,5690.0,6048702,624,2022-08-15,0.2028562103648742,1160.3375232870803,1160.3375232870803,1138.0233401469443,1154.2518369761342,0,829,21.0,0.875,1401-05-24,False,False
2022-08-15 10:00:00,5700.0,5720.0,5620.0,5630.0,7330895,563,2022-08-15,0.2028562103648742,1156.280399079783,1160.3375232870803,1140.051902250593,1142.0804643542417,0,830,1.0,0.041666666666666664,1401-05-24,False,False
2022-08-15 11:00:00,5630.0,5750.0,5600.0,5710.0,9603441,727,2022-08-15,0.2028562103648742,1142.0804643542417,1166.4232095980267,1135.9947780432956,1158.3089611834316,0,831,1.0,0.041666666666666664,1401-05-24,False,False
2022-08-15 12:00:00,5710.0,5710.0,5670.0,5690.0,3599666,319,2022-08-15,0.2028562103648742,1158.3089611834316,1158.3089611834316,1150.1947127688368,1154.2518369761342,0,832,1.0,0.041666666666666664,1401-05-24,False,False
2022-08-16 09:00:00,5730.0,5730.0,5620.0,5650.0,6523711,703,2022-08-16,0.2028562103648742,1162.366085390729,1162.366085390729,1140.051902250593,1146.1375885615391,0,833,21.0,0.875,1401-05-25,False,False
2022-08-16 10:00:00,5660.0,5660.0,5560.0,5570.0,5423044,593,2022-08-16,0.2028562103648742,1148.1661506651878,1148.1661506651878,1127.8805296287005,1129.9090917323492,0,834,1.0,0.041666666666666664,1401-05-25,False,False
2022-08-16 11:00:00,5580.0,5610.0,5510.0,5590.0,6449646,581,2022-08-16,0.2028562103648742,1131.937653835998,1138.0233401469443,1117.7377191104567,1133.9662159396466,0,835,1.0,0.041666666666666664,1401-05-25,False,False
2022-08-16 12:00:00,5590.0,5610.0,5550.0,5590.0,3885688,301,2022-08-16,0.2028562103648742,1133.9662159396466,1138.0233401469443,1125.8519675250518,1133.9662159396466,0,836,1.0,0.041666666666666664,1401-05-25,False,False
2022-08-17 09:00:00,5600.0,5600.0,5500.0,5580.0,5189831,588,2022-08-17,0.2028562103648742,1135.9947780432956,1135.9947780432956,1115.709157006808,1131.937653835998,0,837,21.0,0.875,1401-05-26,False,False
2022-08-17 10:00:00,5570.0,5630.0,5520.0,5620.0,12974998,637,2022-08-17,0.2028562103648742,1129.9090917323492,1142.0804643542417,1119.7662812141054,1140.051902250593,0,838,1.0,0.041666666666666664,1401-05-26,False,False
2022-08-17 11:00:00,5620.0,5650.0,5500.0,5530.0,6056402,539,2022-08-17,0.2028562103648742,1140.051902250593,1146.1375885615391,1115.709157006808,1121.7948433177544,0,839,1.0,0.041666666666666664,1401-05-26,False,False
2022-08-17 12:00:00,5530.0,5570.0,5520.0,5540.0,4810029,321,2022-08-17,0.2028562103648742,1121.7948433177544,1129.9090917323492,1119.7662812141054,1123.823405421403,0,840,1.0,0.041666666666666664,1401-05-26,False,False
2022-08-21 12:00:00,5420.0,5450.0,5400.0,5430.0,9406784,336,2022-08-21,0.2028562103648742,1099.4806601776181,1105.5663464885645,1095.4235359703207,1101.5092222812668,0,841,96.0,4.0,1401-05-30,False,False
2022-08-22 09:00:00,5420.0,5420.0,5300.0,5350.0,12500276,1129,2022-08-22,0.2028562103648742,1099.4806601776181,1099.4806601776181,1075.1379149338331,1085.280725452077,0,842,21.0,0.875,1401-05-31,False,False
2022-08-22 10:00:00,5340.0,5350.0,5290.0,5300.0,11713383,790,2022-08-22,0.2028562103648742,1083.2521633484282,1085.280725452077,1073.1093528301844,1075.1379149338331,0,843,1.0,0.041666666666666664,1401-05-31,False,False
2022-08-22 11:00:00,5300.0,5330.0,5280.0,5280.0,15415078,782,2022-08-22,0.2028562103648742,1075.1379149338331,1081.2236012447795,1071.0807907265357,1071.0807907265357,0,844,1.0,0.041666666666666664,1401-05-31,False,False
2022-08-22 12:00:00,5290.0,5290.0,5240.0,5290.0,8422662,602,2022-08-22,0.2028562103648742,1073.1093528301844,1073.1093528301844,1062.9665423119409,1073.1093528301844,0,845,1.0,0.041666666666666664,1401-05-31,False,False
2022-08-23 09:00:00,5230.0,5340.0,5220.0,5280.0,7057294,837,2022-08-23,0.2028562103648742,1060.937980208292,1083.2521633484282,1058.9094181046432,1071.0807907265357,0,846,21.0,0.875,1401-06-01,False,False
2022-08-23 10:00:00,5290.0,5310.0,5270.0,5310.0,6124198,716,2022-08-23,0.2028562103648742,1073.1093528301844,1077.166477037482,1069.052228622887,1077.166477037482,0,847,1.0,0.041666666666666664,1401-06-01,False,False
2022-08-23 11:00:00,5300.0,5310.0,5240.0,5240.0,7884657,754,2022-08-23,0.2028562103648742,1075.1379149338331,1077.166477037482,1062.9665423119409,1062.9665423119409,0,848,1.0,0.041666666666666664,1401-06-01,False,False
2022-08-23 12:00:00,5250.0,5290.0,5240.0,5280.0,4906377,498,2022-08-23,0.2028562103648742,1064.9951044155896,1073.1093528301844,1062.9665423119409,1071.0807907265357,0,849,1.0,0.041666666666666664,1401-06-01,False,False
2022-08-24 09:00:00,5330.0,5370.0,5280.0,5320.0,8788876,788,2022-08-24,0.2028562103648742,1081.2236012447795,1089.3378496593743,1071.0807907265357,1079.1950391411308,0,850,21.0,0.875,1401-06-02,False,False
2022-08-24 10:00:00,5330.0,5340.0,5300.0,5330.0,5425896,580,2022-08-24,0.2028562103648742,1081.2236012447795,1083.2521633484282,1075.1379149338331,1081.2236012447795,0,851,1.0,0.041666666666666664,1401-06-02,False,False
2022-08-24 11:00:00,5320.0,5350.0,5310.0,5350.0,8697894,580,2022-08-24,0.2028562103648742,1079.1950391411308,1085.280725452077,1077.166477037482,1085.280725452077,0,852,1.0,0.041666666666666664,1401-06-02,False,False
2022-08-24 12:00:00,5350.0,5350.0,5310.0,5330.0,9069218,460,2022-08-24,0.2028562103648742,1085.280725452077,1085.280725452077,1077.166477037482,1081.2236012447795,0,853,1.0,0.041666666666666664,1401-06-02,False,False
2022-08-27 09:00:00,5380.0,5380.0,5310.0,5330.0,7385201,775,2022-08-27,0.2028562103648742,1091.3664117630233,1091.3664117630233,1077.166477037482,1081.2236012447795,0,854,69.0,2.875,1401-06-05,False,False
2022-08-27 10:00:00,5330.0,5350.0,5320.0,5320.0,7113644,699,2022-08-27,0.2028562103648742,1081.2236012447795,1085.280725452077,1079.1950391411308,1079.1950391411308,0,855,1.0,0.041666666666666664,1401-06-05,False,False
2022-08-27 11:00:00,5330.0,5340.0,5300.0,5310.0,4858309,526,2022-08-27,0.2028562103648742,1081.2236012447795,1083.2521633484282,1075.1379149338331,1077.166477037482,0,856,1.0,0.041666666666666664,1401-06-05,False,False
2022-08-27 12:00:00,5310.0,5320.0,5300.0,5320.0,3448998,315,2022-08-27,0.2028562103648742,1077.166477037482,1079.1950391411308,1075.1379149338331,1079.1950391411308,0,857,1.0,0.041666666666666664,1401-06-05,False,False
2022-08-28 09:00:00,5350.0,5350.0,5280.0,5290.0,5101673,520,2022-08-28,0.2028562103648742,1085.280725452077,1085.280725452077,1071.0807907265357,1073.1093528301844,0,858,21.0,0.875,1401-06-06,False,False
2022-08-28 10:00:00,5290.0,5300.0,5280.0,5290.0,4150554,426,2022-08-28,0.2028562103648742,1073.1093528301844,1075.1379149338331,1071.0807907265357,1073.1093528301844,0,859,1.0,0.041666666666666664,1401-06-06,False,False
2022-08-28 11:00:00,5280.0,5300.0,5240.0,5260.0,8902046,454,2022-08-28,0.2028562103648742,1071.0807907265357,1075.1379149338331,1062.9665423119409,1067.0236665192383,0,860,1.0,0.041666666666666664,1401-06-06,False,False
2022-08-28 12:00:00,5260.0,5270.0,5240.0,5260.0,4219923,304,2022-08-28,0.2028562103648742,1067.0236665192383,1069.052228622887,1062.9665423119409,1067.0236665192383,0,861,1.0,0.041666666666666664,1401-06-06,False,False
2022-08-29 09:00:00,5270.0,5280.0,5230.0,5260.0,4828911,516,2022-08-29,0.2028562103648742,1069.052228622887,1071.0807907265357,1060.937980208292,1067.0236665192383,0,862,21.0,0.875,1401-06-07,False,False
2022-08-29 10:00:00,5260.0,5260.0,5230.0,5230.0,5338332,560,2022-08-29,0.2028562103648742,1067.0236665192383,1067.0236665192383,1060.937980208292,1060.937980208292,0,863,1.0,0.041666666666666664,1401-06-07,False,False
2022-08-29 11:00:00,5240.0,5240.0,5210.0,5220.0,5536873,613,2022-08-29,0.2028562103648742,1062.9665423119409,1062.9665423119409,1056.8808560009945,1058.9094181046432,0,864,1.0,0.041666666666666664,1401-06-07,False,False
2022-08-29 12:00:00,5220.0,5230.0,5200.0,5210.0,4427646,379,2022-08-29,0.2028562103648742,1058.9094181046432,1060.937980208292,1054.8522938973458,1056.8808560009945,0,865,1.0,0.041666666666666664,1401-06-07,False,False
2022-08-30 09:00:00,5200.0,5280.0,5180.0,5180.0,4292364,515,2022-08-30,0.2028562103648742,1054.8522938973458,1071.0807907265357,1050.7951696900484,1050.7951696900484,0,866,21.0,0.875,1401-06-08,False,False
2022-08-30 10:00:00,5190.0,5200.0,5160.0,5170.0,5409143,563,2022-08-30,0.2028562103648742,1052.823731793697,1054.8522938973458,1046.7380454827507,1048.7666075863997,0,867,1.0,0.041666666666666664,1401-06-08,False,False
2022-08-30 11:00:00,5170.0,5190.0,5150.0,5170.0,4435815,496,2022-08-30,0.2028562103648742,1048.7666075863997,1052.823731793697,1044.709483379102,1048.7666075863997,0,868,1.0,0.041666666666666664,1401-06-08,False,False
2022-08-30 12:00:00,5160.0,5170.0,5130.0,5130.0,3688013,380,2022-08-30,0.2028562103648742,1046.7380454827507,1048.7666075863997,1040.6523591718046,1040.6523591718046,0,869,1.0,0.041666666666666664,1401-06-08,False,False
2022-08-31 09:00:00,5160.0,5180.0,5120.0,5140.0,3341572,471,2022-08-31,0.2028562103648742,1046.7380454827507,1050.7951696900484,1038.623797068156,1042.6809212754533,0,870,21.0,0.875,1401-06-09,False,False
2022-08-31 10:00:00,5140.0,5170.0,5130.0,5150.0,3987739,409,2022-08-31,0.2028562103648742,1042.6809212754533,1048.7666075863997,1040.6523591718046,1044.709483379102,0,871,1.0,0.041666666666666664,1401-06-09,False,False
2022-08-31 11:00:00,5150.0,5150.0,5130.0,5140.0,2806744,445,2022-08-31,0.2028562103648742,1044.709483379102,1044.709483379102,1040.6523591718046,1042.6809212754533,0,872,1.0,0.041666666666666664,1401-06-09,False,False
2022-08-31 12:00:00,5140.0,5150.0,5120.0,5120.0,4651909,357,2022-08-31,0.2028562103648742,1042.6809212754533,1044.709483379102,1038.623797068156,1038.623797068156,0,873,1.0,0.041666666666666664,1401-06-09,False,False
2022-09-03 09:00:00,5120.0,5140.0,5020.0,5050.0,5135143,767,2022-09-03,0.2028562103648742,1038.623797068156,1042.6809212754533,1018.3381760316685,1024.4238623426147,0,874,69.0,2.875,1401-06-12,False,False
2022-09-03 10:00:00,5050.0,5170.0,5030.0,5120.0,7757029,627,2022-09-03,0.2028562103648742,1024.4238623426147,1048.7666075863997,1020.3667381353172,1038.623797068156,0,875,1.0,0.041666666666666664,1401-06-12,False,False
2022-09-03 11:00:00,5120.0,5120.0,5070.0,5070.0,7327729,474,2022-09-03,0.2028562103648742,1038.623797068156,1038.623797068156,1028.4809865499121,1028.4809865499121,0,876,1.0,0.041666666666666664,1401-06-12,False,False
2022-09-03 12:00:00,5070.0,5100.0,5060.0,5080.0,5966858,350,2022-09-03,0.2028562103648742,1028.4809865499121,1034.5666728608585,1026.4524244462634,1030.5095486535608,0,877,1.0,0.041666666666666664,1401-06-12,False,False
2022-09-04 09:00:00,5100.0,5180.0,5090.0,5090.0,5176472,597,2022-09-04,0.2028562103648742,1034.5666728608585,1050.7951696900484,1032.5381107572096,1032.5381107572096,0,878,21.0,0.875,1401-06-13,False,False
2022-09-04 10:00:00,5100.0,5110.0,5070.0,5100.0,5554948,430,2022-09-04,0.2028562103648742,1034.5666728608585,1036.5952349645072,1028.4809865499121,1034.5666728608585,0,879,1.0,0.041666666666666664,1401-06-13,False,False
2022-09-04 11:00:00,5090.0,5100.0,5080.0,5100.0,3726748,432,2022-09-04,0.2028562103648742,1032.5381107572096,1034.5666728608585,1030.5095486535608,1034.5666728608585,0,880,1.0,0.041666666666666664,1401-06-13,False,False
2022-09-04 12:00:00,5090.0,5100.0,5070.0,5090.0,2582564,265,2022-09-04,0.2028562103648742,1032.5381107572096,1034.5666728608585,1028.4809865499121,1032.5381107572096,0,881,1.0,0.041666666666666664,1401-06-13,False,False
2022-09-05 09:00:00,5150.0,5150.0,5080.0,5090.0,5957098,499,2022-09-05,0.2028562103648742,1044.709483379102,1044.709483379102,1030.5095486535608,1032.5381107572096,0,882,21.0,0.875,1401-06-14,False,False
2022-09-05 10:00:00,5090.0,5100.0,5080.0,5080.0,4183887,455,2022-09-05,0.2028562103648742,1032.5381107572096,1034.5666728608585,1030.5095486535608,1030.5095486535608,0,883,1.0,0.041666666666666664,1401-06-14,False,False
2022-09-05 11:00:00,5080.0,5100.0,5060.0,5060.0,6122752,470,2022-09-05,0.2028562103648742,1030.5095486535608,1034.5666728608585,1026.4524244462634,1026.4524244462634,0,884,1.0,0.041666666666666664,1401-06-14,False,False
2022-09-05 12:00:00,5060.0,5070.0,5050.0,5060.0,4448121,411,2022-09-05,0.2028562103648742,1026.4524244462634,1028.4809865499121,1024.4238623426147,1026.4524244462634,0,885,1.0,0.041666666666666664,1401-06-14,False,False
2022-09-06 09:00:00,5080.0,5100.0,5050.0,5050.0,3841471,408,2022-09-06,0.2028562103648742,1030.5095486535608,1034.5666728608585,1024.4238623426147,1024.4238623426147,0,886,21.0,0.875,1401-06-15,False,False
2022-09-06 10:00:00,5050.0,5060.0,5020.0,5060.0,2618934,387,2022-09-06,0.2028562103648742,1024.4238623426147,1026.4524244462634,1018.3381760316685,1026.4524244462634,0,887,1.0,0.041666666666666664,1401-06-15,False,False
2022-09-06 11:00:00,5060.0,5070.0,5040.0,5050.0,3762222,346,2022-09-06,0.2028562103648742,1026.4524244462634,1028.4809865499121,1022.395300238966,1024.4238623426147,0,888,1.0,0.041666666666666664,1401-06-15,False,False
2022-09-06 12:00:00,5040.0,5090.0,5030.0,5070.0,4814738,265,2022-09-06,0.2028562103648742,1022.395300238966,1032.5381107572096,1020.3667381353172,1028.4809865499121,0,889,1.0,0.041666666666666664,1401-06-15,False,False
2022-09-07 09:00:00,5080.0,5080.0,5020.0,5070.0,6312472,416,2022-09-07,0.2028562103648742,1030.5095486535608,1030.5095486535608,1018.3381760316685,1028.4809865499121,0,890,21.0,0.875,1401-06-16,False,False
2022-09-07 10:00:00,5070.0,5090.0,5050.0,5060.0,4834123,448,2022-09-07,0.2028562103648742,1028.4809865499121,1032.5381107572096,1024.4238623426147,1026.4524244462634,0,891,1.0,0.041666666666666664,1401-06-16,False,False
2022-09-07 11:00:00,5060.0,5070.0,5040.0,5060.0,4810664,468,2022-09-07,0.2028562103648742,1026.4524244462634,1028.4809865499121,1022.395300238966,1026.4524244462634,0,892,1.0,0.041666666666666664,1401-06-16,False,False
2022-09-07 12:00:00,5060.0,5060.0,5030.0,5040.0,2753100,271,2022-09-07,0.2028562103648742,1026.4524244462634,1026.4524244462634,1020.3667381353172,1022.395300238966,0,893,1.0,0.041666666666666664,1401-06-16,False,False
2022-09-10 09:00:00,5050.0,5070.0,4990.0,5050.0,8969459,657,2022-09-10,0.2028562103648742,1024.4238623426147,1028.4809865499121,1012.2524897207222,1024.4238623426147,0,894,69.0,2.875,1401-06-19,False,False
2022-09-10 10:00:00,5040.0,5060.0,5020.0,5050.0,5665763,423,2022-09-10,0.2028562103648742,1022.395300238966,1026.4524244462634,1018.3381760316685,1024.4238623426147,0,895,1.0,0.041666666666666664,1401-06-19,False,False
2022-09-10 11:00:00,5060.0,5070.0,5040.0,5050.0,4004296,373,2022-09-10,0.2028562103648742,1026.4524244462634,1028.4809865499121,1022.395300238966,1024.4238623426147,0,896,1.0,0.041666666666666664,1401-06-19,False,False
2022-09-10 12:00:00,5050.0,5060.0,5040.0,5040.0,2931937,239,2022-09-10,0.2028562103648742,1024.4238623426147,1026.4524244462634,1022.395300238966,1022.395300238966,0,897,1.0,0.041666666666666664,1401-06-19,False,False
2022-09-11 09:00:00,5040.0,5060.0,5020.0,5020.0,6653431,544,2022-09-11,0.2028562103648742,1022.395300238966,1026.4524244462634,1018.3381760316685,1018.3381760316685,0,898,21.0,0.875,1401-06-20,False,False
2022-09-11 10:00:00,5030.0,5040.0,5020.0,5030.0,4708382,449,2022-09-11,0.2028562103648742,1020.3667381353172,1022.395300238966,1018.3381760316685,1020.3667381353172,0,899,1.0,0.041666666666666664,1401-06-20,False,False
2022-09-11 11:00:00,5040.0,5040.0,5020.0,5030.0,3317194,378,2022-09-11,0.2028562103648742,1022.395300238966,1022.395300238966,1018.3381760316685,1020.3667381353172,0,900,1.0,0.041666666666666664,1401-06-20,False,False
2022-09-11 12:00:00,5030.0,5040.0,5020.0,5030.0,2612224,273,2022-09-11,0.2028562103648742,1020.3667381353172,1022.395300238966,1018.3381760316685,1020.3667381353172,0,901,1.0,0.041666666666666664,1401-06-20,False,False
2022-09-12 09:00:00,5100.0,5170.0,5060.0,5080.0,12248334,1069,2022-09-12,0.2028562103648742,1034.5666728608585,1048.7666075863997,1026.4524244462634,1030.5095486535608,0,902,21.0,0.875,1401-06-21,False,False
2022-09-12 10:00:00,5090.0,5100.0,5050.0,5070.0,7137592,728,2022-09-12,0.2028562103648742,1032.5381107572096,1034.5666728608585,1024.4238623426147,1028.4809865499121,0,903,1.0,0.041666666666666664,1401-06-21,False,False
2022-09-12 11:00:00,5070.0,5130.0,5050.0,5120.0,5661434,661,2022-09-12,0.2028562103648742,1028.4809865499121,1040.6523591718046,1024.4238623426147,1038.623797068156,0,904,1.0,0.041666666666666664,1401-06-21,False,False
2022-09-12 12:00:00,5120.0,5150.0,5050.0,5080.0,6268908,644,2022-09-12,0.2028562103648742,1038.623797068156,1044.709483379102,1024.4238623426147,1030.5095486535608,0,905,1.0,0.041666666666666664,1401-06-21,False,False
2022-09-13 09:00:00,5140.0,5160.0,5140.0,5150.0,567835,29,2022-09-13,0.2028562103648742,1042.6809212754533,1046.7380454827507,1042.6809212754533,1044.709483379102,0,906,21.0,0.875,1401-06-22,False,False
2022-09-13 10:00:00,5160.0,5230.0,5120.0,5220.0,14224407,953,2022-09-13,0.2028562103648742,1046.7380454827507,1060.937980208292,1038.623797068156,1058.9094181046432,0,907,1.0,0.041666666666666664,1401-06-22,False,False
2022-09-13 11:00:00,5220.0,5230.0,5180.0,5190.0,13668667,809,2022-09-13,0.2028562103648742,1058.9094181046432,1060.937980208292,1050.7951696900484,1052.823731793697,0,908,1.0,0.041666666666666664,1401-06-22,False,False
2022-09-13 12:00:00,5190.0,5220.0,5180.0,5220.0,6351634,458,2022-09-13,0.2028562103648742,1052.823731793697,1058.9094181046432,1050.7951696900484,1058.9094181046432,0,909,1.0,0.041666666666666664,1401-06-22,False,False
2022-09-14 09:00:00,5250.0,5250.0,5180.0,5190.0,6150326,626,2022-09-14,0.2028562103648742,1064.9951044155896,1064.9951044155896,1050.7951696900484,1052.823731793697,0,910,21.0,0.875,1401-06-23,False,False
2022-09-14 10:00:00,5190.0,5200.0,5140.0,5150.0,6775551,538,2022-09-14,0.2028562103648742,1052.823731793697,1054.8522938973458,1042.6809212754533,1044.709483379102,0,911,1.0,0.041666666666666664,1401-06-23,False,False
2022-09-14 11:00:00,5150.0,5160.0,5120.0,5130.0,4862569,389,2022-09-14,0.2028562103648742,1044.709483379102,1046.7380454827507,1038.623797068156,1040.6523591718046,0,912,1.0,0.041666666666666664,1401-06-23,False,False
2022-09-14 12:00:00,5120.0,5150.0,5120.0,5150.0,2478732,271,2022-09-14,0.2028562103648742,1038.623797068156,1044.709483379102,1038.623797068156,1044.709483379102,0,913,1.0,0.041666666666666664,1401-06-23,False,False
2022-09-18 09:00:00,5170.0,5190.0,5110.0,5160.0,4082836,459,2022-09-18,0.2028562103648742,1048.7666075863997,1052.823731793697,1036.5952349645072,1046.7380454827507,0,914,93.0,3.875,1401-06-27,False,False
2022-09-18 10:00:00,5160.0,5160.0,5100.0,5100.0,3850905,432,2022-09-18,0.2028562103648742,1046.7380454827507,1046.7380454827507,1034.5666728608585,1034.5666728608585,0,915,1.0,0.041666666666666664,1401-06-27,False,False
2022-09-18 11:00:00,5110.0,5110.0,5090.0,5090.0,5707473,506,2022-09-18,0.2028562103648742,1036.5952349645072,1036.5952349645072,1032.5381107572096,1032.5381107572096,0,916,1.0,0.041666666666666664,1401-06-27,False,False
2022-09-18 12:00:00,5090.0,5110.0,5080.0,5110.0,4451863,269,2022-09-18,0.2028562103648742,1032.5381107572096,1036.5952349645072,1030.5095486535608,1036.5952349645072,0,917,1.0,0.041666666666666664,1401-06-27,False,False
2022-09-19 09:00:00,5110.0,5120.0,5080.0,5110.0,6334189,512,2022-09-19,0.2028562103648742,1036.5952349645072,1038.623797068156,1030.5095486535608,1036.5952349645072,0,918,21.0,0.875,1401-06-28,False,False
2022-09-19 10:00:00,5100.0,5110.0,5090.0,5090.0,5473042,415,2022-09-19,0.2028562103648742,1034.5666728608585,1036.5952349645072,1032.5381107572096,1032.5381107572096,0,919,1.0,0.041666666666666664,1401-06-28,False,False
2022-09-19 11:00:00,5090.0,5100.0,5080.0,5090.0,5536612,384,2022-09-19,0.2028562103648742,1032.5381107572096,1034.5666728608585,1030.5095486535608,1032.5381107572096,0,920,1.0,0.041666666666666664,1401-06-28,False,False
2022-09-19 12:00:00,5100.0,5100.0,5090.0,5090.0,3760461,262,2022-09-19,0.2028562103648742,1034.5666728608585,1034.5666728608585,1032.5381107572096,1032.5381107572096,0,921,1.0,0.041666666666666664,1401-06-28,False,False
2022-09-20 09:00:00,5100.0,5110.0,5080.0,5090.0,4360557,412,2022-09-20,0.2028562103648742,1034.5666728608585,1036.5952349645072,1030.5095486535608,1032.5381107572096,0,922,21.0,0.875,1401-06-29,False,False
2022-09-20 10:00:00,5090.0,5090.0,5070.0,5070.0,3569293,352,2022-09-20,0.2028562103648742,1032.5381107572096,1032.5381107572096,1028.4809865499121,1028.4809865499121,0,923,1.0,0.041666666666666664,1401-06-29,False,False
2022-09-20 11:00:00,5070.0,5100.0,5060.0,5080.0,4926201,376,2022-09-20,0.2028562103648742,1028.4809865499121,1034.5666728608585,1026.4524244462634,1030.5095486535608,0,924,1.0,0.041666666666666664,1401-06-29,False,False
2022-09-20 12:00:00,5080.0,5090.0,5070.0,5070.0,2065755,228,2022-09-20,0.2028562103648742,1030.5095486535608,1032.5381107572096,1028.4809865499121,1028.4809865499121,0,925,1.0,0.041666666666666664,1401-06-29,False,False
2022-09-21 09:00:00,5050.0,5060.0,5020.0,5040.0,3854445,402,2022-09-21,0.2028562103648742,1024.4238623426147,1026.4524244462634,1018.3381760316685,1022.395300238966,0,926,21.0,0.875,1401-06-30,False,False
2022-09-21 10:00:00,5030.0,5080.0,5020.0,5030.0,3676704,329,2022-09-21,0.2028562103648742,1020.3667381353172,1030.5095486535608,1018.3381760316685,1020.3667381353172,0,927,1.0,0.041666666666666664,1401-06-30,False,False
2022-09-21 11:00:00,5030.0,5030.0,4990.0,5010.0,9633849,662,2022-09-21,0.2028562103648742,1020.3667381353172,1020.3667381353172,1012.2524897207222,1016.3096139280198,0,928,1.0,0.041666666666666664,1401-06-30,False,False
2022-09-21 12:00:00,5000.0,5010.0,4990.0,4990.0,3396276,377,2022-09-21,0.2028562103648742,1014.2810518243709,1016.3096139280198,1012.2524897207222,1012.2524897207222,0,929,1.0,0.041666666666666664,1401-06-30,False,False
2022-09-24 09:00:00,4990.0,4990.0,4900.0,4910.0,6604405,760,2022-09-24,0.2028562103648742,1012.2524897207222,1012.2524897207222,993.9954307878836,996.0239928915323,0,930,69.0,2.875,1401-07-02,False,False
2022-09-24 10:00:00,4910.0,4920.0,4890.0,4910.0,4369652,519,2022-09-24,0.2028562103648742,996.0239928915323,998.052554995181,991.9668686842348,996.0239928915323,0,931,1.0,0.041666666666666664,1401-07-02,False,False
2022-09-24 11:00:00,4910.0,4920.0,4900.0,4920.0,4204184,425,2022-09-24,0.2028562103648742,996.0239928915323,998.052554995181,993.9954307878836,998.052554995181,0,932,1.0,0.041666666666666664,1401-07-02,False,False
2022-09-24 12:00:00,4910.0,4930.0,4860.0,4880.0,4779408,337,2022-09-24,0.2028562103648742,996.0239928915323,1000.0811170988297,985.8811823732885,989.9383065805861,0,933,1.0,0.041666666666666664,1401-07-02,False,False
2022-09-26 09:00:00,4880.0,5020.0,4870.0,5020.0,7269165,754,2022-09-26,0.2028562103648742,989.9383065805861,1018.3381760316685,987.9097444769374,1018.3381760316685,0,934,45.0,1.875,1401-07-04,False,False
2022-09-26 10:00:00,5020.0,5020.0,4970.0,4990.0,4410718,420,2022-09-26,0.2028562103648742,1018.3381760316685,1018.3381760316685,1008.1953655134248,1012.2524897207222,0,935,1.0,0.041666666666666664,1401-07-04,False,False
2022-09-26 11:00:00,4990.0,5000.0,4940.0,4960.0,3700352,321,2022-09-26,0.2028562103648742,1012.2524897207222,1014.2810518243709,1002.1096792024786,1006.166803409776,0,936,1.0,0.041666666666666664,1401-07-04,False,False
2022-09-26 12:00:00,4960.0,4960.0,4890.0,4920.0,7251551,375,2022-09-26,0.2028562103648742,1006.166803409776,1006.166803409776,991.9668686842348,998.052554995181,0,937,1.0,0.041666666666666664,1401-07-04,False,False
2022-09-28 09:00:00,4990.0,5040.0,4950.0,5030.0,4612393,509,2022-09-28,0.2028562103648742,1012.2524897207222,1022.395300238966,1004.1382413061273,1020.3667381353172,0,938,45.0,1.875,1401-07-06,False,False
2022-09-28 10:00:00,5040.0,5110.0,5020.0,5070.0,5623334,496,2022-09-28,0.2028562103648742,1022.395300238966,1036.5952349645072,1018.3381760316685,1028.4809865499121,0,939,1.0,0.041666666666666664,1401-07-06,False,False
2022-09-28 11:00:00,5080.0,5080.0,5000.0,5000.0,6194411,397,2022-09-28,0.2028562103648742,1030.5095486535608,1030.5095486535608,1014.2810518243709,1014.2810518243709,0,940,1.0,0.041666666666666664,1401-07-06,False,False
2022-09-28 12:00:00,5010.0,5030.0,4980.0,5020.0,3099690,229,2022-09-28,0.2028562103648742,1016.3096139280198,1020.3667381353172,1010.2239276170735,1018.3381760316685,0,941,1.0,0.041666666666666664,1401-07-06,False,False
2022-10-01 09:00:00,5060.0,5060.0,4900.0,4910.0,4588890,550,2022-10-01,0.2028562103648742,1026.4524244462634,1026.4524244462634,993.9954307878836,996.0239928915323,0,942,69.0,2.875,1401-07-09,False,False
2022-10-01 10:00:00,4900.0,4960.0,4900.0,4930.0,4507370,412,2022-10-01,0.2028562103648742,993.9954307878836,1006.166803409776,993.9954307878836,1000.0811170988297,0,943,1.0,0.041666666666666664,1401-07-09,False,False
2022-10-01 11:00:00,4930.0,4950.0,4910.0,4920.0,5886882,407,2022-10-01,0.2028562103648742,1000.0811170988297,1004.1382413061273,996.0239928915323,998.052554995181,0,944,1.0,0.041666666666666664,1401-07-09,False,False
2022-10-01 12:00:00,4920.0,4930.0,4900.0,4900.0,3647790,269,2022-10-01,0.2028562103648742,998.052554995181,1000.0811170988297,993.9954307878836,993.9954307878836,0,945,1.0,0.041666666666666664,1401-07-09,False,False
2022-10-02 09:00:00,4920.0,4970.0,4870.0,4940.0,5601640,510,2022-10-02,0.2028562103648742,998.052554995181,1008.1953655134248,987.9097444769374,1002.1096792024786,0,946,21.0,0.875,1401-07-10,False,False
2022-10-02 10:00:00,4930.0,4950.0,4920.0,4940.0,5727963,388,2022-10-02,0.2028562103648742,1000.0811170988297,1004.1382413061273,998.052554995181,1002.1096792024786,0,947,1.0,0.041666666666666664,1401-07-10,False,False
2022-10-02 11:00:00,4940.0,4940.0,4920.0,4930.0,3507851,299,2022-10-02,0.2028562103648742,1002.1096792024786,1002.1096792024786,998.052554995181,1000.0811170988297,0,948,1.0,0.041666666666666664,1401-07-10,False,False
2022-10-02 12:00:00,4930.0,4950.0,4920.0,4940.0,2023294,223,2022-10-02,0.2028562103648742,1000.0811170988297,1004.1382413061273,998.052554995181,1002.1096792024786,0,949,1.0,0.041666666666666664,1401-07-10,False,False
2022-10-03 09:00:00,4930.0,4980.0,4930.0,4940.0,2879722,323,2022-10-03,0.2028562103648742,1000.0811170988297,1010.2239276170735,1000.0811170988297,1002.1096792024786,0,950,21.0,0.875,1401-07-11,False,False
2022-10-03 10:00:00,4940.0,4950.0,4920.0,4930.0,5032056,356,2022-10-03,0.2028562103648742,1002.1096792024786,1004.1382413061273,998.052554995181,1000.0811170988297,0,951,1.0,0.041666666666666664,1401-07-11,False,False
2022-10-03 11:00:00,4920.0,4930.0,4900.0,4900.0,3610002,291,2022-10-03,0.2028562103648742,998.052554995181,1000.0811170988297,993.9954307878836,993.9954307878836,0,952,1.0,0.041666666666666664,1401-07-11,False,False
2022-10-03 12:00:00,4910.0,4930.0,4900.0,4910.0,1674614,170,2022-10-03,0.2028562103648742,996.0239928915323,1000.0811170988297,993.9954307878836,996.0239928915323,0,953,1.0,0.041666666666666664,1401-07-11,False,False
2022-10-04 09:00:00,4910.0,4960.0,4910.0,4920.0,2362808,293,2022-10-04,0.2028562103648742,996.0239928915323,1006.166803409776,996.0239928915323,998.052554995181,0,954,21.0,0.875,1401-07-12,False,False
2022-10-04 10:00:00,4910.0,4930.0,4910.0,4920.0,2463004,305,2022-10-04,0.2028562103648742,996.0239928915323,1000.0811170988297,996.0239928915323,998.052554995181,0,955,1.0,0.041666666666666664,1401-07-12,False,False
2022-10-04 11:00:00,4910.0,4930.0,4900.0,4900.0,3556135,315,2022-10-04,0.2028562103648742,996.0239928915323,1000.0811170988297,993.9954307878836,993.9954307878836,0,956,1.0,0.041666666666666664,1401-07-12,False,False
2022-10-04 12:00:00,4900.0,4930.0,4900.0,4920.0,3178506,260,2022-10-04,0.2028562103648742,993.9954307878836,1000.0811170988297,993.9954307878836,998.052554995181,0,957,1.0,0.041666666666666664,1401-07-12,False,False
2022-10-08 09:00:00,4920.0,4980.0,4920.0,4924.0,3638017,439,2022-10-08,0.2028562103648742,998.052554995181,1010.2239276170735,998.052554995181,998.8639798366405,0,958,93.0,3.875,1401-07-16,False,False
2022-10-08 10:00:00,4924.0,4924.0,4900.0,4903.0,5232947,431,2022-10-08,0.2028562103648742,998.8639798366405,998.8639798366405,993.9954307878836,994.6039994189782,0,959,1.0,0.041666666666666664,1401-07-16,False,False
2022-10-08 11:00:00,4901.0,4916.0,4899.0,4905.0,4106943,308,2022-10-08,0.2028562103648742,994.1982869982485,997.2411301537215,993.7925745775187,995.009711839708,0,960,1.0,0.041666666666666664,1401-07-16,False,False
2022-10-08 12:00:00,4905.0,4909.0,4902.0,4902.0,1917885,182,2022-10-08,0.2028562103648742,995.009711839708,995.8211366811674,994.4011432086133,994.4011432086133,0,961,1.0,0.041666666666666664,1401-07-16,False,False
2022-10-09 09:00:00,4914.0,4920.0,4914.0,4914.0,8128246,499,2022-10-09,0.2028562103648742,996.8354177329918,998.052554995181,996.8354177329918,996.8354177329918,0,962,21.0,0.875,1401-07-17,False,False
2022-10-09 10:00:00,4915.0,4915.0,4880.0,4910.0,12557582,508,2022-10-09,0.2028562103648742,997.0382739433567,997.0382739433567,989.9383065805861,996.0239928915323,0,963,1.0,0.041666666666666664,1401-07-17,False,False
2022-10-09 11:00:00,4910.0,4911.0,4904.0,4904.0,6185086,367,2022-10-09,0.2028562103648742,996.0239928915323,996.2268491018972,994.8068556293431,994.8068556293431,0,964,1.0,0.041666666666666664,1401-07-17,False,False
2022-10-09 12:00:00,4904.0,4905.0,4900.0,4901.0,3757747,225,2022-10-09,0.2028562103648742,994.8068556293431,995.009711839708,993.9954307878836,994.1982869982485,0,965,1.0,0.041666666666666664,1401-07-17,False,False
2022-10-10 09:00:00,4909.0,4911.0,4892.0,4892.0,7752037,442,2022-10-10,0.2028562103648742,995.8211366811674,996.2268491018972,992.3725811049645,992.3725811049645,0,966,21.0,0.875,1401-07-18,False,False
2022-10-10 10:00:00,4892.0,4900.0,4890.0,4898.0,2835546,351,2022-10-10,0.2028562103648742,992.3725811049645,993.9954307878836,991.9668686842348,993.5897183671539,0,967,1.0,0.041666666666666664,1401-07-18,False,False
2022-10-10 11:00:00,4892.0,4899.0,4879.0,4889.0,3955454,417,2022-10-10,0.2028562103648742,992.3725811049645,993.7925745775187,989.7354503702212,991.7640124738699,0,968,1.0,0.041666666666666664,1401-07-18,False,False
2022-10-10 12:00:00,4890.0,4920.0,4882.0,4910.0,2429398,197,2022-10-10,0.2028562103648742,991.9668686842348,998.052554995181,990.3440190013158,996.0239928915323,0,969,1.0,0.041666666666666664,1401-07-18,False,False
2022-10-10 15:00:00,4909.0,4909.0,4906.0,4906.0,575558,10,2022-10-10,0.2028562103648742,995.8211366811674,995.8211366811674,995.2125680500728,995.2125680500728,0,970,3.0,0.125,1401-07-18,False,False
2022-10-11 09:00:00,4921.0,4968.0,4904.0,4950.0,3844531,438,2022-10-11,0.2028562103648742,998.2554112055459,1007.789653092695,994.8068556293431,1004.1382413061273,0,971,18.0,0.75,1401-07-19,False,False
2022-10-11 10:00:00,4951.0,4967.0,4925.0,4939.0,3114147,374,2022-10-11,0.2028562103648742,1004.3410975164921,1007.5867968823301,999.0668360470054,1001.9068229921137,0,972,1.0,0.041666666666666664,1401-07-19,False,False
2022-10-11 11:00:00,4939.0,5026.0,4932.0,5026.0,3871002,335,2022-10-11,0.2028562103648742,1001.9068229921137,1019.5553132938577,1000.4868295195595,1019.5553132938577,0,973,1.0,0.041666666666666664,1401-07-19,False,False
2022-10-11 12:00:00,5026.0,5060.0,5000.0,5015.0,8815300,314,2022-10-11,0.2028562103648742,1019.5553132938577,1026.4524244462634,1014.2810518243709,1017.3238949798441,0,974,1.0,0.041666666666666664,1401-07-19,False,False
2022-10-12 09:00:00,5055.0,5067.0,5018.0,5053.0,3916925,437,2022-10-12,0.2028562103648742,1025.438143394439,1027.8724179188175,1017.9324636109387,1025.0324309737093,0,975,21.0,0.875,1401-07-20,False,False
2022-10-12 10:00:00,5053.0,5055.0,5033.0,5049.0,6251333,406,2022-10-12,0.2028562103648742,1025.0324309737093,1025.438143394439,1020.9753067664118,1024.2210061322498,0,976,1.0,0.041666666666666664,1401-07-20,False,False
2022-10-12 11:00:00,5049.0,5090.0,5042.0,5073.0,5375068,330,2022-10-12,0.2028562103648742,1024.2210061322498,1032.5381107572096,1022.8010126596957,1029.0895551810067,0,977,1.0,0.041666666666666664,1401-07-20,False,False
2022-10-12 12:00:00,5080.0,5085.0,5050.0,5058.0,2317960,175,2022-10-12,0.2028562103648742,1030.5095486535608,1031.5238297053852,1024.4238623426147,1026.0467120255337,0,978,1.0,0.041666666666666664,1401-07-20,False,False
2022-10-15 09:00:00,5070.0,5080.0,4940.0,4970.0,2675956,404,2022-10-15,0.2028562103648742,1028.4809865499121,1030.5095486535608,1002.1096792024786,1008.1953655134248,0,979,69.0,2.875,1401-07-23,False,False
2022-10-15 10:00:00,4970.0,5060.0,4970.0,5040.0,4823255,324,2022-10-15,0.2028562103648742,1008.1953655134248,1026.4524244462634,1008.1953655134248,1022.395300238966,0,980,1.0,0.041666666666666664,1401-07-23,False,False
2022-10-15 11:00:00,5040.0,5080.0,5030.0,5040.0,3445704,266,2022-10-15,0.2028562103648742,1022.395300238966,1030.5095486535608,1020.3667381353172,1022.395300238966,0,981,1.0,0.041666666666666664,1401-07-23,False,False
2022-10-15 12:00:00,5030.0,5050.0,5000.0,5040.0,2065806,149,2022-10-15,0.2028562103648742,1020.3667381353172,1024.4238623426147,1014.2810518243709,1022.395300238966,0,982,1.0,0.041666666666666664,1401-07-23,False,False
2022-10-16 09:00:00,5040.0,5040.0,4930.0,5000.0,3286341,358,2022-10-16,0.2028562103648742,1022.395300238966,1022.395300238966,1000.0811170988297,1014.2810518243709,0,983,21.0,0.875,1401-07-24,False,False
2022-10-16 10:00:00,4990.0,5000.0,4960.0,4990.0,4241742,344,2022-10-16,0.2028562103648742,1012.2524897207222,1014.2810518243709,1006.166803409776,1012.2524897207222,0,984,1.0,0.041666666666666664,1401-07-24,False,False
2022-10-16 11:00:00,4990.0,4990.0,4970.0,4970.0,3345922,273,2022-10-16,0.2028562103648742,1012.2524897207222,1012.2524897207222,1008.1953655134248,1008.1953655134248,0,985,1.0,0.041666666666666664,1401-07-24,False,False
2022-10-16 12:00:00,4970.0,5020.0,4970.0,5010.0,7613507,228,2022-10-16,0.2028562103648742,1008.1953655134248,1018.3381760316685,1008.1953655134248,1016.3096139280198,0,986,1.0,0.041666666666666664,1401-07-24,False,False
2022-10-17 09:00:00,5000.0,5000.0,4910.0,4990.0,5822015,363,2022-10-17,0.2028562103648742,1014.2810518243709,1014.2810518243709,996.0239928915323,1012.2524897207222,0,987,21.0,0.875,1401-07-25,False,False
2022-10-17 10:00:00,5000.0,5000.0,4960.0,4960.0,2805396,283,2022-10-17,0.2028562103648742,1014.2810518243709,1014.2810518243709,1006.166803409776,1006.166803409776,0,988,1.0,0.041666666666666664,1401-07-25,False,False
2022-10-17 11:00:00,4960.0,5000.0,4950.0,4990.0,2613471,283,2022-10-17,0.2028562103648742,1006.166803409776,1014.2810518243709,1004.1382413061273,1012.2524897207222,0,989,1.0,0.041666666666666664,1401-07-25,False,False
2022-10-17 12:00:00,5000.0,5000.0,4990.0,5000.0,2999686,239,2022-10-17,0.2028562103648742,1014.2810518243709,1014.2810518243709,1012.2524897207222,1014.2810518243709,0,990,1.0,0.041666666666666664,1401-07-25,False,False
2022-10-18 09:00:00,5000.0,5010.0,4950.0,4950.0,2727675,330,2022-10-18,0.2028562103648742,1014.2810518243709,1016.3096139280198,1004.1382413061273,1004.1382413061273,0,991,21.0,0.875,1401-07-26,False,False
2022-10-18 10:00:00,4960.0,4970.0,4940.0,4950.0,2643393,290,2022-10-18,0.2028562103648742,1006.166803409776,1008.1953655134248,1002.1096792024786,1004.1382413061273,0,992,1.0,0.041666666666666664,1401-07-26,False,False
2022-10-18 11:00:00,4960.0,4980.0,4920.0,4930.0,2856123,289,2022-10-18,0.2028562103648742,1006.166803409776,1010.2239276170735,998.052554995181,1000.0811170988297,0,993,1.0,0.041666666666666664,1401-07-26,False,False
2022-10-18 12:00:00,4930.0,4970.0,4910.0,4930.0,3956813,214,2022-10-18,0.2028562103648742,1000.0811170988297,1008.1953655134248,996.0239928915323,1000.0811170988297,0,994,1.0,0.041666666666666664,1401-07-26,False,False
2022-10-19 09:00:00,4940.0,4960.0,4920.0,4940.0,1546413,244,2022-10-19,0.2028562103648742,1002.1096792024786,1006.166803409776,998.052554995181,1002.1096792024786,0,995,21.0,0.875,1401-07-27,False,False
2022-10-19 10:00:00,4940.0,4950.0,4890.0,4910.0,3011416,334,2022-10-19,0.2028562103648742,1002.1096792024786,1004.1382413061273,991.9668686842348,996.0239928915323,0,996,1.0,0.041666666666666664,1401-07-27,False,False
2022-10-19 11:00:00,4910.0,4910.0,4880.0,4890.0,2537821,313,2022-10-19,0.2028562103648742,996.0239928915323,996.0239928915323,989.9383065805861,991.9668686842348,0,997,1.0,0.041666666666666664,1401-07-27,False,False
2022-10-19 12:00:00,4890.0,4900.0,4880.0,4890.0,1386358,235,2022-10-19,0.2028562103648742,991.9668686842348,993.9954307878836,989.9383065805861,991.9668686842348,0,998,1.0,0.041666666666666664,1401-07-27,False,False
2022-10-22 09:00:00,4901.0,4910.0,4871.0,4885.0,2973781,444,2022-10-22,0.2028562103648742,994.1982869982485,996.0239928915323,988.1126006873022,990.9525876324104,0,999,69.0,2.875,1401-07-30,False,False
2022-10-22 10:00:00,4884.0,4886.0,4859.0,4862.0,3421290,455,2022-10-22,0.2028562103648742,990.7497314220456,991.1554438427753,985.6783261629237,986.2868947940184,0,1000,1.0,0.041666666666666664,1401-07-30,False,False
2022-10-22 11:00:00,4862.0,4903.0,4860.0,4876.0,10640545,432,2022-10-22,0.2028562103648742,986.2868947940184,994.6039994189782,985.8811823732885,989.1268817391266,0,1001,1.0,0.041666666666666664,1401-07-30,False,False
2022-10-22 12:00:00,4876.0,4880.0,4874.0,4874.0,4118891,256,2022-10-22,0.2028562103648742,989.1268817391266,989.9383065805861,988.7211693183968,988.7211693183968,0,1002,1.0,0.041666666666666664,1401-07-30,False,False
2022-10-22 14:00:00,4877.0,4882.0,4877.0,4882.0,11291948,127,2022-10-22,0.2028562103648742,989.3297379494915,990.3440190013158,989.3297379494915,990.3440190013158,0,1003,2.0,0.08333333333333333,1401-07-30,False,False
2022-10-23 09:00:00,4854.0,4855.0,4777.0,4782.0,5436483,655,2022-10-23,0.2028562103648742,984.6640451110993,984.8669013214642,969.044116913004,970.0583979648284,0,1004,19.0,0.7916666666666666,1401-08-01,False,False
2022-10-23 10:00:00,4782.0,4840.0,4759.0,4759.0,7584315,457,2022-10-23,0.2028562103648742,970.0583979648284,981.8240581659911,965.3927051264363,965.3927051264363,0,1005,1.0,0.041666666666666664,1401-08-01,False,False
2022-10-23 11:00:00,4758.0,4758.0,4643.0,4734.0,13091706,887,2022-10-23,0.2028562103648742,965.1898489160715,965.1898489160715,941.8613847241108,960.3212998673145,0,1006,1.0,0.041666666666666664,1401-08-01,False,False
2022-10-23 12:00:00,4734.0,4736.0,4698.0,4699.0,4165581,385,2022-10-23,0.2028562103648742,960.3212998673145,960.7270122880442,953.018476294179,953.2213325045439,0,1007,1.0,0.041666666666666664,1401-08-01,False,False
2022-10-24 09:00:00,4640.0,4640.0,4420.0,4476.0,41686490,2039,2022-10-24,0.2028562103648742,941.2528160930162,941.2528160930162,896.6244498127439,907.9843975931769,0,1008,21.0,0.875,1401-08-02,False,False
2022-10-24 10:00:00,4474.0,4480.0,4437.0,4438.0,17024355,1352,2022-10-24,0.2028562103648742,907.5786851724472,908.7958224346364,900.0730053889469,900.2758615993117,0,1009,1.0,0.041666666666666664,1401-08-02,False,False
2022-10-24 11:00:00,4439.0,4460.0,4422.0,4449.0,25216012,1262,2022-10-24,0.2028562103648742,900.4787178096766,904.7386982273389,897.0301622334737,902.5072799133253,0,1010,1.0,0.041666666666666664,1401-08-02,False,False
2022-10-24 12:00:00,4450.0,4491.0,4449.0,4471.0,12936166,697,2022-10-24,0.2028562103648742,902.7101361236902,911.02724074865,902.5072799133253,906.9701165413526,0,1011,1.0,0.041666666666666664,1401-08-02,False,False
2022-10-25 09:00:00,4474.0,4493.0,4446.0,4460.0,17952898,1124,2022-10-25,0.2028562103648742,907.5786851724472,911.4329531693797,901.8987112822307,904.7386982273389,0,1012,21.0,0.875,1401-08-03,False,False
2022-10-25 10:00:00,4461.0,4462.0,4411.0,4413.0,16389346,1000,2022-10-25,0.2028562103648742,904.9415544377038,905.1444106480686,894.7987439194601,895.2044563401898,0,1013,1.0,0.041666666666666664,1401-08-03,False,False
2022-10-25 11:00:00,4412.0,4416.0,4391.0,4391.0,17573159,1004,2022-10-25,0.2028562103648742,895.001600129825,895.8130249712844,890.7416197121626,890.7416197121626,0,1014,1.0,0.041666666666666664,1401-08-03,False,False
2022-10-25 12:00:00,4391.0,4475.0,4378.0,4472.0,5085273,492,2022-10-25,0.2028562103648742,890.7416197121626,907.7815413828121,888.1044889774192,907.1729727517175,0,1015,1.0,0.041666666666666664,1401-08-03,False,False
2022-10-26 09:00:00,4424.0,4444.0,4350.0,4350.0,32589358,1076,2022-10-26,0.2028562103648742,897.4358746542034,901.492998861501,882.4245150872027,882.4245150872027,0,1016,21.0,0.875,1401-08-04,False,False
2022-10-26 10:00:00,4350.0,4429.0,4250.0,4270.0,26810457,1163,2022-10-26,0.2028562103648742,882.4245150872027,898.4501557060278,862.1388940507153,866.1960182580128,0,1017,1.0,0.041666666666666664,1401-08-04,False,False
2022-10-26 11:00:00,4268.0,4287.0,4214.0,4230.0,15605454,999,2022-10-26,0.2028562103648742,865.7903058372831,869.6445738342156,854.8360704775798,858.0817698434179,0,1018,1.0,0.041666666666666664,1401-08-04,False,False
2022-10-26 12:00:00,4230.0,4288.0,4228.0,4285.0,7318172,496,2022-10-26,0.2028562103648742,858.0817698434179,869.8474300445805,857.6760574226881,869.2388614134859,0,1019,1.0,0.041666666666666664,1401-08-04,False,False
2022-10-29 09:00:00,4370.0,4404.0,4370.0,4377.0,44584199,1323,2022-10-29,0.2028562103648742,886.4816392945003,893.378750446906,886.4816392945003,887.9016327670544,0,1020,69.0,2.875,1401-08-07,False,False
2022-10-29 10:00:00,4377.0,4377.0,4319.0,4321.0,19128472,804,2022-10-29,0.2028562103648742,887.9016327670544,887.9016327670544,876.1359725658916,876.5416849866214,0,1021,1.0,0.041666666666666664,1401-08-07,False,False
2022-10-29 11:00:00,4322.0,4400.0,4320.0,4321.0,16299425,771,2022-10-29,0.2028562103648742,876.7445411969862,892.5673256054465,876.3388287762565,876.5416849866214,0,1022,1.0,0.041666666666666664,1401-08-07,False,False
2022-10-29 12:00:00,4322.0,4343.0,4320.0,4342.0,10120823,455,2022-10-29,0.2028562103648742,876.7445411969862,881.0045216146486,876.3388287762565,880.8016654042838,0,1023,1.0,0.041666666666666664,1401-08-07,False,False
2022-10-30 09:00:00,4394.0,4516.0,4365.0,4500.0,32149632,1163,2022-10-30,0.2028562103648742,891.3501883432572,916.0986460077719,885.4673582426759,912.8529466419338,0,1024,21.0,0.875,1401-08-08,False,False
2022-10-30 10:00:00,4500.0,4502.0,4475.0,4485.0,13424563,630,2022-10-30,0.2028562103648742,912.8529466419338,913.2586590626636,907.7815413828121,909.8101034864608,0,1025,1.0,0.041666666666666664,1401-08-08,False,False
2022-10-30 11:00:00,4486.0,4508.0,4486.0,4503.0,15537595,567,2022-10-30,0.2028562103648742,910.0129596968256,914.4757963248529,910.0129596968256,913.4615152730285,0,1026,1.0,0.041666666666666664,1401-08-08,False,False
2022-10-30 12:00:00,4501.0,4550.0,4499.0,4550.0,12174414,512,2022-10-30,0.2028562103648742,913.0558028522987,922.9957571601776,912.650090431569,922.9957571601776,0,1027,1.0,0.041666666666666664,1401-08-08,False,False
2022-10-31 09:00:00,4550.0,4590.0,4530.0,4532.0,17425974,904,2022-10-31,0.2028562103648742,922.9957571601776,931.1100055747726,918.9386329528801,919.3443453736098,0,1028,21.0,0.875,1401-08-09,False,False
2022-10-31 10:00:00,4537.0,4550.0,4525.0,4534.0,9371234,582,2022-10-31,0.2028562103648742,920.3586264254342,922.9957571601776,917.9243519010557,919.7500577943396,0,1029,1.0,0.041666666666666664,1401-08-09,False,False
2022-10-31 11:00:00,4532.0,4552.0,4517.0,4539.0,15590288,631,2022-10-31,0.2028562103648742,919.3443453736098,923.4014695809074,916.3015022181368,920.7643388461639,0,1030,1.0,0.041666666666666664,1401-08-09,False,False
2022-10-31 12:00:00,4538.0,4581.0,4537.0,4580.0,11827098,404,2022-10-31,0.2028562103648742,920.561482635799,929.2842996814887,920.3586264254342,929.0814434711239,0,1031,1.0,0.041666666666666664,1401-08-09,False,False
2022-11-01 09:00:00,4580.0,4642.0,4580.0,4633.0,17148488,823,2022-11-01,0.2028562103648742,929.0814434711239,941.658528513746,929.0814434711239,939.8328226204621,0,1032,21.0,0.875,1401-08-10,False,False
2022-11-01 10:00:00,4632.0,4632.0,4578.0,4580.0,18120865,709,2022-11-01,0.2028562103648742,939.6299664100973,939.6299664100973,928.6757310503941,929.0814434711239,0,1033,1.0,0.041666666666666664,1401-08-10,False,False
2022-11-01 11:00:00,4580.0,4584.0,4560.0,4582.0,8988252,520,2022-11-01,0.2028562103648742,929.0814434711239,929.8928683125833,925.0243192638263,929.4871558918536,0,1034,1.0,0.041666666666666664,1401-08-10,False,False
2022-11-01 12:00:00,4584.0,4589.0,4577.0,4582.0,4938364,304,2022-11-01,0.2028562103648742,929.8928683125833,930.9071493644077,928.4728748400292,929.4871558918536,0,1035,1.0,0.041666666666666664,1401-08-10,False,False
2022-11-01 14:00:00,4630.0,4630.0,4630.0,4630.0,1983121,11,2022-11-01,0.2028562103648742,939.2242539893675,939.2242539893675,939.2242539893675,939.2242539893675,0,1036,2.0,0.08333333333333333,1401-08-10,False,False
2022-11-02 09:00:00,4611.0,4633.0,4580.0,4582.0,23156863,906,2022-11-02,0.2028562103648742,935.3699859924349,939.8328226204621,929.0814434711239,929.4871558918536,0,1037,19.0,0.7916666666666666,1401-08-11,False,False
2022-11-02 10:00:00,4582.0,4614.0,4522.0,4613.0,13404996,676,2022-11-02,0.2028562103648742,929.4871558918536,935.9785546235296,917.3157832699611,935.7756984131647,0,1038,1.0,0.041666666666666664,1401-08-11,False,False
2022-11-02 11:00:00,4613.0,4617.0,4612.0,4613.0,9678288,523,2022-11-02,0.2028562103648742,935.7756984131647,936.5871232546242,935.5728422027997,935.7756984131647,0,1039,1.0,0.041666666666666664,1401-08-11,False,False
2022-11-02 12:00:00,4614.0,4669.0,4613.0,4666.0,7920859,405,2022-11-02,0.2028562103648742,935.9785546235296,947.1356461935976,935.7756984131647,946.527077562503,0,1040,1.0,0.041666666666666664,1401-08-11,False,False
2022-11-05 09:00:00,4660.0,4932.0,4660.0,4932.0,26114766,1447,2022-11-05,0.2028562103648742,945.3099403003138,1000.4868295195595,945.3099403003138,1000.4868295195595,0,1041,69.0,2.875,1401-08-14,False,False
2022-11-05 10:00:00,4932.0,4932.0,4932.0,4932.0,25488833,536,2022-11-05,0.2028562103648742,1000.4868295195595,1000.4868295195595,1000.4868295195595,1000.4868295195595,0,1042,1.0,0.041666666666666664,1401-08-14,False,False
2022-11-05 11:00:00,4932.0,4932.0,4932.0,4932.0,30294042,641,2022-11-05,0.2028562103648742,1000.4868295195595,1000.4868295195595,1000.4868295195595,1000.4868295195595,0,1043,1.0,0.041666666666666664,1401-08-14,False,False
2022-11-05 12:00:00,4932.0,4932.0,4932.0,4932.0,18380068,390,2022-11-05,0.2028562103648742,1000.4868295195595,1000.4868295195595,1000.4868295195595,1000.4868295195595,0,1044,1.0,0.041666666666666664,1401-08-14,False,False
2022-11-06 09:00:00,4944.0,5050.0,4850.0,4980.0,25878720,1543,2022-11-06,0.2028562103648742,1002.921104043938,1024.4238623426147,983.8526202696398,1010.2239276170735,0,1045,21.0,0.875,1401-08-15,False,False
2022-11-06 10:00:00,4980.0,5000.0,4915.0,4915.0,12658432,852,2022-11-06,0.2028562103648742,1010.2239276170735,1014.2810518243709,997.0382739433567,997.0382739433567,0,1046,1.0,0.041666666666666664,1401-08-15,False,False
2022-11-06 11:00:00,4915.0,4922.0,4900.0,4916.0,9847785,721,2022-11-06,0.2028562103648742,997.0382739433567,998.4582674159108,993.9954307878836,997.2411301537215,0,1047,1.0,0.041666666666666664,1401-08-15,False,False
2022-11-06 12:00:00,4916.0,5000.0,4915.0,4985.0,12315562,423,2022-11-06,0.2028562103648742,997.2411301537215,1014.2810518243709,997.0382739433567,1011.2382086688979,0,1048,1.0,0.041666666666666664,1401-08-15,False,False
2022-11-06 17:00:00,4955.0,4955.0,4955.0,4955.0,4000,1,2022-11-06,0.2028562103648742,1005.1525223579516,1005.1525223579516,1005.1525223579516,1005.1525223579516,0,1049,5.0,0.20833333333333334,1401-08-15,False,False
2022-11-07 09:00:00,4985.0,5170.0,4950.0,5115.0,31659110,1330,2022-11-07,0.2028562103648742,1011.2382086688979,1048.7666075863997,1004.1382413061273,1037.6095160163316,0,1050,16.0,0.6666666666666666,1401-08-16,False,False
2022-11-07 10:00:00,5115.0,5200.0,5101.0,5167.0,15727554,1163,2022-11-07,0.2028562103648742,1037.6095160163316,1054.8522938973458,1034.7695290712234,1048.158038955305,0,1051,1.0,0.041666666666666664,1401-08-16,False,False
2022-11-07 11:00:00,5166.0,5249.0,5128.0,5227.0,19150150,1134,2022-11-07,0.2028562103648742,1047.9551827449402,1064.7922482052247,1040.2466467510749,1060.3294115771973,0,1052,1.0,0.041666666666666664,1401-08-16,False,False
2022-11-07 12:00:00,5227.0,5245.0,5211.0,5214.0,8957888,633,2022-11-07,0.2028562103648742,1060.3294115771973,1063.9808233637652,1057.0837122113594,1057.692280842454,0,1053,1.0,0.041666666666666664,1401-08-16,False,False
2022-11-07 17:00:00,5210.0,5240.0,5210.0,5240.0,8013,5,2022-11-07,0.2028562103648742,1056.8808560009945,1062.9665423119409,1056.8808560009945,1062.9665423119409,0,1054,5.0,0.20833333333333334,1401-08-16,False,False
2022-11-08 09:00:00,5221.0,5347.0,5128.0,5197.0,26356132,1691,2022-11-08,0.2028562103648742,1059.112274315008,1084.6721568209823,1040.2466467510749,1054.2437252662512,0,1055,16.0,0.6666666666666666,1401-08-17,False,False
2022-11-08 10:00:00,5196.0,5196.0,5128.0,5129.0,12473663,972,2022-11-08,0.2028562103648742,1054.0408690558863,1054.0408690558863,1040.2466467510749,1040.4495029614397,0,1056,1.0,0.041666666666666664,1401-08-17,False,False
2022-11-08 11:00:00,5128.0,5170.0,5075.0,5075.0,13588620,868,2022-11-08,0.2028562103648742,1040.2466467510749,1048.7666075863997,1029.4952676017365,1029.4952676017365,0,1057,1.0,0.041666666666666664,1401-08-17,False,False
2022-11-08 12:00:00,5075.0,5160.0,5034.0,5156.0,13702482,638,2022-11-08,0.2028562103648742,1029.4952676017365,1046.7380454827507,1021.1781629767767,1045.9266206412913,0,1058,1.0,0.041666666666666664,1401-08-17,False,False
2022-11-09 09:00:00,5149.0,5149.0,5021.0,5061.0,11489821,989,2022-11-09,0.2028562103648742,1044.5066271687372,1044.5066271687372,1018.5410322420333,1026.6552806566283,0,1059,21.0,0.875,1401-08-18,False,False
2022-11-09 10:00:00,5061.0,5205.0,5050.0,5189.0,14907910,916,2022-11-09,0.2028562103648742,1026.6552806566283,1055.8665749491702,1024.4238623426147,1052.6208755833322,0,1060,1.0,0.041666666666666664,1401-08-18,False,False
2022-11-09 11:00:00,5189.0,5259.0,5169.0,5169.0,10274656,754,2022-11-09,0.2028562103648742,1052.6208755833322,1066.8208103088734,1048.5637513760348,1048.5637513760348,0,1061,1.0,0.041666666666666664,1401-08-18,False,False
2022-11-09 12:00:00,5169.0,5186.0,5155.0,5160.0,14496933,505,2022-11-09,0.2028562103648742,1048.5637513760348,1052.0123069522376,1045.7237644309264,1046.7380454827507,0,1062,1.0,0.041666666666666664,1401-08-18,False,False
2022-11-12 09:00:00,5160.0,5330.0,5150.0,5280.0,20836444,1115,2022-11-12,0.2028562103648742,1046.7380454827507,1081.2236012447795,1044.709483379102,1071.0807907265357,0,1063,69.0,2.875,1401-08-21,False,False
2022-11-12 10:00:00,5280.0,5290.0,5100.0,5130.0,11356707,819,2022-11-12,0.2028562103648742,1071.0807907265357,1073.1093528301844,1034.5666728608585,1040.6523591718046,0,1064,1.0,0.041666666666666664,1401-08-21,False,False
2022-11-12 11:00:00,5130.0,5160.0,5110.0,5140.0,8593113,587,2022-11-12,0.2028562103648742,1040.6523591718046,1046.7380454827507,1036.5952349645072,1042.6809212754533,0,1065,1.0,0.041666666666666664,1401-08-21,False,False
2022-11-12 12:00:00,5150.0,5160.0,5110.0,5110.0,5730058,392,2022-11-12,0.2028562103648742,1044.709483379102,1046.7380454827507,1036.5952349645072,1036.5952349645072,0,1066,1.0,0.041666666666666664,1401-08-21,False,False
2022-11-13 09:00:00,5110.0,5110.0,5040.0,5080.0,12560652,946,2022-11-13,0.2028562103648742,1036.5952349645072,1036.5952349645072,1022.395300238966,1030.5095486535608,0,1067,21.0,0.875,1401-08-22,False,False
2022-11-13 10:00:00,5070.0,5160.0,5050.0,5060.0,7151775,666,2022-11-13,0.2028562103648742,1028.4809865499121,1046.7380454827507,1024.4238623426147,1026.4524244462634,0,1068,1.0,0.041666666666666664,1401-08-22,False,False
2022-11-13 11:00:00,5050.0,5160.0,5020.0,5070.0,12257755,719,2022-11-13,0.2028562103648742,1024.4238623426147,1046.7380454827507,1018.3381760316685,1028.4809865499121,0,1069,1.0,0.041666666666666664,1401-08-22,False,False
2022-11-13 12:00:00,5050.0,5100.0,5050.0,5080.0,5415060,301,2022-11-13,0.2028562103648742,1024.4238623426147,1034.5666728608585,1024.4238623426147,1030.5095486535608,0,1070,1.0,0.041666666666666664,1401-08-22,False,False
2022-11-14 09:00:00,5080.0,5110.0,4930.0,4970.0,11197009,756,2022-11-14,0.2028562103648742,1030.5095486535608,1036.5952349645072,1000.0811170988297,1008.1953655134248,0,1071,21.0,0.875,1401-08-23,False,False
2022-11-14 10:00:00,4980.0,5070.0,4920.0,5070.0,12530114,913,2022-11-14,0.2028562103648742,1010.2239276170735,1028.4809865499121,998.052554995181,1028.4809865499121,0,1072,1.0,0.041666666666666664,1401-08-23,False,False
2022-11-14 11:00:00,5070.0,5080.0,5050.0,5050.0,7880132,469,2022-11-14,0.2028562103648742,1028.4809865499121,1030.5095486535608,1024.4238623426147,1024.4238623426147,0,1073,1.0,0.041666666666666664,1401-08-23,False,False
2022-11-14 12:00:00,5060.0,5080.0,5050.0,5080.0,5639104,332,2022-11-14,0.2028562103648742,1026.4524244462634,1030.5095486535608,1024.4238623426147,1030.5095486535608,0,1074,1.0,0.041666666666666664,1401-08-23,False,False
2022-11-15 09:00:00,5030.0,5100.0,5020.0,5040.0,7232218,567,2022-11-15,0.2028562103648742,1020.3667381353172,1034.5666728608585,1018.3381760316685,1022.395300238966,0,1075,21.0,0.875,1401-08-24,False,False
2022-11-15 10:00:00,5060.0,5060.0,5020.0,5040.0,5248081,396,2022-11-15,0.2028562103648742,1026.4524244462634,1026.4524244462634,1018.3381760316685,1022.395300238966,0,1076,1.0,0.041666666666666664,1401-08-24,False,False
2022-11-15 11:00:00,5040.0,5040.0,5000.0,5030.0,8625712,447,2022-11-15,0.2028562103648742,1022.395300238966,1022.395300238966,1014.2810518243709,1020.3667381353172,0,1077,1.0,0.041666666666666664,1401-08-24,False,False
2022-11-15 12:00:00,5030.0,5100.0,5030.0,5070.0,4236779,246,2022-11-15,0.2028562103648742,1020.3667381353172,1034.5666728608585,1020.3667381353172,1028.4809865499121,0,1078,1.0,0.041666666666666664,1401-08-24,False,False
2022-11-15 14:00:00,5030.0,5030.0,4990.0,5020.0,3511840,16,2022-11-15,0.2028562103648742,1020.3667381353172,1020.3667381353172,1012.2524897207222,1018.3381760316685,0,1079,2.0,0.08333333333333333,1401-08-24,False,False
2022-11-16 09:00:00,5080.0,5080.0,5010.0,5050.0,8582832,439,2022-11-16,0.2028562103648742,1030.5095486535608,1030.5095486535608,1016.3096139280198,1024.4238623426147,0,1080,19.0,0.7916666666666666,1401-08-25,False,False
2022-11-16 10:00:00,5050.0,5110.0,5040.0,5100.0,5004495,478,2022-11-16,0.2028562103648742,1024.4238623426147,1036.5952349645072,1022.395300238966,1034.5666728608585,0,1081,1.0,0.041666666666666664,1401-08-25,False,False
2022-11-16 11:00:00,5110.0,5110.0,5040.0,5050.0,5040515,419,2022-11-16,0.2028562103648742,1036.5952349645072,1036.5952349645072,1022.395300238966,1024.4238623426147,0,1082,1.0,0.041666666666666664,1401-08-25,False,False
2022-11-16 12:00:00,5040.0,5060.0,5010.0,5040.0,4960259,251,2022-11-16,0.2028562103648742,1022.395300238966,1026.4524244462634,1016.3096139280198,1022.395300238966,0,1083,1.0,0.041666666666666664,1401-08-25,False,False
2022-11-19 09:00:00,5040.0,5040.0,4820.0,4930.0,10786987,960,2022-11-19,0.2028562103648742,1022.395300238966,1022.395300238966,977.7669339586936,1000.0811170988297,0,1084,69.0,2.875,1401-08-28,False,False
2022-11-19 10:00:00,4930.0,4990.0,4880.0,4890.0,14665455,540,2022-11-19,0.2028562103648742,1000.0811170988297,1012.2524897207222,989.9383065805861,991.9668686842348,0,1085,1.0,0.041666666666666664,1401-08-28,False,False
2022-11-19 11:00:00,4890.0,4910.0,4870.0,4870.0,5779583,528,2022-11-19,0.2028562103648742,991.9668686842348,996.0239928915323,987.9097444769374,987.9097444769374,0,1086,1.0,0.041666666666666664,1401-08-28,False,False
2022-11-19 12:00:00,4870.0,4930.0,4850.0,4920.0,9042124,427,2022-11-19,0.2028562103648742,987.9097444769374,1000.0811170988297,983.8526202696398,998.052554995181,0,1087,1.0,0.041666666666666664,1401-08-28,False,False
2022-11-20 09:00:00,4860.0,5050.0,4850.0,4980.0,12014851,656,2022-11-20,0.2028562103648742,985.8811823732885,1024.4238623426147,983.8526202696398,1010.2239276170735,0,1088,21.0,0.875,1401-08-29,False,False
2022-11-20 10:00:00,4990.0,4990.0,4940.0,4950.0,4123431,349,2022-11-20,0.2028562103648742,1012.2524897207222,1012.2524897207222,1002.1096792024786,1004.1382413061273,0,1089,1.0,0.041666666666666664,1401-08-29,False,False
2022-11-20 11:00:00,4950.0,5000.0,4940.0,4960.0,3892784,325,2022-11-20,0.2028562103648742,1004.1382413061273,1014.2810518243709,1002.1096792024786,1006.166803409776,0,1090,1.0,0.041666666666666664,1401-08-29,False,False
2022-11-20 12:00:00,4960.0,4970.0,4940.0,4960.0,2416251,236,2022-11-20,0.2028562103648742,1006.166803409776,1008.1953655134248,1002.1096792024786,1006.166803409776,0,1091,1.0,0.041666666666666664,1401-08-29,False,False
2022-11-21 09:00:00,4990.0,5010.0,4920.0,4980.0,9290429,527,2022-11-21,0.2028562103648742,1012.2524897207222,1016.3096139280198,998.052554995181,1010.2239276170735,0,1092,21.0,0.875,1401-08-30,False,False
2022-11-21 10:00:00,4990.0,5000.0,4980.0,4980.0,6624991,451,2022-11-21,0.2028562103648742,1012.2524897207222,1014.2810518243709,1010.2239276170735,1010.2239276170735,0,1093,1.0,0.041666666666666664,1401-08-30,False,False
2022-11-21 11:00:00,4990.0,5000.0,4960.0,5000.0,6141322,469,2022-11-21,0.2028562103648742,1012.2524897207222,1014.2810518243709,1006.166803409776,1014.2810518243709,0,1094,1.0,0.041666666666666664,1401-08-30,False,False
2022-11-21 12:00:00,4990.0,5010.0,4950.0,4950.0,3021356,216,2022-11-21,0.2028562103648742,1012.2524897207222,1016.3096139280198,1004.1382413061273,1004.1382413061273,0,1095,1.0,0.041666666666666664,1401-08-30,False,False
2022-11-22 10:00:00,4950.0,4980.0,4920.0,4920.0,3976119,435,2022-11-22,0.2028562103648742,1004.1382413061273,1010.2239276170735,998.052554995181,998.052554995181,0,1096,22.0,0.9166666666666666,1401-09-01,False,False
2022-11-22 11:00:00,4920.0,4990.0,4910.0,4990.0,6037296,401,2022-11-22,0.2028562103648742,998.052554995181,1012.2524897207222,996.0239928915323,1012.2524897207222,0,1097,1.0,0.041666666666666664,1401-09-01,False,False
2022-11-22 12:00:00,4990.0,4990.0,4920.0,4930.0,3846848,296,2022-11-22,0.2028562103648742,1012.2524897207222,1012.2524897207222,998.052554995181,1000.0811170988297,0,1098,1.0,0.041666666666666664,1401-09-01,False,False
2022-11-23 09:00:00,4950.0,4970.0,4900.0,4970.0,4480595,532,2022-11-23,0.2028562103648742,1004.1382413061273,1008.1953655134248,993.9954307878836,1008.1953655134248,0,1099,21.0,0.875,1401-09-02,False,False
2022-11-23 10:00:00,4970.0,4970.0,4930.0,4930.0,5570947,445,2022-11-23,0.2028562103648742,1008.1953655134248,1008.1953655134248,1000.0811170988297,1000.0811170988297,0,1100,1.0,0.041666666666666664,1401-09-02,False,False
2022-11-23 11:00:00,4940.0,4950.0,4920.0,4920.0,4020937,385,2022-11-23,0.2028562103648742,1002.1096792024786,1004.1382413061273,998.052554995181,998.052554995181,0,1101,1.0,0.041666666666666664,1401-09-02,False,False
2022-11-23 12:00:00,4930.0,4930.0,4900.0,4920.0,3653170,285,2022-11-23,0.2028562103648742,1000.0811170988297,1000.0811170988297,993.9954307878836,998.052554995181,0,1102,1.0,0.041666666666666664,1401-09-02,False,False
2022-11-26 09:00:00,4990.0,5000.0,4880.0,4923.0,8590571,528,2022-11-26,0.2028562103648742,1012.2524897207222,1014.2810518243709,989.9383065805861,998.6611236262756,0,1103,69.0,2.875,1401-09-05,False,False
2022-11-26 10:00:00,4923.0,4930.0,4899.0,4899.0,5786497,414,2022-11-26,0.2028562103648742,998.6611236262756,1000.0811170988297,993.7925745775187,993.7925745775187,0,1104,1.0,0.041666666666666664,1401-09-05,False,False
2022-11-26 11:00:00,4900.0,4900.0,4888.0,4892.0,4071329,381,2022-11-26,0.2028562103648742,993.9954307878836,993.9954307878836,991.561156263505,992.3725811049645,0,1105,1.0,0.041666666666666664,1401-09-05,False,False
2022-11-26 12:00:00,4892.0,4913.0,4890.0,4900.0,3989189,254,2022-11-26,0.2028562103648742,992.3725811049645,996.6325615226269,991.9668686842348,993.9954307878836,0,1106,1.0,0.041666666666666664,1401-09-05,False,False
2022-11-27 09:00:00,4900.0,4970.0,4871.0,4930.0,9816747,663,2022-11-27,0.2028562103648742,993.9954307878836,1008.1953655134248,988.1126006873022,1000.0811170988297,0,1107,21.0,0.875,1401-09-06,False,False
2022-11-27 10:00:00,4942.0,4955.0,4919.0,4923.0,4517447,354,2022-11-27,0.2028562103648742,1002.5153916232083,1005.1525223579516,997.8496987848162,998.6611236262756,0,1108,1.0,0.041666666666666664,1401-09-06,False,False
2022-11-27 11:00:00,4923.0,4949.0,4908.0,4922.0,10798446,451,2022-11-27,0.2028562103648742,998.6611236262756,1003.9353850957624,995.6182804708026,998.4582674159108,0,1109,1.0,0.041666666666666664,1401-09-06,False,False
2022-11-27 12:00:00,4925.0,4960.0,4913.0,4950.0,8941892,259,2022-11-27,0.2028562103648742,999.0668360470054,1006.166803409776,996.6325615226269,1004.1382413061273,0,1110,1.0,0.041666666666666664,1401-09-06,False,False
2022-11-28 09:00:00,4930.0,4940.0,4910.0,4925.0,7147675,517,2022-11-28,0.2028562103648742,1000.0811170988297,1002.1096792024786,996.0239928915323,999.0668360470054,0,1111,21.0,0.875,1401-09-07,False,False
2022-11-28 10:00:00,4925.0,4945.0,4920.0,4922.0,9974149,597,2022-11-28,0.2028562103648742,999.0668360470054,1003.1239602543029,998.052554995181,998.4582674159108,0,1112,1.0,0.041666666666666664,1401-09-07,False,False
2022-11-28 11:00:00,4922.0,4926.0,4910.0,4921.0,7908679,511,2022-11-28,0.2028562103648742,998.4582674159108,999.2696922573703,996.0239928915323,998.2554112055459,0,1113,1.0,0.041666666666666664,1401-09-07,False,False
2022-11-28 12:00:00,4920.0,4938.0,4912.0,4921.0,6871108,386,2022-11-28,0.2028562103648742,998.052554995181,1001.7039667817488,996.4297053122621,998.2554112055459,0,1114,1.0,0.041666666666666664,1401-09-07,False,False
2022-12-03 11:00:00,4969.0,4990.0,4949.0,4965.0,2475649,122,2022-12-03,0.2028562103648742,1007.9925093030599,1012.2524897207222,1003.9353850957624,1007.1810844616003,0,1115,119.0,4.958333333333333,1401-09-12,False,False
2022-12-03 12:00:00,4968.0,5039.0,4968.0,4990.0,9841887,684,2022-12-03,0.2028562103648742,1007.789653092695,1022.192444028601,1007.789653092695,1012.2524897207222,0,1116,1.0,0.041666666666666664,1401-09-12,False,False
2022-12-04 09:00:00,4950.0,5020.0,4933.0,5003.0,9710021,717,2022-12-04,0.2028562103648742,1004.1382413061273,1018.3381760316685,1000.6896857299243,1014.8896204554655,0,1117,21.0,0.875,1401-09-13,False,False
2022-12-04 10:00:00,5003.0,5014.0,4976.0,5000.0,10883085,518,2022-12-04,0.2028562103648742,1014.8896204554655,1017.1210387694792,1009.412502775614,1014.2810518243709,0,1118,1.0,0.041666666666666664,1401-09-13,False,False
2022-12-04 11:00:00,5000.0,5000.0,4975.0,4975.0,7610538,506,2022-12-04,0.2028562103648742,1014.2810518243709,1014.2810518243709,1009.2096465652492,1009.2096465652492,0,1119,1.0,0.041666666666666664,1401-09-13,False,False
2022-12-04 12:00:00,4972.0,4990.0,4965.0,4981.0,8010612,336,2022-12-04,0.2028562103648742,1008.6010779341545,1012.2524897207222,1007.1810844616003,1010.4267838274384,0,1120,1.0,0.041666666666666664,1401-09-13,False,False
2022-12-05 09:00:00,5000.0,5000.0,4961.0,4967.0,8879944,542,2022-12-05,0.2028562103648742,1014.2810518243709,1014.2810518243709,1006.3696596201409,1007.5867968823301,0,1121,21.0,0.875,1401-09-14,False,False
2022-12-05 10:00:00,4966.0,4970.0,4929.0,4930.0,7843298,507,2022-12-05,0.2028562103648742,1007.3839406719652,1008.1953655134248,999.8782608884649,1000.0811170988297,0,1122,1.0,0.041666666666666664,1401-09-14,False,False
2022-12-05 11:00:00,4930.0,4989.0,4930.0,4979.0,12388392,549,2022-12-05,0.2028562103648742,1000.0811170988297,1012.0496335103574,1000.0811170988297,1010.0210714067086,0,1123,1.0,0.041666666666666664,1401-09-14,False,False
2022-12-05 12:00:00,4980.0,4989.0,4930.0,4988.0,6876017,368,2022-12-05,0.2028562103648742,1010.2239276170735,1012.0496335103574,1000.0811170988297,1011.8467772999925,0,1124,1.0,0.041666666666666664,1401-09-14,False,False
2022-12-06 09:00:00,4962.0,4963.0,4921.0,4950.0,8510864,547,2022-12-06,0.2028562103648742,1006.5725158305057,1006.7753720408706,998.2554112055459,1004.1382413061273,0,1125,21.0,0.875,1401-09-15,False,False
2022-12-06 10:00:00,4950.0,4952.0,4942.0,4943.0,5998437,400,2022-12-06,0.2028562103648742,1004.1382413061273,1004.543953726857,1002.5153916232083,1002.7182478335732,0,1126,1.0,0.041666666666666664,1401-09-15,False,False
2022-12-06 11:00:00,4943.0,4945.0,4927.0,4928.0,4673820,426,2022-12-06,0.2028562103648742,1002.7182478335732,1003.1239602543029,999.4725484677351,999.6754046781,0,1127,1.0,0.041666666666666664,1401-09-15,False,False
2022-12-06 12:00:00,4930.0,4930.0,4922.0,4922.0,3268858,270,2022-12-06,0.2028562103648742,1000.0811170988297,1000.0811170988297,998.4582674159108,998.4582674159108,0,1128,1.0,0.041666666666666664,1401-09-15,False,False
2022-12-07 09:00:00,4915.0,4920.0,4880.0,4880.0,7412544,692,2022-12-07,0.2028562103648742,997.0382739433567,998.052554995181,989.9383065805861,989.9383065805861,0,1129,21.0,0.875,1401-09-16,False,False
2022-12-07 10:00:00,4880.0,4880.0,4865.0,4866.0,5436464,549,2022-12-07,0.2028562103648742,989.9383065805861,989.9383065805861,986.895463425113,987.0983196354779,0,1130,1.0,0.041666666666666664,1401-09-16,False,False
2022-12-07 11:00:00,4865.0,4867.0,4860.0,4860.0,3643782,458,2022-12-07,0.2028562103648742,986.895463425113,987.3011758458427,985.8811823732885,985.8811823732885,0,1131,1.0,0.041666666666666664,1401-09-16,False,False
2022-12-07 12:00:00,4860.0,4862.0,4815.0,4817.0,4620105,403,2022-12-07,0.2028562103648742,985.8811823732885,986.2868947940184,976.7526529068692,977.158365327599,0,1132,1.0,0.041666666666666664,1401-09-16,False,False
2022-12-10 09:00:00,4819.0,4819.0,4706.0,4763.0,10432824,864,2022-12-10,0.2028562103648742,977.5640777483287,977.5640777483287,954.641325977098,966.2041299678958,0,1133,69.0,2.875,1401-09-19,False,False
2022-12-10 10:00:00,4763.0,4800.0,4761.0,4770.0,6461829,424,2022-12-10,0.2028562103648742,966.2041299678958,973.7098097513962,965.7984175471661,967.6241234404499,0,1134,1.0,0.041666666666666664,1401-09-19,False,False
2022-12-10 11:00:00,4770.0,4771.0,4745.0,4747.0,9982359,591,2022-12-10,0.2028562103648742,967.6241234404499,967.8269796508148,962.552718181328,962.9584306020578,0,1135,1.0,0.041666666666666664,1401-09-19,False,False
2022-12-10 12:00:00,4746.0,4748.0,4739.0,4740.0,4935868,347,2022-12-10,0.2028562103648742,962.7555743916929,963.1612868124226,961.3355809191388,961.5384371295037,0,1136,1.0,0.041666666666666664,1401-09-19,False,False
2022-12-11 09:00:00,4759.0,4880.0,4759.0,4790.0,10490931,679,2022-12-11,0.2028562103648742,965.3927051264363,989.9383065805861,965.3927051264363,971.6812476477473,0,1137,21.0,0.875,1401-09-20,False,False
2022-12-11 10:00:00,4790.0,4791.0,4759.0,4790.0,7658120,634,2022-12-11,0.2028562103648742,971.6812476477473,971.8841038581123,965.3927051264363,971.6812476477473,0,1138,1.0,0.041666666666666664,1401-09-20,False,False
2022-12-11 11:00:00,4790.0,4812.0,4788.0,4804.0,9871166,616,2022-12-11,0.2028562103648742,971.6812476477473,976.1440842757746,971.2755352270176,974.5212345928556,0,1139,1.0,0.041666666666666664,1401-09-20,False,False
2022-12-11 12:00:00,4804.0,4815.0,4803.0,4806.0,5160477,273,2022-12-11,0.2028562103648742,974.5212345928556,976.7526529068692,974.3183783824908,974.9269470135854,0,1140,1.0,0.041666666666666664,1401-09-20,False,False
2022-12-12 09:00:00,4800.0,4949.0,4800.0,4947.0,8945925,725,2022-12-12,0.2028562103648742,973.7098097513962,1003.9353850957624,973.7098097513962,1003.5296726750327,0,1141,21.0,0.875,1401-09-21,False,False
2022-12-12 10:00:00,4947.0,5030.0,4945.0,4998.0,16559256,770,2022-12-12,0.2028562103648742,1003.5296726750327,1020.3667381353172,1003.1239602543029,1013.8753394036412,0,1142,1.0,0.041666666666666664,1401-09-21,False,False
2022-12-12 11:00:00,4997.0,5000.0,4915.0,4945.0,7250070,551,2022-12-12,0.2028562103648742,1013.6724831932763,1014.2810518243709,997.0382739433567,1003.1239602543029,0,1143,1.0,0.041666666666666664,1401-09-21,False,False
2022-12-12 12:00:00,4948.0,5020.0,4948.0,5020.0,7614063,346,2022-12-12,0.2028562103648742,1003.7325288853975,1018.3381760316685,1003.7325288853975,1018.3381760316685,0,1144,1.0,0.041666666666666664,1401-09-21,False,False
2022-12-13 09:00:00,5051.0,5312.0,5051.0,5312.0,45339992,1668,2022-12-13,0.2028562103648742,1024.6267185529796,1077.5721894582118,1024.6267185529796,1077.5721894582118,0,1145,21.0,0.875,1401-09-22,False,False
2022-12-13 10:00:00,5312.0,5312.0,5305.0,5307.0,39003953,1322,2022-12-13,0.2028562103648742,1077.5721894582118,1077.5721894582118,1076.1521959856575,1076.5579084063875,0,1146,1.0,0.041666666666666664,1401-09-22,False,False
2022-12-13 11:00:00,5307.0,5312.0,5230.0,5312.0,19993329,953,2022-12-13,0.2028562103648742,1076.5579084063875,1077.5721894582118,1060.937980208292,1077.5721894582118,0,1147,1.0,0.041666666666666664,1401-09-22,False,False
2022-12-13 12:00:00,5312.0,5312.0,5312.0,5312.0,8805583,207,2022-12-13,0.2028562103648742,1077.5721894582118,1077.5721894582118,1077.5721894582118,1077.5721894582118,0,1148,1.0,0.041666666666666664,1401-09-22,False,False
2022-12-14 09:00:00,5380.0,5647.0,5360.0,5496.0,31088907,1649,2022-12-14,0.2028562103648742,1091.3664117630233,1145.5290199304445,1087.3092875557256,1114.8977321653485,0,1149,21.0,0.875,1401-09-23,False,False
2022-12-14 10:00:00,5496.0,5500.0,5424.0,5429.0,21257957,996,2022-12-14,0.2028562103648742,1114.8977321653485,1115.709157006808,1100.2920850190776,1101.306366070902,0,1150,1.0,0.041666666666666664,1401-09-23,False,False
2022-12-14 11:00:00,5430.0,5440.0,5405.0,5433.0,17205813,908,2022-12-14,0.2028562103648742,1101.5092222812668,1103.5377843849155,1096.437817022145,1102.1177909123614,0,1151,1.0,0.041666666666666664,1401-09-23,False,False
2022-12-14 12:00:00,5434.0,5455.0,5430.0,5438.0,9357711,552,2022-12-14,0.2028562103648742,1102.3206471227263,1106.5806275403888,1101.5092222812668,1103.1320719641858,0,1152,1.0,0.041666666666666664,1401-09-23,False,False
2022-12-17 09:00:00,5450.0,5460.0,5320.0,5390.0,16151732,1076,2022-12-17,0.2028562103648742,1105.5663464885645,1107.5949085922132,1079.1950391411308,1093.394973866672,0,1153,69.0,2.875,1401-09-26,False,False
2022-12-17 10:00:00,5400.0,5410.0,5350.0,5370.0,11227731,661,2022-12-17,0.2028562103648742,1095.4235359703207,1097.4520980739694,1085.280725452077,1089.3378496593743,0,1154,1.0,0.041666666666666664,1401-09-26,False,False
2022-12-17 11:00:00,5380.0,5450.0,5360.0,5420.0,12554449,640,2022-12-17,0.2028562103648742,1091.3664117630233,1105.5663464885645,1087.3092875557256,1099.4806601776181,0,1155,1.0,0.041666666666666664,1401-09-26,False,False
2022-12-17 12:00:00,5420.0,5420.0,5390.0,5410.0,5533824,392,2022-12-17,0.2028562103648742,1099.4806601776181,1099.4806601776181,1093.394973866672,1097.4520980739694,0,1156,1.0,0.041666666666666664,1401-09-26,False,False
2022-12-18 09:00:00,5470.0,5720.0,5470.0,5630.0,25701780,1284,2022-12-18,0.2028562103648742,1109.623470695862,1160.3375232870803,1109.623470695862,1142.0804643542417,0,1157,21.0,0.875,1401-09-27,False,False
2022-12-18 10:00:00,5630.0,5660.0,5590.0,5600.0,11745039,747,2022-12-18,0.2028562103648742,1142.0804643542417,1148.1661506651878,1133.9662159396466,1135.9947780432956,0,1158,1.0,0.041666666666666664,1401-09-27,False,False
2022-12-18 11:00:00,5600.0,5620.0,5580.0,5600.0,15375514,625,2022-12-18,0.2028562103648742,1135.9947780432956,1140.051902250593,1131.937653835998,1135.9947780432956,0,1159,1.0,0.041666666666666664,1401-09-27,False,False
2022-12-18 12:00:00,5590.0,5670.0,5590.0,5630.0,12990727,493,2022-12-18,0.2028562103648742,1133.9662159396466,1150.1947127688368,1133.9662159396466,1142.0804643542417,0,1160,1.0,0.041666666666666664,1401-09-27,False,False
2022-12-19 09:00:00,5700.0,5700.0,5500.0,5630.0,15861660,893,2022-12-19,0.2028562103648742,1156.280399079783,1156.280399079783,1115.709157006808,1142.0804643542417,0,1161,21.0,0.875,1401-09-28,False,False
2022-12-19 10:00:00,5630.0,5740.0,5620.0,5720.0,15022176,884,2022-12-19,0.2028562103648742,1142.0804643542417,1164.394647494378,1140.051902250593,1160.3375232870803,0,1162,1.0,0.041666666666666664,1401-09-28,False,False
2022-12-19 11:00:00,5710.0,5720.0,5560.0,5560.0,13191619,759,2022-12-19,0.2028562103648742,1158.3089611834316,1160.3375232870803,1127.8805296287005,1127.8805296287005,0,1163,1.0,0.041666666666666664,1401-09-28,False,False
2022-12-19 12:00:00,5570.0,5580.0,5540.0,5580.0,8899612,428,2022-12-19,0.2028562103648742,1129.9090917323492,1131.937653835998,1123.823405421403,1131.937653835998,0,1164,1.0,0.041666666666666664,1401-09-28,False,False
2022-12-20 09:00:00,5630.0,5650.0,5500.0,5590.0,10218438,671,2022-12-20,0.2028562103648742,1142.0804643542417,1146.1375885615391,1115.709157006808,1133.9662159396466,0,1165,21.0,0.875,1401-09-29,False,False
2022-12-20 10:00:00,5580.0,5590.0,5500.0,5500.0,10211640,607,2022-12-20,0.2028562103648742,1131.937653835998,1133.9662159396466,1115.709157006808,1115.709157006808,0,1166,1.0,0.041666666666666664,1401-09-29,False,False
2022-12-20 11:00:00,5500.0,5540.0,5490.0,5490.0,7066418,501,2022-12-20,0.2028562103648742,1115.709157006808,1123.823405421403,1113.6805949031593,1113.6805949031593,0,1167,1.0,0.041666666666666664,1401-09-29,False,False
2022-12-20 12:00:00,5490.0,5550.0,5490.0,5530.0,4386281,319,2022-12-20,0.2028562103648742,1113.6805949031593,1125.8519675250518,1113.6805949031593,1121.7948433177544,0,1168,1.0,0.041666666666666664,1401-09-29,False,False
2022-12-21 09:00:00,5490.0,5610.0,5450.0,5540.0,12205217,682,2022-12-21,0.2028562103648742,1113.6805949031593,1138.0233401469443,1105.5663464885645,1123.823405421403,0,1169,21.0,0.875,1401-09-30,False,False
2022-12-21 10:00:00,5550.0,5600.0,5490.0,5510.0,4690010,403,2022-12-21,0.2028562103648742,1125.8519675250518,1135.9947780432956,1113.6805949031593,1117.7377191104567,0,1170,1.0,0.041666666666666664,1401-09-30,False,False
2022-12-21 11:00:00,5510.0,5530.0,5490.0,5500.0,5101768,431,2022-12-21,0.2028562103648742,1117.7377191104567,1121.7948433177544,1113.6805949031593,1115.709157006808,0,1171,1.0,0.041666666666666664,1401-09-30,False,False
2022-12-21 12:00:00,5500.0,5540.0,5490.0,5540.0,5409901,292,2022-12-21,0.2028562103648742,1115.709157006808,1123.823405421403,1113.6805949031593,1123.823405421403,0,1172,1.0,0.041666666666666664,1401-09-30,False,False
2022-12-24 09:00:00,5600.0,5840.0,5570.0,5740.0,14368591,1079,2022-12-24,0.2028562103648742,1135.9947780432956,1184.6802685308653,1129.9090917323492,1164.394647494378,0,1173,69.0,2.875,1401-10-03,False,False
2022-12-24 10:00:00,5730.0,5770.0,5670.0,5740.0,10504754,721,2022-12-24,0.2028562103648742,1162.366085390729,1170.480333805324,1150.1947127688368,1164.394647494378,0,1174,1.0,0.041666666666666664,1401-10-03,False,False
2022-12-24 11:00:00,5740.0,5910.0,5740.0,5900.0,27135978,1047,2022-12-24,0.2028562103648742,1164.394647494378,1198.8802032564065,1164.394647494378,1196.8516411527578,0,1175,1.0,0.041666666666666664,1401-10-03,False,False
2022-12-24 12:00:00,5890.0,5910.0,5880.0,5910.0,14807151,702,2022-12-24,0.2028562103648742,1194.823079049109,1198.8802032564065,1192.7945169454604,1198.8802032564065,0,1176,1.0,0.041666666666666664,1401-10-03,False,False
2022-12-25 09:00:00,6000.0,6050.0,5830.0,5920.0,18103154,1421,2022-12-25,0.2028562103648742,1217.1372621892451,1227.280072707489,1182.6517064272166,1200.9087653600552,0,1177,21.0,0.875,1401-10-04,False,False
2022-12-25 10:00:00,5930.0,5930.0,5870.0,5890.0,9542640,805,2022-12-25,0.2028562103648742,1202.937327463704,1202.937327463704,1190.7659548418114,1194.823079049109,0,1178,1.0,0.041666666666666664,1401-10-04,False,False
2022-12-25 11:00:00,5900.0,5950.0,5890.0,5920.0,13651508,746,2022-12-25,0.2028562103648742,1196.8516411527578,1206.9944516710016,1194.823079049109,1200.9087653600552,0,1179,1.0,0.041666666666666664,1401-10-04,False,False
2022-12-25 12:00:00,5920.0,5930.0,5880.0,5880.0,5988099,456,2022-12-25,0.2028562103648742,1200.9087653600552,1202.937327463704,1192.7945169454604,1192.7945169454604,0,1180,1.0,0.041666666666666664,1401-10-04,False,False
2022-12-25 17:00:00,5910.0,5910.0,5910.0,5910.0,82303,6,2022-12-25,0.2028562103648742,1198.8802032564065,1198.8802032564065,1198.8802032564065,1198.8802032564065,0,1181,5.0,0.20833333333333334,1401-10-04,False,False
2022-12-26 09:00:00,5890.0,5920.0,5760.0,5900.0,15079550,1186,2022-12-26,0.2028562103648742,1194.823079049109,1200.9087653600552,1168.4517717016754,1196.8516411527578,0,1182,16.0,0.6666666666666666,1401-10-05,False,False
2022-12-26 10:00:00,5900.0,5940.0,5860.0,5910.0,15480328,874,2022-12-26,0.2028562103648742,1196.8516411527578,1204.9658895673526,1188.7373927381627,1198.8802032564065,0,1183,1.0,0.041666666666666664,1401-10-05,False,False
2022-12-26 11:00:00,5900.0,5940.0,5890.0,5910.0,11291141,697,2022-12-26,0.2028562103648742,1196.8516411527578,1204.9658895673526,1194.823079049109,1198.8802032564065,0,1184,1.0,0.041666666666666664,1401-10-05,False,False
2022-12-26 12:00:00,5920.0,5930.0,5850.0,5880.0,7914624,500,2022-12-26,0.2028562103648742,1200.9087653600552,1202.937327463704,1186.708830634514,1192.7945169454604,0,1185,1.0,0.041666666666666664,1401-10-05,False,False
2022-12-28 09:00:00,6100.0,6290.0,6100.0,6290.0,48021317,1835,2022-12-28,0.2028562103648742,1237.4228832257327,1275.9655631950586,1237.4228832257327,1275.9655631950586,0,1186,45.0,1.875,1401-10-07,False,False
2022-12-28 10:00:00,6290.0,6290.0,6290.0,6290.0,19619887,890,2022-12-28,0.2028562103648742,1275.9655631950586,1275.9655631950586,1275.9655631950586,1275.9655631950586,0,1187,1.0,0.041666666666666664,1401-10-07,False,False
2022-12-28 11:00:00,6290.0,6290.0,6290.0,6290.0,33209389,937,2022-12-28,0.2028562103648742,1275.9655631950586,1275.9655631950586,1275.9655631950586,1275.9655631950586,0,1188,1.0,0.041666666666666664,1401-10-07,False,False
2022-12-28 12:00:00,6290.0,6290.0,6290.0,6290.0,15084172,555,2022-12-28,0.2028562103648742,1275.9655631950586,1275.9655631950586,1275.9655631950586,1275.9655631950586,0,1189,1.0,0.041666666666666664,1401-10-07,False,False
2022-12-31 09:00:00,5870.0,6250.0,5850.0,5990.0,42965623,2371,2022-12-31,0.2028562103648742,1190.7659548418114,1267.8513147804638,1186.708830634514,1215.1087000855964,0,1190,69.0,2.875,1401-10-10,False,False
2022-12-31 10:00:00,5990.0,6110.0,5950.0,6060.0,18588024,1259,2022-12-31,0.2028562103648742,1215.1087000855964,1239.4514453293814,1206.9944516710016,1229.3086348111376,0,1191,1.0,0.041666666666666664,1401-10-10,False,False
2022-12-31 11:00:00,6070.0,6110.0,6030.0,6040.0,17877679,990,2022-12-31,0.2028562103648742,1231.3371969147863,1239.4514453293814,1223.2229485001915,1225.2515106038402,0,1192,1.0,0.041666666666666664,1401-10-10,False,False
2022-12-31 12:00:00,6040.0,6040.0,5900.0,5910.0,14822326,789,2022-12-31,0.2028562103648742,1225.2515106038402,1225.2515106038402,1196.8516411527578,1198.8802032564065,0,1193,1.0,0.041666666666666664,1401-10-10,False,False
2023-01-01 09:00:00,5870.0,6090.0,5850.0,5850.0,20867270,1514,2023-01-01,0.2028562103648742,1190.7659548418114,1235.3943211220837,1186.708830634514,1186.708830634514,0,1194,21.0,0.875,1401-10-11,False,False
2023-01-01 10:00:00,5850.0,5860.0,5730.0,5730.0,20709208,1199,2023-01-01,0.2028562103648742,1186.708830634514,1188.7373927381627,1162.366085390729,1162.366085390729,0,1195,1.0,0.041666666666666664,1401-10-11,False,False
2023-01-01 11:00:00,5730.0,5840.0,5700.0,5820.0,18529479,1099,2023-01-01,0.2028562103648742,1162.366085390729,1184.6802685308653,1156.280399079783,1180.6231443235679,0,1196,1.0,0.041666666666666664,1401-10-11,False,False
2023-01-01 12:00:00,5810.0,5970.0,5810.0,5920.0,9812983,591,2023-01-01,0.2028562103648742,1178.5945822199192,1211.051575878299,1178.5945822199192,1200.9087653600552,0,1197,1.0,0.041666666666666664,1401-10-11,False,False
2023-01-02 09:00:00,6000.0,6030.0,5950.0,6000.0,17615061,1260,2023-01-02,0.2028562103648742,1217.1372621892451,1223.2229485001915,1206.9944516710016,1217.1372621892451,0,1198,21.0,0.875,1401-10-12,False,False
2023-01-02 10:00:00,6000.0,6020.0,5950.0,5960.0,14478838,912,2023-01-02,0.2028562103648742,1217.1372621892451,1221.1943863965428,1206.9944516710016,1209.0230137746503,0,1199,1.0,0.041666666666666664,1401-10-12,False,False
2023-01-02 11:00:00,5970.0,5980.0,5940.0,5950.0,9554385,742,2023-01-02,0.2028562103648742,1211.051575878299,1213.0801379819477,1204.9658895673526,1206.9944516710016,0,1200,1.0,0.041666666666666664,1401-10-12,False,False
2023-01-02 12:00:00,5950.0,5980.0,5940.0,5960.0,6191166,450,2023-01-02,0.2028562103648742,1206.9944516710016,1213.0801379819477,1204.9658895673526,1209.0230137746503,0,1201,1.0,0.041666666666666664,1401-10-12,False,False
2023-01-03 09:00:00,6020.0,6050.0,5920.0,5970.0,17982335,1170,2023-01-03,0.2028562103648742,1221.1943863965428,1227.280072707489,1200.9087653600552,1211.051575878299,0,1202,21.0,0.875,1401-10-13,False,False
2023-01-03 10:00:00,5970.0,5990.0,5850.0,5920.0,20646162,949,2023-01-03,0.2028562103648742,1211.051575878299,1215.1087000855964,1186.708830634514,1200.9087653600552,0,1203,1.0,0.041666666666666664,1401-10-13,False,False
2023-01-03 11:00:00,5920.0,5930.0,5860.0,5880.0,6396847,699,2023-01-03,0.2028562103648742,1200.9087653600552,1202.937327463704,1188.7373927381627,1192.7945169454604,0,1204,1.0,0.041666666666666664,1401-10-13,False,False
2023-01-03 12:00:00,5880.0,5930.0,5870.0,5900.0,12630912,502,2023-01-03,0.2028562103648742,1192.7945169454604,1202.937327463704,1190.7659548418114,1196.8516411527578,0,1205,1.0,0.041666666666666664,1401-10-13,False,False
2023-01-04 09:00:00,5930.0,5930.0,5780.0,5810.0,6004886,829,2023-01-04,0.2028562103648742,1202.937327463704,1202.937327463704,1172.5088959089728,1178.5945822199192,0,1206,21.0,0.875,1401-10-14,False,False
2023-01-04 10:00:00,5810.0,5840.0,5770.0,5780.0,7354718,690,2023-01-04,0.2028562103648742,1178.5945822199192,1184.6802685308653,1170.480333805324,1172.5088959089728,0,1207,1.0,0.041666666666666664,1401-10-14,False,False
2023-01-04 11:00:00,5770.0,5790.0,5760.0,5790.0,9615624,769,2023-01-04,0.2028562103648742,1170.480333805324,1174.5374580126215,1168.4517717016754,1174.5374580126215,0,1208,1.0,0.041666666666666664,1401-10-14,False,False
2023-01-04 12:00:00,5780.0,5900.0,5770.0,5880.0,9148024,476,2023-01-04,0.2028562103648742,1172.5088959089728,1196.8516411527578,1170.480333805324,1192.7945169454604,0,1209,1.0,0.041666666666666664,1401-10-14,False,False
2023-01-04 15:00:00,5880.0,5880.0,5880.0,5880.0,3200000,33,2023-01-04,0.2028562103648742,1192.7945169454604,1192.7945169454604,1192.7945169454604,1192.7945169454604,0,1210,3.0,0.125,1401-10-14,False,False
2023-01-07 09:00:00,5880.0,5990.0,5880.0,5960.0,12098564,1008,2023-01-07,0.2028562103648742,1192.7945169454604,1215.1087000855964,1192.7945169454604,1209.0230137746503,0,1211,66.0,2.75,1401-10-17,False,False
2023-01-07 10:00:00,5960.0,5960.0,5800.0,5840.0,12094286,900,2023-01-07,0.2028562103648742,1209.0230137746503,1209.0230137746503,1176.5660201162702,1184.6802685308653,0,1212,1.0,0.041666666666666664,1401-10-17,False,False
2023-01-07 11:00:00,5840.0,5890.0,5830.0,5880.0,7484361,685,2023-01-07,0.2028562103648742,1184.6802685308653,1194.823079049109,1182.6517064272166,1192.7945169454604,0,1213,1.0,0.041666666666666664,1401-10-17,False,False
2023-01-07 12:00:00,5870.0,5950.0,5850.0,5930.0,9118059,551,2023-01-07,0.2028562103648742,1190.7659548418114,1206.9944516710016,1186.708830634514,1202.937327463704,0,1214,1.0,0.041666666666666664,1401-10-17,False,False
2023-01-08 09:00:00,6050.0,6220.0,6050.0,6160.0,26600811,1503,2023-01-08,0.2028562103648742,1227.280072707489,1261.7656284695174,1227.280072707489,1249.594255847625,0,1215,21.0,0.875,1401-10-18,False,False
2023-01-08 10:00:00,6160.0,6170.0,6020.0,6060.0,21884969,986,2023-01-08,0.2028562103648742,1249.594255847625,1251.6228179512739,1221.1943863965428,1229.3086348111376,0,1216,1.0,0.041666666666666664,1401-10-18,False,False
2023-01-08 11:00:00,6070.0,6090.0,6020.0,6030.0,15932616,866,2023-01-08,0.2028562103648742,1231.3371969147863,1235.3943211220837,1221.1943863965428,1223.2229485001915,0,1217,1.0,0.041666666666666664,1401-10-18,False,False
2023-01-08 12:00:00,6030.0,6040.0,5970.0,6010.0,13396107,707,2023-01-08,0.2028562103648742,1223.2229485001915,1225.2515106038402,1211.051575878299,1219.1658242928938,0,1218,1.0,0.041666666666666664,1401-10-18,False,False
2023-01-09 09:00:00,6050.0,6090.0,6010.0,6070.0,16154353,1184,2023-01-09,0.2028562103648742,1227.280072707489,1235.3943211220837,1219.1658242928938,1231.3371969147863,0,1219,21.0,0.875,1401-10-19,False,False
2023-01-09 10:00:00,6070.0,6150.0,6050.0,6110.0,18009728,962,2023-01-09,0.2028562103648742,1231.3371969147863,1247.5656937439762,1227.280072707489,1239.4514453293814,0,1220,1.0,0.041666666666666664,1401-10-19,False,False
2023-01-09 11:00:00,6100.0,6290.0,6090.0,6190.0,22197663,1157,2023-01-09,0.2028562103648742,1237.4228832257327,1275.9655631950586,1235.3943211220837,1255.6799421585713,0,1221,1.0,0.041666666666666664,1401-10-19,False,False
2023-01-09 12:00:00,6190.0,6220.0,6160.0,6210.0,11309688,569,2023-01-09,0.2028562103648742,1255.6799421585713,1261.7656284695174,1249.594255847625,1259.7370663658687,0,1222,1.0,0.041666666666666664,1401-10-19,False,False
2023-01-10 09:00:00,6410.0,6550.0,6410.0,6460.0,55001349,2261,2023-01-10,0.2028562103648742,1300.3083084388436,1328.708177889926,1300.3083084388436,1310.4511189570874,0,1223,21.0,0.875,1401-10-20,False,False
2023-01-10 10:00:00,6460.0,6500.0,6390.0,6420.0,18328091,1330,2023-01-10,0.2028562103648742,1310.4511189570874,1318.5653673716822,1296.2511842315462,1302.3368705424923,0,1224,1.0,0.041666666666666664,1401-10-20,False,False
2023-01-10 11:00:00,6430.0,6440.0,6380.0,6420.0,16127878,1200,2023-01-10,0.2028562103648742,1304.365432646141,1306.3939947497897,1294.2226221278975,1302.3368705424923,0,1225,1.0,0.041666666666666664,1401-10-20,False,False
2023-01-10 12:00:00,6420.0,6480.0,6410.0,6460.0,13773855,676,2023-01-10,0.2028562103648742,1302.3368705424923,1314.5082431643848,1300.3083084388436,1310.4511189570874,0,1226,1.0,0.041666666666666664,1401-10-20,False,False
2023-01-11 09:00:00,6480.0,6510.0,6300.0,6490.0,14595743,1416,2023-01-11,0.2028562103648742,1314.5082431643848,1320.593929475331,1277.9941252987073,1316.5368052680335,0,1227,21.0,0.875,1401-10-21,False,False
2023-01-11 10:00:00,6480.0,6530.0,6440.0,6440.0,13709914,989,2023-01-11,0.2028562103648742,1314.5082431643848,1324.6510536826286,1306.3939947497897,1306.3939947497897,0,1228,1.0,0.041666666666666664,1401-10-21,False,False
2023-01-11 11:00:00,6440.0,6440.0,6350.0,6360.0,11953648,971,2023-01-11,0.2028562103648742,1306.3939947497897,1306.3939947497897,1288.136935816951,1290.1654979205998,0,1229,1.0,0.041666666666666664,1401-10-21,False,False
2023-01-11 12:00:00,6360.0,6380.0,6340.0,6350.0,11513808,674,2023-01-11,0.2028562103648742,1290.1654979205998,1294.2226221278975,1286.1083737133024,1288.136935816951,0,1230,1.0,0.041666666666666664,1401-10-21,False,False
2023-01-14 09:00:00,6240.0,6360.0,6060.0,6270.0,19850311,1350,2023-01-14,0.2028562103648742,1265.822752676815,1290.1654979205998,1229.3086348111376,1271.9084389877612,0,1231,69.0,2.875,1401-10-24,False,False
2023-01-14 10:00:00,6270.0,6340.0,6230.0,6330.0,15393459,860,2023-01-14,0.2028562103648742,1271.9084389877612,1286.1083737133024,1263.7941905731661,1284.0798116096537,0,1232,1.0,0.041666666666666664,1401-10-24,False,False
2023-01-14 11:00:00,6320.0,6470.0,6290.0,6440.0,14202813,871,2023-01-14,0.2028562103648742,1282.051249506005,1312.479681060736,1275.9655631950586,1306.3939947497897,0,1233,1.0,0.041666666666666664,1401-10-24,False,False
2023-01-14 12:00:00,6440.0,6460.0,6410.0,6430.0,10392575,598,2023-01-14,0.2028562103648742,1306.3939947497897,1310.4511189570874,1300.3083084388436,1304.365432646141,0,1234,1.0,0.041666666666666664,1401-10-24,False,False
2023-01-16 09:00:00,6430.0,6560.0,6380.0,6460.0,13741660,1151,2023-01-16,0.2028562103648742,1304.365432646141,1330.7367399935747,1294.2226221278975,1310.4511189570874,0,1235,45.0,1.875,1401-10-26,False,False
2023-01-16 10:00:00,6460.0,6470.0,6400.0,6460.0,12978785,969,2023-01-16,0.2028562103648742,1310.4511189570874,1312.479681060736,1298.279746335195,1310.4511189570874,0,1236,1.0,0.041666666666666664,1401-10-26,False,False
2023-01-16 11:00:00,6460.0,6480.0,6450.0,6470.0,9257856,783,2023-01-16,0.2028562103648742,1310.4511189570874,1314.5082431643848,1308.4225568534387,1312.479681060736,0,1237,1.0,0.041666666666666664,1401-10-26,False,False
2023-01-16 12:00:00,6460.0,6480.0,6450.0,6470.0,10155983,621,2023-01-16,0.2028562103648742,1310.4511189570874,1314.5082431643848,1308.4225568534387,1312.479681060736,0,1238,1.0,0.041666666666666664,1401-10-26,False,False
2023-01-17 09:00:00,6510.0,6560.0,6370.0,6460.0,18436708,1440,2023-01-17,0.2028562103648742,1320.593929475331,1330.7367399935747,1292.1940600242485,1310.4511189570874,0,1239,21.0,0.875,1401-10-27,False,False
2023-01-17 10:00:00,6460.0,6470.0,6410.0,6430.0,14518312,1079,2023-01-17,0.2028562103648742,1310.4511189570874,1312.479681060736,1300.3083084388436,1304.365432646141,0,1240,1.0,0.041666666666666664,1401-10-27,False,False
2023-01-17 11:00:00,6430.0,6450.0,6370.0,6440.0,15438553,948,2023-01-17,0.2028562103648742,1304.365432646141,1308.4225568534387,1292.1940600242485,1306.3939947497897,0,1241,1.0,0.041666666666666664,1401-10-27,False,False
2023-01-17 12:00:00,6430.0,6450.0,6360.0,6390.0,6943176,524,2023-01-17,0.2028562103648742,1304.365432646141,1308.4225568534387,1290.1654979205998,1296.2511842315462,0,1242,1.0,0.041666666666666664,1401-10-27,False,False
2023-01-18 09:00:00,6410.0,6460.0,6350.0,6430.0,14704904,1055,2023-01-18,0.2028562103648742,1300.3083084388436,1310.4511189570874,1288.136935816951,1304.365432646141,0,1243,21.0,0.875,1401-10-28,False,False
2023-01-18 10:00:00,6430.0,6440.0,6370.0,6370.0,5868120,886,2023-01-18,0.2028562103648742,1304.365432646141,1306.3939947497897,1292.1940600242485,1292.1940600242485,0,1244,1.0,0.041666666666666664,1401-10-28,False,False
2023-01-18 11:00:00,6380.0,6440.0,6360.0,6410.0,11357711,847,2023-01-18,0.2028562103648742,1294.2226221278975,1306.3939947497897,1290.1654979205998,1300.3083084388436,0,1245,1.0,0.041666666666666664,1401-10-28,False,False
2023-01-18 12:00:00,6410.0,6410.0,6360.0,6380.0,7941983,581,2023-01-18,0.2028562103648742,1300.3083084388436,1300.3083084388436,1290.1654979205998,1294.2226221278975,0,1246,1.0,0.041666666666666664,1401-10-28,False,False
2023-01-21 09:00:00,6190.0,6310.0,6110.0,6150.0,34914300,1874,2023-01-21,0.2028562103648742,1255.6799421585713,1280.0226874023563,1239.4514453293814,1247.5656937439762,0,1247,69.0,2.875,1401-11-01,False,False
2023-01-21 10:00:00,6150.0,6180.0,6100.0,6110.0,18774352,1161,2023-01-21,0.2028562103648742,1247.5656937439762,1253.6513800549226,1237.4228832257327,1239.4514453293814,0,1248,1.0,0.041666666666666664,1401-11-01,False,False
2023-01-21 11:00:00,6120.0,6130.0,6100.0,6120.0,22011974,1215,2023-01-21,0.2028562103648742,1241.48000743303,1243.5085695366788,1237.4228832257327,1241.48000743303,0,1249,1.0,0.041666666666666664,1401-11-01,False,False
2023-01-21 12:00:00,6120.0,6160.0,6100.0,6130.0,11843031,684,2023-01-21,0.2028562103648742,1241.48000743303,1249.594255847625,1237.4228832257327,1243.5085695366788,0,1250,1.0,0.041666666666666664,1401-11-01,False,False
2023-01-22 09:00:00,6130.0,6270.0,6130.0,6140.0,18206127,1245,2023-01-22,0.2028562103648742,1243.5085695366788,1271.9084389877612,1243.5085695366788,1245.5371316403275,0,1251,21.0,0.875,1401-11-02,False,False
2023-01-22 10:00:00,6150.0,6150.0,6110.0,6140.0,16779264,979,2023-01-22,0.2028562103648742,1247.5656937439762,1247.5656937439762,1239.4514453293814,1245.5371316403275,0,1252,1.0,0.041666666666666664,1401-11-02,False,False
2023-01-22 11:00:00,6150.0,6280.0,6140.0,6260.0,11061080,847,2023-01-22,0.2028562103648742,1247.5656937439762,1273.93700109141,1245.5371316403275,1269.8798768841125,0,1253,1.0,0.041666666666666664,1401-11-02,False,False
2023-01-22 12:00:00,6260.0,6290.0,6220.0,6240.0,5887803,443,2023-01-22,0.2028562103648742,1269.8798768841125,1275.9655631950586,1261.7656284695174,1265.822752676815,0,1254,1.0,0.041666666666666664,1401-11-02,False,False
2023-01-23 09:00:00,6240.0,6380.0,6240.0,6250.0,13484859,963,2023-01-23,0.2028562103648742,1265.822752676815,1294.2226221278975,1265.822752676815,1267.8513147804638,0,1255,21.0,0.875,1401-11-03,False,False
2023-01-23 10:00:00,6260.0,6270.0,6200.0,6210.0,11637534,766,2023-01-23,0.2028562103648742,1269.8798768841125,1271.9084389877612,1257.70850426222,1259.7370663658687,0,1256,1.0,0.041666666666666664,1401-11-03,False,False
2023-01-23 11:00:00,6220.0,6270.0,6110.0,6210.0,19461496,1052,2023-01-23,0.2028562103648742,1261.7656284695174,1271.9084389877612,1239.4514453293814,1259.7370663658687,0,1257,1.0,0.041666666666666664,1401-11-03,False,False
2023-01-23 12:00:00,6220.0,6270.0,6210.0,6260.0,5964404,419,2023-01-23,0.2028562103648742,1261.7656284695174,1271.9084389877612,1259.7370663658687,1269.8798768841125,0,1258,1.0,0.041666666666666664,1401-11-03,False,False
2023-01-24 09:00:00,6220.0,6270.0,6190.0,6240.0,12367929,852,2023-01-24,0.2028562103648742,1261.7656284695174,1271.9084389877612,1255.6799421585713,1265.822752676815,0,1259,21.0,0.875,1401-11-04,False,False
2023-01-24 10:00:00,6250.0,6250.0,6160.0,6160.0,6319888,578,2023-01-24,0.2028562103648742,1267.8513147804638,1267.8513147804638,1249.594255847625,1249.594255847625,0,1260,1.0,0.041666666666666664,1401-11-04,False,False
2023-01-24 11:00:00,6160.0,6190.0,6140.0,6190.0,5663636,577,2023-01-24,0.2028562103648742,1249.594255847625,1255.6799421585713,1245.5371316403275,1255.6799421585713,0,1261,1.0,0.041666666666666664,1401-11-04,False,False
2023-01-24 12:00:00,6180.0,6240.0,6170.0,6210.0,5722317,358,2023-01-24,0.2028562103648742,1253.6513800549226,1265.822752676815,1251.6228179512739,1259.7370663658687,0,1262,1.0,0.041666666666666664,1401-11-04,False,False
2023-01-25 09:00:00,6200.0,6200.0,6060.0,6080.0,12000757,966,2023-01-25,0.2028562103648742,1257.70850426222,1257.70850426222,1229.3086348111376,1233.365759018435,0,1263,21.0,0.875,1401-11-05,False,False
2023-01-25 10:00:00,6070.0,6110.0,6030.0,6050.0,21039198,1057,2023-01-25,0.2028562103648742,1231.3371969147863,1239.4514453293814,1223.2229485001915,1227.280072707489,0,1264,1.0,0.041666666666666664,1401-11-05,False,False
2023-01-25 11:00:00,6050.0,6130.0,6030.0,6110.0,9642176,576,2023-01-25,0.2028562103648742,1227.280072707489,1243.5085695366788,1223.2229485001915,1239.4514453293814,0,1265,1.0,0.041666666666666664,1401-11-05,False,False
2023-01-25 12:00:00,6110.0,6130.0,6090.0,6100.0,5978670,445,2023-01-25,0.2028562103648742,1239.4514453293814,1243.5085695366788,1235.3943211220837,1237.4228832257327,0,1266,1.0,0.041666666666666664,1401-11-05,False,False
2023-01-28 09:00:00,6140.0,6180.0,6040.0,6080.0,21394769,1335,2023-01-28,0.2028562103648742,1245.5371316403275,1253.6513800549226,1225.2515106038402,1233.365759018435,0,1267,69.0,2.875,1401-11-08,False,False
2023-01-28 10:00:00,6080.0,6110.0,6060.0,6070.0,9258575,689,2023-01-28,0.2028562103648742,1233.365759018435,1239.4514453293814,1229.3086348111376,1231.3371969147863,0,1268,1.0,0.041666666666666664,1401-11-08,False,False
2023-01-28 11:00:00,6060.0,6080.0,6040.0,6040.0,7448645,706,2023-01-28,0.2028562103648742,1229.3086348111376,1233.365759018435,1225.2515106038402,1225.2515106038402,0,1269,1.0,0.041666666666666664,1401-11-08,False,False
2023-01-28 12:00:00,6040.0,6070.0,6020.0,6030.0,5052779,378,2023-01-28,0.2028562103648742,1225.2515106038402,1231.3371969147863,1221.1943863965428,1223.2229485001915,0,1270,1.0,0.041666666666666664,1401-11-08,False,False
2023-01-29 09:00:00,6010.0,6020.0,5810.0,5840.0,26812051,1338,2023-01-29,0.2028562103648742,1219.1658242928938,1221.1943863965428,1178.5945822199192,1184.6802685308653,0,1271,21.0,0.875,1401-11-09,False,False
2023-01-29 10:00:00,5840.0,5910.0,5810.0,5810.0,23781498,1134,2023-01-29,0.2028562103648742,1184.6802685308653,1198.8802032564065,1178.5945822199192,1178.5945822199192,0,1272,1.0,0.041666666666666664,1401-11-09,False,False
2023-01-29 11:00:00,5810.0,5840.0,5800.0,5820.0,11827056,893,2023-01-29,0.2028562103648742,1178.5945822199192,1184.6802685308653,1176.5660201162702,1180.6231443235679,0,1273,1.0,0.041666666666666664,1401-11-09,False,False
2023-01-29 12:00:00,5820.0,5980.0,5810.0,5970.0,12479381,509,2023-01-29,0.2028562103648742,1180.6231443235679,1213.0801379819477,1178.5945822199192,1211.051575878299,0,1274,1.0,0.041666666666666664,1401-11-09,False,False
2023-01-30 09:00:00,5800.0,5980.0,5680.0,5690.0,14009823,1142,2023-01-30,0.2028562103648742,1176.5660201162702,1213.0801379819477,1152.2232748724855,1154.2518369761342,0,1275,21.0,0.875,1401-11-10,False,False
2023-01-30 10:00:00,5690.0,5930.0,5690.0,5890.0,14727624,886,2023-01-30,0.2028562103648742,1154.2518369761342,1202.937327463704,1154.2518369761342,1194.823079049109,0,1276,1.0,0.041666666666666664,1401-11-10,False,False
2023-01-30 11:00:00,5900.0,6010.0,5890.0,5960.0,9312205,619,2023-01-30,0.2028562103648742,1196.8516411527578,1219.1658242928938,1194.823079049109,1209.0230137746503,0,1277,1.0,0.041666666666666664,1401-11-10,False,False
2023-01-30 12:00:00,5960.0,5990.0,5910.0,5970.0,8664959,414,2023-01-30,0.2028562103648742,1209.0230137746503,1215.1087000855964,1198.8802032564065,1211.051575878299,0,1278,1.0,0.041666666666666664,1401-11-10,False,False
2023-01-31 09:00:00,5970.0,6100.0,5910.0,6000.0,9909783,806,2023-01-31,0.2028562103648742,1211.051575878299,1237.4228832257327,1198.8802032564065,1217.1372621892451,0,1279,21.0,0.875,1401-11-11,False,False
2023-01-31 10:00:00,6010.0,6030.0,5930.0,5950.0,10546402,678,2023-01-31,0.2028562103648742,1219.1658242928938,1223.2229485001915,1202.937327463704,1206.9944516710016,0,1280,1.0,0.041666666666666664,1401-11-11,False,False
2023-01-31 11:00:00,5950.0,6000.0,5950.0,5980.0,11599353,570,2023-01-31,0.2028562103648742,1206.9944516710016,1217.1372621892451,1206.9944516710016,1213.0801379819477,0,1281,1.0,0.041666666666666664,1401-11-11,False,False
2023-01-31 12:00:00,5980.0,6000.0,5960.0,5990.0,5608579,342,2023-01-31,0.2028562103648742,1213.0801379819477,1217.1372621892451,1209.0230137746503,1215.1087000855964,0,1282,1.0,0.041666666666666664,1401-11-11,False,False
2023-02-01 09:00:00,6000.0,6030.0,5960.0,5970.0,11295790,651,2023-02-01,0.2028562103648742,1217.1372621892451,1223.2229485001915,1209.0230137746503,1211.051575878299,0,1283,21.0,0.875,1401-11-12,False,False
2023-02-01 10:00:00,5980.0,6010.0,5960.0,5980.0,10292205,493,2023-02-01,0.2028562103648742,1213.0801379819477,1219.1658242928938,1209.0230137746503,1213.0801379819477,0,1284,1.0,0.041666666666666664,1401-11-12,False,False
2023-02-01 11:00:00,5980.0,6020.0,5970.0,5990.0,8411338,489,2023-02-01,0.2028562103648742,1213.0801379819477,1221.1943863965428,1211.051575878299,1215.1087000855964,0,1285,1.0,0.041666666666666664,1401-11-12,False,False
2023-02-01 12:00:00,5990.0,6010.0,5970.0,5980.0,9484420,413,2023-02-01,0.2028562103648742,1215.1087000855964,1219.1658242928938,1211.051575878299,1213.0801379819477,0,1286,1.0,0.041666666666666664,1401-11-12,False,False
2023-02-05 09:00:00,5980.0,6000.0,5890.0,5950.0,13593768,796,2023-02-05,0.2028562103648742,1213.0801379819477,1217.1372621892451,1194.823079049109,1206.9944516710016,0,1287,93.0,3.875,1401-11-16,False,False
2023-02-05 10:00:00,5950.0,5980.0,5920.0,5950.0,7657064,551,2023-02-05,0.2028562103648742,1206.9944516710016,1213.0801379819477,1200.9087653600552,1206.9944516710016,0,1288,1.0,0.041666666666666664,1401-11-16,False,False
2023-02-05 11:00:00,5950.0,5970.0,5920.0,5950.0,23993110,860,2023-02-05,0.2028562103648742,1206.9944516710016,1211.051575878299,1200.9087653600552,1206.9944516710016,0,1289,1.0,0.041666666666666664,1401-11-16,False,False
2023-02-05 12:00:00,5940.0,5960.0,5930.0,5950.0,12968145,429,2023-02-05,0.2028562103648742,1204.9658895673526,1209.0230137746503,1202.937327463704,1206.9944516710016,0,1290,1.0,0.041666666666666664,1401-11-16,False,False
2023-02-06 09:00:00,5950.0,6010.0,5940.0,5990.0,15262028,783,2023-02-06,0.2028562103648742,1206.9944516710016,1219.1658242928938,1204.9658895673526,1215.1087000855964,0,1291,21.0,0.875,1401-11-17,False,False
2023-02-06 10:00:00,5990.0,6010.0,5960.0,6000.0,11379229,578,2023-02-06,0.2028562103648742,1215.1087000855964,1219.1658242928938,1209.0230137746503,1217.1372621892451,0,1292,1.0,0.041666666666666664,1401-11-17,False,False
2023-02-06 11:00:00,6000.0,6030.0,6000.0,6030.0,7374853,564,2023-02-06,0.2028562103648742,1217.1372621892451,1223.2229485001915,1217.1372621892451,1223.2229485001915,0,1293,1.0,0.041666666666666664,1401-11-17,False,False
2023-02-06 12:00:00,6020.0,6080.0,6020.0,6050.0,7768006,387,2023-02-06,0.2028562103648742,1221.1943863965428,1233.365759018435,1221.1943863965428,1227.280072707489,0,1294,1.0,0.041666666666666664,1401-11-17,False,False
2023-02-07 09:00:00,6050.0,6270.0,6050.0,6170.0,11999033,808,2023-02-07,0.2028562103648742,1227.280072707489,1271.9084389877612,1227.280072707489,1251.6228179512739,0,1295,21.0,0.875,1401-11-18,False,False
2023-02-07 10:00:00,6170.0,6190.0,6120.0,6130.0,8269072,523,2023-02-07,0.2028562103648742,1251.6228179512739,1255.6799421585713,1241.48000743303,1243.5085695366788,0,1296,1.0,0.041666666666666664,1401-11-18,False,False
2023-02-07 11:00:00,6130.0,6170.0,6120.0,6160.0,12055182,515,2023-02-07,0.2028562103648742,1243.5085695366788,1251.6228179512739,1241.48000743303,1249.594255847625,0,1297,1.0,0.041666666666666664,1401-11-18,False,False
2023-02-07 12:00:00,6160.0,6270.0,6140.0,6250.0,10222509,473,2023-02-07,0.2028562103648742,1249.594255847625,1271.9084389877612,1245.5371316403275,1267.8513147804638,0,1298,1.0,0.041666666666666664,1401-11-18,False,False
2023-02-08 09:00:00,6220.0,6380.0,6220.0,6290.0,10916492,848,2023-02-08,0.2028562103648742,1261.7656284695174,1294.2226221278975,1261.7656284695174,1275.9655631950586,0,1299,21.0,0.875,1401-11-19,False,False
2023-02-08 10:00:00,6270.0,6320.0,6270.0,6290.0,14032370,742,2023-02-08,0.2028562103648742,1271.9084389877612,1282.051249506005,1271.9084389877612,1275.9655631950586,0,1300,1.0,0.041666666666666664,1401-11-19,False,False
2023-02-08 11:00:00,6280.0,6290.0,6200.0,6210.0,10885906,636,2023-02-08,0.2028562103648742,1273.93700109141,1275.9655631950586,1257.70850426222,1259.7370663658687,0,1301,1.0,0.041666666666666664,1401-11-19,False,False
2023-02-08 12:00:00,6220.0,6240.0,6200.0,6210.0,6092352,414,2023-02-08,0.2028562103648742,1261.7656284695174,1265.822752676815,1257.70850426222,1259.7370663658687,0,1302,1.0,0.041666666666666664,1401-11-19,False,False
2023-02-12 09:00:00,6220.0,6290.0,6200.0,6240.0,11892035,757,2023-02-12,0.2028562103648742,1261.7656284695174,1275.9655631950586,1257.70850426222,1265.822752676815,0,1303,93.0,3.875,1401-11-23,False,False
2023-02-12 10:00:00,6240.0,6260.0,6230.0,6240.0,7320273,590,2023-02-12,0.2028562103648742,1265.822752676815,1269.8798768841125,1263.7941905731661,1265.822752676815,0,1304,1.0,0.041666666666666664,1401-11-23,False,False
2023-02-12 11:00:00,6240.0,6300.0,6230.0,6260.0,10474997,619,2023-02-12,0.2028562103648742,1265.822752676815,1277.9941252987073,1263.7941905731661,1269.8798768841125,0,1305,1.0,0.041666666666666664,1401-11-23,False,False
2023-02-12 12:00:00,6260.0,6280.0,6250.0,6280.0,7415945,339,2023-02-12,0.2028562103648742,1269.8798768841125,1273.93700109141,1267.8513147804638,1273.93700109141,0,1306,1.0,0.041666666666666664,1401-11-23,False,False
2023-02-13 09:00:00,6290.0,6410.0,6260.0,6350.0,10031098,709,2023-02-13,0.2028562103648742,1275.9655631950586,1300.3083084388436,1269.8798768841125,1288.136935816951,0,1307,21.0,0.875,1401-11-24,False,False
2023-02-13 10:00:00,6350.0,6360.0,6310.0,6320.0,11026249,645,2023-02-13,0.2028562103648742,1288.136935816951,1290.1654979205998,1280.0226874023563,1282.051249506005,0,1308,1.0,0.041666666666666664,1401-11-24,False,False
2023-02-13 11:00:00,6320.0,6330.0,6270.0,6280.0,12709900,613,2023-02-13,0.2028562103648742,1282.051249506005,1284.0798116096537,1271.9084389877612,1273.93700109141,0,1309,1.0,0.041666666666666664,1401-11-24,False,False
2023-02-13 12:00:00,6280.0,6310.0,6270.0,6290.0,12227031,422,2023-02-13,0.2028562103648742,1273.93700109141,1280.0226874023563,1271.9084389877612,1275.9655631950586,0,1310,1.0,0.041666666666666664,1401-11-24,False,False
2023-02-14 09:00:00,6310.0,6350.0,6270.0,6320.0,10509438,667,2023-02-14,0.2028562103648742,1280.0226874023563,1288.136935816951,1271.9084389877612,1282.051249506005,0,1311,21.0,0.875,1401-11-25,False,False
2023-02-14 10:00:00,6310.0,6320.0,6260.0,6280.0,9396681,535,2023-02-14,0.2028562103648742,1280.0226874023563,1282.051249506005,1269.8798768841125,1273.93700109141,0,1312,1.0,0.041666666666666664,1401-11-25,False,False
2023-02-14 11:00:00,6290.0,6290.0,6240.0,6250.0,9880122,568,2023-02-14,0.2028562103648742,1275.9655631950586,1275.9655631950586,1265.822752676815,1267.8513147804638,0,1313,1.0,0.041666666666666664,1401-11-25,False,False
2023-02-14 12:00:00,6260.0,6330.0,6250.0,6260.0,8425765,416,2023-02-14,0.2028562103648742,1269.8798768841125,1284.0798116096537,1267.8513147804638,1269.8798768841125,0,1314,1.0,0.041666666666666664,1401-11-25,False,False
2023-02-15 09:00:00,6260.0,6330.0,6210.0,6290.0,10723933,709,2023-02-15,0.2028562103648742,1269.8798768841125,1284.0798116096537,1259.7370663658687,1275.9655631950586,0,1315,21.0,0.875,1401-11-26,False,False
2023-02-15 10:00:00,6290.0,6290.0,6260.0,6260.0,7679670,551,2023-02-15,0.2028562103648742,1275.9655631950586,1275.9655631950586,1269.8798768841125,1269.8798768841125,0,1316,1.0,0.041666666666666664,1401-11-26,False,False
2023-02-15 11:00:00,6280.0,6280.0,6240.0,6240.0,5213938,453,2023-02-15,0.2028562103648742,1273.93700109141,1273.93700109141,1265.822752676815,1265.822752676815,0,1317,1.0,0.041666666666666664,1401-11-26,False,False
2023-02-15 12:00:00,6250.0,6280.0,6240.0,6270.0,8095247,384,2023-02-15,0.2028562103648742,1267.8513147804638,1273.93700109141,1265.822752676815,1271.9084389877612,0,1318,1.0,0.041666666666666664,1401-11-26,False,False
2023-02-19 09:00:00,6300.0,6410.0,6290.0,6380.0,16665980,973,2023-02-19,0.2028562103648742,1277.9941252987073,1300.3083084388436,1275.9655631950586,1294.2226221278975,0,1319,93.0,3.875,1401-11-30,False,False
2023-02-19 10:00:00,6370.0,6380.0,6310.0,6330.0,11318527,752,2023-02-19,0.2028562103648742,1292.1940600242485,1294.2226221278975,1280.0226874023563,1284.0798116096537,0,1320,1.0,0.041666666666666664,1401-11-30,False,False
2023-02-19 11:00:00,6330.0,6510.0,6320.0,6470.0,25592563,1139,2023-02-19,0.2028562103648742,1284.0798116096537,1320.593929475331,1282.051249506005,1312.479681060736,0,1321,1.0,0.041666666666666664,1401-11-30,False,False
2023-02-19 12:00:00,6470.0,6580.0,6420.0,6550.0,24083939,900,2023-02-19,0.2028562103648742,1312.479681060736,1334.7938642008721,1302.3368705424923,1328.708177889926,0,1322,1.0,0.041666666666666664,1401-11-30,False,False
2023-02-20 09:00:00,6830.0,6860.0,6700.0,6860.0,53562856,1550,2023-02-20,0.2028562103648742,1385.5079167920908,1391.593603103037,1359.136609444657,1391.593603103037,0,1323,21.0,0.875,1401-12-01,False,False
2023-02-20 10:00:00,6860.0,6860.0,6860.0,6860.0,11504538,650,2023-02-20,0.2028562103648742,1391.593603103037,1391.593603103037,1391.593603103037,1391.593603103037,0,1324,1.0,0.041666666666666664,1401-12-01,False,False
2023-02-20 11:00:00,6860.0,6860.0,6860.0,6860.0,13847652,524,2023-02-20,0.2028562103648742,1391.593603103037,1391.593603103037,1391.593603103037,1391.593603103037,0,1325,1.0,0.041666666666666664,1401-12-01,False,False
2023-02-20 12:00:00,6860.0,6860.0,6860.0,6860.0,4497176,208,2023-02-20,0.2028562103648742,1391.593603103037,1391.593603103037,1391.593603103037,1391.593603103037,0,1326,1.0,0.041666666666666664,1401-12-01,False,False
2023-02-21 09:00:00,7340.0,7340.0,7300.0,7340.0,49027588,1464,2023-02-21,0.2028562103648742,1488.9645840781766,1488.9645840781766,1480.8503356635815,1488.9645840781766,0,1327,21.0,0.875,1401-12-02,False,False
2023-02-21 10:00:00,7340.0,7340.0,7340.0,7340.0,28107775,870,2023-02-21,0.2028562103648742,1488.9645840781766,1488.9645840781766,1488.9645840781766,1488.9645840781766,0,1328,1.0,0.041666666666666664,1401-12-02,False,False
2023-02-21 11:00:00,7340.0,7340.0,7280.0,7340.0,47735018,1825,2023-02-21,0.2028562103648742,1488.9645840781766,1488.9645840781766,1476.793211456284,1488.9645840781766,0,1329,1.0,0.041666666666666664,1401-12-02,False,False
2023-02-21 12:00:00,7340.0,7340.0,7340.0,7340.0,9574914,548,2023-02-21,0.2028562103648742,1488.9645840781766,1488.9645840781766,1488.9645840781766,1488.9645840781766,0,1330,1.0,0.041666666666666664,1401-12-02,False,False
2023-02-22 09:00:00,7380.0,7570.0,7250.0,7290.0,43332028,2444,2023-02-22,0.2028562103648742,1497.0788324927717,1535.6215124620976,1470.707525145338,1478.8217735599328,0,1331,21.0,0.875,1401-12-03,False,False
2023-02-22 10:00:00,7290.0,7410.0,7270.0,7360.0,22898934,1537,2023-02-22,0.2028562103648742,1478.8217735599328,1503.1645188037178,1474.7646493526354,1493.021708285474,0,1332,1.0,0.041666666666666664,1401-12-03,False,False
2023-02-22 11:00:00,7350.0,7520.0,7330.0,7490.0,34682780,1533,2023-02-22,0.2028562103648742,1490.9931461818253,1525.478701943854,1486.9360219745279,1519.3930156329077,0,1333,1.0,0.041666666666666664,1401-12-03,False,False
2023-02-22 12:00:00,7500.0,7700.0,7480.0,7640.0,21499949,1135,2023-02-22,0.2028562103648742,1521.4215777365564,1561.9928198095313,1517.364453529259,1549.8214471876388,0,1334,1.0,0.041666666666666664,1401-12-03,False,False
2023-02-25 09:00:00,7960.0,7960.0,7960.0,7960.0,44987334,1532,2023-02-25,0.2028562103648742,1614.7354345043987,1614.7354345043987,1614.7354345043987,1614.7354345043987,0,1335,69.0,2.875,1401-12-06,False,False
2023-02-25 10:00:00,7960.0,7960.0,7960.0,7960.0,7205248,722,2023-02-25,0.2028562103648742,1614.7354345043987,1614.7354345043987,1614.7354345043987,1614.7354345043987,0,1336,1.0,0.041666666666666664,1401-12-06,False,False
2023-02-25 11:00:00,7960.0,7960.0,7960.0,7960.0,3896285,541,2023-02-25,0.2028562103648742,1614.7354345043987,1614.7354345043987,1614.7354345043987,1614.7354345043987,0,1337,1.0,0.041666666666666664,1401-12-06,False,False
2023-02-25 12:00:00,7960.0,7960.0,7960.0,7960.0,2824096,246,2023-02-25,0.2028562103648742,1614.7354345043987,1614.7354345043987,1614.7354345043987,1614.7354345043987,0,1338,1.0,0.041666666666666664,1401-12-06,False,False
2023-02-25 17:00:00,7960.0,7960.0,7960.0,7960.0,6400000,190,2023-02-25,0.2028562103648742,1614.7354345043987,1614.7354345043987,1614.7354345043987,1614.7354345043987,0,1339,5.0,0.20833333333333334,1401-12-06,False,False
2023-02-25 18:00:00,7960.0,7960.0,7960.0,7960.0,14707,1,2023-02-25,0.2028562103648742,1614.7354345043987,1614.7354345043987,1614.7354345043987,1614.7354345043987,0,1340,1.0,0.041666666666666664,1401-12-06,False,False
2023-02-26 09:00:00,8510.0,8510.0,8510.0,8510.0,46243411,1776,2023-02-26,0.2028562103648742,1726.3063502050793,1726.3063502050793,1726.3063502050793,1726.3063502050793,0,1341,15.0,0.625,1401-12-07,False,False
2023-02-26 10:00:00,8510.0,8510.0,8220.0,8510.0,43610487,2342,2023-02-26,0.2028562103648742,1726.3063502050793,1726.3063502050793,1667.4780491992658,1726.3063502050793,0,1342,1.0,0.041666666666666664,1401-12-07,False,False
2023-02-26 11:00:00,8510.0,8510.0,8260.0,8380.0,35491138,2411,2023-02-26,0.2028562103648742,1726.3063502050793,1726.3063502050793,1675.5922976138609,1699.9350428576458,0,1343,1.0,0.041666666666666664,1401-12-07,False,False
2023-02-26 12:00:00,8390.0,8510.0,8380.0,8510.0,19682600,1164,2023-02-26,0.2028562103648742,1701.9636049612945,1726.3063502050793,1699.9350428576458,1726.3063502050793,0,1344,1.0,0.041666666666666664,1401-12-07,False,False
2023-02-26 17:00:00,8510.0,8510.0,8510.0,8510.0,2534,1,2023-02-26,0.2028562103648742,1726.3063502050793,1726.3063502050793,1726.3063502050793,1726.3063502050793,0,1345,5.0,0.20833333333333334,1401-12-07,False,False
2023-02-27 09:00:00,8370.0,8590.0,8070.0,8480.0,47250346,2711,2023-02-27,0.2028562103648742,1697.906480753997,1742.5348470342694,1637.0496176445347,1720.2206638941332,0,1346,16.0,0.6666666666666666,1401-12-08,False,False
2023-02-27 10:00:00,8490.0,8750.0,8480.0,8520.0,39423135,2288,2023-02-27,0.2028562103648742,1722.2492259977819,1774.9918406926492,1720.2206638941332,1728.3349123087282,0,1347,1.0,0.041666666666666664,1401-12-08,False,False
2023-02-27 11:00:00,8520.0,8540.0,8440.0,8470.0,23760829,1743,2023-02-27,0.2028562103648742,1728.3349123087282,1732.3920365160257,1712.106415479538,1718.1921017904845,0,1348,1.0,0.041666666666666664,1401-12-08,False,False
2023-02-27 12:00:00,8470.0,8500.0,8380.0,8450.0,12654918,996,2023-02-27,0.2028562103648742,1718.1921017904845,1724.2777881014306,1699.9350428576458,1714.134977583187,0,1349,1.0,0.041666666666666664,1401-12-08,False,False
2023-02-28 09:00:00,8550.0,8670.0,8270.0,8500.0,24887476,1878,2023-02-28,0.2028562103648742,1734.4205986196744,1758.7633438634593,1677.6208597175096,1724.2777881014306,0,1350,21.0,0.875,1401-12-09,False,False
2023-02-28 10:00:00,8500.0,8660.0,8490.0,8630.0,23337017,1564,2023-02-28,0.2028562103648742,1724.2777881014306,1756.7347817598106,1722.2492259977819,1750.6490954488643,0,1351,1.0,0.041666666666666664,1401-12-09,False,False
2023-02-28 11:00:00,8620.0,8700.0,8590.0,8600.0,26470305,1375,2023-02-28,0.2028562103648742,1748.6205333452156,1764.8490301744055,1742.5348470342694,1744.5634091379181,0,1352,1.0,0.041666666666666664,1401-12-09,False,False
2023-02-28 12:00:00,8620.0,8620.0,8440.0,8480.0,15223033,983,2023-02-28,0.2028562103648742,1748.6205333452156,1748.6205333452156,1712.106415479538,1720.2206638941332,0,1353,1.0,0.041666666666666664,1401-12-09,False,False
2023-03-01 09:00:00,8490.0,8560.0,8310.0,8440.0,30265484,1868,2023-03-01,0.2028562103648742,1722.2492259977819,1736.449160723323,1685.7351081321046,1712.106415479538,0,1354,21.0,0.875,1401-12-10,False,False
2023-03-01 10:00:00,8430.0,8520.0,8400.0,8430.0,14746951,1197,2023-03-01,0.2028562103648742,1710.0778533758894,1728.3349123087282,1703.9921670649433,1710.0778533758894,0,1355,1.0,0.041666666666666664,1401-12-10,False,False
2023-03-01 11:00:00,8430.0,8450.0,8300.0,8300.0,31418029,1539,2023-03-01,0.2028562103648742,1710.0778533758894,1714.134977583187,1683.706546028456,1683.706546028456,0,1356,1.0,0.041666666666666664,1401-12-10,False,False
2023-03-01 12:00:00,8300.0,8300.0,8200.0,8220.0,26490999,1089,2023-03-01,0.2028562103648742,1683.706546028456,1683.706546028456,1663.4209249919684,1667.4780491992658,0,1357,1.0,0.041666666666666664,1401-12-10,False,False
2023-03-04 09:00:00,8210.0,8230.0,8120.0,8160.0,21584442,1574,2023-03-04,0.2028562103648742,1665.449487095617,1669.5066113029147,1647.1924281627785,1655.3066765773735,0,1358,69.0,2.875,1401-12-13,False,False
2023-03-04 10:00:00,8170.0,8170.0,8020.0,8030.0,23759781,1683,2023-03-04,0.2028562103648742,1657.3352386810222,1657.3352386810222,1626.9068071262911,1628.9353692299399,0,1359,1.0,0.041666666666666664,1401-12-13,False,False
2023-03-04 11:00:00,8020.0,8120.0,8020.0,8060.0,12229796,1247,2023-03-04,0.2028562103648742,1626.9068071262911,1647.1924281627785,1626.9068071262911,1635.021055540886,0,1360,1.0,0.041666666666666664,1401-12-13,False,False
2023-03-04 12:00:00,8060.0,8110.0,8050.0,8050.0,12916109,714,2023-03-04,0.2028562103648742,1635.021055540886,1645.1638660591298,1632.9924934372373,1632.9924934372373,0,1361,1.0,0.041666666666666664,1401-12-13,False,False
2023-03-05 09:00:00,8050.0,8350.0,8010.0,8090.0,14926210,1337,2023-03-05,0.2028562103648742,1632.9924934372373,1693.8493565466995,1624.8782450226422,1641.1067418518323,0,1362,21.0,0.875,1401-12-14,False,False
2023-03-05 10:00:00,8100.0,8110.0,8060.0,8090.0,11163435,985,2023-03-05,0.2028562103648742,1643.135303955481,1645.1638660591298,1635.021055540886,1641.1067418518323,0,1363,1.0,0.041666666666666664,1401-12-14,False,False
2023-03-05 11:00:00,8080.0,8090.0,8020.0,8030.0,12615888,903,2023-03-05,0.2028562103648742,1639.0781797481834,1641.1067418518323,1626.9068071262911,1628.9353692299399,0,1364,1.0,0.041666666666666664,1401-12-14,False,False
2023-03-05 12:00:00,8030.0,8070.0,8000.0,8070.0,8479707,640,2023-03-05,0.2028562103648742,1628.9353692299399,1637.0496176445347,1622.8496829189935,1637.0496176445347,0,1365,1.0,0.041666666666666664,1401-12-14,False,False
2023-03-06 09:00:00,8070.0,8070.0,7760.0,7940.0,39506047,1677,2023-03-06,0.2028562103648742,1637.0496176445347,1637.0496176445347,1574.1641924314238,1610.678310297101,0,1366,21.0,0.875,1401-12-15,False,False
2023-03-06 10:00:00,7950.0,7970.0,7880.0,7960.0,12814934,1024,2023-03-06,0.2028562103648742,1612.70687240075,1616.7639966080474,1598.5069376752087,1614.7354345043987,0,1367,1.0,0.041666666666666664,1401-12-15,False,False
2023-03-06 11:00:00,7960.0,7970.0,7900.0,7910.0,13879966,806,2023-03-06,0.2028562103648742,1614.7354345043987,1616.7639966080474,1602.5640618825062,1604.5926239861549,0,1368,1.0,0.041666666666666664,1401-12-15,False,False
2023-03-06 12:00:00,7900.0,7990.0,7900.0,7960.0,7029769,516,2023-03-06,0.2028562103648742,1602.5640618825062,1620.8211208153448,1602.5640618825062,1614.7354345043987,0,1369,1.0,0.041666666666666664,1401-12-15,False,False
2023-03-07 09:00:00,8010.0,8240.0,8010.0,8160.0,18498229,1354,2023-03-07,0.2028562103648742,1624.8782450226422,1671.5351734065634,1624.8782450226422,1655.3066765773735,0,1370,21.0,0.875,1401-12-16,False,False
2023-03-07 10:00:00,8170.0,8490.0,8160.0,8490.0,36032144,1577,2023-03-07,0.2028562103648742,1657.3352386810222,1722.2492259977819,1655.3066765773735,1722.2492259977819,0,1371,1.0,0.041666666666666664,1401-12-16,False,False
2023-03-07 11:00:00,8490.0,8490.0,8470.0,8490.0,64625142,2178,2023-03-07,0.2028562103648742,1722.2492259977819,1722.2492259977819,1718.1921017904845,1722.2492259977819,0,1372,1.0,0.041666666666666664,1401-12-16,False,False
2023-03-07 12:00:00,8490.0,8490.0,8480.0,8490.0,22688261,852,2023-03-07,0.2028562103648742,1722.2492259977819,1722.2492259977819,1720.2206638941332,1722.2492259977819,0,1373,1.0,0.041666666666666664,1401-12-16,False,False
2023-03-11 09:00:00,8440.0,8490.0,8160.0,8160.0,35759264,2359,2023-03-11,0.2028562103648742,1712.106415479538,1722.2492259977819,1655.3066765773735,1655.3066765773735,0,1374,93.0,3.875,1401-12-20,False,False
2023-03-11 10:00:00,8170.0,8230.0,8160.0,8210.0,12245157,1282,2023-03-11,0.2028562103648742,1657.3352386810222,1669.5066113029147,1655.3066765773735,1665.449487095617,0,1375,1.0,0.041666666666666664,1401-12-20,False,False
2023-03-11 11:00:00,8210.0,8220.0,8140.0,8160.0,16967291,1246,2023-03-11,0.2028562103648742,1665.449487095617,1667.4780491992658,1651.249552370076,1655.3066765773735,0,1376,1.0,0.041666666666666664,1401-12-20,False,False
2023-03-11 12:00:00,8150.0,8160.0,8100.0,8120.0,12042635,910,2023-03-11,0.2028562103648742,1653.2781144737246,1655.3066765773735,1643.135303955481,1647.1924281627785,0,1377,1.0,0.041666666666666664,1401-12-20,False,False
2023-03-12 09:00:00,8000.0,8060.0,7790.0,8010.0,24949699,1858,2023-03-12,0.2028562103648742,1622.8496829189935,1635.021055540886,1580.24987874237,1624.8782450226422,0,1378,21.0,0.875,1401-12-21,False,False
2023-03-12 10:00:00,8000.0,8010.0,7910.0,7930.0,16943928,1135,2023-03-12,0.2028562103648742,1622.8496829189935,1624.8782450226422,1604.5926239861549,1608.6497481934523,0,1379,1.0,0.041666666666666664,1401-12-21,False,False
2023-03-12 11:00:00,7930.0,7950.0,7900.0,7900.0,22810816,1166,2023-03-12,0.2028562103648742,1608.6497481934523,1612.70687240075,1602.5640618825062,1602.5640618825062,0,1380,1.0,0.041666666666666664,1401-12-21,False,False
2023-03-12 12:00:00,7920.0,7920.0,7860.0,7900.0,13660018,830,2023-03-12,0.2028562103648742,1606.6211860898036,1606.6211860898036,1594.449813467911,1602.5640618825062,0,1381,1.0,0.041666666666666664,1401-12-21,False,False
2023-03-13 09:00:00,7920.0,8100.0,7910.0,7920.0,23752896,1674,2023-03-13,0.2028562103648742,1606.6211860898036,1643.135303955481,1604.5926239861549,1606.6211860898036,0,1382,21.0,0.875,1401-12-22,False,False
2023-03-13 10:00:00,7920.0,8000.0,7890.0,7930.0,18486014,1533,2023-03-13,0.2028562103648742,1606.6211860898036,1622.8496829189935,1600.5354997788575,1608.6497481934523,0,1383,1.0,0.041666666666666664,1401-12-22,False,False
2023-03-13 11:00:00,7920.0,7930.0,7880.0,7910.0,19782225,1329,2023-03-13,0.2028562103648742,1606.6211860898036,1608.6497481934523,1598.5069376752087,1604.5926239861549,0,1384,1.0,0.041666666666666664,1401-12-22,False,False
2023-03-13 12:00:00,7910.0,7940.0,7880.0,7930.0,14513423,1000,2023-03-13,0.2028562103648742,1604.5926239861549,1610.678310297101,1598.5069376752087,1608.6497481934523,0,1385,1.0,0.041666666666666664,1401-12-22,False,False
2023-03-19 11:00:00,5770.0,6050.0,5770.0,5930.0,59821196,2016,2023-03-19,0.3062126065203615,1766.8467396224858,1852.5862694481868,1766.8467396224858,1815.8407566657436,0,1386,143.0,5.958333333333333,1401-12-28,True,True
2023-03-19 12:00:00,5930.0,6060.0,5900.0,6000.0,43508420,1371,2023-03-19,0.3062126065203615,1815.8407566657436,1855.6483955133906,1806.6543784701328,1837.2756391221687,0,1387,1.0,0.041666666666666664,1401-12-28,False,False
2023-03-25 09:00:00,6150.0,6170.0,5910.0,6120.0,27808228,2126,2023-03-25,0.3062126065203615,1883.207530100223,1889.3317822306303,1809.7165045353363,1874.0211519046122,0,1388,141.0,5.875,1402-01-05,False,False
2023-03-25 10:00:00,6130.0,6300.0,6110.0,6280.0,43842283,2085,2023-03-25,0.3062126065203615,1877.0832779698158,1929.1394210782773,1870.9590258394087,1923.01516894787,0,1389,1.0,0.041666666666666664,1402-01-05,False,False
2023-03-25 11:00:00,6280.0,6300.0,6250.0,6300.0,41972103,2060,2023-03-25,0.3062126065203615,1923.01516894787,1929.1394210782773,1913.8287907522592,1929.1394210782773,0,1390,1.0,0.041666666666666664,1402-01-05,False,False
2023-03-25 12:00:00,6300.0,6300.0,6230.0,6300.0,13848006,1088,2023-03-25,0.3062126065203615,1929.1394210782773,1929.1394210782773,1907.704538621852,1929.1394210782773,0,1391,1.0,0.041666666666666664,1402-01-05,False,False
2023-03-26 09:00:00,6380.0,6550.0,6240.0,6510.0,30326330,2333,2023-03-26,0.3062126065203615,1953.6364295999063,2005.6925727083676,1910.7666646870557,1993.4440684475533,0,1392,21.0,0.875,1402-01-06,False,False
2023-03-26 10:00:00,6500.0,6570.0,6230.0,6250.0,27473208,2240,2023-03-26,0.3062126065203615,1990.3819423823495,2011.816824838775,1907.704538621852,1913.8287907522592,0,1393,1.0,0.041666666666666664,1402-01-06,False,False
2023-03-26 11:00:00,6250.0,6280.0,6110.0,6200.0,23538791,2051,2023-03-26,0.3062126065203615,1913.8287907522592,1923.01516894787,1870.9590258394087,1898.5181604262411,0,1394,1.0,0.041666666666666664,1402-01-06,False,False
2023-03-26 12:00:00,6200.0,6250.0,6170.0,6180.0,12887712,1051,2023-03-26,0.3062126065203615,1898.5181604262411,1913.8287907522592,1889.3317822306303,1892.3939082958339,0,1395,1.0,0.041666666666666664,1402-01-06,False,False
2023-03-27 09:00:00,6200.0,6350.0,6050.0,6280.0,20555961,1947,2023-03-27,0.3062126065203615,1898.5181604262411,1944.4500514042954,1852.5862694481868,1923.01516894787,0,1396,21.0,0.875,1402-01-07,False,False
2023-03-27 10:00:00,6290.0,6480.0,6260.0,6400.0,23535237,1736,2023-03-27,0.3062126065203615,1926.0772950130736,1984.2576902519424,1916.8909168174628,1959.7606817303135,0,1397,1.0,0.041666666666666664,1402-01-07,False,False
2023-03-27 11:00:00,6400.0,6450.0,6320.0,6390.0,15423703,1355,2023-03-27,0.3062126065203615,1959.7606817303135,1975.0713120563314,1935.2636732086846,1956.6985556651098,0,1398,1.0,0.041666666666666664,1402-01-07,False,False
2023-03-27 12:00:00,6390.0,6410.0,6360.0,6400.0,7721604,697,2023-03-27,0.3062126065203615,1956.6985556651098,1962.822807795517,1947.512177469499,1959.7606817303135,0,1399,1.0,0.041666666666666664,1402-01-07,False,False
2023-03-28 09:00:00,6430.0,6460.0,6210.0,6260.0,35855910,2603,2023-03-28,0.3062126065203615,1968.9470599259243,1978.1334381215352,1901.5802864914447,1916.8909168174628,0,1400,21.0,0.875,1402-01-08,False,False
2023-03-28 10:00:00,6260.0,6300.0,6210.0,6300.0,17674345,1828,2023-03-28,0.3062126065203615,1916.8909168174628,1929.1394210782773,1901.5802864914447,1929.1394210782773,0,1401,1.0,0.041666666666666664,1402-01-08,False,False
2023-03-28 11:00:00,6310.0,6370.0,6270.0,6310.0,19564087,1584,2023-03-28,0.3062126065203615,1932.2015471434809,1950.5743035347025,1919.9530428826665,1932.2015471434809,0,1402,1.0,0.041666666666666664,1402-01-08,False,False
2023-03-28 12:00:00,6310.0,6340.0,6280.0,6320.0,9744486,959,2023-03-28,0.3062126065203615,1932.2015471434809,1941.3879253390917,1923.01516894787,1935.2636732086846,0,1403,1.0,0.041666666666666664,1402-01-08,False,False
2023-03-29 09:00:00,6330.0,6360.0,6250.0,6290.0,22860762,2114,2023-03-29,0.3062126065203615,1938.3257992738882,1947.512177469499,1913.8287907522592,1926.0772950130736,0,1404,21.0,0.875,1402-01-09,False,False
2023-03-29 10:00:00,6290.0,6400.0,6280.0,6310.0,21526670,1796,2023-03-29,0.3062126065203615,1926.0772950130736,1959.7606817303135,1923.01516894787,1932.2015471434809,0,1405,1.0,0.041666666666666664,1402-01-09,False,False
2023-03-29 11:00:00,6320.0,6340.0,6280.0,6300.0,19664255,1656,2023-03-29,0.3062126065203615,1935.2636732086846,1941.3879253390917,1923.01516894787,1929.1394210782773,0,1406,1.0,0.041666666666666664,1402-01-09,False,False
2023-03-29 12:00:00,6300.0,6330.0,6290.0,6320.0,13826615,1032,2023-03-29,0.3062126065203615,1929.1394210782773,1938.3257992738882,1926.0772950130736,1935.2636732086846,0,1407,1.0,0.041666666666666664,1402-01-09,False,False
2023-04-03 09:00:00,6240.0,6260.0,6020.0,6220.0,28344818,2455,2023-04-03,0.3062126065203615,1910.7666646870557,1916.8909168174628,1843.399891252576,1904.6424125566484,0,1408,117.0,4.875,1402-01-14,False,False
2023-04-03 10:00:00,6210.0,6240.0,6160.0,6230.0,24111862,1951,2023-04-03,0.3062126065203615,1901.5802864914447,1910.7666646870557,1886.2696561654268,1907.704538621852,0,1409,1.0,0.041666666666666664,1402-01-14,False,False
2023-04-03 11:00:00,6230.0,6250.0,6200.0,6230.0,23099996,1862,2023-04-03,0.3062126065203615,1907.704538621852,1913.8287907522592,1898.5181604262411,1907.704538621852,0,1410,1.0,0.041666666666666664,1402-01-14,False,False
2023-04-03 12:00:00,6230.0,6300.0,6220.0,6300.0,15498919,968,2023-04-03,0.3062126065203615,1907.704538621852,1929.1394210782773,1904.6424125566484,1929.1394210782773,0,1411,1.0,0.041666666666666664,1402-01-14,False,False
2023-04-04 09:00:00,6300.0,6410.0,6250.0,6250.0,34614157,2283,2023-04-04,0.3062126065203615,1929.1394210782773,1962.822807795517,1913.8287907522592,1913.8287907522592,0,1412,21.0,0.875,1402-01-15,False,False
2023-04-04 10:00:00,6250.0,6300.0,6220.0,6220.0,17868339,1498,2023-04-04,0.3062126065203615,1913.8287907522592,1929.1394210782773,1904.6424125566484,1904.6424125566484,0,1413,1.0,0.041666666666666664,1402-01-15,False,False
2023-04-04 11:00:00,6230.0,6240.0,6160.0,6230.0,18396262,1609,2023-04-04,0.3062126065203615,1907.704538621852,1910.7666646870557,1886.2696561654268,1907.704538621852,0,1414,1.0,0.041666666666666664,1402-01-15,False,False
2023-04-04 12:00:00,6230.0,6230.0,6180.0,6180.0,7932862,767,2023-04-04,0.3062126065203615,1907.704538621852,1907.704538621852,1892.3939082958339,1892.3939082958339,0,1415,1.0,0.041666666666666664,1402-01-15,False,False
2023-04-05 09:00:00,6230.0,6270.0,6100.0,6190.0,29884863,2079,2023-04-05,0.3062126065203615,1907.704538621852,1919.9530428826665,1867.896899774205,1895.4560343610376,0,1416,21.0,0.875,1402-01-16,False,False
2023-04-05 10:00:00,6190.0,6260.0,6160.0,6200.0,24067690,1600,2023-04-05,0.3062126065203615,1895.4560343610376,1916.8909168174628,1886.2696561654268,1898.5181604262411,0,1417,1.0,0.041666666666666664,1402-01-16,False,False
2023-04-05 11:00:00,6210.0,6260.0,6160.0,6230.0,30674333,1690,2023-04-05,0.3062126065203615,1901.5802864914447,1916.8909168174628,1886.2696561654268,1907.704538621852,0,1418,1.0,0.041666666666666664,1402-01-16,False,False
2023-04-05 12:00:00,6220.0,6280.0,6210.0,6230.0,13210686,772,2023-04-05,0.3062126065203615,1904.6424125566484,1923.01516894787,1901.5802864914447,1907.704538621852,0,1419,1.0,0.041666666666666664,1402-01-16,False,False
2023-04-08 09:00:00,6220.0,6390.0,6180.0,6320.0,37905842,2412,2023-04-08,0.3062126065203615,1904.6424125566484,1956.6985556651098,1892.3939082958339,1935.2636732086846,0,1420,69.0,2.875,1402-01-19,False,False
2023-04-08 10:00:00,6320.0,6620.0,6300.0,6590.0,48482411,2358,2023-04-08,0.3062126065203615,1935.2636732086846,2027.127455164793,1929.1394210782773,2017.9410769691822,0,1421,1.0,0.041666666666666664,1402-01-19,False,False
2023-04-08 11:00:00,6600.0,6630.0,6500.0,6500.0,33693326,1911,2023-04-08,0.3062126065203615,2021.0032030343857,2030.1895812299965,1990.3819423823495,1990.3819423823495,0,1422,1.0,0.041666666666666664,1402-01-19,False,False
2023-04-08 12:00:00,6500.0,6500.0,6370.0,6430.0,17086745,936,2023-04-08,0.3062126065203615,1990.3819423823495,1990.3819423823495,1950.5743035347025,1968.9470599259243,0,1423,1.0,0.041666666666666664,1402-01-19,False,False
2023-04-09 09:00:00,6570.0,6570.0,6370.0,6420.0,30443255,2116,2023-04-09,0.3062126065203615,2011.816824838775,2011.816824838775,1950.5743035347025,1965.8849338607206,0,1424,21.0,0.875,1402-01-20,False,False
2023-04-09 10:00:00,6400.0,6500.0,6360.0,6430.0,25367002,1817,2023-04-09,0.3062126065203615,1959.7606817303135,1990.3819423823495,1947.512177469499,1968.9470599259243,0,1425,1.0,0.041666666666666664,1402-01-20,False,False
2023-04-09 11:00:00,6430.0,6460.0,6380.0,6400.0,21202864,1402,2023-04-09,0.3062126065203615,1968.9470599259243,1978.1334381215352,1953.6364295999063,1959.7606817303135,0,1426,1.0,0.041666666666666664,1402-01-20,False,False
2023-04-09 12:00:00,6390.0,6400.0,6350.0,6370.0,18040631,1016,2023-04-09,0.3062126065203615,1956.6985556651098,1959.7606817303135,1944.4500514042954,1950.5743035347025,0,1427,1.0,0.041666666666666664,1402-01-20,False,False
2023-04-10 09:00:00,6400.0,6480.0,6290.0,6310.0,33057079,2188,2023-04-10,0.3062126065203615,1959.7606817303135,1984.2576902519424,1926.0772950130736,1932.2015471434809,0,1428,21.0,0.875,1402-01-21,False,False
2023-04-10 10:00:00,6290.0,6360.0,6210.0,6220.0,23060664,1943,2023-04-10,0.3062126065203615,1926.0772950130736,1947.512177469499,1901.5802864914447,1904.6424125566484,0,1429,1.0,0.041666666666666664,1402-01-21,False,False
2023-04-10 11:00:00,6210.0,6230.0,6130.0,6130.0,25563189,1985,2023-04-10,0.3062126065203615,1901.5802864914447,1907.704538621852,1877.0832779698158,1877.0832779698158,0,1430,1.0,0.041666666666666664,1402-01-21,False,False
2023-04-10 12:00:00,6140.0,6200.0,6110.0,6170.0,15952742,1024,2023-04-10,0.3062126065203615,1880.1454040350195,1898.5181604262411,1870.9590258394087,1889.3317822306303,0,1431,1.0,0.041666666666666664,1402-01-21,False,False
2023-04-11 10:00:00,6220.0,6320.0,6130.0,6170.0,29010682,1690,2023-04-11,0.3062126065203615,1904.6424125566484,1935.2636732086846,1877.0832779698158,1889.3317822306303,0,1432,22.0,0.9166666666666666,1402-01-22,False,False
2023-04-11 11:00:00,6160.0,6250.0,6140.0,6220.0,17445184,1411,2023-04-11,0.3062126065203615,1886.2696561654268,1913.8287907522592,1880.1454040350195,1904.6424125566484,0,1433,1.0,0.041666666666666664,1402-01-22,False,False
2023-04-11 12:00:00,6210.0,6230.0,6170.0,6220.0,15459601,864,2023-04-11,0.3062126065203615,1901.5802864914447,1907.704538621852,1889.3317822306303,1904.6424125566484,0,1434,1.0,0.041666666666666664,1402-01-22,False,False
2023-04-15 09:00:00,6300.0,6390.0,6260.0,6360.0,30261982,2242,2023-04-15,0.3062126065203615,1929.1394210782773,1956.6985556651098,1916.8909168174628,1947.512177469499,0,1435,93.0,3.875,1402-01-26,False,False
2023-04-15 10:00:00,6350.0,6410.0,6310.0,6330.0,34743825,1905,2023-04-15,0.3062126065203615,1944.4500514042954,1962.822807795517,1932.2015471434809,1938.3257992738882,0,1436,1.0,0.041666666666666664,1402-01-26,False,False
2023-04-15 11:00:00,6320.0,6330.0,6260.0,6300.0,23900160,1688,2023-04-15,0.3062126065203615,1935.2636732086846,1938.3257992738882,1916.8909168174628,1929.1394210782773,0,1437,1.0,0.041666666666666664,1402-01-26,False,False
2023-04-15 12:00:00,6300.0,6300.0,6280.0,6290.0,15384965,1028,2023-04-15,0.3062126065203615,1929.1394210782773,1929.1394210782773,1923.01516894787,1926.0772950130736,0,1438,1.0,0.041666666666666664,1402-01-26,False,False
2023-04-16 09:00:00,6400.0,6420.0,6250.0,6410.0,38355049,2160,2023-04-16,0.3062126065203615,1959.7606817303135,1965.8849338607206,1913.8287907522592,1962.822807795517,0,1439,21.0,0.875,1402-01-27,False,False
2023-04-16 10:00:00,6410.0,6420.0,6290.0,6330.0,23128885,1659,2023-04-16,0.3062126065203615,1962.822807795517,1965.8849338607206,1926.0772950130736,1938.3257992738882,0,1440,1.0,0.041666666666666664,1402-01-27,False,False
2023-04-16 11:00:00,6330.0,6340.0,6280.0,6280.0,14735170,1288,2023-04-16,0.3062126065203615,1938.3257992738882,1941.3879253390917,1923.01516894787,1923.01516894787,0,1441,1.0,0.041666666666666664,1402-01-27,False,False
2023-04-16 12:00:00,6280.0,6310.0,6260.0,6290.0,15609796,831,2023-04-16,0.3062126065203615,1923.01516894787,1932.2015471434809,1916.8909168174628,1926.0772950130736,0,1442,1.0,0.041666666666666664,1402-01-27,False,False
2023-04-17 09:00:00,6330.0,6350.0,6280.0,6350.0,40593637,1969,2023-04-17,0.3062126065203615,1938.3257992738882,1944.4500514042954,1923.01516894787,1944.4500514042954,0,1443,21.0,0.875,1402-01-28,False,False
2023-04-17 10:00:00,6330.0,6460.0,6320.0,6400.0,34763655,1820,2023-04-17,0.3062126065203615,1938.3257992738882,1978.1334381215352,1935.2636732086846,1959.7606817303135,0,1444,1.0,0.041666666666666664,1402-01-28,False,False
2023-04-17 11:00:00,6400.0,6400.0,6280.0,6290.0,23900098,1588,2023-04-17,0.3062126065203615,1959.7606817303135,1959.7606817303135,1923.01516894787,1926.0772950130736,0,1445,1.0,0.041666666666666664,1402-01-28,False,False
2023-04-17 12:00:00,6280.0,6320.0,6270.0,6320.0,13302666,889,2023-04-17,0.3062126065203615,1923.01516894787,1935.2636732086846,1919.9530428826665,1935.2636732086846,0,1446,1.0,0.041666666666666664,1402-01-28,False,False
2023-04-18 09:00:00,6310.0,6500.0,6280.0,6490.0,40463286,2265,2023-04-18,0.3062126065203615,1932.2015471434809,1990.3819423823495,1923.01516894787,1987.319816317146,0,1447,21.0,0.875,1402-01-29,False,False
2023-04-18 10:00:00,6490.0,6500.0,6340.0,6340.0,33261420,1859,2023-04-18,0.3062126065203615,1987.319816317146,1990.3819423823495,1941.3879253390917,1941.3879253390917,0,1448,1.0,0.041666666666666664,1402-01-29,False,False
2023-04-18 11:00:00,6340.0,6370.0,6270.0,6290.0,28194987,1709,2023-04-18,0.3062126065203615,1941.3879253390917,1950.5743035347025,1919.9530428826665,1926.0772950130736,0,1449,1.0,0.041666666666666664,1402-01-29,False,False
2023-04-18 12:00:00,6280.0,6300.0,6260.0,6300.0,15847843,1017,2023-04-18,0.3062126065203615,1923.01516894787,1929.1394210782773,1916.8909168174628,1929.1394210782773,0,1450,1.0,0.041666666666666664,1402-01-29,False,False
2023-04-19 09:00:00,6370.0,6410.0,6250.0,6380.0,31780193,1836,2023-04-19,0.3062126065203615,1950.5743035347025,1962.822807795517,1913.8287907522592,1953.6364295999063,0,1451,21.0,0.875,1402-01-30,False,False
2023-04-19 10:00:00,6370.0,6380.0,6290.0,6310.0,19669020,1331,2023-04-19,0.3062126065203615,1950.5743035347025,1953.6364295999063,1926.0772950130736,1932.2015471434809,0,1452,1.0,0.041666666666666664,1402-01-30,False,False
2023-04-19 11:00:00,6300.0,6300.0,6230.0,6260.0,17811522,1475,2023-04-19,0.3062126065203615,1929.1394210782773,1929.1394210782773,1907.704538621852,1916.8909168174628,0,1453,1.0,0.041666666666666664,1402-01-30,False,False
2023-04-19 12:00:00,6260.0,6310.0,6260.0,6300.0,12550890,706,2023-04-19,0.3062126065203615,1916.8909168174628,1932.2015471434809,1916.8909168174628,1929.1394210782773,0,1454,1.0,0.041666666666666664,1402-01-30,False,False
2023-04-19 17:00:00,6370.0,6370.0,6370.0,6370.0,6881,1,2023-04-19,0.3062126065203615,1950.5743035347025,1950.5743035347025,1950.5743035347025,1950.5743035347025,0,1455,5.0,0.20833333333333334,1402-01-30,False,False
2023-04-24 09:00:00,6310.0,6340.0,6210.0,6260.0,21791218,1725,2023-04-24,0.3062126065203615,1932.2015471434809,1941.3879253390917,1901.5802864914447,1916.8909168174628,0,1456,112.0,4.666666666666667,1402-02-04,False,False
2023-04-24 10:00:00,6250.0,6290.0,6250.0,6250.0,15452601,1333,2023-04-24,0.3062126065203615,1913.8287907522592,1926.0772950130736,1913.8287907522592,1913.8287907522592,0,1457,1.0,0.041666666666666664,1402-02-04,False,False
2023-04-24 11:00:00,6250.0,6310.0,6250.0,6300.0,27269314,1307,2023-04-24,0.3062126065203615,1913.8287907522592,1932.2015471434809,1913.8287907522592,1929.1394210782773,0,1458,1.0,0.041666666666666664,1402-02-04,False,False
2023-04-24 12:00:00,6290.0,6320.0,6250.0,6320.0,16455405,744,2023-04-24,0.3062126065203615,1926.0772950130736,1935.2636732086846,1913.8287907522592,1935.2636732086846,0,1459,1.0,0.041666666666666664,1402-02-04,False,False
2023-04-25 09:00:00,6240.0,6490.0,6240.0,6420.0,41807884,2179,2023-04-25,0.3062126065203615,1910.7666646870557,1987.319816317146,1910.7666646870557,1965.8849338607206,0,1460,21.0,0.875,1402-02-05,False,False
2023-04-25 10:00:00,6420.0,6430.0,6370.0,6380.0,24854336,1548,2023-04-25,0.3062126065203615,1965.8849338607206,1968.9470599259243,1950.5743035347025,1953.6364295999063,0,1461,1.0,0.041666666666666664,1402-02-05,False,False
2023-04-25 11:00:00,6370.0,6390.0,6300.0,6320.0,21895301,1290,2023-04-25,0.3062126065203615,1950.5743035347025,1956.6985556651098,1929.1394210782773,1935.2636732086846,0,1462,1.0,0.041666666666666664,1402-02-05,False,False
2023-04-25 12:00:00,6320.0,6360.0,6290.0,6340.0,10105697,590,2023-04-25,0.3062126065203615,1935.2636732086846,1947.512177469499,1926.0772950130736,1941.3879253390917,0,1463,1.0,0.041666666666666664,1402-02-05,False,False
2023-04-26 09:00:00,6330.0,6390.0,6250.0,6360.0,15972156,1495,2023-04-26,0.3062126065203615,1938.3257992738882,1956.6985556651098,1913.8287907522592,1947.512177469499,0,1464,21.0,0.875,1402-02-06,False,False
2023-04-26 10:00:00,6350.0,6410.0,6340.0,6390.0,28313108,1492,2023-04-26,0.3062126065203615,1944.4500514042954,1962.822807795517,1941.3879253390917,1956.6985556651098,0,1465,1.0,0.041666666666666664,1402-02-06,False,False
2023-04-26 11:00:00,6400.0,6420.0,6370.0,6400.0,37392076,1608,2023-04-26,0.3062126065203615,1959.7606817303135,1965.8849338607206,1950.5743035347025,1959.7606817303135,0,1466,1.0,0.041666666666666664,1402-02-06,False,False
2023-04-26 12:00:00,6390.0,6500.0,6390.0,6490.0,25509602,1186,2023-04-26,0.3062126065203615,1956.6985556651098,1990.3819423823495,1956.6985556651098,1987.319816317146,0,1467,1.0,0.041666666666666664,1402-02-06,False,False
2023-04-29 09:00:00,6670.0,6840.0,6670.0,6840.0,97516023,2698,2023-04-29,0.3062126065203615,2042.438085490811,2094.4942285992724,2042.438085490811,2094.4942285992724,0,1468,69.0,2.875,1402-02-09,False,False
2023-04-29 10:00:00,6840.0,6840.0,6830.0,6840.0,45592274,1750,2023-04-29,0.3062126065203615,2094.4942285992724,2094.4942285992724,2091.4321025340687,2094.4942285992724,0,1469,1.0,0.041666666666666664,1402-02-09,False,False
2023-04-29 11:00:00,6840.0,6840.0,6840.0,6840.0,26609039,968,2023-04-29,0.3062126065203615,2094.4942285992724,2094.4942285992724,2094.4942285992724,2094.4942285992724,0,1470,1.0,0.041666666666666664,1402-02-09,False,False
2023-04-29 12:00:00,6840.0,6840.0,6840.0,6840.0,8680780,395,2023-04-29,0.3062126065203615,2094.4942285992724,2094.4942285992724,2094.4942285992724,2094.4942285992724,0,1471,1.0,0.041666666666666664,1402-02-09,False,False
2023-04-30 09:00:00,7060.0,7060.0,6880.0,6970.0,60855542,2748,2023-04-30,0.3062126065203615,2161.861002033752,2161.861002033752,2106.742732860087,2134.3018674469195,0,1472,21.0,0.875,1402-02-10,False,False
2023-04-30 10:00:00,6970.0,7290.0,6970.0,7100.0,50273089,2289,2023-04-30,0.3062126065203615,2134.3018674469195,2232.289901533435,2134.3018674469195,2174.1095062945665,0,1473,1.0,0.041666666666666664,1402-02-10,False,False
2023-04-30 11:00:00,7110.0,7290.0,7060.0,7120.0,52456884,2111,2023-04-30,0.3062126065203615,2177.1716323597702,2232.289901533435,2161.861002033752,2180.2337584249735,0,1474,1.0,0.041666666666666664,1402-02-10,False,False
2023-04-30 12:00:00,7280.0,7280.0,7090.0,7190.0,37535078,1508,2023-04-30,0.3062126065203615,2229.2277754682314,2229.2277754682314,2171.0473802293627,2201.668640881399,0,1475,1.0,0.041666666666666664,1402-02-10,False,False
2023-04-30 13:00:00,7190.0,7200.0,7130.0,7140.0,14346523,319,2023-04-30,0.3062126065203615,2201.668640881399,2204.7307669466027,2183.2958844901773,2186.358010555381,0,1476,1.0,0.041666666666666664,1402-02-10,False,False
2023-04-30 14:00:00,7290.0,7290.0,7290.0,7290.0,388965,5,2023-04-30,0.3062126065203615,2232.289901533435,2232.289901533435,2232.289901533435,2232.289901533435,0,1477,1.0,0.041666666666666664,1402-02-10,False,False
2023-05-02 09:00:00,7180.0,7360.0,7120.0,7260.0,34502155,2065,2023-05-02,0.3062126065203615,2198.6065148161956,2253.7247839898605,2180.2337584249735,2223.1035233378243,1,1479,43.0,1.7916666666666667,1402-02-12,False,False
2023-05-02 10:00:00,7260.0,7300.0,7240.0,7250.0,22776685,1485,2023-05-02,0.3062126065203615,2223.1035233378243,2235.352027598639,2216.9792712074172,2220.0413972726205,1,1480,1.0,0.041666666666666664,1402-02-12,False,False
2023-05-02 11:00:00,7250.0,7350.0,7250.0,7330.0,23534374,1357,2023-05-02,0.3062126065203615,2220.0413972726205,2250.6626579246567,2220.0413972726205,2244.5384057942497,1,1481,1.0,0.041666666666666664,1402-02-12,False,False
2023-05-02 12:00:00,7330.0,7370.0,7180.0,7350.0,26780107,898,2023-05-02,0.3062126065203615,2244.5384057942497,2256.7869100550643,2198.6065148161956,2250.6626579246567,1,1482,1.0,0.041666666666666664,1402-02-12,False,False
2023-05-03 09:00:00,7340.0,7340.0,7140.0,7220.0,28865905,2109,2023-05-03,0.3062126065203615,2247.6005318594534,2247.6005318594534,2186.358010555381,2210.8550190770097,1,1483,21.0,0.875,1402-02-13,False,False
2023-05-03 10:00:00,7220.0,7320.0,7200.0,7290.0,30112945,1582,2023-05-03,0.3062126065203615,2210.8550190770097,2241.476279729046,2204.7307669466027,2232.289901533435,1,1484,1.0,0.041666666666666664,1402-02-13,False,False
2023-05-03 11:00:00,7280.0,7290.0,7200.0,7210.0,31970942,1581,2023-05-03,0.3062126065203615,2229.2277754682314,2232.289901533435,2204.7307669466027,2207.7928930118064,1,1485,1.0,0.041666666666666664,1402-02-13,False,False
2023-05-03 12:00:00,7200.0,7220.0,7190.0,7210.0,14274213,889,2023-05-03,0.3062126065203615,2204.7307669466027,2210.8550190770097,2201.668640881399,2207.7928930118064,1,1486,1.0,0.041666666666666664,1402-02-13,False,False
2023-05-03 14:00:00,7280.0,7280.0,7280.0,7280.0,58831,3,2023-05-03,0.3062126065203615,2229.2277754682314,2229.2277754682314,2229.2277754682314,2229.2277754682314,1,1487,2.0,0.08333333333333333,1402-02-13,False,False
2023-05-06 09:00:00,7260.0,7360.0,7090.0,7210.0,38998892,2295,2023-05-06,0.3062126065203615,2223.1035233378243,2253.7247839898605,2171.0473802293627,2207.7928930118064,1,1488,67.0,2.7916666666666665,1402-02-16,False,False
2023-05-06 10:00:00,7210.0,7270.0,7190.0,7250.0,18940390,1538,2023-05-06,0.3062126065203615,2207.7928930118064,2226.165649403028,2201.668640881399,2220.0413972726205,1,1489,1.0,0.041666666666666664,1402-02-16,False,False
2023-05-06 11:00:00,7250.0,7260.0,7220.0,7240.0,22871466,1550,2023-05-06,0.3062126065203615,2220.0413972726205,2223.1035233378243,2210.8550190770097,2216.9792712074172,1,1490,1.0,0.041666666666666664,1402-02-16,False,False
2023-05-06 12:00:00,7240.0,7260.0,7230.0,7240.0,12978684,920,2023-05-06,0.3062126065203615,2216.9792712074172,2223.1035233378243,2213.9171451422135,2216.9792712074172,1,1491,1.0,0.041666666666666664,1402-02-16,False,False
2023-05-06 15:00:00,7220.0,7220.0,7220.0,7220.0,405939,9,2023-05-06,0.3062126065203615,2210.8550190770097,2210.8550190770097,2210.8550190770097,2210.8550190770097,1,1492,3.0,0.125,1402-02-16,False,False
2023-05-07 09:00:00,7230.0,7250.0,6870.0,7010.0,43437304,2487,2023-05-07,0.3062126065203615,2213.9171451422135,2220.0413972726205,2103.6806067948833,2146.550371707734,1,1493,18.0,0.75,1402-02-17,False,False
2023-05-07 10:00:00,7010.0,7020.0,6730.0,6770.0,36836766,2413,2023-05-07,0.3062126065203615,2146.550371707734,2149.6124977729373,2060.810841882033,2073.059346142847,1,1494,1.0,0.041666666666666664,1402-02-17,False,False
2023-05-07 11:00:00,6770.0,6790.0,6730.0,6730.0,38281916,2135,2023-05-07,0.3062126065203615,2073.059346142847,2079.1835982732546,2060.810841882033,2060.810841882033,1,1495,1.0,0.041666666666666664,1402-02-17,False,False
2023-05-07 12:00:00,6730.0,6740.0,6730.0,6730.0,11493428,840,2023-05-07,0.3062126065203615,2060.810841882033,2063.8729679472362,2060.810841882033,2060.810841882033,1,1496,1.0,0.041666666666666664,1402-02-17,False,False
2023-05-08 09:00:00,6540.0,6870.0,6400.0,6410.0,62826542,3029,2023-05-08,0.3062126065203615,2002.630446643164,2103.6806067948833,1959.7606817303135,1962.822807795517,1,1497,21.0,0.875,1402-02-18,False,False
2023-05-08 10:00:00,6400.0,6410.0,6400.0,6400.0,16797884,1260,2023-05-08,0.3062126065203615,1959.7606817303135,1962.822807795517,1959.7606817303135,1959.7606817303135,1,1498,1.0,0.041666666666666664,1402-02-18,False,False
2023-05-08 11:00:00,6400.0,6400.0,6400.0,6400.0,5359995,442,2023-05-08,0.3062126065203615,1959.7606817303135,1959.7606817303135,1959.7606817303135,1959.7606817303135,1,1499,1.0,0.041666666666666664,1402-02-18,False,False
2023-05-08 12:00:00,6400.0,6400.0,6400.0,6400.0,5034945,364,2023-05-08,0.3062126065203615,1959.7606817303135,1959.7606817303135,1959.7606817303135,1959.7606817303135,1,1500,1.0,0.041666666666666664,1402-02-18,False,False
2023-05-09 09:00:00,6170.0,6750.0,6170.0,6610.0,41173131,2635,2023-05-09,0.3062126065203615,1889.3317822306303,2066.93509401244,1889.3317822306303,2024.0653290995892,1,1501,21.0,0.875,1402-02-19,False,False
2023-05-09 10:00:00,6610.0,6620.0,6540.0,6610.0,15885781,1566,2023-05-09,0.3062126065203615,2024.0653290995892,2027.127455164793,2002.630446643164,2024.0653290995892,1,1502,1.0,0.041666666666666664,1402-02-19,False,False
2023-05-09 11:00:00,6610.0,6800.0,6590.0,6710.0,16324356,1378,2023-05-09,0.3062126065203615,2024.0653290995892,2082.245724338458,2017.9410769691822,2054.6865897516254,1,1503,1.0,0.041666666666666664,1402-02-19,False,False
2023-05-09 12:00:00,6710.0,6740.0,6700.0,6730.0,7381315,668,2023-05-09,0.3062126065203615,2054.6865897516254,2063.8729679472362,2051.6244636864217,2060.810841882033,1,1504,1.0,0.041666666666666664,1402-02-19,False,False
2023-05-10 09:00:00,6820.0,6820.0,6540.0,6560.0,26727167,2002,2023-05-10,0.3062126065203615,2088.3699764688654,2088.3699764688654,2002.630446643164,2008.7546987735714,1,1505,21.0,0.875,1402-02-20,False,False
2023-05-10 10:00:00,6560.0,6570.0,6430.0,6440.0,39571914,1821,2023-05-10,0.3062126065203615,2008.7546987735714,2011.816824838775,1968.9470599259243,1972.0091859911279,1,1506,1.0,0.041666666666666664,1402-02-20,False,False
2023-05-10 11:00:00,6430.0,6650.0,6420.0,6590.0,29627282,1258,2023-05-10,0.3062126065203615,1968.9470599259243,2036.3138333604038,1965.8849338607206,2017.9410769691822,1,1507,1.0,0.041666666666666664,1402-02-20,False,False
2023-05-10 12:00:00,6590.0,6660.0,6560.0,6620.0,20546234,720,2023-05-10,0.3062126065203615,2017.9410769691822,2039.3759594256073,2008.7546987735714,2027.127455164793,1,1508,1.0,0.041666666666666664,1402-02-20,False,False
2023-05-10 14:00:00,6630.0,6630.0,6630.0,6630.0,696550,10,2023-05-10,0.3062126065203615,2030.1895812299965,2030.1895812299965,2030.1895812299965,2030.1895812299965,1,1509,2.0,0.08333333333333333,1402-02-20,False,False
2023-05-13 09:00:00,6560.0,6610.0,6270.0,6280.0,56398207,2403,2023-05-13,0.3062126065203615,2008.7546987735714,2024.0653290995892,1919.9530428826665,1923.01516894787,1,1510,67.0,2.7916666666666665,1402-02-23,False,False
2023-05-13 10:00:00,6270.0,6340.0,6200.0,6340.0,26731709,1743,2023-05-13,0.3062126065203615,1919.9530428826665,1941.3879253390917,1898.5181604262411,1941.3879253390917,1,1511,1.0,0.041666666666666664,1402-02-23,False,False
2023-05-13 11:00:00,6350.0,6510.0,6350.0,6480.0,30094209,1362,2023-05-13,0.3062126065203615,1944.4500514042954,1993.4440684475533,1944.4500514042954,1984.2576902519424,1,1512,1.0,0.041666666666666664,1402-02-23,False,False
2023-05-13 12:00:00,6490.0,6540.0,6460.0,6520.0,16091818,706,2023-05-13,0.3062126065203615,1987.319816317146,2002.630446643164,1978.1334381215352,1996.5061945127568,1,1513,1.0,0.041666666666666664,1402-02-23,False,False
2023-05-14 09:00:00,6460.0,6770.0,6460.0,6570.0,19942000,1583,2023-05-14,0.3062126065203615,1978.1334381215352,2073.059346142847,1978.1334381215352,2011.816824838775,1,1514,21.0,0.875,1402-02-24,False,False
2023-05-14 10:00:00,6570.0,6700.0,6540.0,6690.0,18410612,1262,2023-05-14,0.3062126065203615,2011.816824838775,2051.6244636864217,2002.630446643164,2048.5623376212184,1,1515,1.0,0.041666666666666664,1402-02-24,False,False
2023-05-14 11:00:00,6680.0,6790.0,6650.0,6710.0,20579453,1242,2023-05-14,0.3062126065203615,2045.5002115560146,2079.1835982732546,2036.3138333604038,2054.6865897516254,1,1516,1.0,0.041666666666666664,1402-02-24,False,False
2023-05-14 12:00:00,6710.0,6770.0,6670.0,6700.0,14486324,706,2023-05-14,0.3062126065203615,2054.6865897516254,2073.059346142847,2042.438085490811,2051.6244636864217,1,1517,1.0,0.041666666666666664,1402-02-24,False,False
2023-05-15 09:00:00,6750.0,6760.0,6590.0,6710.0,28062988,1519,2023-05-15,0.3062126065203615,2066.93509401244,2069.9972200776438,2017.9410769691822,2054.6865897516254,1,1518,21.0,0.875,1402-02-25,False,False
2023-05-15 10:00:00,6710.0,6750.0,6630.0,6660.0,13022788,940,2023-05-15,0.3062126065203615,2054.6865897516254,2066.93509401244,2030.1895812299965,2039.3759594256073,1,1519,1.0,0.041666666666666664,1402-02-25,False,False
2023-05-15 11:00:00,6660.0,6700.0,6650.0,6670.0,15831142,879,2023-05-15,0.3062126065203615,2039.3759594256073,2051.6244636864217,2036.3138333604038,2042.438085490811,1,1520,1.0,0.041666666666666664,1402-02-25,False,False
2023-05-15 12:00:00,6680.0,6730.0,6650.0,6730.0,10897738,544,2023-05-15,0.3062126065203615,2045.5002115560146,2060.810841882033,2036.3138333604038,2060.810841882033,1,1521,1.0,0.041666666666666664,1402-02-25,False,False
2023-05-20 10:00:00,6500.0,6520.0,6410.0,6430.0,19488357,1223,2023-05-20,0.3062126065203615,1990.3819423823495,1996.5061945127568,1962.822807795517,1968.9470599259243,1,1522,118.0,4.916666666666667,1402-02-30,False,False
2023-05-20 11:00:00,6420.0,6480.0,6380.0,6390.0,23279149,1441,2023-05-20,0.3062126065203615,1965.8849338607206,1984.2576902519424,1953.6364295999063,1956.6985556651098,1,1523,1.0,0.041666666666666664,1402-02-30,False,False
2023-05-20 12:00:00,6390.0,6490.0,6380.0,6470.0,16262726,738,2023-05-20,0.3062126065203615,1956.6985556651098,1987.319816317146,1953.6364295999063,1981.1955641867387,1,1524,1.0,0.041666666666666664,1402-02-30,False,False
2023-05-21 09:00:00,6380.0,6430.0,6330.0,6420.0,23203822,1354,2023-05-21,0.3062126065203615,1953.6364295999063,1968.9470599259243,1938.3257992738882,1965.8849338607206,1,1525,21.0,0.875,1402-02-31,False,False
2023-05-21 10:00:00,6430.0,6430.0,6320.0,6320.0,21653769,1227,2023-05-21,0.3062126065203615,1968.9470599259243,1968.9470599259243,1935.2636732086846,1935.2636732086846,1,1526,1.0,0.041666666666666664,1402-02-31,False,False
2023-05-21 11:00:00,6320.0,6570.0,6320.0,6530.0,35620220,1138,2023-05-21,0.3062126065203615,1935.2636732086846,2011.816824838775,1935.2636732086846,1999.5683205779603,1,1527,1.0,0.041666666666666664,1402-02-31,False,False
2023-05-21 12:00:00,6530.0,6560.0,6450.0,6530.0,18966248,598,2023-05-21,0.3062126065203615,1999.5683205779603,2008.7546987735714,1975.0713120563314,1999.5683205779603,1,1528,1.0,0.041666666666666664,1402-02-31,False,False
2023-05-21 14:00:00,6400.0,6530.0,6400.0,6530.0,910097,8,2023-05-21,0.3062126065203615,1959.7606817303135,1999.5683205779603,1959.7606817303135,1999.5683205779603,1,1529,2.0,0.08333333333333333,1402-02-31,False,False
2023-05-22 09:00:00,6530.0,6580.0,6360.0,6380.0,15608030,1329,2023-05-22,0.3062126065203615,1999.5683205779603,2014.8789509039784,1947.512177469499,1953.6364295999063,1,1530,19.0,0.7916666666666666,1402-03-01,False,False
2023-05-22 10:00:00,6390.0,6460.0,6370.0,6380.0,13016163,1110,2023-05-22,0.3062126065203615,1956.6985556651098,1978.1334381215352,1950.5743035347025,1953.6364295999063,1,1531,1.0,0.041666666666666664,1402-03-01,False,False
2023-05-22 11:00:00,6380.0,6400.0,6360.0,6380.0,18988258,1174,2023-05-22,0.3062126065203615,1953.6364295999063,1959.7606817303135,1947.512177469499,1953.6364295999063,1,1532,1.0,0.041666666666666664,1402-03-01,False,False
2023-05-22 12:00:00,6380.0,6450.0,6360.0,6380.0,10749607,623,2023-05-22,0.3062126065203615,1953.6364295999063,1975.0713120563314,1947.512177469499,1953.6364295999063,1,1533,1.0,0.041666666666666664,1402-03-01,False,False
2023-05-23 09:00:00,6440.0,6450.0,6330.0,6390.0,15768572,1328,2023-05-23,0.3062126065203615,1972.0091859911279,1975.0713120563314,1938.3257992738882,1956.6985556651098,1,1534,21.0,0.875,1402-03-02,False,False
2023-05-23 10:00:00,6390.0,6400.0,6350.0,6370.0,14370882,1070,2023-05-23,0.3062126065203615,1956.6985556651098,1959.7606817303135,1944.4500514042954,1950.5743035347025,1,1535,1.0,0.041666666666666664,1402-03-02,False,False
2023-05-23 11:00:00,6370.0,6390.0,6310.0,6350.0,15912174,971,2023-05-23,0.3062126065203615,1950.5743035347025,1956.6985556651098,1932.2015471434809,1944.4500514042954,1,1536,1.0,0.041666666666666664,1402-03-02,False,False
2023-05-23 12:00:00,6380.0,6400.0,6320.0,6340.0,14020959,574,2023-05-23,0.3062126065203615,1953.6364295999063,1959.7606817303135,1935.2636732086846,1941.3879253390917,1,1537,1.0,0.041666666666666664,1402-03-02,False,False
2023-05-24 09:00:00,6450.0,6460.0,6350.0,6370.0,17259369,1251,2023-05-24,0.3062126065203615,1975.0713120563314,1978.1334381215352,1944.4500514042954,1950.5743035347025,1,1538,21.0,0.875,1402-03-03,False,False
2023-05-24 10:00:00,6370.0,6370.0,6350.0,6360.0,11421466,1052,2023-05-24,0.3062126065203615,1950.5743035347025,1950.5743035347025,1944.4500514042954,1947.512177469499,1,1539,1.0,0.041666666666666664,1402-03-03,False,False
2023-05-24 11:00:00,6360.0,6370.0,6330.0,6350.0,11833301,942,2023-05-24,0.3062126065203615,1947.512177469499,1950.5743035347025,1938.3257992738882,1944.4500514042954,1,1540,1.0,0.041666666666666664,1402-03-03,False,False
2023-05-24 12:00:00,6340.0,6350.0,6320.0,6330.0,10447150,594,2023-05-24,0.3062126065203615,1941.3879253390917,1944.4500514042954,1935.2636732086846,1938.3257992738882,1,1541,1.0,0.041666666666666664,1402-03-03,False,False
2023-05-27 09:00:00,6300.0,6370.0,6260.0,6270.0,18862397,1351,2023-05-27,0.3062126065203615,1929.1394210782773,1950.5743035347025,1916.8909168174628,1919.9530428826665,1,1542,69.0,2.875,1402-03-06,False,False
2023-05-27 10:00:00,6260.0,6330.0,6170.0,6180.0,19739701,1134,2023-05-27,0.3062126065203615,1916.8909168174628,1938.3257992738882,1889.3317822306303,1892.3939082958339,1,1543,1.0,0.041666666666666664,1402-03-06,False,False
2023-05-27 11:00:00,6180.0,6260.0,6170.0,6250.0,14143671,867,2023-05-27,0.3062126065203615,1892.3939082958339,1916.8909168174628,1889.3317822306303,1913.8287907522592,1,1544,1.0,0.041666666666666664,1402-03-06,False,False
2023-05-27 12:00:00,6240.0,6300.0,6240.0,6300.0,9611513,797,2023-05-27,0.3062126065203615,1910.7666646870557,1929.1394210782773,1910.7666646870557,1929.1394210782773,1,1545,1.0,0.041666666666666664,1402-03-06,False,False
2023-05-27 14:00:00,6250.0,6260.0,6250.0,6260.0,716550,8,2023-05-27,0.3062126065203615,1913.8287907522592,1916.8909168174628,1913.8287907522592,1916.8909168174628,1,1546,2.0,0.08333333333333333,1402-03-06,False,False
2023-05-28 09:00:00,6220.0,6250.0,6070.0,6110.0,30021845,1608,2023-05-28,0.3062126065203615,1904.6424125566484,1913.8287907522592,1858.7105215785941,1870.9590258394087,1,1547,19.0,0.7916666666666666,1402-03-07,False,False
2023-05-28 10:00:00,6110.0,6140.0,6090.0,6130.0,13710236,985,2023-05-28,0.3062126065203615,1870.9590258394087,1880.1454040350195,1864.8347737090014,1877.0832779698158,1,1548,1.0,0.041666666666666664,1402-03-07,False,False
2023-05-28 11:00:00,6130.0,6160.0,6130.0,6150.0,11747774,823,2023-05-28,0.3062126065203615,1877.0832779698158,1886.2696561654268,1877.0832779698158,1883.207530100223,1,1549,1.0,0.041666666666666664,1402-03-07,False,False
2023-05-28 12:00:00,6150.0,6210.0,6130.0,6210.0,8126735,564,2023-05-28,0.3062126065203615,1883.207530100223,1901.5802864914447,1877.0832779698158,1901.5802864914447,1,1550,1.0,0.041666666666666664,1402-03-07,False,False
2023-05-28 17:00:00,6100.0,6100.0,6100.0,6100.0,75488,1,2023-05-28,0.3062126065203615,1867.896899774205,1867.896899774205,1867.896899774205,1867.896899774205,1,1551,5.0,0.20833333333333334,1402-03-07,False,False
2023-05-29 09:00:00,6210.0,6230.0,6110.0,6110.0,10593324,970,2023-05-29,0.3062126065203615,1901.5802864914447,1907.704538621852,1870.9590258394087,1870.9590258394087,1,1552,16.0,0.6666666666666666,1402-03-08,False,False
2023-05-29 10:00:00,6120.0,6170.0,6110.0,6140.0,13554705,750,2023-05-29,0.3062126065203615,1874.0211519046122,1889.3317822306303,1870.9590258394087,1880.1454040350195,1,1553,1.0,0.041666666666666664,1402-03-08,False,False
2023-05-29 11:00:00,6130.0,6170.0,6120.0,6160.0,11880137,917,2023-05-29,0.3062126065203615,1877.0832779698158,1889.3317822306303,1874.0211519046122,1886.2696561654268,1,1554,1.0,0.041666666666666664,1402-03-08,False,False
2023-05-29 12:00:00,6150.0,6160.0,6110.0,6120.0,9342274,509,2023-05-29,0.3062126065203615,1883.207530100223,1886.2696561654268,1870.9590258394087,1874.0211519046122,1,1555,1.0,0.041666666666666664,1402-03-08,False,False
2023-05-30 09:00:00,6200.0,6210.0,6120.0,6130.0,16154421,1154,2023-05-30,0.3062126065203615,1898.5181604262411,1901.5802864914447,1874.0211519046122,1877.0832779698158,1,1556,21.0,0.875,1402-03-09,False,False
2023-05-30 10:00:00,6130.0,6150.0,6120.0,6120.0,17741951,919,2023-05-30,0.3062126065203615,1877.0832779698158,1883.207530100223,1874.0211519046122,1874.0211519046122,1,1557,1.0,0.041666666666666664,1402-03-09,False,False
2023-05-30 11:00:00,6120.0,6180.0,6120.0,6160.0,13468357,666,2023-05-30,0.3062126065203615,1874.0211519046122,1892.3939082958339,1874.0211519046122,1886.2696561654268,1,1558,1.0,0.041666666666666664,1402-03-09,False,False
2023-05-30 12:00:00,6160.0,6170.0,6120.0,6150.0,12190943,442,2023-05-30,0.3062126065203615,1886.2696561654268,1889.3317822306303,1874.0211519046122,1883.207530100223,1,1559,1.0,0.041666666666666664,1402-03-09,False,False
2023-05-31 09:00:00,6150.0,6150.0,6020.0,6020.0,18054721,1054,2023-05-31,0.3062126065203615,1883.207530100223,1883.207530100223,1843.399891252576,1843.399891252576,1,1560,21.0,0.875,1402-03-10,False,False
2023-05-31 10:00:00,6030.0,6110.0,6020.0,6100.0,9624985,863,2023-05-31,0.3062126065203615,1846.4620173177798,1870.9590258394087,1843.399891252576,1867.896899774205,1,1561,1.0,0.041666666666666664,1402-03-10,False,False
2023-05-31 11:00:00,6090.0,6150.0,6090.0,6130.0,14865428,675,2023-05-31,0.3062126065203615,1864.8347737090014,1883.207530100223,1864.8347737090014,1877.0832779698158,1,1562,1.0,0.041666666666666664,1402-03-10,False,False
2023-05-31 12:00:00,6140.0,6150.0,6120.0,6140.0,10845796,452,2023-05-31,0.3062126065203615,1880.1454040350195,1883.207530100223,1874.0211519046122,1880.1454040350195,1,1563,1.0,0.041666666666666664,1402-03-10,False,False
2023-06-03 09:00:00,6140.0,6160.0,6100.0,6140.0,6866206,755,2023-06-03,0.3062126065203615,1880.1454040350195,1886.2696561654268,1867.896899774205,1880.1454040350195,1,1564,69.0,2.875,1402-03-13,False,False
2023-06-03 10:00:00,6130.0,6140.0,6110.0,6120.0,8351235,666,2023-06-03,0.3062126065203615,1877.0832779698158,1880.1454040350195,1870.9590258394087,1874.0211519046122,1,1565,1.0,0.041666666666666664,1402-03-13,False,False
2023-06-03 11:00:00,6120.0,6130.0,6100.0,6100.0,9585672,774,2023-06-03,0.3062126065203615,1874.0211519046122,1877.0832779698158,1867.896899774205,1867.896899774205,1,1566,1.0,0.041666666666666664,1402-03-13,False,False
2023-06-03 12:00:00,6110.0,6120.0,6090.0,6100.0,6265785,514,2023-06-03,0.3062126065203615,1870.9590258394087,1874.0211519046122,1864.8347737090014,1867.896899774205,1,1567,1.0,0.041666666666666664,1402-03-13,False,False
2023-06-06 09:00:00,6150.0,6150.0,6110.0,6130.0,11397506,926,2023-06-06,0.3062126065203615,1883.207530100223,1883.207530100223,1870.9590258394087,1877.0832779698158,1,1568,69.0,2.875,1402-03-16,False,False
2023-06-06 10:00:00,6140.0,6140.0,6100.0,6130.0,16434549,777,2023-06-06,0.3062126065203615,1880.1454040350195,1880.1454040350195,1867.896899774205,1877.0832779698158,1,1569,1.0,0.041666666666666664,1402-03-16,False,False
2023-06-06 11:00:00,6120.0,6140.0,6120.0,6130.0,12613155,855,2023-06-06,0.3062126065203615,1874.0211519046122,1880.1454040350195,1874.0211519046122,1877.0832779698158,1,1570,1.0,0.041666666666666664,1402-03-16,False,False
2023-06-06 12:00:00,6130.0,6130.0,6110.0,6130.0,7321029,503,2023-06-06,0.3062126065203615,1877.0832779698158,1877.0832779698158,1870.9590258394087,1877.0832779698158,1,1571,1.0,0.041666666666666664,1402-03-16,False,False
2023-06-07 09:00:00,6130.0,6140.0,6090.0,6110.0,10980775,801,2023-06-07,0.3062126065203615,1877.0832779698158,1880.1454040350195,1864.8347737090014,1870.9590258394087,1,1572,21.0,0.875,1402-03-17,False,False
2023-06-07 10:00:00,6120.0,6130.0,6100.0,6100.0,8866724,678,2023-06-07,0.3062126065203615,1874.0211519046122,1877.0832779698158,1867.896899774205,1867.896899774205,1,1573,1.0,0.041666666666666664,1402-03-17,False,False
2023-06-07 11:00:00,6110.0,6200.0,6090.0,6120.0,15101571,724,2023-06-07,0.3062126065203615,1870.9590258394087,1898.5181604262411,1864.8347737090014,1874.0211519046122,1,1574,1.0,0.041666666666666664,1402-03-17,False,False
2023-06-07 12:00:00,6120.0,6170.0,6120.0,6140.0,10825143,435,2023-06-07,0.3062126065203615,1874.0211519046122,1889.3317822306303,1874.0211519046122,1880.1454040350195,1,1575,1.0,0.041666666666666664,1402-03-17,False,False
2023-06-07 15:00:00,6180.0,6180.0,6180.0,6180.0,318996,2,2023-06-07,0.3062126065203615,1892.3939082958339,1892.3939082958339,1892.3939082958339,1892.3939082958339,1,1576,3.0,0.125,1402-03-17,False,False
2023-06-10 09:00:00,6060.0,6100.0,5840.0,5840.0,36478362,1772,2023-06-10,0.3062126065203615,1855.6483955133906,1867.896899774205,1788.281622078911,1788.281622078911,1,1577,66.0,2.75,1402-03-20,False,False
2023-06-10 10:00:00,5840.0,5860.0,5820.0,5830.0,18753205,1091,2023-06-10,0.3062126065203615,1788.281622078911,1794.4058742093182,1782.1573699485039,1785.2194960137074,1,1578,1.0,0.041666666666666664,1402-03-20,False,False
2023-06-10 11:00:00,5840.0,5920.0,5820.0,5880.0,14633981,782,2023-06-10,0.3062126065203615,1788.281622078911,1812.7786306005398,1782.1573699485039,1800.5301263397255,1,1579,1.0,0.041666666666666664,1402-03-20,False,False
2023-06-10 12:00:00,5880.0,5890.0,5860.0,5870.0,9139078,633,2023-06-10,0.3062126065203615,1800.5301263397255,1803.592252404929,1794.4058742093182,1797.468000274522,1,1580,1.0,0.041666666666666664,1402-03-20,False,False
2023-06-10 13:00:00,6070.0,6070.0,6050.0,6050.0,716550,8,2023-06-10,0.3062126065203615,1858.7105215785941,1858.7105215785941,1852.5862694481868,1852.5862694481868,1,1581,1.0,0.041666666666666664,1402-03-20,False,False
2023-06-11 09:00:00,5860.0,5860.0,5740.0,5850.0,13446664,1316,2023-06-11,0.3062126065203615,1794.4058742093182,1794.4058742093182,1757.660361426875,1791.3437481441147,1,1582,20.0,0.8333333333333334,1402-03-21,False,False
2023-06-11 10:00:00,5840.0,5850.0,5810.0,5810.0,20515772,1203,2023-06-11,0.3062126065203615,1788.281622078911,1791.3437481441147,1779.0952438833,1779.0952438833,1,1583,1.0,0.041666666666666664,1402-03-21,False,False
2023-06-11 11:00:00,5810.0,5850.0,5810.0,5830.0,10780454,896,2023-06-11,0.3062126065203615,1779.0952438833,1791.3437481441147,1779.0952438833,1785.2194960137074,1,1584,1.0,0.041666666666666664,1402-03-21,False,False
2023-06-11 12:00:00,5830.0,5850.0,5800.0,5810.0,14203150,600,2023-06-11,0.3062126065203615,1785.2194960137074,1791.3437481441147,1776.0331178180966,1779.0952438833,1,1585,1.0,0.041666666666666664,1402-03-21,False,False
2023-06-12 09:00:00,5700.0,5700.0,5500.0,5510.0,27541291,2056,2023-06-12,0.3062126065203615,1745.4118571660604,1745.4118571660604,1684.1693358619882,1687.2314619271917,1,1586,21.0,0.875,1402-03-22,False,False
2023-06-12 10:00:00,5510.0,5520.0,5460.0,5470.0,37420580,1663,2023-06-12,0.3062126065203615,1687.2314619271917,1690.2935879923953,1671.9208316011736,1674.9829576663772,1,1587,1.0,0.041666666666666664,1402-03-22,False,False
2023-06-12 11:00:00,5480.0,5600.0,5470.0,5520.0,17119032,1058,2023-06-12,0.3062126065203615,1678.045083731581,1714.7905965140242,1674.9829576663772,1690.2935879923953,1,1588,1.0,0.041666666666666664,1402-03-22,False,False
2023-06-12 12:00:00,5520.0,5530.0,5500.0,5510.0,4437306,589,2023-06-12,0.3062126065203615,1690.2935879923953,1693.355714057599,1684.1693358619882,1687.2314619271917,1,1589,1.0,0.041666666666666664,1402-03-22,False,False
2023-06-13 09:00:00,5500.0,5600.0,5500.0,5570.0,9744596,930,2023-06-13,0.3062126065203615,1684.1693358619882,1714.7905965140242,1684.1693358619882,1705.6042183184134,1,1590,21.0,0.875,1402-03-23,False,False
2023-06-13 10:00:00,5560.0,5590.0,5550.0,5580.0,8234781,705,2023-06-13,0.3062126065203615,1702.5420922532098,1711.7284704488206,1699.479966188006,1708.6663443836171,1,1591,1.0,0.041666666666666664,1402-03-23,False,False
2023-06-13 11:00:00,5580.0,5620.0,5570.0,5610.0,13787939,783,2023-06-13,0.3062126065203615,1708.6663443836171,1720.9148486444315,1705.6042183184134,1717.852722579228,1,1592,1.0,0.041666666666666664,1402-03-23,False,False
2023-06-13 12:00:00,5620.0,5700.0,5600.0,5630.0,8942878,501,2023-06-13,0.3062126065203615,1720.9148486444315,1745.4118571660604,1714.7905965140242,1723.976974709635,1,1593,1.0,0.041666666666666664,1402-03-23,False,False
2023-06-14 09:00:00,5730.0,5890.0,5680.0,5890.0,9663127,1020,2023-06-14,0.3062126065203615,1754.5982353616712,1803.592252404929,1739.287605035653,1803.592252404929,1,1594,21.0,0.875,1402-03-24,False,False
2023-06-14 10:00:00,5890.0,5910.0,5790.0,5800.0,9470775,839,2023-06-14,0.3062126065203615,1803.592252404929,1809.7165045353363,1772.970991752893,1776.0331178180966,1,1595,1.0,0.041666666666666664,1402-03-24,False,False
2023-06-14 11:00:00,5800.0,5820.0,5770.0,5770.0,5031405,548,2023-06-14,0.3062126065203615,1776.0331178180966,1782.1573699485039,1766.8467396224858,1766.8467396224858,1,1596,1.0,0.041666666666666664,1402-03-24,False,False
2023-06-14 12:00:00,5780.0,5810.0,5770.0,5800.0,3160714,380,2023-06-14,0.3062126065203615,1769.9088656876893,1779.0952438833,1766.8467396224858,1776.0331178180966,1,1597,1.0,0.041666666666666664,1402-03-24,False,False
2023-06-14 16:00:00,5800.0,5800.0,5800.0,5800.0,1,1,2023-06-14,0.3062126065203615,1776.0331178180966,1776.0331178180966,1776.0331178180966,1776.0331178180966,1,1598,4.0,0.16666666666666666,1402-03-24,False,False
2023-06-17 09:00:00,5820.0,5910.0,5820.0,5820.0,9468089,852,2023-06-17,0.3062126065203615,1782.1573699485039,1809.7165045353363,1782.1573699485039,1782.1573699485039,1,1599,65.0,2.7083333333333335,1402-03-27,False,False
2023-06-17 10:00:00,5820.0,5830.0,5750.0,5800.0,5977137,650,2023-06-17,0.3062126065203615,1782.1573699485039,1785.2194960137074,1760.7224874920785,1776.0331178180966,1,1600,1.0,0.041666666666666664,1402-03-27,False,False
2023-06-17 11:00:00,5800.0,5800.0,5760.0,5760.0,6002174,581,2023-06-17,0.3062126065203615,1776.0331178180966,1776.0331178180966,1763.784613557282,1763.784613557282,1,1601,1.0,0.041666666666666664,1402-03-27,False,False
2023-06-17 12:00:00,5760.0,5780.0,5750.0,5750.0,4871522,383,2023-06-17,0.3062126065203615,1763.784613557282,1769.9088656876893,1760.7224874920785,1760.7224874920785,1,1602,1.0,0.041666666666666664,1402-03-27,False,False
2023-06-17 14:00:00,5820.0,5820.0,5820.0,5820.0,716550,9,2023-06-17,0.3062126065203615,1782.1573699485039,1782.1573699485039,1782.1573699485039,1782.1573699485039,1,1603,2.0,0.08333333333333333,1402-03-27,False,False
2023-06-17 16:00:00,5790.0,5790.0,5790.0,5790.0,1,1,2023-06-17,0.3062126065203615,1772.970991752893,1772.970991752893,1772.970991752893,1772.970991752893,1,1604,2.0,0.08333333333333333,1402-03-27,False,False
2023-06-18 09:00:00,5790.0,5810.0,5590.0,5790.0,14905153,936,2023-06-18,0.3062126065203615,1772.970991752893,1779.0952438833,1711.7284704488206,1772.970991752893,1,1605,17.0,0.7083333333333334,1402-03-28,False,False
2023-06-18 10:00:00,5790.0,5810.0,5770.0,5800.0,7959330,558,2023-06-18,0.3062126065203615,1772.970991752893,1779.0952438833,1766.8467396224858,1776.0331178180966,1,1606,1.0,0.041666666666666664,1402-03-28,False,False
2023-06-18 11:00:00,5810.0,5820.0,5790.0,5810.0,11974571,669,2023-06-18,0.3062126065203615,1779.0952438833,1782.1573699485039,1772.970991752893,1779.0952438833,1,1607,1.0,0.041666666666666664,1402-03-28,False,False
2023-06-18 12:00:00,5800.0,5810.0,5770.0,5780.0,9139736,389,2023-06-18,0.3062126065203615,1776.0331178180966,1779.0952438833,1766.8467396224858,1769.9088656876893,1,1608,1.0,0.041666666666666664,1402-03-28,False,False
2023-06-18 16:00:00,5660.0,5660.0,5660.0,5660.0,519158,7,2023-06-18,0.3062126065203615,1733.163352905246,1733.163352905246,1733.163352905246,1733.163352905246,1,1609,4.0,0.16666666666666666,1402-03-28,False,False
2023-06-19 09:00:00,5820.0,5820.0,5690.0,5710.0,8781147,909,2023-06-19,0.3062126065203615,1782.1573699485039,1782.1573699485039,1742.3497311008568,1748.4739832312641,1,1610,17.0,0.7083333333333334,1402-03-29,False,False
2023-06-19 10:00:00,5700.0,5720.0,5700.0,5710.0,13249370,696,2023-06-19,0.3062126065203615,1745.4118571660604,1751.5361092964677,1745.4118571660604,1748.4739832312641,1,1611,1.0,0.041666666666666664,1402-03-29,False,False
2023-06-19 11:00:00,5720.0,5730.0,5690.0,5690.0,13026524,608,2023-06-19,0.3062126065203615,1751.5361092964677,1754.5982353616712,1742.3497311008568,1742.3497311008568,1,1612,1.0,0.041666666666666664,1402-03-29,False,False
2023-06-19 12:00:00,5700.0,5700.0,5680.0,5690.0,6315339,407,2023-06-19,0.3062126065203615,1745.4118571660604,1745.4118571660604,1739.287605035653,1742.3497311008568,1,1613,1.0,0.041666666666666664,1402-03-29,False,False
2023-06-20 09:00:00,5710.0,5770.0,5640.0,5670.0,4156664,538,2023-06-20,0.3062126065203615,1748.4739832312641,1766.8467396224858,1727.0391007748387,1736.2254789704496,1,1614,21.0,0.875,1402-03-30,False,False
2023-06-20 10:00:00,5670.0,5710.0,5660.0,5680.0,3249829,457,2023-06-20,0.3062126065203615,1736.2254789704496,1748.4739832312641,1733.163352905246,1739.287605035653,1,1615,1.0,0.041666666666666664,1402-03-30,False,False
2023-06-20 11:00:00,5680.0,5720.0,5660.0,5690.0,8084765,548,2023-06-20,0.3062126065203615,1739.287605035653,1751.5361092964677,1733.163352905246,1742.3497311008568,1,1616,1.0,0.041666666666666664,1402-03-30,False,False
2023-06-20 12:00:00,5690.0,5710.0,5680.0,5700.0,5233022,357,2023-06-20,0.3062126065203615,1742.3497311008568,1748.4739832312641,1739.287605035653,1745.4118571660604,1,1617,1.0,0.041666666666666664,1402-03-30,False,False
2023-06-21 09:00:00,5700.0,5750.0,5670.0,5690.0,8775953,693,2023-06-21,0.3062126065203615,1745.4118571660604,1760.7224874920785,1736.2254789704496,1742.3497311008568,1,1618,21.0,0.875,1402-03-31,False,False
2023-06-21 10:00:00,5680.0,5710.0,5650.0,5660.0,7034652,526,2023-06-21,0.3062126065203615,1739.287605035653,1748.4739832312641,1730.1012268400423,1733.163352905246,1,1619,1.0,0.041666666666666664,1402-03-31,False,False
2023-06-21 11:00:00,5660.0,5670.0,5570.0,5630.0,9888823,767,2023-06-21,0.3062126065203615,1733.163352905246,1736.2254789704496,1705.6042183184134,1723.976974709635,1,1620,1.0,0.041666666666666664,1402-03-31,False,False
2023-06-21 12:00:00,5620.0,5670.0,5620.0,5640.0,5249732,487,2023-06-21,0.3062126065203615,1720.9148486444315,1736.2254789704496,1720.9148486444315,1727.0391007748387,1,1621,1.0,0.041666666666666664,1402-03-31,False,False
2023-06-24 09:00:00,5600.0,5660.0,5550.0,5550.0,9135733,932,2023-06-24,0.3062126065203615,1714.7905965140242,1733.163352905246,1699.479966188006,1699.479966188006,1,1622,69.0,2.875,1402-04-03,False,False
2023-06-24 10:00:00,5550.0,5630.0,5550.0,5600.0,7320049,791,2023-06-24,0.3062126065203615,1699.479966188006,1723.976974709635,1699.479966188006,1714.7905965140242,1,1623,1.0,0.041666666666666664,1402-04-03,False,False
2023-06-24 11:00:00,5600.0,5610.0,5540.0,5540.0,12050031,766,2023-06-24,0.3062126065203615,1714.7905965140242,1717.852722579228,1696.4178401228025,1696.4178401228025,1,1624,1.0,0.041666666666666664,1402-04-03,False,False
2023-06-24 12:00:00,5550.0,5620.0,5540.0,5600.0,5981442,437,2023-06-24,0.3062126065203615,1699.479966188006,1720.9148486444315,1696.4178401228025,1714.7905965140242,1,1625,1.0,0.041666666666666664,1402-04-03,False,False
2023-06-25 09:00:00,5620.0,5780.0,5620.0,5630.0,8923905,924,2023-06-25,0.3062126065203615,1720.9148486444315,1769.9088656876893,1720.9148486444315,1723.976974709635,1,1626,21.0,0.875,1402-04-04,False,False
2023-06-25 10:00:00,5630.0,5670.0,5620.0,5640.0,7859606,652,2023-06-25,0.3062126065203615,1723.976974709635,1736.2254789704496,1720.9148486444315,1727.0391007748387,1,1627,1.0,0.041666666666666664,1402-04-04,False,False
2023-06-25 11:00:00,5640.0,5670.0,5620.0,5630.0,6593944,594,2023-06-25,0.3062126065203615,1727.0391007748387,1736.2254789704496,1720.9148486444315,1723.976974709635,1,1628,1.0,0.041666666666666664,1402-04-04,False,False
2023-06-25 12:00:00,5630.0,5630.0,5580.0,5600.0,3401212,367,2023-06-25,0.3062126065203615,1723.976974709635,1723.976974709635,1708.6663443836171,1714.7905965140242,1,1629,1.0,0.041666666666666664,1402-04-04,False,False
2023-06-26 09:00:00,5600.0,5680.0,5560.0,5680.0,7563873,755,2023-06-26,0.3062126065203615,1714.7905965140242,1739.287605035653,1702.5420922532098,1739.287605035653,1,1630,21.0,0.875,1402-04-05,False,False
2023-06-26 10:00:00,5680.0,5720.0,5670.0,5700.0,7288771,594,2023-06-26,0.3062126065203615,1739.287605035653,1751.5361092964677,1736.2254789704496,1745.4118571660604,1,1631,1.0,0.041666666666666664,1402-04-05,False,False
2023-06-26 11:00:00,5710.0,5720.0,5690.0,5720.0,12090730,612,2023-06-26,0.3062126065203615,1748.4739832312641,1751.5361092964677,1742.3497311008568,1751.5361092964677,1,1632,1.0,0.041666666666666664,1402-04-05,False,False
2023-06-26 12:00:00,5720.0,5730.0,5690.0,5690.0,8201582,482,2023-06-26,0.3062126065203615,1751.5361092964677,1754.5982353616712,1742.3497311008568,1742.3497311008568,1,1633,1.0,0.041666666666666664,1402-04-05,False,False
2023-06-27 09:00:00,5700.0,5750.0,5640.0,5650.0,4867114,589,2023-06-27,0.3062126065203615,1745.4118571660604,1760.7224874920785,1727.0391007748387,1730.1012268400423,1,1634,21.0,0.875,1402-04-06,False,False
2023-06-27 10:00:00,5650.0,5650.0,5590.0,5600.0,5653369,525,2023-06-27,0.3062126065203615,1730.1012268400423,1730.1012268400423,1711.7284704488206,1714.7905965140242,1,1635,1.0,0.041666666666666664,1402-04-06,False,False
2023-06-27 11:00:00,5590.0,5610.0,5570.0,5590.0,8202960,573,2023-06-27,0.3062126065203615,1711.7284704488206,1717.852722579228,1705.6042183184134,1711.7284704488206,1,1636,1.0,0.041666666666666664,1402-04-06,False,False
2023-06-27 12:00:00,5580.0,5620.0,5580.0,5620.0,7208130,392,2023-06-27,0.3062126065203615,1708.6663443836171,1720.9148486444315,1708.6663443836171,1720.9148486444315,1,1637,1.0,0.041666666666666664,1402-04-06,False,False
2023-06-28 09:00:00,5620.0,5640.0,5540.0,5580.0,6691156,642,2023-06-28,0.3062126065203615,1720.9148486444315,1727.0391007748387,1696.4178401228025,1708.6663443836171,1,1638,21.0,0.875,1402-04-07,False,False
2023-06-28 10:00:00,5580.0,5600.0,5570.0,5600.0,4937749,485,2023-06-28,0.3062126065203615,1708.6663443836171,1714.7905965140242,1705.6042183184134,1714.7905965140242,1,1639,1.0,0.041666666666666664,1402-04-07,False,False
2023-06-28 11:00:00,5600.0,5600.0,5580.0,5590.0,4641594,487,2023-06-28,0.3062126065203615,1714.7905965140242,1714.7905965140242,1708.6663443836171,1711.7284704488206,1,1640,1.0,0.041666666666666664,1402-04-07,False,False
2023-06-28 12:00:00,5590.0,5590.0,5550.0,5570.0,3682573,327,2023-06-28,0.3062126065203615,1711.7284704488206,1711.7284704488206,1699.479966188006,1705.6042183184134,1,1641,1.0,0.041666666666666664,1402-04-07,False,False
2023-07-01 09:00:00,5560.0,5580.0,5500.0,5520.0,6218145,721,2023-07-01,0.3062126065203615,1702.5420922532098,1708.6663443836171,1684.1693358619882,1690.2935879923953,1,1642,69.0,2.875,1402-04-10,False,False
2023-07-01 10:00:00,5520.0,5530.0,5490.0,5510.0,4041003,585,2023-07-01,0.3062126065203615,1690.2935879923953,1693.355714057599,1681.1072097967844,1687.2314619271917,1,1643,1.0,0.041666666666666664,1402-04-10,False,False
2023-07-01 11:00:00,5520.0,5550.0,5500.0,5520.0,5614379,509,2023-07-01,0.3062126065203615,1690.2935879923953,1699.479966188006,1684.1693358619882,1690.2935879923953,1,1644,1.0,0.041666666666666664,1402-04-10,False,False
2023-07-01 12:00:00,5520.0,5530.0,5500.0,5500.0,3272508,377,2023-07-01,0.3062126065203615,1690.2935879923953,1693.355714057599,1684.1693358619882,1684.1693358619882,1,1645,1.0,0.041666666666666664,1402-04-10,False,False
2023-07-02 09:00:00,5500.0,5600.0,5490.0,5590.0,6068676,595,2023-07-02,0.3062126065203615,1684.1693358619882,1714.7905965140242,1681.1072097967844,1711.7284704488206,1,1646,21.0,0.875,1402-04-11,False,False
2023-07-02 10:00:00,5590.0,5660.0,5570.0,5590.0,6036422,608,2023-07-02,0.3062126065203615,1711.7284704488206,1733.163352905246,1705.6042183184134,1711.7284704488206,1,1647,1.0,0.041666666666666664,1402-04-11,False,False
2023-07-02 11:00:00,5590.0,5600.0,5560.0,5600.0,4227511,452,2023-07-02,0.3062126065203615,1711.7284704488206,1714.7905965140242,1702.5420922532098,1714.7905965140242,1,1648,1.0,0.041666666666666664,1402-04-11,False,False
2023-07-02 12:00:00,5600.0,5600.0,5580.0,5600.0,3176170,316,2023-07-02,0.3062126065203615,1714.7905965140242,1714.7905965140242,1708.6663443836171,1714.7905965140242,1,1649,1.0,0.041666666666666664,1402-04-11,False,False
2023-07-02 17:00:00,5630.0,5630.0,5630.0,5630.0,1,1,2023-07-02,0.3062126065203615,1723.976974709635,1723.976974709635,1723.976974709635,1723.976974709635,1,1650,5.0,0.20833333333333334,1402-04-11,False,False
2023-07-03 09:00:00,5640.0,5690.0,5590.0,5670.0,5723900,669,2023-07-03,0.3062126065203615,1727.0391007748387,1742.3497311008568,1711.7284704488206,1736.2254789704496,1,1651,16.0,0.6666666666666666,1402-04-12,False,False
2023-07-03 10:00:00,5660.0,5740.0,5640.0,5730.0,8981119,659,2023-07-03,0.3062126065203615,1733.163352905246,1757.660361426875,1727.0391007748387,1754.5982353616712,1,1652,1.0,0.041666666666666664,1402-04-12,False,False
2023-07-03 11:00:00,5740.0,5760.0,5680.0,5760.0,13663737,676,2023-07-03,0.3062126065203615,1757.660361426875,1763.784613557282,1739.287605035653,1763.784613557282,1,1653,1.0,0.041666666666666664,1402-04-12,False,False
2023-07-03 12:00:00,5760.0,5880.0,5750.0,5830.0,14670102,644,2023-07-03,0.3062126065203615,1763.784613557282,1800.5301263397255,1760.7224874920785,1785.2194960137074,1,1654,1.0,0.041666666666666664,1402-04-12,False,False
2023-07-03 18:00:00,5730.0,5730.0,5730.0,5730.0,6413,1,2023-07-03,0.3062126065203615,1754.5982353616712,1754.5982353616712,1754.5982353616712,1754.5982353616712,1,1655,6.0,0.25,1402-04-12,False,False
2023-07-04 09:00:00,5870.0,6030.0,5840.0,5960.0,22382998,1352,2023-07-04,0.3062126065203615,1797.468000274522,1846.4620173177798,1788.281622078911,1825.0271348613544,1,1656,15.0,0.625,1402-04-13,False,False
2023-07-04 10:00:00,5960.0,5970.0,5870.0,5910.0,10256673,771,2023-07-04,0.3062126065203615,1825.0271348613544,1828.089260926558,1797.468000274522,1809.7165045353363,1,1657,1.0,0.041666666666666664,1402-04-13,False,False
2023-07-04 11:00:00,5900.0,5920.0,5870.0,5900.0,12182366,643,2023-07-04,0.3062126065203615,1806.6543784701328,1812.7786306005398,1797.468000274522,1806.6543784701328,1,1658,1.0,0.041666666666666664,1402-04-13,False,False
2023-07-04 12:00:00,5910.0,5910.0,5870.0,5900.0,5609340,388,2023-07-04,0.3062126065203615,1809.7165045353363,1809.7165045353363,1797.468000274522,1806.6543784701328,1,1659,1.0,0.041666666666666664,1402-04-13,False,False
2023-07-05 09:00:00,5870.0,5980.0,5850.0,5920.0,8423484,680,2023-07-05,0.3062126065203615,1797.468000274522,1831.1513869917617,1791.3437481441147,1812.7786306005398,1,1660,21.0,0.875,1402-04-14,False,False
2023-07-05 10:00:00,5920.0,5940.0,5900.0,5930.0,11861926,600,2023-07-05,0.3062126065203615,1812.7786306005398,1818.902882730947,1806.6543784701328,1815.8407566657436,1,1661,1.0,0.041666666666666664,1402-04-14,False,False
2023-07-05 11:00:00,5920.0,5930.0,5880.0,5890.0,6314513,503,2023-07-05,0.3062126065203615,1812.7786306005398,1815.8407566657436,1800.5301263397255,1803.592252404929,1,1662,1.0,0.041666666666666664,1402-04-14,False,False
2023-07-05 12:00:00,5890.0,5900.0,5870.0,5890.0,5582839,390,2023-07-05,0.3062126065203615,1803.592252404929,1806.6543784701328,1797.468000274522,1803.592252404929,1,1663,1.0,0.041666666666666664,1402-04-14,False,False
2023-07-08 09:00:00,5900.0,5930.0,5880.0,5880.0,9183088,753,2023-07-08,0.3062126065203615,1806.6543784701328,1815.8407566657436,1800.5301263397255,1800.5301263397255,1,1664,69.0,2.875,1402-04-17,False,False
2023-07-08 10:00:00,5890.0,5900.0,5790.0,5790.0,7787035,603,2023-07-08,0.3062126065203615,1803.592252404929,1806.6543784701328,1772.970991752893,1772.970991752893,1,1665,1.0,0.041666666666666664,1402-04-17,False,False
2023-07-08 11:00:00,5790.0,5800.0,5760.0,5790.0,5698189,562,2023-07-08,0.3062126065203615,1772.970991752893,1776.0331178180966,1763.784613557282,1772.970991752893,1,1666,1.0,0.041666666666666664,1402-04-17,False,False
2023-07-08 12:00:00,5790.0,5790.0,5760.0,5770.0,5657244,406,2023-07-08,0.3062126065203615,1772.970991752893,1772.970991752893,1763.784613557282,1766.8467396224858,1,1667,1.0,0.041666666666666664,1402-04-17,False,False
2023-07-09 09:00:00,5770.0,5850.0,5730.0,5800.0,7597096,674,2023-07-09,0.3062126065203615,1766.8467396224858,1791.3437481441147,1754.5982353616712,1776.0331178180966,1,1668,21.0,0.875,1402-04-18,False,False
2023-07-09 10:00:00,5800.0,5840.0,5790.0,5790.0,8904637,563,2023-07-09,0.3062126065203615,1776.0331178180966,1788.281622078911,1772.970991752893,1772.970991752893,1,1669,1.0,0.041666666666666664,1402-04-18,False,False
2023-07-09 11:00:00,5800.0,5820.0,5780.0,5790.0,10163219,514,2023-07-09,0.3062126065203615,1776.0331178180966,1782.1573699485039,1769.9088656876893,1772.970991752893,1,1670,1.0,0.041666666666666664,1402-04-18,False,False
2023-07-09 12:00:00,5790.0,5810.0,5780.0,5800.0,3927133,310,2023-07-09,0.3062126065203615,1772.970991752893,1779.0952438833,1769.9088656876893,1776.0331178180966,1,1671,1.0,0.041666666666666664,1402-04-18,False,False
2023-07-09 15:00:00,5820.0,5820.0,5820.0,5820.0,294380,3,2023-07-09,0.3062126065203615,1782.1573699485039,1782.1573699485039,1782.1573699485039,1782.1573699485039,1,1672,3.0,0.125,1402-04-18,False,False
2023-07-10 09:00:00,5800.0,5880.0,5750.0,5760.0,7784124,651,2023-07-10,0.3062126065203615,1776.0331178180966,1800.5301263397255,1760.7224874920785,1763.784613557282,1,1673,18.0,0.75,1402-04-19,False,False
2023-07-10 10:00:00,5770.0,5790.0,5760.0,5770.0,9714366,606,2023-07-10,0.3062126065203615,1766.8467396224858,1772.970991752893,1763.784613557282,1766.8467396224858,1,1674,1.0,0.041666666666666664,1402-04-19,False,False
2023-07-10 11:00:00,5770.0,5780.0,5760.0,5760.0,6058165,504,2023-07-10,0.3062126065203615,1766.8467396224858,1769.9088656876893,1763.784613557282,1763.784613557282,1,1675,1.0,0.041666666666666664,1402-04-19,False,False
2023-07-10 12:00:00,5770.0,5780.0,5750.0,5750.0,8085664,349,2023-07-10,0.3062126065203615,1766.8467396224858,1769.9088656876893,1760.7224874920785,1760.7224874920785,1,1676,1.0,0.041666666666666664,1402-04-19,False,False
2023-07-10 17:00:00,5770.0,5770.0,5770.0,5770.0,1,1,2023-07-10,0.3062126065203615,1766.8467396224858,1766.8467396224858,1766.8467396224858,1766.8467396224858,1,1677,5.0,0.20833333333333334,1402-04-19,False,False
2023-07-11 09:00:00,5720.0,5780.0,5690.0,5690.0,8534479,631,2023-07-11,0.3062126065203615,1751.5361092964677,1769.9088656876893,1742.3497311008568,1742.3497311008568,1,1678,16.0,0.6666666666666666,1402-04-20,False,False
2023-07-11 10:00:00,5690.0,5730.0,5680.0,5680.0,11285711,595,2023-07-11,0.3062126065203615,1742.3497311008568,1754.5982353616712,1739.287605035653,1739.287605035653,1,1679,1.0,0.041666666666666664,1402-04-20,False,False
2023-07-11 11:00:00,5690.0,5700.0,5590.0,5620.0,14167461,758,2023-07-11,0.3062126065203615,1742.3497311008568,1745.4118571660604,1711.7284704488206,1720.9148486444315,1,1680,1.0,0.041666666666666664,1402-04-20,False,False
2023-07-11 12:00:00,5620.0,5650.0,5570.0,5580.0,7564355,538,2023-07-11,0.3062126065203615,1720.9148486444315,1730.1012268400423,1705.6042183184134,1708.6663443836171,1,1681,1.0,0.041666666666666664,1402-04-20,False,False
2023-07-12 09:00:00,5570.0,5600.0,5480.0,5500.0,12660289,823,2023-07-12,0.3062126065203615,1705.6042183184134,1714.7905965140242,1678.045083731581,1684.1693358619882,1,1682,21.0,0.875,1402-04-21,False,False
2023-07-12 10:00:00,5490.0,5500.0,5400.0,5410.0,10672934,816,2023-07-12,0.3062126065203615,1681.1072097967844,1684.1693358619882,1653.548075209952,1656.6102012751555,1,1683,1.0,0.041666666666666664,1402-04-21,False,False
2023-07-12 11:00:00,5400.0,5520.0,5370.0,5510.0,14999790,869,2023-07-12,0.3062126065203615,1653.548075209952,1690.2935879923953,1644.3616970143412,1687.2314619271917,1,1684,1.0,0.041666666666666664,1402-04-21,False,False
2023-07-12 12:00:00,5510.0,5520.0,5440.0,5520.0,7064239,392,2023-07-12,0.3062126065203615,1687.2314619271917,1690.2935879923953,1665.7965794707663,1690.2935879923953,1,1685,1.0,0.041666666666666664,1402-04-21,False,False
2023-07-15 09:00:00,5530.0,5600.0,5510.0,5530.0,10225748,712,2023-07-15,0.3062126065203615,1693.355714057599,1714.7905965140242,1687.2314619271917,1693.355714057599,1,1686,69.0,2.875,1402-04-24,False,False
2023-07-15 10:00:00,5530.0,5590.0,5520.0,5530.0,8434098,514,2023-07-15,0.3062126065203615,1693.355714057599,1711.7284704488206,1690.2935879923953,1693.355714057599,1,1687,1.0,0.041666666666666664,1402-04-24,False,False
2023-07-15 11:00:00,5530.0,5530.0,5470.0,5490.0,9240681,570,2023-07-15,0.3062126065203615,1693.355714057599,1693.355714057599,1674.9829576663772,1681.1072097967844,1,1688,1.0,0.041666666666666664,1402-04-24,False,False
2023-07-15 12:00:00,5490.0,5510.0,5470.0,5510.0,4947922,323,2023-07-15,0.3062126065203615,1681.1072097967844,1687.2314619271917,1674.9829576663772,1687.2314619271917,1,1689,1.0,0.041666666666666664,1402-04-24,False,False
2023-07-16 09:00:00,5520.0,5520.0,5360.0,5400.0,10085950,798,2023-07-16,0.3062126065203615,1690.2935879923953,1690.2935879923953,1641.2995709491374,1653.548075209952,1,1690,21.0,0.875,1402-04-25,False,False
2023-07-16 10:00:00,5410.0,5410.0,5270.0,5290.0,20052523,944,2023-07-16,0.3062126065203615,1656.6102012751555,1656.6102012751555,1613.740436362305,1619.8646884927123,1,1691,1.0,0.041666666666666664,1402-04-25,False,False
2023-07-16 11:00:00,5280.0,5340.0,5280.0,5300.0,11832769,633,2023-07-16,0.3062126065203615,1616.8025624275085,1635.1753188187304,1616.8025624275085,1622.9268145579158,1,1692,1.0,0.041666666666666664,1402-04-25,False,False
2023-07-16 12:00:00,5310.0,5350.0,5280.0,5340.0,7019761,477,2023-07-16,0.3062126065203615,1625.9889406231193,1638.237444883934,1616.8025624275085,1635.1753188187304,1,1693,1.0,0.041666666666666664,1402-04-25,False,False
2023-07-16 16:00:00,5520.0,5520.0,5440.0,5440.0,536166,45,2023-07-16,0.3062126065203615,1690.2935879923953,1690.2935879923953,1665.7965794707663,1665.7965794707663,1,1694,4.0,0.16666666666666666,1402-04-25,False,False
2023-07-16 17:00:00,5440.0,5440.0,5280.0,5300.0,4677952,206,2023-07-16,0.3062126065203615,1665.7965794707663,1665.7965794707663,1616.8025624275085,1622.9268145579158,1,1695,1.0,0.041666666666666664,1402-04-25,False,False
2023-07-17 09:00:00,5280.0,5340.0,5080.0,5090.0,27464003,1133,2023-07-17,0.3062126065203615,1616.8025624275085,1635.1753188187304,1555.5600411234363,1558.6221671886399,1,1696,16.0,0.6666666666666666,1402-04-26,False,False
2023-07-17 10:00:00,5080.0,5130.0,5000.0,5090.0,15723785,1038,2023-07-17,0.3062126065203615,1555.5600411234363,1570.8706714494544,1531.0630326018074,1558.6221671886399,1,1697,1.0,0.041666666666666664,1402-04-26,False,False
2023-07-17 11:00:00,5090.0,5150.0,5040.0,5130.0,17828737,857,2023-07-17,0.3062126065203615,1558.6221671886399,1576.9949235798615,1543.3115368626218,1570.8706714494544,1,1698,1.0,0.041666666666666664,1402-04-26,False,False
2023-07-17 12:00:00,5120.0,5260.0,5120.0,5260.0,11646395,636,2023-07-17,0.3062126065203615,1567.8085453842507,1610.6783102971015,1567.8085453842507,1610.6783102971015,1,1699,1.0,0.041666666666666664,1402-04-26,False,False
2023-07-18 09:00:00,5260.0,5490.0,5260.0,5400.0,30518069,1260,2023-07-18,0.3062126065203615,1610.6783102971015,1681.1072097967844,1610.6783102971015,1653.548075209952,1,1700,21.0,0.875,1402-04-27,False,False
2023-07-18 10:00:00,5390.0,5420.0,5330.0,5380.0,12961673,764,2023-07-18,0.3062126065203615,1650.4859491447482,1659.6723273403593,1632.1131927535266,1647.4238230795447,1,1701,1.0,0.041666666666666664,1402-04-27,False,False
2023-07-18 11:00:00,5370.0,5490.0,5370.0,5490.0,20456502,967,2023-07-18,0.3062126065203615,1644.3616970143412,1681.1072097967844,1644.3616970143412,1681.1072097967844,1,1702,1.0,0.041666666666666664,1402-04-27,False,False
2023-07-18 12:00:00,5490.0,5490.0,5480.0,5490.0,18266499,549,2023-07-18,0.3062126065203615,1681.1072097967844,1681.1072097967844,1678.045083731581,1681.1072097967844,1,1703,1.0,0.041666666666666664,1402-04-27,False,False
2023-07-24 11:00:00,5010.0,5050.0,4990.0,5040.0,6607479,479,2023-07-24,0.3370808128228172,1688.7748722423141,1702.258104755227,1682.033255985858,1698.8872966269987,1,1704,143.0,5.958333333333333,1402-05-02,False,True
2023-07-24 12:00:00,5050.0,5050.0,4990.0,5050.0,11842596,680,2023-07-24,0.3370808128228172,1702.258104755227,1702.258104755227,1682.033255985858,1702.258104755227,1,1705,1.0,0.041666666666666664,1402-05-02,False,False
2023-07-25 09:00:00,5070.0,5140.0,5060.0,5080.0,7859144,786,2023-07-25,0.3370808128228172,1708.9997210116833,1732.5953779092804,1705.628912883455,1712.3705291399115,1,1706,21.0,0.875,1402-05-03,False,False
2023-07-25 10:00:00,5080.0,5080.0,5000.0,5010.0,12970283,753,2023-07-25,0.3370808128228172,1712.3705291399115,1712.3705291399115,1685.404064114086,1688.7748722423141,1,1707,1.0,0.041666666666666664,1402-05-03,False,False
2023-07-25 11:00:00,5010.0,5030.0,4990.0,5030.0,6005238,557,2023-07-25,0.3370808128228172,1688.7748722423141,1695.5164884987705,1682.033255985858,1695.5164884987705,1,1708,1.0,0.041666666666666664,1402-05-03,False,False
2023-07-25 12:00:00,5020.0,5030.0,4980.0,5010.0,3803601,342,2023-07-25,0.3370808128228172,1692.1456803705423,1695.5164884987705,1678.6624478576298,1688.7748722423141,1,1709,1.0,0.041666666666666664,1402-05-03,False,False
2023-07-26 09:00:00,5000.0,5030.0,4920.0,5020.0,8921634,717,2023-07-26,0.3370808128228172,1685.404064114086,1695.5164884987705,1658.4375990882606,1692.1456803705423,1,1710,21.0,0.875,1402-05-04,False,False
2023-07-26 10:00:00,5020.0,5030.0,4990.0,4990.0,10163472,588,2023-07-26,0.3370808128228172,1692.1456803705423,1695.5164884987705,1682.033255985858,1682.033255985858,1,1711,1.0,0.041666666666666664,1402-05-04,False,False
2023-07-26 11:00:00,5000.0,5010.0,4980.0,4990.0,4163400,454,2023-07-26,0.3370808128228172,1685.404064114086,1688.7748722423141,1678.6624478576298,1682.033255985858,1,1712,1.0,0.041666666666666664,1402-05-04,False,False
2023-07-26 12:00:00,5000.0,5010.0,4990.0,5000.0,2797723,285,2023-07-26,0.3370808128228172,1685.404064114086,1688.7748722423141,1682.033255985858,1685.404064114086,1,1713,1.0,0.041666666666666664,1402-05-04,False,False
2023-07-29 09:00:00,5000.0,5030.0,4970.0,5010.0,8359127,608,2023-07-29,0.3370808128228172,1685.404064114086,1695.5164884987705,1675.2916397294016,1688.7748722423141,1,1714,69.0,2.875,1402-05-07,False,False
2023-07-29 10:00:00,5000.0,5010.0,4980.0,4990.0,9567247,522,2023-07-29,0.3370808128228172,1685.404064114086,1688.7748722423141,1678.6624478576298,1682.033255985858,1,1715,1.0,0.041666666666666664,1402-05-07,False,False
2023-07-29 11:00:00,4990.0,5000.0,4980.0,4980.0,6031223,458,2023-07-29,0.3370808128228172,1682.033255985858,1685.404064114086,1678.6624478576298,1678.6624478576298,1,1716,1.0,0.041666666666666664,1402-05-07,False,False
2023-07-29 12:00:00,4980.0,5000.0,4980.0,4990.0,5788912,354,2023-07-29,0.3370808128228172,1678.6624478576298,1685.404064114086,1678.6624478576298,1682.033255985858,1,1717,1.0,0.041666666666666664,1402-05-07,False,False
2023-07-30 09:00:00,4990.0,5020.0,4920.0,4920.0,24657295,892,2023-07-30,0.3370808128228172,1682.033255985858,1692.1456803705423,1658.4375990882606,1658.4375990882606,1,1718,21.0,0.875,1402-05-08,False,False
2023-07-30 10:00:00,4920.0,4920.0,4900.0,4910.0,9892342,664,2023-07-30,0.3370808128228172,1658.4375990882606,1658.4375990882606,1651.6959828318043,1655.0667909600324,1,1719,1.0,0.041666666666666664,1402-05-08,False,False
2023-07-30 11:00:00,4910.0,4980.0,4900.0,4970.0,7977048,587,2023-07-30,0.3370808128228172,1655.0667909600324,1678.6624478576298,1651.6959828318043,1675.2916397294016,1,1720,1.0,0.041666666666666664,1402-05-08,False,False
2023-07-30 12:00:00,4970.0,4970.0,4900.0,4920.0,7402374,375,2023-07-30,0.3370808128228172,1675.2916397294016,1675.2916397294016,1651.6959828318043,1658.4375990882606,1,1721,1.0,0.041666666666666664,1402-05-08,False,False
2023-07-31 09:00:00,4900.0,5040.0,4890.0,4980.0,9559709,573,2023-07-31,0.3370808128228172,1651.6959828318043,1698.8872966269987,1648.325174703576,1678.6624478576298,1,1722,21.0,0.875,1402-05-09,False,False
2023-07-31 10:00:00,4980.0,4980.0,4960.0,4970.0,5905735,488,2023-07-31,0.3370808128228172,1678.6624478576298,1678.6624478576298,1671.9208316011734,1675.2916397294016,1,1723,1.0,0.041666666666666664,1402-05-09,False,False
2023-07-31 11:00:00,4970.0,4970.0,4940.0,4950.0,4186320,411,2023-07-31,0.3370808128228172,1675.2916397294016,1675.2916397294016,1665.179215344717,1668.5500234729452,1,1724,1.0,0.041666666666666664,1402-05-09,False,False
2023-07-31 12:00:00,4950.0,4960.0,4930.0,4960.0,6416327,342,2023-07-31,0.3370808128228172,1668.5500234729452,1671.9208316011734,1661.8084072164888,1671.9208316011734,1,1725,1.0,0.041666666666666664,1402-05-09,False,False
2023-08-01 09:00:00,5040.0,5050.0,4960.0,4970.0,11450224,576,2023-08-01,0.3370808128228172,1698.8872966269987,1702.258104755227,1671.9208316011734,1675.2916397294016,1,1726,21.0,0.875,1402-05-10,False,False
2023-08-01 10:00:00,4970.0,5020.0,4960.0,5000.0,15142367,601,2023-08-01,0.3370808128228172,1675.2916397294016,1692.1456803705423,1671.9208316011734,1685.404064114086,1,1727,1.0,0.041666666666666664,1402-05-10,False,False
2023-08-01 11:00:00,4990.0,5010.0,4960.0,5010.0,9907868,466,2023-08-01,0.3370808128228172,1682.033255985858,1688.7748722423141,1671.9208316011734,1688.7748722423141,1,1728,1.0,0.041666666666666664,1402-05-10,False,False
2023-08-01 12:00:00,5010.0,5160.0,5000.0,5160.0,11759402,520,2023-08-01,0.3370808128228172,1688.7748722423141,1739.3369941657368,1685.404064114086,1739.3369941657368,1,1729,1.0,0.041666666666666664,1402-05-10,False,False
2023-08-05 09:00:00,5140.0,5360.0,5140.0,5310.0,17957321,934,2023-08-05,0.3370808128228172,1732.5953779092804,1806.7531567303004,1732.5953779092804,1789.8991160891594,1,1730,93.0,3.875,1402-05-14,False,False
2023-08-05 10:00:00,5300.0,5360.0,5260.0,5300.0,11488831,714,2023-08-05,0.3370808128228172,1786.5283079609312,1806.7531567303004,1773.0450754480185,1786.5283079609312,1,1731,1.0,0.041666666666666664,1402-05-14,False,False
2023-08-05 11:00:00,5300.0,5350.0,5290.0,5340.0,13349800,611,2023-08-05,0.3370808128228172,1786.5283079609312,1803.3823486020722,1783.157499832703,1800.011540473844,1,1732,1.0,0.041666666666666664,1402-05-14,False,False
2023-08-05 12:00:00,5340.0,5360.0,5320.0,5360.0,9700917,481,2023-08-05,0.3370808128228172,1800.011540473844,1806.7531567303004,1793.2699242173876,1806.7531567303004,1,1733,1.0,0.041666666666666664,1402-05-14,False,False
2023-08-06 09:00:00,5380.0,5400.0,5290.0,5350.0,11984755,779,2023-08-06,0.3370808128228172,1813.4947729867565,1820.236389243213,1783.157499832703,1803.3823486020722,1,1734,21.0,0.875,1402-05-15,False,False
2023-08-06 10:00:00,5350.0,5400.0,5250.0,5380.0,11099382,571,2023-08-06,0.3370808128228172,1803.3823486020722,1820.236389243213,1769.6742673197903,1813.4947729867565,1,1735,1.0,0.041666666666666664,1402-05-15,False,False
2023-08-06 11:00:00,5380.0,5380.0,5340.0,5350.0,8966922,492,2023-08-06,0.3370808128228172,1813.4947729867565,1813.4947729867565,1800.011540473844,1803.3823486020722,1,1736,1.0,0.041666666666666664,1402-05-15,False,False
2023-08-06 12:00:00,5360.0,5390.0,5340.0,5390.0,6014662,326,2023-08-06,0.3370808128228172,1806.7531567303004,1816.8655811149847,1800.011540473844,1816.8655811149847,1,1737,1.0,0.041666666666666664,1402-05-15,False,False
2023-08-06 15:00:00,5320.0,5320.0,5320.0,5320.0,716550,8,2023-08-06,0.3370808128228172,1793.2699242173876,1793.2699242173876,1793.2699242173876,1793.2699242173876,1,1738,3.0,0.125,1402-05-15,False,False
2023-08-07 09:00:00,5430.0,5430.0,5430.0,5430.0,1,1,2023-08-07,0.3370808128228172,1830.3488136278975,1830.3488136278975,1830.3488136278975,1830.3488136278975,1,1739,18.0,0.75,1402-05-16,False,False
2023-08-07 10:00:00,5420.0,5430.0,5330.0,5380.0,5920351,350,2023-08-07,0.3370808128228172,1826.9780054996693,1830.3488136278975,1796.6407323456158,1813.4947729867565,1,1740,1.0,0.041666666666666664,1402-05-16,False,False
2023-08-07 11:00:00,5380.0,5390.0,5320.0,5320.0,9292490,501,2023-08-07,0.3370808128228172,1813.4947729867565,1816.8655811149847,1793.2699242173876,1793.2699242173876,1,1741,1.0,0.041666666666666664,1402-05-16,False,False
2023-08-07 12:00:00,5330.0,5420.0,5310.0,5350.0,11696577,493,2023-08-07,0.3370808128228172,1796.6407323456158,1826.9780054996693,1789.8991160891594,1803.3823486020722,1,1742,1.0,0.041666666666666664,1402-05-16,False,False
2023-08-07 14:00:00,5400.0,5410.0,5400.0,5410.0,1813350,20,2023-08-07,0.3370808128228172,1820.236389243213,1823.607197371441,1820.236389243213,1823.607197371441,1,1743,2.0,0.08333333333333333,1402-05-16,False,False
2023-08-08 09:00:00,5340.0,5390.0,5220.0,5370.0,13360345,598,2023-08-08,0.3370808128228172,1800.011540473844,1816.8655811149847,1759.561842935106,1810.1239648585283,1,1744,19.0,0.7916666666666666,1402-05-17,False,False
2023-08-08 10:00:00,5380.0,5380.0,5350.0,5370.0,12025518,393,2023-08-08,0.3370808128228172,1813.4947729867565,1813.4947729867565,1803.3823486020722,1810.1239648585283,1,1745,1.0,0.041666666666666664,1402-05-17,False,False
2023-08-08 11:00:00,5360.0,5370.0,5330.0,5350.0,14252941,431,2023-08-08,0.3370808128228172,1806.7531567303004,1810.1239648585283,1796.6407323456158,1803.3823486020722,1,1746,1.0,0.041666666666666664,1402-05-17,False,False
2023-08-08 12:00:00,5360.0,5360.0,5330.0,5340.0,5548033,267,2023-08-08,0.3370808128228172,1806.7531567303004,1806.7531567303004,1796.6407323456158,1800.011540473844,1,1747,1.0,0.041666666666666664,1402-05-17,False,False
2023-08-08 15:00:00,5310.0,5310.0,5310.0,5310.0,708550,9,2023-08-08,0.3370808128228172,1789.8991160891594,1789.8991160891594,1789.8991160891594,1789.8991160891594,1,1748,3.0,0.125,1402-05-17,False,False
2023-08-09 09:00:00,5350.0,5400.0,5330.0,5340.0,6634819,453,2023-08-09,0.3370808128228172,1803.3823486020722,1820.236389243213,1796.6407323456158,1800.011540473844,1,1749,18.0,0.75,1402-05-18,False,False
2023-08-09 10:00:00,5340.0,5350.0,5270.0,5280.0,6326225,394,2023-08-09,0.3370808128228172,1800.011540473844,1803.3823486020722,1776.4158835762466,1779.7866917044748,1,1750,1.0,0.041666666666666664,1402-05-18,False,False
2023-08-09 11:00:00,5280.0,5310.0,5270.0,5290.0,4364139,338,2023-08-09,0.3370808128228172,1779.7866917044748,1789.8991160891594,1776.4158835762466,1783.157499832703,1,1751,1.0,0.041666666666666664,1402-05-18,False,False
2023-08-09 12:00:00,5290.0,5330.0,5280.0,5320.0,6168786,265,2023-08-09,0.3370808128228172,1783.157499832703,1796.6407323456158,1779.7866917044748,1793.2699242173876,1,1752,1.0,0.041666666666666664,1402-05-18,False,False
2023-08-12 09:00:00,5200.0,5310.0,5120.0,5140.0,18421192,852,2023-08-12,0.3370808128228172,1752.8202266786495,1789.8991160891594,1725.8537616528242,1732.5953779092804,1,1753,69.0,2.875,1402-05-21,False,False
2023-08-12 10:00:00,5130.0,5160.0,5130.0,5140.0,8429081,434,2023-08-12,0.3370808128228172,1729.2245697810522,1739.3369941657368,1729.2245697810522,1732.5953779092804,1,1754,1.0,0.041666666666666664,1402-05-21,False,False
2023-08-12 11:00:00,5140.0,5160.0,5120.0,5130.0,11105874,392,2023-08-12,0.3370808128228172,1732.5953779092804,1739.3369941657368,1725.8537616528242,1729.2245697810522,1,1755,1.0,0.041666666666666664,1402-05-21,False,False
2023-08-12 12:00:00,5140.0,5140.0,5110.0,5130.0,6630485,293,2023-08-12,0.3370808128228172,1732.5953779092804,1732.5953779092804,1722.482953524596,1729.2245697810522,1,1756,1.0,0.041666666666666664,1402-05-21,False,False
2023-08-13 09:00:00,5120.0,5200.0,5100.0,5140.0,6687835,443,2023-08-13,0.3370808128228172,1725.8537616528242,1752.8202266786495,1719.1121453963679,1732.5953779092804,1,1757,21.0,0.875,1402-05-22,False,False
2023-08-13 10:00:00,5140.0,5210.0,5130.0,5210.0,8035126,376,2023-08-13,0.3370808128228172,1732.5953779092804,1756.1910348068777,1729.2245697810522,1756.1910348068777,1,1758,1.0,0.041666666666666664,1402-05-22,False,False
2023-08-13 11:00:00,5210.0,5220.0,5180.0,5200.0,4805940,343,2023-08-13,0.3370808128228172,1756.1910348068777,1759.561842935106,1746.0786104221932,1752.8202266786495,1,1759,1.0,0.041666666666666664,1402-05-22,False,False
2023-08-13 12:00:00,5210.0,5210.0,5170.0,5180.0,2846569,218,2023-08-13,0.3370808128228172,1756.1910348068777,1756.1910348068777,1742.707802293965,1746.0786104221932,1,1760,1.0,0.041666666666666664,1402-05-22,False,False
2023-08-14 09:00:00,5180.0,5250.0,5180.0,5200.0,5401799,445,2023-08-14,0.3370808128228172,1746.0786104221932,1769.6742673197903,1746.0786104221932,1752.8202266786495,1,1761,21.0,0.875,1402-05-23,False,False
2023-08-14 10:00:00,5200.0,5210.0,5160.0,5180.0,6204522,328,2023-08-14,0.3370808128228172,1752.8202266786495,1756.1910348068777,1739.3369941657368,1746.0786104221932,1,1762,1.0,0.041666666666666664,1402-05-23,False,False
2023-08-14 11:00:00,5180.0,5190.0,5160.0,5180.0,8299485,411,2023-08-14,0.3370808128228172,1746.0786104221932,1749.4494185504213,1739.3369941657368,1746.0786104221932,1,1763,1.0,0.041666666666666664,1402-05-23,False,False
2023-08-14 12:00:00,5180.0,5180.0,5120.0,5160.0,11261267,355,2023-08-14,0.3370808128228172,1746.0786104221932,1746.0786104221932,1725.8537616528242,1739.3369941657368,1,1764,1.0,0.041666666666666664,1402-05-23,False,False
2023-08-15 09:00:00,5120.0,5180.0,5080.0,5100.0,4816677,353,2023-08-15,0.3370808128228172,1725.8537616528242,1746.0786104221932,1712.3705291399115,1719.1121453963679,1,1765,21.0,0.875,1402-05-24,False,False
2023-08-15 10:00:00,5100.0,5160.0,5090.0,5150.0,7288788,356,2023-08-15,0.3370808128228172,1719.1121453963679,1739.3369941657368,1715.7413372681397,1735.9661860375086,1,1766,1.0,0.041666666666666664,1402-05-24,False,False
2023-08-15 11:00:00,5150.0,5150.0,5110.0,5110.0,6755515,282,2023-08-15,0.3370808128228172,1735.9661860375086,1735.9661860375086,1722.482953524596,1722.482953524596,1,1767,1.0,0.041666666666666664,1402-05-24,False,False
2023-08-15 12:00:00,5110.0,5130.0,5080.0,5100.0,8994020,237,2023-08-15,0.3370808128228172,1722.482953524596,1729.2245697810522,1712.3705291399115,1719.1121453963679,1,1768,1.0,0.041666666666666664,1402-05-24,False,False
2023-08-16 09:00:00,5090.0,5140.0,5080.0,5100.0,7710110,464,2023-08-16,0.3370808128228172,1715.7413372681397,1732.5953779092804,1712.3705291399115,1719.1121453963679,1,1769,21.0,0.875,1402-05-25,False,False
2023-08-16 10:00:00,5100.0,5130.0,5090.0,5110.0,8659503,393,2023-08-16,0.3370808128228172,1719.1121453963679,1729.2245697810522,1715.7413372681397,1722.482953524596,1,1770,1.0,0.041666666666666664,1402-05-25,False,False
2023-08-16 11:00:00,5110.0,5120.0,5100.0,5110.0,7821287,404,2023-08-16,0.3370808128228172,1722.482953524596,1725.8537616528242,1719.1121453963679,1722.482953524596,1,1771,1.0,0.041666666666666664,1402-05-25,False,False
2023-08-16 12:00:00,5110.0,5110.0,5090.0,5100.0,5240861,424,2023-08-16,0.3370808128228172,1722.482953524596,1722.482953524596,1715.7413372681397,1719.1121453963679,1,1772,1.0,0.041666666666666664,1402-05-25,False,False
2023-08-16 14:00:00,5120.0,5120.0,5110.0,5110.0,4338776,45,2023-08-16,0.3370808128228172,1725.8537616528242,1725.8537616528242,1722.482953524596,1722.482953524596,1,1773,2.0,0.08333333333333333,1402-05-25,False,False
2023-08-16 15:00:00,5110.0,5120.0,5110.0,5120.0,6597302,66,2023-08-16,0.3370808128228172,1722.482953524596,1725.8537616528242,1722.482953524596,1725.8537616528242,1,1774,1.0,0.041666666666666664,1402-05-25,False,False
2023-08-19 09:00:00,5070.0,5110.0,5050.0,5050.0,4863263,499,2023-08-19,0.3370808128228172,1708.9997210116833,1722.482953524596,1702.258104755227,1702.258104755227,1,1775,66.0,2.75,1402-05-28,False,False
2023-08-19 10:00:00,5060.0,5070.0,5010.0,5050.0,14102328,657,2023-08-19,0.3370808128228172,1705.628912883455,1708.9997210116833,1688.7748722423141,1702.258104755227,1,1776,1.0,0.041666666666666664,1402-05-28,False,False
2023-08-19 11:00:00,5050.0,5070.0,5050.0,5050.0,11789359,480,2023-08-19,0.3370808128228172,1702.258104755227,1708.9997210116833,1702.258104755227,1702.258104755227,1,1777,1.0,0.041666666666666664,1402-05-28,False,False
2023-08-19 12:00:00,5050.0,5060.0,5040.0,5050.0,5269260,289,2023-08-19,0.3370808128228172,1702.258104755227,1705.628912883455,1698.8872966269987,1702.258104755227,1,1778,1.0,0.041666666666666664,1402-05-28,False,False
2023-08-20 09:00:00,5050.0,5080.0,5040.0,5050.0,16592320,495,2023-08-20,0.3370808128228172,1702.258104755227,1712.3705291399115,1698.8872966269987,1702.258104755227,1,1779,21.0,0.875,1402-05-29,False,False
2023-08-20 10:00:00,5050.0,5080.0,5040.0,5060.0,9839824,469,2023-08-20,0.3370808128228172,1702.258104755227,1712.3705291399115,1698.8872966269987,1705.628912883455,1,1780,1.0,0.041666666666666664,1402-05-29,False,False
2023-08-20 11:00:00,5050.0,5080.0,5040.0,5050.0,8345086,443,2023-08-20,0.3370808128228172,1702.258104755227,1712.3705291399115,1698.8872966269987,1702.258104755227,1,1781,1.0,0.041666666666666664,1402-05-29,False,False
2023-08-20 12:00:00,5060.0,5070.0,5040.0,5050.0,5313093,306,2023-08-20,0.3370808128228172,1705.628912883455,1708.9997210116833,1698.8872966269987,1702.258104755227,1,1782,1.0,0.041666666666666664,1402-05-29,False,False
2023-08-21 09:00:00,5060.0,5110.0,5060.0,5060.0,4422046,378,2023-08-21,0.3370808128228172,1705.628912883455,1722.482953524596,1705.628912883455,1705.628912883455,1,1783,21.0,0.875,1402-05-30,False,False
2023-08-21 10:00:00,5060.0,5070.0,5050.0,5050.0,5768954,386,2023-08-21,0.3370808128228172,1705.628912883455,1708.9997210116833,1702.258104755227,1702.258104755227,1,1784,1.0,0.041666666666666664,1402-05-30,False,False
2023-08-21 11:00:00,5060.0,5060.0,5040.0,5050.0,8366570,422,2023-08-21,0.3370808128228172,1705.628912883455,1705.628912883455,1698.8872966269987,1702.258104755227,1,1785,1.0,0.041666666666666664,1402-05-30,False,False
2023-08-21 12:00:00,5060.0,5070.0,5040.0,5070.0,4632426,269,2023-08-21,0.3370808128228172,1705.628912883455,1708.9997210116833,1698.8872966269987,1708.9997210116833,1,1786,1.0,0.041666666666666664,1402-05-30,False,False
2023-08-22 09:00:00,5070.0,5070.0,5000.0,5010.0,4678839,404,2023-08-22,0.3370808128228172,1708.9997210116833,1708.9997210116833,1685.404064114086,1688.7748722423141,1,1787,21.0,0.875,1402-05-31,False,False
2023-08-22 10:00:00,5020.0,5040.0,4990.0,4990.0,9293971,394,2023-08-22,0.3370808128228172,1692.1456803705423,1698.8872966269987,1682.033255985858,1682.033255985858,1,1788,1.0,0.041666666666666664,1402-05-31,False,False
2023-08-22 11:00:00,4990.0,5020.0,4980.0,4980.0,10891281,427,2023-08-22,0.3370808128228172,1682.033255985858,1692.1456803705423,1678.6624478576298,1678.6624478576298,1,1789,1.0,0.041666666666666664,1402-05-31,False,False
2023-08-22 12:00:00,4990.0,5010.0,4970.0,4990.0,7984710,309,2023-08-22,0.3370808128228172,1682.033255985858,1688.7748722423141,1675.2916397294016,1682.033255985858,1,1790,1.0,0.041666666666666664,1402-05-31,False,False
2023-08-23 09:00:00,4960.0,4990.0,4950.0,4980.0,4926250,389,2023-08-23,0.3370808128228172,1671.9208316011734,1682.033255985858,1668.5500234729452,1678.6624478576298,1,1791,21.0,0.875,1402-06-01,False,False
2023-08-23 10:00:00,4980.0,5000.0,4970.0,4980.0,7354540,485,2023-08-23,0.3370808128228172,1678.6624478576298,1685.404064114086,1675.2916397294016,1678.6624478576298,1,1792,1.0,0.041666666666666664,1402-06-01,False,False
2023-08-23 11:00:00,4990.0,5000.0,4960.0,5000.0,8075274,434,2023-08-23,0.3370808128228172,1682.033255985858,1685.404064114086,1671.9208316011734,1685.404064114086,1,1793,1.0,0.041666666666666664,1402-06-01,False,False
2023-08-23 12:00:00,5000.0,5050.0,4990.0,5040.0,11761204,428,2023-08-23,0.3370808128228172,1685.404064114086,1702.258104755227,1682.033255985858,1698.8872966269987,1,1794,1.0,0.041666666666666664,1402-06-01,False,False
2023-08-26 09:00:00,5110.0,5200.0,5050.0,5130.0,12674896,773,2023-08-26,0.3370808128228172,1722.482953524596,1752.8202266786495,1702.258104755227,1729.2245697810522,1,1795,69.0,2.875,1402-06-04,False,False
2023-08-26 10:00:00,5130.0,5240.0,5110.0,5240.0,12623348,551,2023-08-26,0.3370808128228172,1729.2245697810522,1766.3034591915623,1722.482953524596,1766.3034591915623,1,1796,1.0,0.041666666666666664,1402-06-04,False,False
2023-08-26 11:00:00,5240.0,5300.0,5220.0,5280.0,24133076,717,2023-08-26,0.3370808128228172,1766.3034591915623,1786.5283079609312,1759.561842935106,1779.7866917044748,1,1797,1.0,0.041666666666666664,1402-06-04,False,False
2023-08-26 12:00:00,5280.0,5310.0,5200.0,5260.0,10986484,376,2023-08-26,0.3370808128228172,1779.7866917044748,1789.8991160891594,1752.8202266786495,1773.0450754480185,1,1798,1.0,0.041666666666666664,1402-06-04,False,False
2023-08-27 09:00:00,5340.0,5510.0,5270.0,5480.0,19408433,901,2023-08-27,0.3370808128228172,1800.011540473844,1857.3152786537228,1776.4158835762466,1847.2028542690384,1,1799,21.0,0.875,1402-06-05,False,False
2023-08-27 10:00:00,5480.0,5580.0,5450.0,5500.0,32731309,1053,2023-08-27,0.3370808128228172,1847.2028542690384,1880.91093555132,1837.0904298843539,1853.9444705254946,1,1800,1.0,0.041666666666666664,1402-06-05,False,False
2023-08-27 11:00:00,5500.0,5530.0,5400.0,5470.0,13365282,705,2023-08-27,0.3370808128228172,1853.9444705254946,1864.0568949101792,1820.236389243213,1843.8320461408102,1,1801,1.0,0.041666666666666664,1402-06-05,False,False
2023-08-27 12:00:00,5470.0,5580.0,5430.0,5520.0,14071319,525,2023-08-27,0.3370808128228172,1843.8320461408102,1880.91093555132,1830.3488136278975,1860.686086781951,1,1802,1.0,0.041666666666666664,1402-06-05,False,False
2023-08-28 09:00:00,5590.0,5680.0,5480.0,5590.0,28252940,1216,2023-08-28,0.3370808128228172,1884.2817436795483,1914.6190168336018,1847.2028542690384,1884.2817436795483,1,1803,21.0,0.875,1402-06-06,False,False
2023-08-28 10:00:00,5590.0,5650.0,5570.0,5600.0,14316226,762,2023-08-28,0.3370808128228172,1884.2817436795483,1904.5065924489172,1877.540127423092,1887.6525518077765,1,1804,1.0,0.041666666666666664,1402-06-06,False,False
2023-08-28 11:00:00,5600.0,5610.0,5540.0,5540.0,17946919,677,2023-08-28,0.3370808128228172,1887.6525518077765,1891.0233599360045,1867.4277030384073,1867.4277030384073,1,1805,1.0,0.041666666666666664,1402-06-06,False,False
2023-08-28 12:00:00,5540.0,5620.0,5540.0,5550.0,8450556,406,2023-08-28,0.3370808128228172,1867.4277030384073,1894.3941680642326,1867.4277030384073,1870.7985111666355,1,1806,1.0,0.041666666666666664,1402-06-06,False,False
2023-08-29 09:00:00,5630.0,5730.0,5630.0,5630.0,19029911,956,2023-08-29,0.3370808128228172,1897.7649761924608,1931.4730574747425,1897.7649761924608,1897.7649761924608,1,1807,21.0,0.875,1402-06-07,False,False
2023-08-29 10:00:00,5630.0,5640.0,5560.0,5560.0,17369200,701,2023-08-29,0.3370808128228172,1897.7649761924608,1901.135784320689,1874.1693192948637,1874.1693192948637,1,1808,1.0,0.041666666666666664,1402-06-07,False,False
2023-08-29 11:00:00,5560.0,5600.0,5520.0,5570.0,11697866,636,2023-08-29,0.3370808128228172,1874.1693192948637,1887.6525518077765,1860.686086781951,1877.540127423092,1,1809,1.0,0.041666666666666664,1402-06-07,False,False
2023-08-29 12:00:00,5570.0,5580.0,5520.0,5530.0,6344546,348,2023-08-29,0.3370808128228172,1877.540127423092,1880.91093555132,1860.686086781951,1864.0568949101792,1,1810,1.0,0.041666666666666664,1402-06-07,False,False
2023-08-30 09:00:00,5510.0,5730.0,5510.0,5610.0,16639009,791,2023-08-30,0.3370808128228172,1857.3152786537228,1931.4730574747425,1857.3152786537228,1891.0233599360045,1,1811,21.0,0.875,1402-06-08,False,False
2023-08-30 10:00:00,5610.0,5630.0,5600.0,5600.0,9847558,640,2023-08-30,0.3370808128228172,1891.0233599360045,1897.7649761924608,1887.6525518077765,1887.6525518077765,1,1812,1.0,0.041666666666666664,1402-06-08,False,False
2023-08-30 11:00:00,5600.0,5650.0,5590.0,5620.0,7087675,517,2023-08-30,0.3370808128228172,1887.6525518077765,1904.5065924489172,1884.2817436795483,1894.3941680642326,1,1813,1.0,0.041666666666666664,1402-06-08,False,False
2023-08-30 12:00:00,5620.0,5680.0,5590.0,5610.0,11044328,398,2023-08-30,0.3370808128228172,1894.3941680642326,1914.6190168336018,1884.2817436795483,1891.0233599360045,1,1814,1.0,0.041666666666666664,1402-06-08,False,False
2023-09-02 09:00:00,5660.0,5720.0,5570.0,5580.0,10970189,724,2023-09-02,0.3370808128228172,1907.8774005771454,1928.1022493465146,1877.540127423092,1880.91093555132,1,1815,69.0,2.875,1402-06-11,False,False
2023-09-02 10:00:00,5580.0,5590.0,5530.0,5540.0,6018393,440,2023-09-02,0.3370808128228172,1880.91093555132,1884.2817436795483,1864.0568949101792,1867.4277030384073,1,1816,1.0,0.041666666666666664,1402-06-11,False,False
2023-09-02 11:00:00,5540.0,5720.0,5490.0,5630.0,26019829,718,2023-09-02,0.3370808128228172,1867.4277030384073,1928.1022493465146,1850.5736623972664,1897.7649761924608,1,1817,1.0,0.041666666666666664,1402-06-11,False,False
2023-09-02 12:00:00,5640.0,5650.0,5590.0,5590.0,5609037,343,2023-09-02,0.3370808128228172,1901.135784320689,1904.5065924489172,1884.2817436795483,1884.2817436795483,1,1818,1.0,0.041666666666666664,1402-06-11,False,False
2023-09-03 09:00:00,5590.0,5660.0,5520.0,5640.0,6887220,554,2023-09-03,0.3370808128228172,1884.2817436795483,1907.8774005771454,1860.686086781951,1901.135784320689,1,1819,21.0,0.875,1402-06-12,False,False
2023-09-03 10:00:00,5630.0,5640.0,5590.0,5590.0,7700013,442,2023-09-03,0.3370808128228172,1897.7649761924608,1901.135784320689,1884.2817436795483,1884.2817436795483,1,1820,1.0,0.041666666666666664,1402-06-12,False,False
2023-09-03 11:00:00,5580.0,5610.0,5570.0,5600.0,5958574,407,2023-09-03,0.3370808128228172,1880.91093555132,1891.0233599360045,1877.540127423092,1887.6525518077765,1,1821,1.0,0.041666666666666664,1402-06-12,False,False
2023-09-03 12:00:00,5610.0,5610.0,5580.0,5600.0,6940616,274,2023-09-03,0.3370808128228172,1891.0233599360045,1891.0233599360045,1880.91093555132,1887.6525518077765,1,1822,1.0,0.041666666666666664,1402-06-12,False,False
2023-09-03 14:00:00,5590.0,5590.0,5590.0,5590.0,716550,5,2023-09-03,0.3370808128228172,1884.2817436795483,1884.2817436795483,1884.2817436795483,1884.2817436795483,1,1823,2.0,0.08333333333333333,1402-06-12,False,False
2023-09-04 09:00:00,5550.0,5690.0,5530.0,5640.0,7798426,493,2023-09-04,0.3370808128228172,1870.7985111666355,1917.98982496183,1864.0568949101792,1901.135784320689,1,1824,19.0,0.7916666666666666,1402-06-13,False,False
2023-09-04 10:00:00,5630.0,5740.0,5630.0,5690.0,12323140,627,2023-09-04,0.3370808128228172,1897.7649761924608,1934.8438656029707,1897.7649761924608,1917.98982496183,1,1825,1.0,0.041666666666666664,1402-06-13,False,False
2023-09-04 11:00:00,5690.0,5720.0,5660.0,5710.0,8894108,460,2023-09-04,0.3370808128228172,1917.98982496183,1928.1022493465146,1907.8774005771454,1924.7314412182864,1,1826,1.0,0.041666666666666664,1402-06-13,False,False
2023-09-04 12:00:00,5710.0,5710.0,5630.0,5660.0,7487979,321,2023-09-04,0.3370808128228172,1924.7314412182864,1924.7314412182864,1897.7649761924608,1907.8774005771454,1,1827,1.0,0.041666666666666664,1402-06-13,False,False
2023-09-04 14:00:00,5620.0,5620.0,5620.0,5620.0,716550,4,2023-09-04,0.3370808128228172,1894.3941680642326,1894.3941680642326,1894.3941680642326,1894.3941680642326,1,1828,2.0,0.08333333333333333,1402-06-13,False,False
2023-09-05 09:00:00,5690.0,5800.0,5690.0,5720.0,11917995,740,2023-09-05,0.3370808128228172,1917.98982496183,1955.0687143723399,1917.98982496183,1928.1022493465146,1,1829,19.0,0.7916666666666666,1402-06-14,False,False
2023-09-05 10:00:00,5720.0,5760.0,5660.0,5670.0,10979376,490,2023-09-05,0.3370808128228172,1928.1022493465146,1941.585481859427,1907.8774005771454,1911.2482087053736,1,1830,1.0,0.041666666666666664,1402-06-14,False,False
2023-09-05 11:00:00,5660.0,5670.0,5590.0,5650.0,14729324,533,2023-09-05,0.3370808128228172,1907.8774005771454,1911.2482087053736,1884.2817436795483,1904.5065924489172,1,1831,1.0,0.041666666666666664,1402-06-14,False,False
2023-09-05 12:00:00,5640.0,5670.0,5600.0,5620.0,7690791,286,2023-09-05,0.3370808128228172,1901.135784320689,1911.2482087053736,1887.6525518077765,1894.3941680642326,1,1832,1.0,0.041666666666666664,1402-06-14,False,False
2023-09-05 15:00:00,5660.0,5660.0,5660.0,5660.0,716550,8,2023-09-05,0.3370808128228172,1907.8774005771454,1907.8774005771454,1907.8774005771454,1907.8774005771454,1,1833,3.0,0.125,1402-06-14,False,False
2023-09-09 09:00:00,5590.0,5760.0,5550.0,5620.0,13664364,702,2023-09-09,0.3370808128228172,1884.2817436795483,1941.585481859427,1870.7985111666355,1894.3941680642326,1,1834,90.0,3.75,1402-06-18,False,False
2023-09-09 10:00:00,5630.0,5650.0,5570.0,5570.0,7963570,461,2023-09-09,0.3370808128228172,1897.7649761924608,1904.5065924489172,1877.540127423092,1877.540127423092,1,1835,1.0,0.041666666666666664,1402-06-18,False,False
2023-09-09 11:00:00,5570.0,5640.0,5570.0,5570.0,5963550,461,2023-09-09,0.3370808128228172,1877.540127423092,1901.135784320689,1877.540127423092,1877.540127423092,1,1836,1.0,0.041666666666666664,1402-06-18,False,False
2023-09-09 12:00:00,5580.0,5580.0,5550.0,5550.0,5978479,326,2023-09-09,0.3370808128228172,1880.91093555132,1880.91093555132,1870.7985111666355,1870.7985111666355,1,1837,1.0,0.041666666666666664,1402-06-18,False,False
2023-09-09 16:00:00,5630.0,5650.0,5630.0,5650.0,1433100,20,2023-09-09,0.3370808128228172,1897.7649761924608,1904.5065924489172,1897.7649761924608,1904.5065924489172,1,1838,4.0,0.16666666666666666,1402-06-18,False,False
2023-09-10 09:00:00,5520.0,5600.0,5470.0,5590.0,9497250,614,2023-09-10,0.3370808128228172,1860.686086781951,1887.6525518077765,1843.8320461408102,1884.2817436795483,1,1839,17.0,0.7083333333333334,1402-06-19,False,False
2023-09-10 10:00:00,5600.0,5600.0,5570.0,5600.0,12588805,513,2023-09-10,0.3370808128228172,1887.6525518077765,1887.6525518077765,1877.540127423092,1887.6525518077765,1,1840,1.0,0.041666666666666664,1402-06-19,False,False
2023-09-10 11:00:00,5590.0,5590.0,5550.0,5580.0,13320580,406,2023-09-10,0.3370808128228172,1884.2817436795483,1884.2817436795483,1870.7985111666355,1880.91093555132,1,1841,1.0,0.041666666666666664,1402-06-19,False,False
2023-09-10 12:00:00,5580.0,5580.0,5550.0,5550.0,4234751,244,2023-09-10,0.3370808128228172,1880.91093555132,1880.91093555132,1870.7985111666355,1870.7985111666355,1,1842,1.0,0.041666666666666664,1402-06-19,False,False
2023-09-10 15:00:00,5570.0,5570.0,5570.0,5570.0,716550,5,2023-09-10,0.3370808128228172,1877.540127423092,1877.540127423092,1877.540127423092,1877.540127423092,1,1843,3.0,0.125,1402-06-19,False,False
2023-09-11 09:00:00,5530.0,5600.0,5530.0,5570.0,4990567,380,2023-09-11,0.3370808128228172,1864.0568949101792,1887.6525518077765,1864.0568949101792,1877.540127423092,1,1844,18.0,0.75,1402-06-20,False,False
2023-09-11 10:00:00,5570.0,5600.0,5530.0,5560.0,7105507,373,2023-09-11,0.3370808128228172,1877.540127423092,1887.6525518077765,1864.0568949101792,1874.1693192948637,1,1845,1.0,0.041666666666666664,1402-06-20,False,False
2023-09-11 11:00:00,5550.0,5560.0,5520.0,5540.0,5740573,357,2023-09-11,0.3370808128228172,1870.7985111666355,1874.1693192948637,1860.686086781951,1867.4277030384073,1,1846,1.0,0.041666666666666664,1402-06-20,False,False
2023-09-11 12:00:00,5530.0,5590.0,5500.0,5590.0,8644335,263,2023-09-11,0.3370808128228172,1864.0568949101792,1884.2817436795483,1853.9444705254946,1884.2817436795483,1,1847,1.0,0.041666666666666664,1402-06-20,False,False
2023-09-12 09:00:00,5600.0,5600.0,5550.0,5590.0,4647696,325,2023-09-12,0.3370808128228172,1887.6525518077765,1887.6525518077765,1870.7985111666355,1884.2817436795483,1,1848,21.0,0.875,1402-06-21,False,False
2023-09-12 10:00:00,5590.0,5600.0,5550.0,5560.0,6461057,313,2023-09-12,0.3370808128228172,1884.2817436795483,1887.6525518077765,1870.7985111666355,1874.1693192948637,1,1849,1.0,0.041666666666666664,1402-06-21,False,False
2023-09-12 11:00:00,5560.0,5570.0,5540.0,5550.0,6047605,366,2023-09-12,0.3370808128228172,1874.1693192948637,1877.540127423092,1867.4277030384073,1870.7985111666355,1,1850,1.0,0.041666666666666664,1402-06-21,False,False
2023-09-12 12:00:00,5560.0,5570.0,5530.0,5550.0,11608728,273,2023-09-12,0.3370808128228172,1874.1693192948637,1877.540127423092,1864.0568949101792,1870.7985111666355,1,1851,1.0,0.041666666666666664,1402-06-21,False,False
2023-09-13 09:00:00,5560.0,5600.0,5540.0,5550.0,11408434,703,2023-09-13,0.3370808128228172,1874.1693192948637,1887.6525518077765,1867.4277030384073,1870.7985111666355,1,1852,21.0,0.875,1402-06-22,False,False
2023-09-13 10:00:00,5540.0,5580.0,5530.0,5570.0,11494667,583,2023-09-13,0.3370808128228172,1867.4277030384073,1880.91093555132,1864.0568949101792,1877.540127423092,1,1853,1.0,0.041666666666666664,1402-06-22,False,False
2023-09-13 11:00:00,5560.0,5580.0,5530.0,5560.0,11850942,474,2023-09-13,0.3370808128228172,1874.1693192948637,1880.91093555132,1864.0568949101792,1874.1693192948637,1,1854,1.0,0.041666666666666664,1402-06-22,False,False
2023-09-13 12:00:00,5560.0,5600.0,5540.0,5560.0,8090911,324,2023-09-13,0.3370808128228172,1874.1693192948637,1887.6525518077765,1867.4277030384073,1874.1693192948637,1,1855,1.0,0.041666666666666664,1402-06-22,False,False
2023-09-17 09:00:00,5560.0,5660.0,5560.0,5610.0,7717511,627,2023-09-17,0.3370808128228172,1874.1693192948637,1907.8774005771454,1874.1693192948637,1891.0233599360045,1,1856,93.0,3.875,1402-06-26,False,False
2023-09-17 10:00:00,5600.0,5610.0,5530.0,5550.0,11612093,607,2023-09-17,0.3370808128228172,1887.6525518077765,1891.0233599360045,1864.0568949101792,1870.7985111666355,1,1857,1.0,0.041666666666666664,1402-06-26,False,False
2023-09-17 11:00:00,5550.0,5570.0,5530.0,5560.0,9860009,565,2023-09-17,0.3370808128228172,1870.7985111666355,1877.540127423092,1864.0568949101792,1874.1693192948637,1,1858,1.0,0.041666666666666664,1402-06-26,False,False
2023-09-17 12:00:00,5560.0,5570.0,5550.0,5560.0,6992811,384,2023-09-17,0.3370808128228172,1874.1693192948637,1877.540127423092,1870.7985111666355,1874.1693192948637,1,1859,1.0,0.041666666666666664,1402-06-26,False,False
2023-09-18 09:00:00,5550.0,5580.0,5530.0,5540.0,11332291,541,2023-09-18,0.3370808128228172,1870.7985111666355,1880.91093555132,1864.0568949101792,1867.4277030384073,1,1860,21.0,0.875,1402-06-27,False,False
2023-09-18 10:00:00,5540.0,5580.0,5530.0,5550.0,14612311,515,2023-09-18,0.3370808128228172,1867.4277030384073,1880.91093555132,1864.0568949101792,1870.7985111666355,1,1861,1.0,0.041666666666666664,1402-06-27,False,False
2023-09-18 11:00:00,5550.0,5610.0,5550.0,5580.0,17239019,470,2023-09-18,0.3370808128228172,1870.7985111666355,1891.0233599360045,1870.7985111666355,1880.91093555132,1,1862,1.0,0.041666666666666664,1402-06-27,False,False
2023-09-18 12:00:00,5590.0,5600.0,5560.0,5560.0,13661603,308,2023-09-18,0.3370808128228172,1884.2817436795483,1887.6525518077765,1874.1693192948637,1874.1693192948637,1,1863,1.0,0.041666666666666664,1402-06-27,False,False
2023-09-19 09:00:00,5570.0,5620.0,5550.0,5600.0,9092142,445,2023-09-19,0.3370808128228172,1877.540127423092,1894.3941680642326,1870.7985111666355,1887.6525518077765,1,1864,21.0,0.875,1402-06-28,False,False
2023-09-19 10:00:00,5600.0,5620.0,5580.0,5590.0,7144485,356,2023-09-19,0.3370808128228172,1887.6525518077765,1894.3941680642326,1880.91093555132,1884.2817436795483,1,1865,1.0,0.041666666666666664,1402-06-28,False,False
2023-09-19 11:00:00,5600.0,5620.0,5580.0,5600.0,12175333,388,2023-09-19,0.3370808128228172,1887.6525518077765,1894.3941680642326,1880.91093555132,1887.6525518077765,1,1866,1.0,0.041666666666666664,1402-06-28,False,False
2023-09-19 12:00:00,5600.0,5620.0,5590.0,5610.0,17902480,275,2023-09-19,0.3370808128228172,1887.6525518077765,1894.3941680642326,1884.2817436795483,1891.0233599360045,1,1867,1.0,0.041666666666666664,1402-06-28,False,False
2023-09-20 09:00:00,5610.0,5610.0,5530.0,5540.0,12220943,345,2023-09-20,0.3370808128228172,1891.0233599360045,1891.0233599360045,1864.0568949101792,1867.4277030384073,1,1868,21.0,0.875,1402-06-29,False,False
2023-09-20 10:00:00,5540.0,5610.0,5530.0,5600.0,11684167,386,2023-09-20,0.3370808128228172,1867.4277030384073,1891.0233599360045,1864.0568949101792,1887.6525518077765,1,1869,1.0,0.041666666666666664,1402-06-29,False,False
2023-09-20 11:00:00,5600.0,5650.0,5580.0,5640.0,25381806,464,2023-09-20,0.3370808128228172,1887.6525518077765,1904.5065924489172,1880.91093555132,1901.135784320689,1,1870,1.0,0.041666666666666664,1402-06-29,False,False
2023-09-20 12:00:00,5640.0,5640.0,5580.0,5600.0,6931606,230,2023-09-20,0.3370808128228172,1901.135784320689,1901.135784320689,1880.91093555132,1887.6525518077765,1,1871,1.0,0.041666666666666664,1402-06-29,False,False
2023-09-23 09:00:00,5550.0,5610.0,5550.0,5580.0,7331630,445,2023-09-23,0.3370808128228172,1870.7985111666355,1891.0233599360045,1870.7985111666355,1880.91093555132,1,1872,69.0,2.875,1402-07-01,False,False
2023-09-23 10:00:00,5580.0,5600.0,5570.0,5580.0,7700395,417,2023-09-23,0.3370808128228172,1880.91093555132,1887.6525518077765,1877.540127423092,1880.91093555132,1,1873,1.0,0.041666666666666664,1402-07-01,False,False
2023-09-23 11:00:00,5580.0,5610.0,5570.0,5590.0,8240566,374,2023-09-23,0.3370808128228172,1880.91093555132,1891.0233599360045,1877.540127423092,1884.2817436795483,1,1874,1.0,0.041666666666666664,1402-07-01,False,False
2023-09-23 12:00:00,5600.0,5600.0,5580.0,5580.0,4393657,239,2023-09-23,0.3370808128228172,1887.6525518077765,1887.6525518077765,1880.91093555132,1880.91093555132,1,1875,1.0,0.041666666666666664,1402-07-01,False,False
2023-09-25 09:00:00,5580.0,5610.0,5560.0,5570.0,13356841,577,2023-09-25,0.3370808128228172,1880.91093555132,1891.0233599360045,1874.1693192948637,1877.540127423092,1,1876,45.0,1.875,1402-07-03,False,False
2023-09-25 10:00:00,5570.0,5570.0,5540.0,5550.0,10223529,457,2023-09-25,0.3370808128228172,1877.540127423092,1877.540127423092,1867.4277030384073,1870.7985111666355,1,1877,1.0,0.041666666666666664,1402-07-03,False,False
2023-09-25 11:00:00,5540.0,5550.0,5500.0,5500.0,12046814,453,2023-09-25,0.3370808128228172,1867.4277030384073,1870.7985111666355,1853.9444705254946,1853.9444705254946,1,1878,1.0,0.041666666666666664,1402-07-03,False,False
2023-09-25 12:00:00,5500.0,5550.0,5490.0,5540.0,12694063,415,2023-09-25,0.3370808128228172,1853.9444705254946,1870.7985111666355,1850.5736623972664,1867.4277030384073,1,1879,1.0,0.041666666666666664,1402-07-03,False,False
2023-09-26 09:00:00,5560.0,5560.0,5510.0,5510.0,10929935,539,2023-09-26,0.3370808128228172,1874.1693192948637,1874.1693192948637,1857.3152786537228,1857.3152786537228,1,1880,21.0,0.875,1402-07-04,False,False
2023-09-26 10:00:00,5510.0,5560.0,5510.0,5530.0,8548204,443,2023-09-26,0.3370808128228172,1857.3152786537228,1874.1693192948637,1857.3152786537228,1864.0568949101792,1,1881,1.0,0.041666666666666664,1402-07-04,False,False
2023-09-26 11:00:00,5530.0,5530.0,5500.0,5510.0,8315978,479,2023-09-26,0.3370808128228172,1864.0568949101792,1864.0568949101792,1853.9444705254946,1857.3152786537228,1,1882,1.0,0.041666666666666664,1402-07-04,False,False
2023-09-26 12:00:00,5510.0,5520.0,5500.0,5510.0,7032454,250,2023-09-26,0.3370808128228172,1857.3152786537228,1860.686086781951,1853.9444705254946,1857.3152786537228,1,1883,1.0,0.041666666666666664,1402-07-04,False,False
2023-09-27 09:00:00,5500.0,5540.0,5460.0,5530.0,8099535,540,2023-09-27,0.3370808128228172,1853.9444705254946,1867.4277030384073,1840.461238012582,1864.0568949101792,1,1884,21.0,0.875,1402-07-05,False,False
2023-09-27 10:00:00,5520.0,5530.0,5500.0,5500.0,13364662,503,2023-09-27,0.3370808128228172,1860.686086781951,1864.0568949101792,1853.9444705254946,1853.9444705254946,1,1885,1.0,0.041666666666666664,1402-07-05,False,False
2023-09-27 11:00:00,5510.0,5510.0,5490.0,5500.0,11696191,460,2023-09-27,0.3370808128228172,1857.3152786537228,1857.3152786537228,1850.5736623972664,1853.9444705254946,1,1886,1.0,0.041666666666666664,1402-07-05,False,False
2023-09-27 12:00:00,5500.0,5520.0,5490.0,5510.0,6097635,276,2023-09-27,0.3370808128228172,1853.9444705254946,1860.686086781951,1850.5736623972664,1857.3152786537228,1,1887,1.0,0.041666666666666664,1402-07-05,False,False
2023-09-30 09:00:00,5510.0,5550.0,5420.0,5450.0,11956830,670,2023-09-30,0.3370808128228172,1857.3152786537228,1870.7985111666355,1826.9780054996693,1837.0904298843539,1,1888,69.0,2.875,1402-07-08,False,False
2023-09-30 10:00:00,5440.0,5450.0,5410.0,5410.0,9318632,542,2023-09-30,0.3370808128228172,1833.7196217561257,1837.0904298843539,1823.607197371441,1823.607197371441,1,1889,1.0,0.041666666666666664,1402-07-08,False,False
2023-09-30 11:00:00,5410.0,5410.0,5360.0,5370.0,16262132,765,2023-09-30,0.3370808128228172,1823.607197371441,1823.607197371441,1806.7531567303004,1810.1239648585283,1,1890,1.0,0.041666666666666664,1402-07-08,False,False
2023-09-30 12:00:00,5360.0,5370.0,5340.0,5350.0,8071194,448,2023-09-30,0.3370808128228172,1806.7531567303004,1810.1239648585283,1800.011540473844,1803.3823486020722,1,1891,1.0,0.041666666666666664,1402-07-08,False,False
2023-09-30 16:00:00,5490.0,5490.0,5490.0,5490.0,716550,9,2023-09-30,0.3370808128228172,1850.5736623972664,1850.5736623972664,1850.5736623972664,1850.5736623972664,1,1892,4.0,0.16666666666666666,1402-07-08,False,False
2023-10-01 09:00:00,5410.0,5430.0,5300.0,5310.0,12436979,713,2023-10-01,0.3370808128228172,1823.607197371441,1830.3488136278975,1786.5283079609312,1789.8991160891594,1,1893,17.0,0.7083333333333334,1402-07-09,False,False
2023-10-01 10:00:00,5300.0,5310.0,5290.0,5300.0,10604596,559,2023-10-01,0.3370808128228172,1786.5283079609312,1789.8991160891594,1783.157499832703,1786.5283079609312,1,1894,1.0,0.041666666666666664,1402-07-09,False,False
2023-10-01 11:00:00,5300.0,5310.0,5280.0,5280.0,14412899,555,2023-10-01,0.3370808128228172,1786.5283079609312,1789.8991160891594,1779.7866917044748,1779.7866917044748,1,1895,1.0,0.041666666666666664,1402-07-09,False,False
2023-10-01 12:00:00,5290.0,5300.0,5280.0,5300.0,7390791,360,2023-10-01,0.3370808128228172,1783.157499832703,1786.5283079609312,1779.7866917044748,1786.5283079609312,1,1896,1.0,0.041666666666666664,1402-07-09,False,False
2023-10-02 09:00:00,5280.0,5350.0,5250.0,5300.0,6939809,477,2023-10-02,0.3370808128228172,1779.7866917044748,1803.3823486020722,1769.6742673197903,1786.5283079609312,1,1897,21.0,0.875,1402-07-10,False,False
2023-10-02 10:00:00,5300.0,5340.0,5290.0,5320.0,7054518,432,2023-10-02,0.3370808128228172,1786.5283079609312,1800.011540473844,1783.157499832703,1793.2699242173876,1,1898,1.0,0.041666666666666664,1402-07-10,False,False
2023-10-02 11:00:00,5320.0,5320.0,5310.0,5310.0,7563114,487,2023-10-02,0.3370808128228172,1793.2699242173876,1793.2699242173876,1789.8991160891594,1789.8991160891594,1,1899,1.0,0.041666666666666664,1402-07-10,False,False
2023-10-02 12:00:00,5320.0,5320.0,5290.0,5320.0,25389343,480,2023-10-02,0.3370808128228172,1793.2699242173876,1793.2699242173876,1783.157499832703,1793.2699242173876,1,1900,1.0,0.041666666666666664,1402-07-10,False,False
2023-10-04 09:00:00,5310.0,5360.0,5300.0,5310.0,7808670,545,2023-10-04,0.3370808128228172,1789.8991160891594,1806.7531567303004,1786.5283079609312,1789.8991160891594,1,1901,45.0,1.875,1402-07-12,False,False
2023-10-04 10:00:00,5300.0,5310.0,5300.0,5300.0,8024045,427,2023-10-04,0.3370808128228172,1786.5283079609312,1789.8991160891594,1786.5283079609312,1786.5283079609312,1,1902,1.0,0.041666666666666664,1402-07-12,False,False
2023-10-04 11:00:00,5300.0,5310.0,5290.0,5300.0,15949681,486,2023-10-04,0.3370808128228172,1786.5283079609312,1789.8991160891594,1783.157499832703,1786.5283079609312,1,1903,1.0,0.041666666666666664,1402-07-12,False,False
2023-10-04 12:00:00,5300.0,5310.0,5300.0,5310.0,7397047,299,2023-10-04,0.3370808128228172,1786.5283079609312,1789.8991160891594,1786.5283079609312,1789.8991160891594,1,1904,1.0,0.041666666666666664,1402-07-12,False,False
2023-10-07 09:00:00,5300.0,5350.0,5280.0,5290.0,10327594,548,2023-10-07,0.3370808128228172,1786.5283079609312,1803.3823486020722,1779.7866917044748,1783.157499832703,1,1905,69.0,2.875,1402-07-15,False,False
2023-10-07 10:00:00,5290.0,5300.0,5280.0,5300.0,13024682,467,2023-10-07,0.3370808128228172,1783.157499832703,1786.5283079609312,1779.7866917044748,1786.5283079609312,1,1906,1.0,0.041666666666666664,1402-07-15,False,False
2023-10-07 11:00:00,5290.0,5300.0,5260.0,5290.0,15080537,476,2023-10-07,0.3370808128228172,1783.157499832703,1786.5283079609312,1773.0450754480185,1783.157499832703,1,1907,1.0,0.041666666666666664,1402-07-15,False,False
2023-10-07 12:00:00,5280.0,5300.0,5270.0,5290.0,5864246,270,2023-10-07,0.3370808128228172,1779.7866917044748,1786.5283079609312,1776.4158835762466,1783.157499832703,1,1908,1.0,0.041666666666666664,1402-07-15,False,False
2023-10-08 09:00:00,5260.0,5270.0,5090.0,5100.0,24650191,1056,2023-10-08,0.3370808128228172,1773.0450754480185,1776.4158835762466,1715.7413372681397,1719.1121453963679,1,1909,21.0,0.875,1402-07-16,False,False
2023-10-08 10:00:00,5100.0,5130.0,5080.0,5130.0,14188955,719,2023-10-08,0.3370808128228172,1719.1121453963679,1729.2245697810522,1712.3705291399115,1729.2245697810522,1,1910,1.0,0.041666666666666664,1402-07-16,False,False
2023-10-08 11:00:00,5130.0,5150.0,5090.0,5120.0,13193246,522,2023-10-08,0.3370808128228172,1729.2245697810522,1735.9661860375086,1715.7413372681397,1725.8537616528242,1,1911,1.0,0.041666666666666664,1402-07-16,False,False
2023-10-08 12:00:00,5120.0,5150.0,5100.0,5150.0,5244658,320,2023-10-08,0.3370808128228172,1725.8537616528242,1735.9661860375086,1719.1121453963679,1735.9661860375086,1,1912,1.0,0.041666666666666664,1402-07-16,False,False
2023-10-09 09:00:00,5080.0,5400.0,5080.0,5210.0,16365815,890,2023-10-09,0.3370808128228172,1712.3705291399115,1820.236389243213,1712.3705291399115,1756.1910348068777,1,1913,21.0,0.875,1402-07-17,False,False
2023-10-09 10:00:00,5210.0,5230.0,5150.0,5180.0,4465338,387,2023-10-09,0.3370808128228172,1756.1910348068777,1762.932651063334,1735.9661860375086,1746.0786104221932,1,1914,1.0,0.041666666666666664,1402-07-17,False,False
2023-10-09 11:00:00,5180.0,5190.0,5150.0,5150.0,5263489,388,2023-10-09,0.3370808128228172,1746.0786104221932,1749.4494185504213,1735.9661860375086,1735.9661860375086,1,1915,1.0,0.041666666666666664,1402-07-17,False,False
2023-10-09 12:00:00,5150.0,5190.0,5150.0,5180.0,3914486,273,2023-10-09,0.3370808128228172,1735.9661860375086,1749.4494185504213,1735.9661860375086,1746.0786104221932,1,1916,1.0,0.041666666666666664,1402-07-17,False,False
2023-10-10 09:00:00,5230.0,5290.0,5190.0,5240.0,9298349,461,2023-10-10,0.3370808128228172,1762.932651063334,1783.157499832703,1749.4494185504213,1766.3034591915623,1,1917,21.0,0.875,1402-07-18,False,False
2023-10-10 10:00:00,5240.0,5260.0,5240.0,5260.0,7840582,340,2023-10-10,0.3370808128228172,1766.3034591915623,1773.0450754480185,1766.3034591915623,1773.0450754480185,1,1918,1.0,0.041666666666666664,1402-07-18,False,False
2023-10-10 11:00:00,5250.0,5260.0,5240.0,5250.0,5569551,412,2023-10-10,0.3370808128228172,1769.6742673197903,1773.0450754480185,1766.3034591915623,1769.6742673197903,1,1919,1.0,0.041666666666666664,1402-07-18,False,False
2023-10-10 12:00:00,5250.0,5270.0,5240.0,5260.0,6780704,307,2023-10-10,0.3370808128228172,1769.6742673197903,1776.4158835762466,1766.3034591915623,1773.0450754480185,1,1920,1.0,0.041666666666666664,1402-07-18,False,False
2023-10-11 09:00:00,5300.0,5300.0,5220.0,5240.0,5085838,422,2023-10-11,0.3370808128228172,1786.5283079609312,1786.5283079609312,1759.561842935106,1766.3034591915623,1,1921,21.0,0.875,1402-07-19,False,False
2023-10-11 10:00:00,5240.0,5250.0,5210.0,5210.0,4089353,328,2023-10-11,0.3370808128228172,1766.3034591915623,1769.6742673197903,1756.1910348068777,1756.1910348068777,1,1922,1.0,0.041666666666666664,1402-07-19,False,False
2023-10-11 11:00:00,5210.0,5230.0,5190.0,5230.0,7620245,350,2023-10-11,0.3370808128228172,1756.1910348068777,1762.932651063334,1749.4494185504213,1762.932651063334,1,1923,1.0,0.041666666666666664,1402-07-19,False,False
2023-10-11 12:00:00,5220.0,5240.0,5220.0,5230.0,6171777,230,2023-10-11,0.3370808128228172,1759.561842935106,1766.3034591915623,1759.561842935106,1762.932651063334,1,1924,1.0,0.041666666666666664,1402-07-19,False,False
2023-10-14 09:00:00,5220.0,5230.0,5050.0,5150.0,7868577,608,2023-10-14,0.3370808128228172,1759.561842935106,1762.932651063334,1702.258104755227,1735.9661860375086,1,1925,69.0,2.875,1402-07-22,False,False
2023-10-14 10:00:00,5150.0,5150.0,5110.0,5140.0,10411720,448,2023-10-14,0.3370808128228172,1735.9661860375086,1735.9661860375086,1722.482953524596,1732.5953779092804,1,1926,1.0,0.041666666666666664,1402-07-22,False,False
2023-10-14 11:00:00,5150.0,5170.0,5140.0,5150.0,7087913,340,2023-10-14,0.3370808128228172,1735.9661860375086,1742.707802293965,1732.5953779092804,1735.9661860375086,1,1927,1.0,0.041666666666666664,1402-07-22,False,False
2023-10-14 12:00:00,5150.0,5160.0,5140.0,5150.0,6862511,260,2023-10-14,0.3370808128228172,1735.9661860375086,1739.3369941657368,1732.5953779092804,1735.9661860375086,1,1928,1.0,0.041666666666666664,1402-07-22,False,False
2023-10-14 14:00:00,5130.0,5130.0,5130.0,5130.0,716550,10,2023-10-14,0.3370808128228172,1729.2245697810522,1729.2245697810522,1729.2245697810522,1729.2245697810522,1,1929,2.0,0.08333333333333333,1402-07-22,False,False
2023-10-15 09:00:00,5120.0,5200.0,5110.0,5150.0,4743940,373,2023-10-15,0.3370808128228172,1725.8537616528242,1752.8202266786495,1722.482953524596,1735.9661860375086,1,1930,19.0,0.7916666666666666,1402-07-23,False,False
2023-10-15 10:00:00,5140.0,5200.0,5140.0,5190.0,13502137,470,2023-10-15,0.3370808128228172,1732.5953779092804,1752.8202266786495,1732.5953779092804,1749.4494185504213,1,1931,1.0,0.041666666666666664,1402-07-23,False,False
2023-10-15 11:00:00,5190.0,5200.0,5190.0,5190.0,12762953,404,2023-10-15,0.3370808128228172,1749.4494185504213,1752.8202266786495,1749.4494185504213,1749.4494185504213,1,1932,1.0,0.041666666666666664,1402-07-23,False,False
2023-10-15 12:00:00,5190.0,5250.0,5180.0,5240.0,6934989,246,2023-10-15,0.3370808128228172,1749.4494185504213,1769.6742673197903,1746.0786104221932,1766.3034591915623,1,1933,1.0,0.041666666666666664,1402-07-23,False,False
2023-10-16 09:00:00,5200.0,5260.0,5200.0,5220.0,4632935,410,2023-10-16,0.3370808128228172,1752.8202266786495,1773.0450754480185,1752.8202266786495,1759.561842935106,1,1934,21.0,0.875,1402-07-24,False,False
2023-10-16 10:00:00,5220.0,5230.0,5200.0,5210.0,5776596,338,2023-10-16,0.3370808128228172,1759.561842935106,1762.932651063334,1752.8202266786495,1756.1910348068777,1,1935,1.0,0.041666666666666664,1402-07-24,False,False
2023-10-16 11:00:00,5210.0,5280.0,5200.0,5260.0,7020250,370,2023-10-16,0.3370808128228172,1756.1910348068777,1779.7866917044748,1752.8202266786495,1773.0450754480185,1,1936,1.0,0.041666666666666664,1402-07-24,False,False
2023-10-16 12:00:00,5260.0,5290.0,5250.0,5280.0,4704453,212,2023-10-16,0.3370808128228172,1773.0450754480185,1783.157499832703,1769.6742673197903,1779.7866917044748,1,1937,1.0,0.041666666666666664,1402-07-24,False,False
2023-10-18 10:00:00,5240.0,5280.0,5220.0,5230.0,9025299,414,2023-10-18,0.3370808128228172,1766.3034591915623,1779.7866917044748,1759.561842935106,1762.932651063334,1,1938,46.0,1.9166666666666667,1402-07-26,False,False
2023-10-18 11:00:00,5230.0,5230.0,5190.0,5190.0,16845642,524,2023-10-18,0.3370808128228172,1762.932651063334,1762.932651063334,1749.4494185504213,1749.4494185504213,1,1939,1.0,0.041666666666666664,1402-07-26,False,False
2023-10-18 12:00:00,5200.0,5270.0,5190.0,5260.0,13872959,373,2023-10-18,0.3370808128228172,1752.8202266786495,1776.4158835762466,1749.4494185504213,1773.0450754480185,1,1940,1.0,0.041666666666666664,1402-07-26,False,False
2023-10-21 09:00:00,5210.0,5240.0,5180.0,5230.0,14478098,585,2023-10-21,0.3370808128228172,1756.1910348068777,1766.3034591915623,1746.0786104221932,1762.932651063334,1,1941,69.0,2.875,1402-07-29,False,False
2023-10-21 10:00:00,5230.0,5240.0,5210.0,5210.0,11314321,453,2023-10-21,0.3370808128228172,1762.932651063334,1766.3034591915623,1756.1910348068777,1756.1910348068777,1,1942,1.0,0.041666666666666664,1402-07-29,False,False
2023-10-21 11:00:00,5210.0,5220.0,5200.0,5200.0,9723514,370,2023-10-21,0.3370808128228172,1756.1910348068777,1759.561842935106,1752.8202266786495,1752.8202266786495,1,1943,1.0,0.041666666666666664,1402-07-29,False,False
2023-10-21 12:00:00,5200.0,5210.0,5190.0,5190.0,6103303,305,2023-10-21,0.3370808128228172,1752.8202266786495,1756.1910348068777,1749.4494185504213,1749.4494185504213,1,1944,1.0,0.041666666666666664,1402-07-29,False,False
2023-10-22 09:00:00,5300.0,5440.0,5300.0,5360.0,19625752,960,2023-10-22,0.3370808128228172,1786.5283079609312,1833.7196217561257,1786.5283079609312,1806.7531567303004,1,1945,21.0,0.875,1402-07-30,False,False
2023-10-22 10:00:00,5370.0,5390.0,5360.0,5360.0,7612607,483,2023-10-22,0.3370808128228172,1810.1239648585283,1816.8655811149847,1806.7531567303004,1806.7531567303004,1,1946,1.0,0.041666666666666664,1402-07-30,False,False
2023-10-22 11:00:00,5360.0,5380.0,5350.0,5380.0,5610424,378,2023-10-22,0.3370808128228172,1806.7531567303004,1813.4947729867565,1803.3823486020722,1813.4947729867565,1,1947,1.0,0.041666666666666664,1402-07-30,False,False
2023-10-22 12:00:00,5380.0,5390.0,5350.0,5380.0,4237959,241,2023-10-22,0.3370808128228172,1813.4947729867565,1816.8655811149847,1803.3823486020722,1813.4947729867565,1,1948,1.0,0.041666666666666664,1402-07-30,False,False
2023-10-23 09:00:00,5380.0,5400.0,5350.0,5360.0,11523932,588,2023-10-23,0.3370808128228172,1813.4947729867565,1820.236389243213,1803.3823486020722,1806.7531567303004,1,1949,21.0,0.875,1402-08-01,False,False
2023-10-23 10:00:00,5360.0,5460.0,5360.0,5390.0,9443699,519,2023-10-23,0.3370808128228172,1806.7531567303004,1840.461238012582,1806.7531567303004,1816.8655811149847,1,1950,1.0,0.041666666666666664,1402-08-01,False,False
2023-10-23 11:00:00,5400.0,5430.0,5380.0,5400.0,7672429,430,2023-10-23,0.3370808128228172,1820.236389243213,1830.3488136278975,1813.4947729867565,1820.236389243213,1,1951,1.0,0.041666666666666664,1402-08-01,False,False
2023-10-23 12:00:00,5410.0,5410.0,5380.0,5390.0,5956263,300,2023-10-23,0.3370808128228172,1823.607197371441,1823.607197371441,1813.4947729867565,1816.8655811149847,1,1952,1.0,0.041666666666666664,1402-08-01,False,False
2023-10-24 09:00:00,5360.0,5400.0,5350.0,5360.0,6759472,446,2023-10-24,0.3370808128228172,1806.7531567303004,1820.236389243213,1803.3823486020722,1806.7531567303004,1,1953,21.0,0.875,1402-08-02,False,False
2023-10-24 10:00:00,5360.0,5370.0,5290.0,5300.0,13442168,504,2023-10-24,0.3370808128228172,1806.7531567303004,1810.1239648585283,1783.157499832703,1786.5283079609312,1,1954,1.0,0.041666666666666664,1402-08-02,False,False
2023-10-24 11:00:00,5290.0,5340.0,5280.0,5320.0,12130348,485,2023-10-24,0.3370808128228172,1783.157499832703,1800.011540473844,1779.7866917044748,1793.2699242173876,1,1955,1.0,0.041666666666666664,1402-08-02,False,False
2023-10-24 12:00:00,5310.0,5320.0,5290.0,5300.0,7567851,281,2023-10-24,0.3370808128228172,1789.8991160891594,1793.2699242173876,1783.157499832703,1786.5283079609312,1,1956,1.0,0.041666666666666664,1402-08-02,False,False
2023-10-25 09:00:00,5330.0,5370.0,5320.0,5360.0,9065589,483,2023-10-25,0.3370808128228172,1796.6407323456158,1810.1239648585283,1793.2699242173876,1806.7531567303004,1,1957,21.0,0.875,1402-08-03,False,False
2023-10-25 10:00:00,5360.0,5390.0,5360.0,5380.0,7742549,415,2023-10-25,0.3370808128228172,1806.7531567303004,1816.8655811149847,1806.7531567303004,1813.4947729867565,1,1958,1.0,0.041666666666666664,1402-08-03,False,False
2023-10-25 11:00:00,5380.0,5390.0,5340.0,5350.0,4401043,309,2023-10-25,0.3370808128228172,1813.4947729867565,1816.8655811149847,1800.011540473844,1803.3823486020722,1,1959,1.0,0.041666666666666664,1402-08-03,False,False
2023-10-25 12:00:00,5350.0,5360.0,5330.0,5350.0,8021421,248,2023-10-25,0.3370808128228172,1803.3823486020722,1806.7531567303004,1796.6407323456158,1803.3823486020722,1,1960,1.0,0.041666666666666664,1402-08-03,False,False
2023-10-28 09:00:00,5330.0,5330.0,5170.0,5190.0,27848815,1022,2023-10-28,0.3370808128228172,1796.6407323456158,1796.6407323456158,1742.707802293965,1749.4494185504213,1,1961,69.0,2.875,1402-08-06,False,False
2023-10-28 10:00:00,5180.0,5190.0,5160.0,5180.0,12719254,658,2023-10-28,0.3370808128228172,1746.0786104221932,1749.4494185504213,1739.3369941657368,1746.0786104221932,1,1962,1.0,0.041666666666666664,1402-08-06,False,False
2023-10-28 11:00:00,5180.0,5180.0,5160.0,5170.0,7534046,495,2023-10-28,0.3370808128228172,1746.0786104221932,1746.0786104221932,1739.3369941657368,1742.707802293965,1,1963,1.0,0.041666666666666664,1402-08-06,False,False
2023-10-28 12:00:00,5180.0,5180.0,5160.0,5160.0,5497579,329,2023-10-28,0.3370808128228172,1746.0786104221932,1746.0786104221932,1739.3369941657368,1739.3369941657368,1,1964,1.0,0.041666666666666664,1402-08-06,False,False
2023-10-29 09:00:00,5170.0,5260.0,5160.0,5250.0,13206816,730,2023-10-29,0.3370808128228172,1742.707802293965,1773.0450754480185,1739.3369941657368,1769.6742673197903,1,1965,21.0,0.875,1402-08-07,False,False
2023-10-29 10:00:00,5250.0,5260.0,5230.0,5240.0,4602981,322,2023-10-29,0.3370808128228172,1769.6742673197903,1773.0450754480185,1762.932651063334,1766.3034591915623,1,1966,1.0,0.041666666666666664,1402-08-07,False,False
2023-10-29 11:00:00,5250.0,5250.0,5230.0,5230.0,4239552,315,2023-10-29,0.3370808128228172,1769.6742673197903,1769.6742673197903,1762.932651063334,1762.932651063334,1,1967,1.0,0.041666666666666664,1402-08-07,False,False
2023-10-29 12:00:00,5240.0,5270.0,5230.0,5260.0,3071707,230,2023-10-29,0.3370808128228172,1766.3034591915623,1776.4158835762466,1762.932651063334,1773.0450754480185,1,1968,1.0,0.041666666666666664,1402-08-07,False,False
2023-10-30 09:00:00,5250.0,5330.0,5250.0,5300.0,6025573,435,2023-10-30,0.3370808128228172,1769.6742673197903,1796.6407323456158,1769.6742673197903,1786.5283079609312,1,1969,21.0,0.875,1402-08-08,False,False
2023-10-30 10:00:00,5300.0,5400.0,5290.0,5380.0,8745710,394,2023-10-30,0.3370808128228172,1786.5283079609312,1820.236389243213,1783.157499832703,1813.4947729867565,1,1970,1.0,0.041666666666666664,1402-08-08,False,False
2023-10-30 11:00:00,5390.0,5400.0,5360.0,5380.0,6484078,396,2023-10-30,0.3370808128228172,1816.8655811149847,1820.236389243213,1806.7531567303004,1813.4947729867565,1,1971,1.0,0.041666666666666664,1402-08-08,False,False
2023-10-30 12:00:00,5380.0,5390.0,5360.0,5390.0,5849792,254,2023-10-30,0.3370808128228172,1813.4947729867565,1816.8655811149847,1806.7531567303004,1816.8655811149847,1,1972,1.0,0.041666666666666664,1402-08-08,False,False
2023-10-31 09:00:00,5400.0,5410.0,5330.0,5380.0,5105251,421,2023-10-31,0.3370808128228172,1820.236389243213,1823.607197371441,1796.6407323456158,1813.4947729867565,1,1973,21.0,0.875,1402-08-09,False,False
2023-10-31 10:00:00,5380.0,5420.0,5350.0,5350.0,9816694,505,2023-10-31,0.3370808128228172,1813.4947729867565,1826.9780054996693,1803.3823486020722,1803.3823486020722,1,1974,1.0,0.041666666666666664,1402-08-09,False,False
2023-10-31 11:00:00,5360.0,5380.0,5330.0,5380.0,14639836,446,2023-10-31,0.3370808128228172,1806.7531567303004,1813.4947729867565,1796.6407323456158,1813.4947729867565,1,1975,1.0,0.041666666666666664,1402-08-09,False,False
2023-10-31 12:00:00,5370.0,5380.0,5340.0,5370.0,23027456,362,2023-10-31,0.3370808128228172,1810.1239648585283,1813.4947729867565,1800.011540473844,1810.1239648585283,1,1976,1.0,0.041666666666666664,1402-08-09,False,False
2023-11-04 09:00:00,5440.0,5630.0,5440.0,5530.0,19407340,831,2023-11-04,0.3370808128228172,1833.7196217561257,1897.7649761924608,1833.7196217561257,1864.0568949101792,2,1978,93.0,3.875,1402-08-13,False,False
2023-11-04 10:00:00,5540.0,5540.0,5450.0,5470.0,10576847,455,2023-11-04,0.3370808128228172,1867.4277030384073,1867.4277030384073,1837.0904298843539,1843.8320461408102,2,1979,1.0,0.041666666666666664,1402-08-13,False,False
2023-11-04 11:00:00,5470.0,5510.0,5470.0,5490.0,10372462,462,2023-11-04,0.3370808128228172,1843.8320461408102,1857.3152786537228,1843.8320461408102,1850.5736623972664,2,1980,1.0,0.041666666666666664,1402-08-13,False,False
2023-11-04 12:00:00,5490.0,5500.0,5480.0,5500.0,9059674,332,2023-11-04,0.3370808128228172,1850.5736623972664,1853.9444705254946,1847.2028542690384,1853.9444705254946,2,1981,1.0,0.041666666666666664,1402-08-13,False,False
2023-11-05 09:00:00,5580.0,5590.0,5510.0,5510.0,10300699,520,2023-11-05,0.3370808128228172,1880.91093555132,1884.2817436795483,1857.3152786537228,1857.3152786537228,2,1982,21.0,0.875,1402-08-14,False,False
2023-11-05 10:00:00,5520.0,5540.0,5510.0,5520.0,11289099,450,2023-11-05,0.3370808128228172,1860.686086781951,1867.4277030384073,1857.3152786537228,1860.686086781951,2,1983,1.0,0.041666666666666664,1402-08-14,False,False
2023-11-05 11:00:00,5520.0,5600.0,5510.0,5600.0,7859117,437,2023-11-05,0.3370808128228172,1860.686086781951,1887.6525518077765,1857.3152786537228,1887.6525518077765,2,1984,1.0,0.041666666666666664,1402-08-14,False,False
2023-11-05 12:00:00,5520.0,5570.0,5520.0,5550.0,3602988,250,2023-11-05,0.3370808128228172,1860.686086781951,1877.540127423092,1860.686086781951,1870.7985111666355,2,1985,1.0,0.041666666666666664,1402-08-14,False,False
2023-11-06 09:00:00,5570.0,5580.0,5520.0,5540.0,5425603,416,2023-11-06,0.3370808128228172,1877.540127423092,1880.91093555132,1860.686086781951,1867.4277030384073,2,1986,21.0,0.875,1402-08-15,False,False
2023-11-06 10:00:00,5550.0,5570.0,5530.0,5540.0,11734630,500,2023-11-06,0.3370808128228172,1870.7985111666355,1877.540127423092,1864.0568949101792,1867.4277030384073,2,1987,1.0,0.041666666666666664,1402-08-15,False,False
2023-11-06 11:00:00,5530.0,5550.0,5500.0,5530.0,10676614,490,2023-11-06,0.3370808128228172,1864.0568949101792,1870.7985111666355,1853.9444705254946,1864.0568949101792,2,1988,1.0,0.041666666666666664,1402-08-15,False,False
2023-11-06 12:00:00,5540.0,5550.0,5530.0,5540.0,5554837,289,2023-11-06,0.3370808128228172,1867.4277030384073,1870.7985111666355,1864.0568949101792,1867.4277030384073,2,1989,1.0,0.041666666666666664,1402-08-15,False,False
2023-11-07 09:00:00,5520.0,5600.0,5520.0,5580.0,6680602,442,2023-11-07,0.3370808128228172,1860.686086781951,1887.6525518077765,1860.686086781951,1880.91093555132,2,1990,21.0,0.875,1402-08-16,False,False
2023-11-07 10:00:00,5580.0,5620.0,5560.0,5620.0,13472391,483,2023-11-07,0.3370808128228172,1880.91093555132,1894.3941680642326,1874.1693192948637,1894.3941680642326,2,1991,1.0,0.041666666666666664,1402-08-16,False,False
2023-11-07 11:00:00,5610.0,5820.0,5610.0,5690.0,19932318,941,2023-11-07,0.3370808128228172,1891.0233599360045,1961.8103306287962,1891.0233599360045,1917.98982496183,2,1992,1.0,0.041666666666666664,1402-08-16,False,False
2023-11-07 12:00:00,5700.0,5720.0,5660.0,5720.0,7637698,347,2023-11-07,0.3370808128228172,1921.3606330900582,1928.1022493465146,1907.8774005771454,1928.1022493465146,2,1993,1.0,0.041666666666666664,1402-08-16,False,False
2023-11-08 09:00:00,5780.0,5780.0,5630.0,5650.0,8804444,583,2023-11-08,0.3370808128228172,1948.3270981158835,1948.3270981158835,1897.7649761924608,1904.5065924489172,2,1994,21.0,0.875,1402-08-17,False,False
2023-11-08 10:00:00,5650.0,5660.0,5620.0,5630.0,6964042,436,2023-11-08,0.3370808128228172,1904.5065924489172,1907.8774005771454,1894.3941680642326,1897.7649761924608,2,1995,1.0,0.041666666666666664,1402-08-17,False,False
2023-11-08 11:00:00,5640.0,5750.0,5600.0,5650.0,16603405,547,2023-11-08,0.3370808128228172,1901.135784320689,1938.214673731199,1887.6525518077765,1904.5065924489172,2,1996,1.0,0.041666666666666664,1402-08-17,False,False
2023-11-08 12:00:00,5640.0,5690.0,5620.0,5630.0,7738417,330,2023-11-08,0.3370808128228172,1901.135784320689,1917.98982496183,1894.3941680642326,1897.7649761924608,2,1997,1.0,0.041666666666666664,1402-08-17,False,False
2023-11-08 14:00:00,5680.0,5680.0,5680.0,5680.0,716550,8,2023-11-08,0.3370808128228172,1914.6190168336018,1914.6190168336018,1914.6190168336018,1914.6190168336018,2,1998,2.0,0.08333333333333333,1402-08-17,False,False
2023-11-11 09:00:00,5600.0,5690.0,5600.0,5670.0,7889911,494,2023-11-11,0.3370808128228172,1887.6525518077765,1917.98982496183,1887.6525518077765,1911.2482087053736,2,1999,67.0,2.7916666666666665,1402-08-20,False,False
2023-11-11 10:00:00,5660.0,5680.0,5630.0,5630.0,7121843,461,2023-11-11,0.3370808128228172,1907.8774005771454,1914.6190168336018,1897.7649761924608,1897.7649761924608,2,2000,1.0,0.041666666666666664,1402-08-20,False,False
2023-11-11 11:00:00,5630.0,5640.0,5610.0,5640.0,7418694,492,2023-11-11,0.3370808128228172,1897.7649761924608,1901.135784320689,1891.0233599360045,1901.135784320689,2,2001,1.0,0.041666666666666664,1402-08-20,False,False
2023-11-11 12:00:00,5630.0,5660.0,5610.0,5640.0,5443338,281,2023-11-11,0.3370808128228172,1897.7649761924608,1907.8774005771454,1891.0233599360045,1901.135784320689,2,2002,1.0,0.041666666666666664,1402-08-20,False,False
2023-11-12 09:00:00,5620.0,5650.0,5580.0,5580.0,7718582,431,2023-11-12,0.3370808128228172,1894.3941680642326,1904.5065924489172,1880.91093555132,1880.91093555132,2,2003,21.0,0.875,1402-08-21,False,False
2023-11-12 10:00:00,5580.0,5650.0,5570.0,5640.0,10558985,369,2023-11-12,0.3370808128228172,1880.91093555132,1904.5065924489172,1877.540127423092,1901.135784320689,2,2004,1.0,0.041666666666666664,1402-08-21,False,False
2023-11-12 11:00:00,5640.0,5650.0,5620.0,5620.0,6962517,350,2023-11-12,0.3370808128228172,1901.135784320689,1904.5065924489172,1894.3941680642326,1894.3941680642326,2,2005,1.0,0.041666666666666664,1402-08-21,False,False
2023-11-12 12:00:00,5620.0,5630.0,5600.0,5600.0,8849972,360,2023-11-12,0.3370808128228172,1894.3941680642326,1897.7649761924608,1887.6525518077765,1887.6525518077765,2,2006,1.0,0.041666666666666664,1402-08-21,False,False
2023-11-13 09:00:00,5660.0,5660.0,5580.0,5610.0,10307401,456,2023-11-13,0.3370808128228172,1907.8774005771454,1907.8774005771454,1880.91093555132,1891.0233599360045,2,2007,21.0,0.875,1402-08-22,False,False
2023-11-13 10:00:00,5620.0,5630.0,5570.0,5590.0,11469710,426,2023-11-13,0.3370808128228172,1894.3941680642326,1897.7649761924608,1877.540127423092,1884.2817436795483,2,2008,1.0,0.041666666666666664,1402-08-22,False,False
2023-11-13 11:00:00,5590.0,5630.0,5560.0,5580.0,21548406,536,2023-11-13,0.3370808128228172,1884.2817436795483,1897.7649761924608,1874.1693192948637,1880.91093555132,2,2009,1.0,0.041666666666666664,1402-08-22,False,False
2023-11-13 12:00:00,5580.0,5590.0,5560.0,5580.0,4805647,250,2023-11-13,0.3370808128228172,1880.91093555132,1884.2817436795483,1874.1693192948637,1880.91093555132,2,2010,1.0,0.041666666666666664,1402-08-22,False,False
2023-11-13 13:00:00,5580.0,5620.0,5580.0,5580.0,9485855,60,2023-11-13,0.3370808128228172,1880.91093555132,1894.3941680642326,1880.91093555132,1880.91093555132,2,2011,1.0,0.041666666666666664,1402-08-22,False,False
2023-11-14 09:00:00,5600.0,5610.0,5500.0,5570.0,6927863,410,2023-11-14,0.3370808128228172,1887.6525518077765,1891.0233599360045,1853.9444705254946,1877.540127423092,2,2012,20.0,0.8333333333333334,1402-08-23,False,False
2023-11-14 10:00:00,5560.0,5570.0,5510.0,5530.0,4943606,328,2023-11-14,0.3370808128228172,1874.1693192948637,1877.540127423092,1857.3152786537228,1864.0568949101792,2,2013,1.0,0.041666666666666664,1402-08-23,False,False
2023-11-14 11:00:00,5530.0,5560.0,5500.0,5540.0,9042977,366,2023-11-14,0.3370808128228172,1864.0568949101792,1874.1693192948637,1853.9444705254946,1867.4277030384073,2,2014,1.0,0.041666666666666664,1402-08-23,False,False
2023-11-14 12:00:00,5540.0,5550.0,5530.0,5540.0,4237756,197,2023-11-14,0.3370808128228172,1867.4277030384073,1870.7985111666355,1864.0568949101792,1867.4277030384073,2,2015,1.0,0.041666666666666664,1402-08-23,False,False
2023-11-15 09:00:00,5530.0,5540.0,5500.0,5510.0,4670096,310,2023-11-15,0.3370808128228172,1864.0568949101792,1867.4277030384073,1853.9444705254946,1857.3152786537228,2,2016,21.0,0.875,1402-08-24,False,False
2023-11-15 10:00:00,5510.0,5540.0,5500.0,5510.0,7286672,351,2023-11-15,0.3370808128228172,1857.3152786537228,1867.4277030384073,1853.9444705254946,1857.3152786537228,2,2017,1.0,0.041666666666666664,1402-08-24,False,False
2023-11-15 11:00:00,5520.0,5520.0,5450.0,5450.0,8783399,410,2023-11-15,0.3370808128228172,1860.686086781951,1860.686086781951,1837.0904298843539,1837.0904298843539,2,2018,1.0,0.041666666666666664,1402-08-24,False,False
2023-11-15 12:00:00,5450.0,5490.0,5420.0,5490.0,5788307,355,2023-11-15,0.3370808128228172,1837.0904298843539,1850.5736623972664,1826.9780054996693,1850.5736623972664,2,2019,1.0,0.041666666666666664,1402-08-24,False,False
2023-11-18 09:00:00,5440.0,5490.0,5400.0,5420.0,6469451,456,2023-11-18,0.3370808128228172,1833.7196217561257,1850.5736623972664,1820.236389243213,1826.9780054996693,2,2020,69.0,2.875,1402-08-27,False,False
2023-11-18 10:00:00,5420.0,5430.0,5370.0,5380.0,6797530,425,2023-11-18,0.3370808128228172,1826.9780054996693,1830.3488136278975,1810.1239648585283,1813.4947729867565,2,2021,1.0,0.041666666666666664,1402-08-27,False,False
2023-11-18 11:00:00,5380.0,5460.0,5370.0,5410.0,8393777,428,2023-11-18,0.3370808128228172,1813.4947729867565,1840.461238012582,1810.1239648585283,1823.607197371441,2,2022,1.0,0.041666666666666664,1402-08-27,False,False
2023-11-18 12:00:00,5410.0,5440.0,5380.0,5420.0,5883265,240,2023-11-18,0.3370808128228172,1823.607197371441,1833.7196217561257,1813.4947729867565,1826.9780054996693,2,2023,1.0,0.041666666666666664,1402-08-27,False,False
2023-11-19 09:00:00,5400.0,5420.0,5360.0,5390.0,4715509,400,2023-11-19,0.3370808128228172,1820.236389243213,1826.9780054996693,1806.7531567303004,1816.8655811149847,2,2024,21.0,0.875,1402-08-28,False,False
2023-11-19 10:00:00,5400.0,5410.0,5370.0,5380.0,11102227,428,2023-11-19,0.3370808128228172,1820.236389243213,1823.607197371441,1810.1239648585283,1813.4947729867565,2,2025,1.0,0.041666666666666664,1402-08-28,False,False
2023-11-19 11:00:00,5380.0,5410.0,5370.0,5390.0,12025767,385,2023-11-19,0.3370808128228172,1813.4947729867565,1823.607197371441,1810.1239648585283,1816.8655811149847,2,2026,1.0,0.041666666666666664,1402-08-28,False,False
2023-11-19 12:00:00,5390.0,5390.0,5350.0,5380.0,15048872,308,2023-11-19,0.3370808128228172,1816.8655811149847,1816.8655811149847,1803.3823486020722,1813.4947729867565,2,2027,1.0,0.041666666666666664,1402-08-28,False,False
2023-11-20 09:00:00,5350.0,5400.0,5340.0,5350.0,3665755,311,2023-11-20,0.3370808128228172,1803.3823486020722,1820.236389243213,1800.011540473844,1803.3823486020722,2,2028,21.0,0.875,1402-08-29,False,False
2023-11-20 10:00:00,5350.0,5400.0,5340.0,5360.0,10881279,419,2023-11-20,0.3370808128228172,1803.3823486020722,1820.236389243213,1800.011540473844,1806.7531567303004,2,2029,1.0,0.041666666666666664,1402-08-29,False,False
2023-11-20 11:00:00,5350.0,5360.0,5320.0,5350.0,8756335,373,2023-11-20,0.3370808128228172,1803.3823486020722,1806.7531567303004,1793.2699242173876,1803.3823486020722,2,2030,1.0,0.041666666666666664,1402-08-29,False,False
2023-11-20 12:00:00,5350.0,5350.0,5310.0,5310.0,4246038,222,2023-11-20,0.3370808128228172,1803.3823486020722,1803.3823486020722,1789.8991160891594,1789.8991160891594,2,2031,1.0,0.041666666666666664,1402-08-29,False,False
2023-11-20 15:00:00,5340.0,5360.0,5320.0,5340.0,5441329,41,2023-11-20,0.3370808128228172,1800.011540473844,1806.7531567303004,1793.2699242173876,1800.011540473844,2,2032,3.0,0.125,1402-08-29,False,False
2023-11-21 09:00:00,5350.0,5350.0,5320.0,5350.0,4645428,439,2023-11-21,0.3370808128228172,1803.3823486020722,1803.3823486020722,1793.2699242173876,1803.3823486020722,2,2033,18.0,0.75,1402-08-30,False,False
2023-11-21 10:00:00,5340.0,5360.0,5330.0,5340.0,11548632,385,2023-11-21,0.3370808128228172,1800.011540473844,1806.7531567303004,1796.6407323456158,1800.011540473844,2,2034,1.0,0.041666666666666664,1402-08-30,False,False
2023-11-21 11:00:00,5330.0,5350.0,5320.0,5330.0,6464728,349,2023-11-21,0.3370808128228172,1796.6407323456158,1803.3823486020722,1793.2699242173876,1796.6407323456158,2,2035,1.0,0.041666666666666664,1402-08-30,False,False
2023-11-21 12:00:00,5330.0,5330.0,5300.0,5310.0,5370235,360,2023-11-21,0.3370808128228172,1796.6407323456158,1796.6407323456158,1786.5283079609312,1789.8991160891594,2,2036,1.0,0.041666666666666664,1402-08-30,False,False
2023-11-22 09:00:00,5300.0,5390.0,5290.0,5360.0,16885288,467,2023-11-22,0.3370808128228172,1786.5283079609312,1816.8655811149847,1783.157499832703,1806.7531567303004,2,2037,21.0,0.875,1402-09-01,False,False
2023-11-22 10:00:00,5360.0,5360.0,5320.0,5330.0,5153687,346,2023-11-22,0.3370808128228172,1806.7531567303004,1806.7531567303004,1793.2699242173876,1796.6407323456158,2,2038,1.0,0.041666666666666664,1402-09-01,False,False
2023-11-22 11:00:00,5340.0,5340.0,5290.0,5320.0,16028385,473,2023-11-22,0.3370808128228172,1800.011540473844,1800.011540473844,1783.157499832703,1793.2699242173876,2,2039,1.0,0.041666666666666664,1402-09-01,False,False
2023-11-22 12:00:00,5320.0,5330.0,5300.0,5320.0,4748830,238,2023-11-22,0.3370808128228172,1793.2699242173876,1796.6407323456158,1786.5283079609312,1793.2699242173876,2,2040,1.0,0.041666666666666664,1402-09-01,False,False
2023-11-25 09:00:00,5320.0,5360.0,5310.0,5320.0,8421449,503,2023-11-25,0.3370808128228172,1793.2699242173876,1806.7531567303004,1789.8991160891594,1793.2699242173876,2,2041,69.0,2.875,1402-09-04,False,False
2023-11-25 10:00:00,5330.0,5340.0,5300.0,5340.0,7147359,401,2023-11-25,0.3370808128228172,1796.6407323456158,1800.011540473844,1786.5283079609312,1800.011540473844,2,2042,1.0,0.041666666666666664,1402-09-04,False,False
2023-11-25 11:00:00,5330.0,5340.0,5310.0,5310.0,5168649,309,2023-11-25,0.3370808128228172,1796.6407323456158,1800.011540473844,1789.8991160891594,1789.8991160891594,2,2043,1.0,0.041666666666666664,1402-09-04,False,False
2023-11-25 12:00:00,5320.0,5320.0,5290.0,5300.0,4110629,235,2023-11-25,0.3370808128228172,1793.2699242173876,1793.2699242173876,1783.157499832703,1786.5283079609312,2,2044,1.0,0.041666666666666664,1402-09-04,False,False
2023-11-26 09:00:00,5320.0,5350.0,5290.0,5310.0,5794140,436,2023-11-26,0.3370808128228172,1793.2699242173876,1803.3823486020722,1783.157499832703,1789.8991160891594,2,2045,21.0,0.875,1402-09-05,False,False
2023-11-26 10:00:00,5310.0,5320.0,5290.0,5310.0,3710644,335,2023-11-26,0.3370808128228172,1789.8991160891594,1793.2699242173876,1783.157499832703,1789.8991160891594,2,2046,1.0,0.041666666666666664,1402-09-05,False,False
2023-11-26 11:00:00,5310.0,5320.0,5300.0,5310.0,6096656,398,2023-11-26,0.3370808128228172,1789.8991160891594,1793.2699242173876,1786.5283079609312,1789.8991160891594,2,2047,1.0,0.041666666666666664,1402-09-05,False,False
2023-11-26 12:00:00,5320.0,5320.0,5300.0,5320.0,3213825,218,2023-11-26,0.3370808128228172,1793.2699242173876,1793.2699242173876,1786.5283079609312,1793.2699242173876,2,2048,1.0,0.041666666666666664,1402-09-05,False,False
2023-11-27 09:00:00,5350.0,5360.0,5300.0,5310.0,10313498,542,2023-11-27,0.3370808128228172,1803.3823486020722,1806.7531567303004,1786.5283079609312,1789.8991160891594,2,2049,21.0,0.875,1402-09-06,False,False
2023-11-27 10:00:00,5300.0,5310.0,5290.0,5290.0,3678488,340,2023-11-27,0.3370808128228172,1786.5283079609312,1789.8991160891594,1783.157499832703,1783.157499832703,2,2050,1.0,0.041666666666666664,1402-09-06,False,False
2023-11-27 11:00:00,5300.0,5310.0,5290.0,5300.0,5851087,445,2023-11-27,0.3370808128228172,1786.5283079609312,1789.8991160891594,1783.157499832703,1786.5283079609312,2,2051,1.0,0.041666666666666664,1402-09-06,False,False
2023-11-27 12:00:00,5310.0,5310.0,5290.0,5310.0,3839110,245,2023-11-27,0.3370808128228172,1789.8991160891594,1789.8991160891594,1783.157499832703,1789.8991160891594,2,2052,1.0,0.041666666666666664,1402-09-06,False,False
2023-11-28 09:00:00,5310.0,5340.0,5280.0,5310.0,6901989,473,2023-11-28,0.3370808128228172,1789.8991160891594,1800.011540473844,1779.7866917044748,1789.8991160891594,2,2053,21.0,0.875,1402-09-07,False,False
2023-11-28 10:00:00,5310.0,5350.0,5300.0,5340.0,5601456,327,2023-11-28,0.3370808128228172,1789.8991160891594,1803.3823486020722,1786.5283079609312,1800.011540473844,2,2054,1.0,0.041666666666666664,1402-09-07,False,False
2023-11-28 11:00:00,5310.0,5350.0,5310.0,5330.0,7056890,389,2023-11-28,0.3370808128228172,1789.8991160891594,1803.3823486020722,1789.8991160891594,1796.6407323456158,2,2055,1.0,0.041666666666666664,1402-09-07,False,False
2023-11-28 12:00:00,5330.0,5370.0,5320.0,5360.0,4606818,252,2023-11-28,0.3370808128228172,1796.6407323456158,1810.1239648585283,1793.2699242173876,1806.7531567303004,2,2056,1.0,0.041666666666666664,1402-09-07,False,False
2023-11-29 09:00:00,5400.0,5450.0,5380.0,5450.0,18186874,716,2023-11-29,0.3370808128228172,1820.236389243213,1837.0904298843539,1813.4947729867565,1837.0904298843539,2,2057,21.0,0.875,1402-09-08,False,False
2023-11-29 10:00:00,5450.0,5570.0,5440.0,5530.0,24624852,895,2023-11-29,0.3370808128228172,1837.0904298843539,1877.540127423092,1833.7196217561257,1864.0568949101792,2,2058,1.0,0.041666666666666664,1402-09-08,False,False
2023-11-29 11:00:00,5530.0,5530.0,5490.0,5490.0,9657881,475,2023-11-29,0.3370808128228172,1864.0568949101792,1864.0568949101792,1850.5736623972664,1850.5736623972664,2,2059,1.0,0.041666666666666664,1402-09-08,False,False
2023-11-29 12:00:00,5500.0,5510.0,5480.0,5500.0,10107151,448,2023-11-29,0.3370808128228172,1853.9444705254946,1857.3152786537228,1847.2028542690384,1853.9444705254946,2,2060,1.0,0.041666666666666664,1402-09-08,False,False
2023-12-02 09:00:00,5560.0,5700.0,5560.0,5600.0,27122193,1112,2023-12-02,0.3370808128228172,1874.1693192948637,1921.3606330900582,1874.1693192948637,1887.6525518077765,2,2061,69.0,2.875,1402-09-11,False,False
2023-12-02 10:00:00,5590.0,5640.0,5570.0,5610.0,18118207,705,2023-12-02,0.3370808128228172,1884.2817436795483,1901.135784320689,1877.540127423092,1891.0233599360045,2,2062,1.0,0.041666666666666664,1402-09-11,False,False
2023-12-02 11:00:00,5620.0,5630.0,5550.0,5580.0,16029690,619,2023-12-02,0.3370808128228172,1894.3941680642326,1897.7649761924608,1870.7985111666355,1880.91093555132,2,2063,1.0,0.041666666666666664,1402-09-11,False,False
2023-12-02 12:00:00,5580.0,5590.0,5540.0,5560.0,9924715,382,2023-12-02,0.3370808128228172,1880.91093555132,1884.2817436795483,1867.4277030384073,1874.1693192948637,2,2064,1.0,0.041666666666666664,1402-09-11,False,False
2023-12-03 09:00:00,5600.0,5660.0,5540.0,5660.0,14851037,655,2023-12-03,0.3370808128228172,1887.6525518077765,1907.8774005771454,1867.4277030384073,1907.8774005771454,2,2065,21.0,0.875,1402-09-12,False,False
2023-12-03 10:00:00,5650.0,5810.0,5650.0,5770.0,31896666,1219,2023-12-03,0.3370808128228172,1904.5065924489172,1958.439522500568,1904.5065924489172,1944.9562899876553,2,2066,1.0,0.041666666666666664,1402-09-12,False,False
2023-12-03 11:00:00,5760.0,6000.0,5750.0,6000.0,64113183,1890,2023-12-03,0.3370808128228172,1941.585481859427,2022.4848769369032,1938.214673731199,2022.4848769369032,2,2067,1.0,0.041666666666666664,1402-09-12,False,False
2023-12-03 12:00:00,6000.0,6000.0,6000.0,6000.0,18937566,469,2023-12-03,0.3370808128228172,2022.4848769369032,2022.4848769369032,2022.4848769369032,2022.4848769369032,2,2068,1.0,0.041666666666666664,1402-09-12,False,False
2023-12-04 09:00:00,6320.0,6320.0,6160.0,6210.0,55273648,2441,2023-12-04,0.3370808128228172,2130.350737040205,2130.350737040205,2076.417806988554,2093.271847629695,2,2069,21.0,0.875,1402-09-13,False,False
2023-12-04 10:00:00,6210.0,6220.0,6150.0,6180.0,31594025,1633,2023-12-04,0.3370808128228172,2093.271847629695,2096.642655757923,2073.046998860326,2083.15942324501,2,2070,1.0,0.041666666666666664,1402-09-13,False,False
2023-12-04 11:00:00,6180.0,6300.0,6160.0,6220.0,37829437,1577,2023-12-04,0.3370808128228172,2083.15942324501,2123.6091207837485,2076.417806988554,2096.642655757923,2,2071,1.0,0.041666666666666664,1402-09-13,False,False
2023-12-04 12:00:00,6210.0,6260.0,6200.0,6240.0,15064160,707,2023-12-04,0.3370808128228172,2093.271847629695,2110.1258882708357,2089.9010395014666,2103.3842720143793,2,2072,1.0,0.041666666666666664,1402-09-13,False,False
2023-12-05 09:00:00,6240.0,6260.0,6150.0,6200.0,34102087,1605,2023-12-05,0.3370808128228172,2103.3842720143793,2110.1258882708357,2073.046998860326,2089.9010395014666,2,2073,21.0,0.875,1402-09-14,False,False
2023-12-05 10:00:00,6190.0,6350.0,6190.0,6250.0,24218045,1227,2023-12-05,0.3370808128228172,2086.5302313732386,2140.463161424889,2086.5302313732386,2106.7550801426078,2,2074,1.0,0.041666666666666664,1402-09-14,False,False
2023-12-05 11:00:00,6240.0,6280.0,6200.0,6220.0,20522198,867,2023-12-05,0.3370808128228172,2103.3842720143793,2116.867504527292,2089.9010395014666,2096.642655757923,2,2075,1.0,0.041666666666666664,1402-09-14,False,False
2023-12-05 12:00:00,6230.0,6230.0,6190.0,6200.0,10446616,529,2023-12-05,0.3370808128228172,2100.0134638861514,2100.0134638861514,2086.5302313732386,2089.9010395014666,2,2076,1.0,0.041666666666666664,1402-09-14,False,False
2023-12-05 14:00:00,6220.0,6220.0,6220.0,6220.0,716550,8,2023-12-05,0.3370808128228172,2096.642655757923,2096.642655757923,2096.642655757923,2096.642655757923,2,2077,2.0,0.08333333333333333,1402-09-14,False,False
2023-12-06 09:00:00,6190.0,6230.0,6120.0,6150.0,17137996,969,2023-12-06,0.3370808128228172,2086.5302313732386,2100.0134638861514,2062.9345744756415,2073.046998860326,2,2078,19.0,0.7916666666666666,1402-09-15,False,False
2023-12-06 10:00:00,6150.0,6190.0,6140.0,6170.0,10377467,676,2023-12-06,0.3370808128228172,2073.046998860326,2086.5302313732386,2069.676190732098,2079.7886151167822,2,2079,1.0,0.041666666666666664,1402-09-15,False,False
2023-12-06 11:00:00,6160.0,6180.0,6140.0,6160.0,10405348,666,2023-12-06,0.3370808128228172,2076.417806988554,2083.15942324501,2069.676190732098,2076.417806988554,2,2080,1.0,0.041666666666666664,1402-09-15,False,False
2023-12-06 12:00:00,6160.0,6170.0,6150.0,6150.0,8060591,412,2023-12-06,0.3370808128228172,2076.417806988554,2079.7886151167822,2073.046998860326,2073.046998860326,2,2081,1.0,0.041666666666666664,1402-09-15,False,False
2023-12-06 14:00:00,6200.0,6200.0,6200.0,6200.0,716550,8,2023-12-06,0.3370808128228172,2089.9010395014666,2089.9010395014666,2089.9010395014666,2089.9010395014666,2,2082,2.0,0.08333333333333333,1402-09-15,False,False
2023-12-09 09:00:00,6140.0,6190.0,6080.0,6120.0,30475629,1088,2023-12-09,0.3370808128228172,2069.676190732098,2086.5302313732386,2049.4513419627287,2062.9345744756415,2,2083,67.0,2.7916666666666665,1402-09-18,False,False
2023-12-09 10:00:00,6120.0,6120.0,6050.0,6050.0,24256434,849,2023-12-09,0.3370808128228172,2062.9345744756415,2062.9345744756415,2039.3389175780442,2039.3389175780442,2,2084,1.0,0.041666666666666664,1402-09-18,False,False
2023-12-09 11:00:00,6050.0,6060.0,6040.0,6050.0,14903007,778,2023-12-09,0.3370808128228172,2039.3389175780442,2042.7097257062724,2035.968109449816,2039.3389175780442,2,2085,1.0,0.041666666666666664,1402-09-18,False,False
2023-12-09 12:00:00,6040.0,6070.0,6030.0,6070.0,15060194,595,2023-12-09,0.3370808128228172,2035.968109449816,2046.0805338345006,2032.5973013215878,2046.0805338345006,2,2086,1.0,0.041666666666666664,1402-09-18,False,False
2023-12-09 13:00:00,6070.0,6140.0,6070.0,6130.0,27607207,326,2023-12-09,0.3370808128228172,2046.0805338345006,2069.676190732098,2046.0805338345006,2066.3053826038695,2,2087,1.0,0.041666666666666664,1402-09-18,False,False
2023-12-10 09:00:00,6050.0,6090.0,6010.0,6070.0,9949858,619,2023-12-10,0.3370808128228172,2039.3389175780442,2052.8221500909567,2025.8556850651314,2046.0805338345006,2,2088,20.0,0.8333333333333334,1402-09-19,False,False
2023-12-10 10:00:00,6080.0,6170.0,6070.0,6120.0,17390679,768,2023-12-10,0.3370808128228172,2049.4513419627287,2079.7886151167822,2046.0805338345006,2062.9345744756415,2,2089,1.0,0.041666666666666664,1402-09-19,False,False
2023-12-10 11:00:00,6130.0,6140.0,6080.0,6090.0,9168601,550,2023-12-10,0.3370808128228172,2066.3053826038695,2069.676190732098,2049.4513419627287,2052.8221500909567,2,2090,1.0,0.041666666666666664,1402-09-19,False,False
2023-12-10 12:00:00,6090.0,6120.0,6080.0,6090.0,8214694,374,2023-12-10,0.3370808128228172,2052.8221500909567,2062.9345744756415,2049.4513419627287,2052.8221500909567,2,2091,1.0,0.041666666666666664,1402-09-19,False,False
2023-12-10 14:00:00,6090.0,6090.0,6090.0,6090.0,264976,3,2023-12-10,0.3370808128228172,2052.8221500909567,2052.8221500909567,2052.8221500909567,2052.8221500909567,2,2092,2.0,0.08333333333333333,1402-09-19,False,False
2023-12-11 09:00:00,6100.0,6150.0,6090.0,6100.0,18438072,713,2023-12-11,0.3370808128228172,2056.192958219185,2073.046998860326,2052.8221500909567,2056.192958219185,2,2093,19.0,0.7916666666666666,1402-09-20,False,False
2023-12-11 10:00:00,6100.0,6100.0,6080.0,6080.0,7180654,492,2023-12-11,0.3370808128228172,2056.192958219185,2056.192958219185,2049.4513419627287,2049.4513419627287,2,2094,1.0,0.041666666666666664,1402-09-20,False,False
2023-12-11 11:00:00,6080.0,6100.0,6070.0,6080.0,12163083,531,2023-12-11,0.3370808128228172,2049.4513419627287,2056.192958219185,2046.0805338345006,2049.4513419627287,2,2095,1.0,0.041666666666666664,1402-09-20,False,False
2023-12-11 12:00:00,6080.0,6090.0,6070.0,6080.0,7357702,362,2023-12-11,0.3370808128228172,2049.4513419627287,2052.8221500909567,2046.0805338345006,2049.4513419627287,2,2096,1.0,0.041666666666666664,1402-09-20,False,False
2023-12-12 09:00:00,6070.0,6100.0,6040.0,6080.0,11960369,636,2023-12-12,0.3370808128228172,2046.0805338345006,2056.192958219185,2035.968109449816,2049.4513419627287,2,2097,21.0,0.875,1402-09-21,False,False
2023-12-12 10:00:00,6080.0,6090.0,6070.0,6080.0,11346806,508,2023-12-12,0.3370808128228172,2049.4513419627287,2052.8221500909567,2046.0805338345006,2049.4513419627287,2,2098,1.0,0.041666666666666664,1402-09-21,False,False
2023-12-12 11:00:00,6070.0,6080.0,6060.0,6070.0,12336360,485,2023-12-12,0.3370808128228172,2046.0805338345006,2049.4513419627287,2042.7097257062724,2046.0805338345006,2,2099,1.0,0.041666666666666664,1402-09-21,False,False
2023-12-12 12:00:00,6070.0,6100.0,6050.0,6070.0,13922681,384,2023-12-12,0.3370808128228172,2046.0805338345006,2056.192958219185,2039.3389175780442,2046.0805338345006,2,2100,1.0,0.041666666666666664,1402-09-21,False,False
2023-12-13 09:00:00,6060.0,6100.0,6030.0,6080.0,7873508,486,2023-12-13,0.3370808128228172,2042.7097257062724,2056.192958219185,2032.5973013215878,2049.4513419627287,2,2101,21.0,0.875,1402-09-22,False,False
2023-12-13 10:00:00,6080.0,6080.0,6050.0,6060.0,6441672,435,2023-12-13,0.3370808128228172,2049.4513419627287,2049.4513419627287,2039.3389175780442,2042.7097257062724,2,2102,1.0,0.041666666666666664,1402-09-22,False,False
2023-12-13 11:00:00,6050.0,6070.0,6050.0,6060.0,7028962,442,2023-12-13,0.3370808128228172,2039.3389175780442,2046.0805338345006,2039.3389175780442,2042.7097257062724,2,2103,1.0,0.041666666666666664,1402-09-22,False,False
2023-12-13 12:00:00,6060.0,6080.0,6060.0,6070.0,10193457,308,2023-12-13,0.3370808128228172,2042.7097257062724,2049.4513419627287,2042.7097257062724,2046.0805338345006,2,2104,1.0,0.041666666666666664,1402-09-22,False,False
2023-12-13 14:00:00,6080.0,6080.0,6080.0,6080.0,516550,8,2023-12-13,0.3370808128228172,2049.4513419627287,2049.4513419627287,2049.4513419627287,2049.4513419627287,2,2105,2.0,0.08333333333333333,1402-09-22,False,False
2023-12-16 09:00:00,6100.0,6130.0,6070.0,6100.0,8434548,570,2023-12-16,0.3370808128228172,2056.192958219185,2066.3053826038695,2046.0805338345006,2056.192958219185,2,2106,67.0,2.7916666666666665,1402-09-25,False,False
2023-12-16 10:00:00,6090.0,6190.0,6090.0,6160.0,14268952,651,2023-12-16,0.3370808128228172,2052.8221500909567,2086.5302313732386,2052.8221500909567,2076.417806988554,2,2107,1.0,0.041666666666666664,1402-09-25,False,False
2023-12-16 11:00:00,6160.0,6160.0,6130.0,6150.0,10488435,535,2023-12-16,0.3370808128228172,2076.417806988554,2076.417806988554,2066.3053826038695,2073.046998860326,2,2108,1.0,0.041666666666666664,1402-09-25,False,False
2023-12-16 12:00:00,6150.0,6150.0,6130.0,6150.0,7196597,377,2023-12-16,0.3370808128228172,2073.046998860326,2073.046998860326,2066.3053826038695,2073.046998860326,2,2109,1.0,0.041666666666666664,1402-09-25,False,False
2023-12-18 09:00:00,6170.0,6390.0,6170.0,6360.0,18916927,945,2023-12-18,0.3370808128228172,2079.7886151167822,2153.946393937802,2079.7886151167822,2143.8339695531176,2,2110,45.0,1.875,1402-09-27,False,False
2023-12-18 10:00:00,6360.0,6400.0,6280.0,6350.0,22468329,1171,2023-12-18,0.3370808128228172,2143.8339695531176,2157.31720206603,2116.867504527292,2140.463161424889,2,2111,1.0,0.041666666666666664,1402-09-27,False,False
2023-12-18 11:00:00,6340.0,6390.0,6300.0,6300.0,17798780,972,2023-12-18,0.3370808128228172,2137.0923532966613,2153.946393937802,2123.6091207837485,2123.6091207837485,2,2112,1.0,0.041666666666666664,1402-09-27,False,False
2023-12-18 12:00:00,6300.0,6320.0,6280.0,6310.0,8127197,391,2023-12-18,0.3370808128228172,2123.6091207837485,2130.350737040205,2116.867504527292,2126.9799289119765,2,2113,1.0,0.041666666666666664,1402-09-27,False,False
2023-12-19 09:00:00,6350.0,6580.0,6280.0,6410.0,34152992,1201,2023-12-19,0.3370808128228172,2140.463161424889,2217.9917483741374,2116.867504527292,2160.6880101942584,2,2114,21.0,0.875,1402-09-28,False,False
2023-12-19 10:00:00,6410.0,6420.0,6340.0,6340.0,18412949,782,2023-12-19,0.3370808128228172,2160.6880101942584,2164.0588183224863,2137.0923532966613,2137.0923532966613,2,2115,1.0,0.041666666666666664,1402-09-28,False,False
2023-12-19 11:00:00,6340.0,6370.0,6320.0,6340.0,17851866,607,2023-12-19,0.3370808128228172,2137.0923532966613,2147.2047776813456,2130.350737040205,2137.0923532966613,2,2116,1.0,0.041666666666666664,1402-09-28,False,False
2023-12-19 12:00:00,6330.0,6360.0,6330.0,6350.0,7384303,365,2023-12-19,0.3370808128228172,2133.721545168433,2143.8339695531176,2133.721545168433,2140.463161424889,2,2117,1.0,0.041666666666666664,1402-09-28,False,False
2023-12-20 09:00:00,6350.0,6480.0,6300.0,6380.0,19735914,808,2023-12-20,0.3370808128228172,2140.463161424889,2184.2836670918555,2123.6091207837485,2150.575585809574,2,2118,21.0,0.875,1402-09-29,False,False
2023-12-20 10:00:00,6380.0,6400.0,6370.0,6390.0,10381261,593,2023-12-20,0.3370808128228172,2150.575585809574,2157.31720206603,2147.2047776813456,2153.946393937802,2,2119,1.0,0.041666666666666664,1402-09-29,False,False
2023-12-20 11:00:00,6380.0,6400.0,6350.0,6360.0,10811476,444,2023-12-20,0.3370808128228172,2150.575585809574,2157.31720206603,2140.463161424889,2143.8339695531176,2,2120,1.0,0.041666666666666664,1402-09-29,False,False
2023-12-20 12:00:00,6370.0,6370.0,6330.0,6340.0,12678506,383,2023-12-20,0.3370808128228172,2147.2047776813456,2147.2047776813456,2133.721545168433,2137.0923532966613,2,2121,1.0,0.041666666666666664,1402-09-29,False,False
2023-12-20 14:00:00,6450.0,6450.0,6370.0,6370.0,1049678,13,2023-12-20,0.3370808128228172,2174.171242707171,2174.171242707171,2147.2047776813456,2147.2047776813456,2,2122,2.0,0.08333333333333333,1402-09-29,False,False
2023-12-23 09:00:00,6370.0,6380.0,6300.0,6360.0,16191175,793,2023-12-23,0.3370808128228172,2147.2047776813456,2150.575585809574,2123.6091207837485,2143.8339695531176,2,2123,67.0,2.7916666666666665,1402-10-02,False,False
2023-12-23 10:00:00,6350.0,6370.0,6320.0,6330.0,16187408,641,2023-12-23,0.3370808128228172,2140.463161424889,2147.2047776813456,2130.350737040205,2133.721545168433,2,2124,1.0,0.041666666666666664,1402-10-02,False,False
2023-12-23 11:00:00,6330.0,6360.0,6330.0,6340.0,14103266,505,2023-12-23,0.3370808128228172,2133.721545168433,2143.8339695531176,2133.721545168433,2137.0923532966613,2,2125,1.0,0.041666666666666664,1402-10-02,False,False
2023-12-23 12:00:00,6340.0,6360.0,6330.0,6340.0,14811770,375,2023-12-23,0.3370808128228172,2137.0923532966613,2143.8339695531176,2133.721545168433,2137.0923532966613,2,2126,1.0,0.041666666666666664,1402-10-02,False,False
2023-12-23 14:00:00,6350.0,6360.0,6330.0,6360.0,5723431,93,2023-12-23,0.3370808128228172,2140.463161424889,2143.8339695531176,2133.721545168433,2143.8339695531176,2,2127,2.0,0.08333333333333333,1402-10-02,False,False
2023-12-23 17:00:00,6380.0,6380.0,6350.0,6350.0,1000000,36,2023-12-23,0.3370808128228172,2150.575585809574,2150.575585809574,2140.463161424889,2140.463161424889,2,2128,3.0,0.125,1402-10-02,False,False
2023-12-24 09:00:00,6340.0,6370.0,6300.0,6320.0,18594078,675,2023-12-24,0.3370808128228172,2137.0923532966613,2147.2047776813456,2123.6091207837485,2130.350737040205,2,2129,16.0,0.6666666666666666,1402-10-03,False,False
2023-12-24 10:00:00,6330.0,6330.0,6290.0,6300.0,16999527,619,2023-12-24,0.3370808128228172,2133.721545168433,2133.721545168433,2120.23831265552,2123.6091207837485,2,2130,1.0,0.041666666666666664,1402-10-03,False,False
2023-12-24 11:00:00,6290.0,6300.0,6260.0,6260.0,11218106,535,2023-12-24,0.3370808128228172,2120.23831265552,2123.6091207837485,2110.1258882708357,2110.1258882708357,2,2131,1.0,0.041666666666666664,1402-10-03,False,False
2023-12-24 12:00:00,6270.0,6340.0,6250.0,6280.0,7454940,394,2023-12-24,0.3370808128228172,2113.4966963990637,2137.0923532966613,2106.7550801426078,2116.867504527292,2,2132,1.0,0.041666666666666664,1402-10-03,False,False
2023-12-24 14:00:00,6320.0,6320.0,6320.0,6320.0,716550,12,2023-12-24,0.3370808128228172,2130.350737040205,2130.350737040205,2130.350737040205,2130.350737040205,2,2133,2.0,0.08333333333333333,1402-10-03,False,False
2023-12-25 09:00:00,6290.0,6350.0,6200.0,6300.0,9967899,624,2023-12-25,0.3370808128228172,2120.23831265552,2140.463161424889,2089.9010395014666,2123.6091207837485,2,2134,19.0,0.7916666666666666,1402-10-04,False,False
2023-12-25 10:00:00,6290.0,6300.0,6260.0,6260.0,8701160,462,2023-12-25,0.3370808128228172,2120.23831265552,2123.6091207837485,2110.1258882708357,2110.1258882708357,2,2135,1.0,0.041666666666666664,1402-10-04,False,False
2023-12-25 11:00:00,6260.0,6290.0,6260.0,6270.0,9811978,430,2023-12-25,0.3370808128228172,2110.1258882708357,2120.23831265552,2110.1258882708357,2113.4966963990637,2,2136,1.0,0.041666666666666664,1402-10-04,False,False
2023-12-25 12:00:00,6280.0,6290.0,6230.0,6240.0,9315710,340,2023-12-25,0.3370808128228172,2116.867504527292,2120.23831265552,2100.0134638861514,2103.3842720143793,2,2137,1.0,0.041666666666666664,1402-10-04,False,False
2023-12-25 14:00:00,6300.0,6300.0,6300.0,6300.0,716550,8,2023-12-25,0.3370808128228172,2123.6091207837485,2123.6091207837485,2123.6091207837485,2123.6091207837485,2,2138,2.0,0.08333333333333333,1402-10-04,False,False
2023-12-26 09:00:00,6230.0,6270.0,6170.0,6180.0,10533911,632,2023-12-26,0.3370808128228172,2100.0134638861514,2113.4966963990637,2079.7886151167822,2083.15942324501,2,2139,19.0,0.7916666666666666,1402-10-05,False,False
2023-12-26 10:00:00,6180.0,6240.0,6170.0,6240.0,7968852,442,2023-12-26,0.3370808128228172,2083.15942324501,2103.3842720143793,2079.7886151167822,2103.3842720143793,2,2140,1.0,0.041666666666666664,1402-10-05,False,False
2023-12-26 11:00:00,6230.0,6250.0,6210.0,6220.0,11898728,412,2023-12-26,0.3370808128228172,2100.0134638861514,2106.7550801426078,2093.271847629695,2096.642655757923,2,2141,1.0,0.041666666666666664,1402-10-05,False,False
2023-12-26 12:00:00,6210.0,6220.0,6200.0,6200.0,8199316,339,2023-12-26,0.3370808128228172,2093.271847629695,2096.642655757923,2089.9010395014666,2089.9010395014666,2,2142,1.0,0.041666666666666664,1402-10-05,False,False
2023-12-26 14:00:00,6260.0,6260.0,6260.0,6260.0,204600,3,2023-12-26,0.3370808128228172,2110.1258882708357,2110.1258882708357,2110.1258882708357,2110.1258882708357,2,2143,2.0,0.08333333333333333,1402-10-05,False,False
2023-12-27 09:00:00,6270.0,6270.0,6190.0,6220.0,11394151,592,2023-12-27,0.3370808128228172,2113.4966963990637,2113.4966963990637,2086.5302313732386,2096.642655757923,2,2144,19.0,0.7916666666666666,1402-10-06,False,False
2023-12-27 10:00:00,6220.0,6250.0,6200.0,6200.0,10790586,592,2023-12-27,0.3370808128228172,2096.642655757923,2106.7550801426078,2089.9010395014666,2089.9010395014666,2,2145,1.0,0.041666666666666664,1402-10-06,False,False
2023-12-27 11:00:00,6200.0,6270.0,6190.0,6210.0,11929934,580,2023-12-27,0.3370808128228172,2089.9010395014666,2113.4966963990637,2086.5302313732386,2093.271847629695,2,2146,1.0,0.041666666666666664,1402-10-06,False,False
2023-12-27 12:00:00,6220.0,6230.0,6200.0,6220.0,7188069,315,2023-12-27,0.3370808128228172,2096.642655757923,2100.0134638861514,2089.9010395014666,2096.642655757923,2,2147,1.0,0.041666666666666664,1402-10-06,False,False
2023-12-27 15:00:00,6260.0,6260.0,6260.0,6260.0,716550,8,2023-12-27,0.3370808128228172,2110.1258882708357,2110.1258882708357,2110.1258882708357,2110.1258882708357,2,2148,3.0,0.125,1402-10-06,False,False
2023-12-30 09:00:00,6280.0,6330.0,6270.0,6270.0,10519053,624,2023-12-30,0.3370808128228172,2116.867504527292,2133.721545168433,2113.4966963990637,2113.4966963990637,2,2149,66.0,2.75,1402-10-09,False,False
2023-12-30 10:00:00,6280.0,6280.0,6250.0,6280.0,6163831,457,2023-12-30,0.3370808128228172,2116.867504527292,2116.867504527292,2106.7550801426078,2116.867504527292,2,2150,1.0,0.041666666666666664,1402-10-09,False,False
2023-12-30 11:00:00,6270.0,6290.0,6260.0,6280.0,7683518,470,2023-12-30,0.3370808128228172,2113.4966963990637,2120.23831265552,2110.1258882708357,2116.867504527292,2,2151,1.0,0.041666666666666664,1402-10-09,False,False
2023-12-30 12:00:00,6280.0,6290.0,6270.0,6280.0,4856275,293,2023-12-30,0.3370808128228172,2116.867504527292,2120.23831265552,2113.4966963990637,2116.867504527292,2,2152,1.0,0.041666666666666664,1402-10-09,False,False
2023-12-31 09:00:00,6300.0,6300.0,6250.0,6250.0,7933936,469,2023-12-31,0.3370808128228172,2123.6091207837485,2123.6091207837485,2106.7550801426078,2106.7550801426078,2,2153,21.0,0.875,1402-10-10,False,False
2023-12-31 10:00:00,6260.0,6260.0,6240.0,6250.0,8081434,448,2023-12-31,0.3370808128228172,2110.1258882708357,2110.1258882708357,2103.3842720143793,2106.7550801426078,2,2154,1.0,0.041666666666666664,1402-10-10,False,False
2023-12-31 11:00:00,6250.0,6250.0,6190.0,6210.0,13820689,480,2023-12-31,0.3370808128228172,2106.7550801426078,2106.7550801426078,2086.5302313732386,2093.271847629695,2,2155,1.0,0.041666666666666664,1402-10-10,False,False
2023-12-31 12:00:00,6200.0,6210.0,6180.0,6190.0,7670648,370,2023-12-31,0.3370808128228172,2089.9010395014666,2093.271847629695,2083.15942324501,2086.5302313732386,2,2156,1.0,0.041666666666666664,1402-10-10,False,False
2024-01-01 09:00:00,6230.0,6230.0,6150.0,6220.0,8677542,488,2024-01-01,0.3370808128228172,2100.0134638861514,2100.0134638861514,2073.046998860326,2096.642655757923,2,2157,21.0,0.875,1402-10-11,False,False
2024-01-01 10:00:00,6220.0,6220.0,6180.0,6180.0,5906083,403,2024-01-01,0.3370808128228172,2096.642655757923,2096.642655757923,2083.15942324501,2083.15942324501,2,2158,1.0,0.041666666666666664,1402-10-11,False,False
2024-01-01 11:00:00,6190.0,6210.0,6180.0,6190.0,11555337,467,2024-01-01,0.3370808128228172,2086.5302313732386,2093.271847629695,2083.15942324501,2086.5302313732386,2,2159,1.0,0.041666666666666664,1402-10-11,False,False
2024-01-01 12:00:00,6190.0,6190.0,6180.0,6180.0,5390540,367,2024-01-01,0.3370808128228172,2086.5302313732386,2086.5302313732386,2083.15942324501,2083.15942324501,2,2160,1.0,0.041666666666666664,1402-10-11,False,False
2024-01-02 09:00:00,6180.0,6220.0,6100.0,6170.0,13532476,541,2024-01-02,0.3370808128228172,2083.15942324501,2096.642655757923,2056.192958219185,2079.7886151167822,2,2161,21.0,0.875,1402-10-12,False,False
2024-01-02 10:00:00,6170.0,6190.0,6160.0,6170.0,4804841,375,2024-01-02,0.3370808128228172,2079.7886151167822,2086.5302313732386,2076.417806988554,2079.7886151167822,2,2162,1.0,0.041666666666666664,1402-10-12,False,False
2024-01-02 11:00:00,6170.0,6180.0,6160.0,6170.0,6506497,384,2024-01-02,0.3370808128228172,2079.7886151167822,2083.15942324501,2076.417806988554,2079.7886151167822,2,2163,1.0,0.041666666666666664,1402-10-12,False,False
2024-01-02 12:00:00,6170.0,6180.0,6130.0,6150.0,8513957,350,2024-01-02,0.3370808128228172,2079.7886151167822,2083.15942324501,2066.3053826038695,2073.046998860326,2,2164,1.0,0.041666666666666664,1402-10-12,False,False
2024-01-02 16:00:00,6180.0,6190.0,6100.0,6160.0,8578377,72,2024-01-02,0.3370808128228172,2083.15942324501,2086.5302313732386,2056.192958219185,2076.417806988554,2,2165,4.0,0.16666666666666666,1402-10-12,False,False
2024-01-03 09:00:00,6180.0,6180.0,6140.0,6160.0,4278751,408,2024-01-03,0.3370808128228172,2083.15942324501,2083.15942324501,2069.676190732098,2076.417806988554,2,2166,17.0,0.7083333333333334,1402-10-13,False,False
2024-01-03 10:00:00,6160.0,6170.0,6140.0,6140.0,8083526,369,2024-01-03,0.3370808128228172,2076.417806988554,2079.7886151167822,2069.676190732098,2069.676190732098,2,2167,1.0,0.041666666666666664,1402-10-13,False,False
2024-01-03 11:00:00,6140.0,6220.0,6110.0,6160.0,11717903,471,2024-01-03,0.3370808128228172,2069.676190732098,2096.642655757923,2059.563766347413,2076.417806988554,2,2168,1.0,0.041666666666666664,1402-10-13,False,False
2024-01-03 12:00:00,6160.0,6220.0,6160.0,6190.0,5124802,244,2024-01-03,0.3370808128228172,2076.417806988554,2096.642655757923,2076.417806988554,2086.5302313732386,2,2169,1.0,0.041666666666666664,1402-10-13,False,False
2024-01-03 14:00:00,6160.0,6160.0,6160.0,6160.0,716550,8,2024-01-03,0.3370808128228172,2076.417806988554,2076.417806988554,2076.417806988554,2076.417806988554,2,2170,2.0,0.08333333333333333,1402-10-13,False,False
2024-01-06 09:00:00,6180.0,6200.0,6140.0,6160.0,6463192,460,2024-01-06,0.3370808128228172,2083.15942324501,2089.9010395014666,2069.676190732098,2076.417806988554,2,2171,67.0,2.7916666666666665,1402-10-16,False,False
2024-01-06 10:00:00,6160.0,6170.0,6150.0,6160.0,6857223,386,2024-01-06,0.3370808128228172,2076.417806988554,2079.7886151167822,2073.046998860326,2076.417806988554,2,2172,1.0,0.041666666666666664,1402-10-16,False,False
2024-01-06 11:00:00,6160.0,6230.0,6160.0,6190.0,10977019,459,2024-01-06,0.3370808128228172,2076.417806988554,2100.0134638861514,2076.417806988554,2086.5302313732386,2,2173,1.0,0.041666666666666664,1402-10-16,False,False
2024-01-06 12:00:00,6190.0,6200.0,6180.0,6200.0,4781811,302,2024-01-06,0.3370808128228172,2086.5302313732386,2089.9010395014666,2083.15942324501,2089.9010395014666,2,2174,1.0,0.041666666666666664,1402-10-16,False,False
2024-01-07 09:00:00,6130.0,6220.0,6130.0,6210.0,5556623,400,2024-01-07,0.3370808128228172,2066.3053826038695,2096.642655757923,2066.3053826038695,2093.271847629695,2,2175,21.0,0.875,1402-10-17,False,False
2024-01-07 10:00:00,6200.0,6210.0,6190.0,6200.0,5673233,402,2024-01-07,0.3370808128228172,2089.9010395014666,2093.271847629695,2086.5302313732386,2089.9010395014666,2,2176,1.0,0.041666666666666664,1402-10-17,False,False
2024-01-07 11:00:00,6210.0,6210.0,6190.0,6200.0,6401047,459,2024-01-07,0.3370808128228172,2093.271847629695,2093.271847629695,2086.5302313732386,2089.9010395014666,2,2177,1.0,0.041666666666666664,1402-10-17,False,False
2024-01-07 12:00:00,6210.0,6220.0,6190.0,6200.0,4109730,268,2024-01-07,0.3370808128228172,2093.271847629695,2096.642655757923,2086.5302313732386,2089.9010395014666,2,2178,1.0,0.041666666666666664,1402-10-17,False,False
2024-01-08 09:00:00,6190.0,6220.0,6180.0,6210.0,8484258,482,2024-01-08,0.3370808128228172,2086.5302313732386,2096.642655757923,2083.15942324501,2093.271847629695,2,2179,21.0,0.875,1402-10-18,False,False
2024-01-08 10:00:00,6210.0,6220.0,6190.0,6190.0,9649079,466,2024-01-08,0.3370808128228172,2093.271847629695,2096.642655757923,2086.5302313732386,2086.5302313732386,2,2180,1.0,0.041666666666666664,1402-10-18,False,False
2024-01-08 11:00:00,6190.0,6200.0,6170.0,6180.0,8652578,469,2024-01-08,0.3370808128228172,2086.5302313732386,2089.9010395014666,2079.7886151167822,2083.15942324501,2,2181,1.0,0.041666666666666664,1402-10-18,False,False
2024-01-08 12:00:00,6180.0,6180.0,6160.0,6170.0,4229773,323,2024-01-08,0.3370808128228172,2083.15942324501,2083.15942324501,2076.417806988554,2079.7886151167822,2,2182,1.0,0.041666666666666664,1402-10-18,False,False
2024-01-09 09:00:00,6170.0,6280.0,6150.0,6220.0,7594348,435,2024-01-09,0.3370808128228172,2079.7886151167822,2116.867504527292,2073.046998860326,2096.642655757923,2,2183,21.0,0.875,1402-10-19,False,False
2024-01-09 10:00:00,6220.0,6270.0,6190.0,6230.0,6901358,398,2024-01-09,0.3370808128228172,2096.642655757923,2113.4966963990637,2086.5302313732386,2100.0134638861514,2,2184,1.0,0.041666666666666664,1402-10-19,False,False
2024-01-09 11:00:00,6220.0,6300.0,6220.0,6230.0,7933672,459,2024-01-09,0.3370808128228172,2096.642655757923,2123.6091207837485,2096.642655757923,2100.0134638861514,2,2185,1.0,0.041666666666666664,1402-10-19,False,False
2024-01-09 12:00:00,6230.0,6240.0,6200.0,6200.0,7295560,274,2024-01-09,0.3370808128228172,2100.0134638861514,2103.3842720143793,2089.9010395014666,2089.9010395014666,2,2186,1.0,0.041666666666666664,1402-10-19,False,False
2024-01-09 16:00:00,6210.0,6270.0,6210.0,6270.0,1433100,17,2024-01-09,0.3370808128228172,2093.271847629695,2113.4966963990637,2093.271847629695,2113.4966963990637,2,2187,4.0,0.16666666666666666,1402-10-19,False,False
2024-01-10 09:00:00,6240.0,6290.0,6240.0,6270.0,10273863,496,2024-01-10,0.3370808128228172,2103.3842720143793,2120.23831265552,2103.3842720143793,2113.4966963990637,2,2188,17.0,0.7083333333333334,1402-10-20,False,False
2024-01-10 10:00:00,6280.0,6290.0,6260.0,6270.0,10044669,433,2024-01-10,0.3370808128228172,2116.867504527292,2120.23831265552,2110.1258882708357,2113.4966963990637,2,2189,1.0,0.041666666666666664,1402-10-20,False,False
2024-01-10 11:00:00,6260.0,6280.0,6250.0,6250.0,9010833,445,2024-01-10,0.3370808128228172,2110.1258882708357,2116.867504527292,2106.7550801426078,2106.7550801426078,2,2190,1.0,0.041666666666666664,1402-10-20,False,False
2024-01-10 12:00:00,6260.0,6260.0,6250.0,6260.0,6688378,283,2024-01-10,0.3370808128228172,2110.1258882708357,2110.1258882708357,2106.7550801426078,2110.1258882708357,2,2191,1.0,0.041666666666666664,1402-10-20,False,False
2024-01-13 09:00:00,6260.0,6350.0,6230.0,6300.0,10485955,630,2024-01-13,0.3370808128228172,2110.1258882708357,2140.463161424889,2100.0134638861514,2123.6091207837485,2,2192,69.0,2.875,1402-10-23,False,False
2024-01-13 10:00:00,6310.0,6380.0,6300.0,6340.0,14760483,663,2024-01-13,0.3370808128228172,2126.9799289119765,2150.575585809574,2123.6091207837485,2137.0923532966613,2,2193,1.0,0.041666666666666664,1402-10-23,False,False
2024-01-13 11:00:00,6350.0,6350.0,6280.0,6280.0,12387166,587,2024-01-13,0.3370808128228172,2140.463161424889,2140.463161424889,2116.867504527292,2116.867504527292,2,2194,1.0,0.041666666666666664,1402-10-23,False,False
2024-01-13 12:00:00,6290.0,6290.0,6270.0,6280.0,11401714,379,2024-01-13,0.3370808128228172,2120.23831265552,2120.23831265552,2113.4966963990637,2116.867504527292,2,2195,1.0,0.041666666666666664,1402-10-23,False,False
2024-01-13 15:00:00,6290.0,6290.0,6290.0,6290.0,716550,7,2024-01-13,0.3370808128228172,2120.23831265552,2120.23831265552,2120.23831265552,2120.23831265552,2,2196,3.0,0.125,1402-10-23,False,False
2024-01-14 09:00:00,6310.0,6380.0,6310.0,6340.0,9454352,600,2024-01-14,0.3370808128228172,2126.9799289119765,2150.575585809574,2126.9799289119765,2137.0923532966613,2,2197,18.0,0.75,1402-10-24,False,False
2024-01-14 10:00:00,6340.0,6350.0,6320.0,6340.0,10810915,559,2024-01-14,0.3370808128228172,2137.0923532966613,2140.463161424889,2130.350737040205,2137.0923532966613,2,2198,1.0,0.041666666666666664,1402-10-24,False,False
2024-01-14 11:00:00,6340.0,6350.0,6300.0,6320.0,14572510,554,2024-01-14,0.3370808128228172,2137.0923532966613,2140.463161424889,2123.6091207837485,2130.350737040205,2,2199,1.0,0.041666666666666664,1402-10-24,False,False
2024-01-14 12:00:00,6320.0,6380.0,6310.0,6360.0,8768420,376,2024-01-14,0.3370808128228172,2130.350737040205,2150.575585809574,2126.9799289119765,2143.8339695531176,2,2200,1.0,0.041666666666666664,1402-10-24,False,False
2024-01-15 09:00:00,6340.0,6360.0,6270.0,6330.0,9043999,489,2024-01-15,0.3370808128228172,2137.0923532966613,2143.8339695531176,2113.4966963990637,2133.721545168433,2,2201,21.0,0.875,1402-10-25,False,False
2024-01-15 10:00:00,6320.0,6330.0,6310.0,6330.0,9885135,414,2024-01-15,0.3370808128228172,2130.350737040205,2133.721545168433,2126.9799289119765,2133.721545168433,2,2202,1.0,0.041666666666666664,1402-10-25,False,False
2024-01-15 11:00:00,6320.0,6340.0,6300.0,6300.0,12646806,515,2024-01-15,0.3370808128228172,2130.350737040205,2137.0923532966613,2123.6091207837485,2123.6091207837485,2,2203,1.0,0.041666666666666664,1402-10-25,False,False
2024-01-15 12:00:00,6300.0,6320.0,6280.0,6300.0,9438129,325,2024-01-15,0.3370808128228172,2123.6091207837485,2130.350737040205,2116.867504527292,2123.6091207837485,2,2204,1.0,0.041666666666666664,1402-10-25,False,False
2024-01-16 09:00:00,6270.0,6330.0,6210.0,6260.0,12381160,583,2024-01-16,0.3370808128228172,2113.4966963990637,2133.721545168433,2093.271847629695,2110.1258882708357,2,2205,21.0,0.875,1402-10-26,False,False
2024-01-16 10:00:00,6260.0,6290.0,6250.0,6270.0,11546731,428,2024-01-16,0.3370808128228172,2110.1258882708357,2120.23831265552,2106.7550801426078,2113.4966963990637,2,2206,1.0,0.041666666666666664,1402-10-26,False,False
2024-01-16 11:00:00,6280.0,6290.0,6260.0,6270.0,9943106,380,2024-01-16,0.3370808128228172,2116.867504527292,2120.23831265552,2110.1258882708357,2113.4966963990637,2,2207,1.0,0.041666666666666664,1402-10-26,False,False
2024-01-16 12:00:00,6270.0,6280.0,6240.0,6260.0,9713817,327,2024-01-16,0.3370808128228172,2113.4966963990637,2116.867504527292,2103.3842720143793,2110.1258882708357,2,2208,1.0,0.041666666666666664,1402-10-26,False,False
2024-01-16 14:00:00,6310.0,6310.0,6310.0,6310.0,716550,9,2024-01-16,0.3370808128228172,2126.9799289119765,2126.9799289119765,2126.9799289119765,2126.9799289119765,2,2209,2.0,0.08333333333333333,1402-10-26,False,False
2024-01-17 09:00:00,6250.0,6280.0,6210.0,6260.0,3302678,364,2024-01-17,0.3370808128228172,2106.7550801426078,2116.867504527292,2093.271847629695,2110.1258882708357,2,2210,19.0,0.7916666666666666,1402-10-27,False,False
2024-01-17 10:00:00,6250.0,6260.0,6230.0,6240.0,3702093,342,2024-01-17,0.3370808128228172,2106.7550801426078,2110.1258882708357,2100.0134638861514,2103.3842720143793,2,2211,1.0,0.041666666666666664,1402-10-27,False,False
2024-01-17 11:00:00,6240.0,6250.0,6230.0,6240.0,6026620,371,2024-01-17,0.3370808128228172,2103.3842720143793,2106.7550801426078,2100.0134638861514,2103.3842720143793,2,2212,1.0,0.041666666666666664,1402-10-27,False,False
2024-01-17 12:00:00,6240.0,6250.0,6220.0,6250.0,7135248,263,2024-01-17,0.3370808128228172,2103.3842720143793,2106.7550801426078,2096.642655757923,2106.7550801426078,2,2213,1.0,0.041666666666666664,1402-10-27,False,False
2024-01-20 09:00:00,6250.0,6310.0,6230.0,6280.0,9700250,537,2024-01-20,0.3370808128228172,2106.7550801426078,2126.9799289119765,2100.0134638861514,2116.867504527292,2,2214,69.0,2.875,1402-10-30,False,False
2024-01-20 10:00:00,6280.0,6280.0,6240.0,6250.0,7068748,443,2024-01-20,0.3370808128228172,2116.867504527292,2116.867504527292,2103.3842720143793,2106.7550801426078,2,2215,1.0,0.041666666666666664,1402-10-30,False,False
2024-01-20 11:00:00,6240.0,6250.0,6200.0,6200.0,14835341,671,2024-01-20,0.3370808128228172,2103.3842720143793,2106.7550801426078,2089.9010395014666,2089.9010395014666,2,2216,1.0,0.041666666666666664,1402-10-30,False,False
2024-01-20 12:00:00,6200.0,6210.0,6180.0,6190.0,9886005,471,2024-01-20,0.3370808128228172,2089.9010395014666,2093.271847629695,2083.15942324501,2086.5302313732386,2,2217,1.0,0.041666666666666664,1402-10-30,False,False
2024-01-20 16:00:00,6300.0,6300.0,6300.0,6300.0,716550,8,2024-01-20,0.3370808128228172,2123.6091207837485,2123.6091207837485,2123.6091207837485,2123.6091207837485,2,2218,4.0,0.16666666666666666,1402-10-30,False,False
2024-01-21 09:00:00,6170.0,6250.0,6130.0,6220.0,22106352,941,2024-01-21,0.3370808128228172,2079.7886151167822,2106.7550801426078,2066.3053826038695,2096.642655757923,2,2219,17.0,0.7083333333333334,1402-11-01,False,False
2024-01-21 10:00:00,6220.0,6240.0,6200.0,6220.0,14462850,532,2024-01-21,0.3370808128228172,2096.642655757923,2103.3842720143793,2089.9010395014666,2096.642655757923,2,2220,1.0,0.041666666666666664,1402-11-01,False,False
2024-01-21 11:00:00,6230.0,6230.0,6210.0,6220.0,10612135,431,2024-01-21,0.3370808128228172,2100.0134638861514,2100.0134638861514,2093.271847629695,2096.642655757923,2,2221,1.0,0.041666666666666664,1402-11-01,False,False
2024-01-21 12:00:00,6210.0,6250.0,6210.0,6250.0,5873944,248,2024-01-21,0.3370808128228172,2093.271847629695,2106.7550801426078,2093.271847629695,2106.7550801426078,2,2222,1.0,0.041666666666666664,1402-11-01,False,False
2024-01-21 14:00:00,6240.0,6240.0,6240.0,6240.0,711550,8,2024-01-21,0.3370808128228172,2103.3842720143793,2103.3842720143793,2103.3842720143793,2103.3842720143793,2,2223,2.0,0.08333333333333333,1402-11-01,False,False
2024-01-22 09:00:00,6250.0,6260.0,6220.0,6230.0,4895494,392,2024-01-22,0.3370808128228172,2106.7550801426078,2110.1258882708357,2096.642655757923,2100.0134638861514,2,2224,19.0,0.7916666666666666,1402-11-02,False,False
2024-01-22 10:00:00,6240.0,6240.0,6190.0,6220.0,14619715,503,2024-01-22,0.3370808128228172,2103.3842720143793,2103.3842720143793,2086.5302313732386,2096.642655757923,2,2225,1.0,0.041666666666666664,1402-11-02,False,False
2024-01-22 11:00:00,6220.0,6260.0,6190.0,6240.0,15806527,466,2024-01-22,0.3370808128228172,2096.642655757923,2110.1258882708357,2086.5302313732386,2103.3842720143793,2,2226,1.0,0.041666666666666664,1402-11-02,False,False
2024-01-22 12:00:00,6240.0,6250.0,6170.0,6200.0,13068401,331,2024-01-22,0.3370808128228172,2103.3842720143793,2106.7550801426078,2079.7886151167822,2089.9010395014666,2,2227,1.0,0.041666666666666664,1402-11-02,False,False
2024-01-22 14:00:00,6250.0,6250.0,6250.0,6250.0,716550,7,2024-01-22,0.3370808128228172,2106.7550801426078,2106.7550801426078,2106.7550801426078,2106.7550801426078,2,2228,2.0,0.08333333333333333,1402-11-02,False,False
2024-01-23 09:00:00,6190.0,6200.0,6130.0,6180.0,19018683,577,2024-01-23,0.3370808128228172,2086.5302313732386,2089.9010395014666,2066.3053826038695,2083.15942324501,2,2229,19.0,0.7916666666666666,1402-11-03,False,False
2024-01-23 10:00:00,6180.0,6190.0,6080.0,6150.0,23161558,750,2024-01-23,0.3370808128228172,2083.15942324501,2086.5302313732386,2049.4513419627287,2073.046998860326,2,2230,1.0,0.041666666666666664,1402-11-03,False,False
2024-01-23 11:00:00,6150.0,6180.0,6120.0,6150.0,10967731,483,2024-01-23,0.3370808128228172,2073.046998860326,2083.15942324501,2062.9345744756415,2073.046998860326,2,2231,1.0,0.041666666666666664,1402-11-03,False,False
2024-01-23 12:00:00,6150.0,6230.0,6140.0,6190.0,9823229,370,2024-01-23,0.3370808128228172,2073.046998860326,2100.0134638861514,2069.676190732098,2086.5302313732386,2,2232,1.0,0.041666666666666664,1402-11-03,False,False
2024-01-23 15:00:00,6210.0,6210.0,6140.0,6140.0,1433100,15,2024-01-23,0.3370808128228172,2093.271847629695,2093.271847629695,2069.676190732098,2069.676190732098,2,2233,3.0,0.125,1402-11-03,False,False
2024-01-24 09:00:00,6150.0,6230.0,6150.0,6180.0,5456127,394,2024-01-24,0.3370808128228172,2073.046998860326,2100.0134638861514,2073.046998860326,2083.15942324501,2,2234,18.0,0.75,1402-11-04,False,False
2024-01-24 10:00:00,6170.0,6180.0,6160.0,6170.0,2839691,299,2024-01-24,0.3370808128228172,2079.7886151167822,2083.15942324501,2076.417806988554,2079.7886151167822,2,2235,1.0,0.041666666666666664,1402-11-04,False,False
2024-01-24 11:00:00,6170.0,6200.0,6160.0,6180.0,3734515,302,2024-01-24,0.3370808128228172,2079.7886151167822,2089.9010395014666,2076.417806988554,2083.15942324501,2,2236,1.0,0.041666666666666664,1402-11-04,False,False
2024-01-24 12:00:00,6180.0,6210.0,6170.0,6200.0,6519594,277,2024-01-24,0.3370808128228172,2083.15942324501,2093.271847629695,2079.7886151167822,2089.9010395014666,2,2237,1.0,0.041666666666666664,1402-11-04,False,False
2024-01-27 09:00:00,6220.0,6250.0,6170.0,6180.0,7023373,457,2024-01-27,0.3370808128228172,2096.642655757923,2106.7550801426078,2079.7886151167822,2083.15942324501,2,2238,69.0,2.875,1402-11-07,False,False
2024-01-27 10:00:00,6180.0,6190.0,6150.0,6180.0,9687951,422,2024-01-27,0.3370808128228172,2083.15942324501,2086.5302313732386,2073.046998860326,2083.15942324501,2,2239,1.0,0.041666666666666664,1402-11-07,False,False
2024-01-27 11:00:00,6180.0,6210.0,6160.0,6200.0,6700255,363,2024-01-27,0.3370808128228172,2083.15942324501,2093.271847629695,2076.417806988554,2089.9010395014666,2,2240,1.0,0.041666666666666664,1402-11-07,False,False
2024-01-27 12:00:00,6200.0,6220.0,6190.0,6210.0,7725702,288,2024-01-27,0.3370808128228172,2089.9010395014666,2096.642655757923,2086.5302313732386,2093.271847629695,2,2241,1.0,0.041666666666666664,1402-11-07,False,False
2024-01-28 09:00:00,6200.0,6230.0,6180.0,6190.0,7508139,447,2024-01-28,0.3370808128228172,2089.9010395014666,2100.0134638861514,2083.15942324501,2086.5302313732386,2,2242,21.0,0.875,1402-11-08,False,False
2024-01-28 10:00:00,6190.0,6200.0,6170.0,6180.0,7664949,437,2024-01-28,0.3370808128228172,2086.5302313732386,2089.9010395014666,2079.7886151167822,2083.15942324501,2,2243,1.0,0.041666666666666664,1402-11-08,False,False
2024-01-28 11:00:00,6180.0,6180.0,6160.0,6160.0,6572215,451,2024-01-28,0.3370808128228172,2083.15942324501,2083.15942324501,2076.417806988554,2076.417806988554,2,2244,1.0,0.041666666666666664,1402-11-08,False,False
2024-01-28 12:00:00,6170.0,6230.0,6160.0,6200.0,13689474,355,2024-01-28,0.3370808128228172,2079.7886151167822,2100.0134638861514,2076.417806988554,2089.9010395014666,2,2245,1.0,0.041666666666666664,1402-11-08,False,False
2024-01-28 14:00:00,6210.0,6210.0,6210.0,6210.0,716550,7,2024-01-28,0.3370808128228172,2093.271847629695,2093.271847629695,2093.271847629695,2093.271847629695,2,2246,2.0,0.08333333333333333,1402-11-08,False,False
2024-01-29 09:00:00,6190.0,6190.0,6120.0,6140.0,6687088,546,2024-01-29,0.3370808128228172,2086.5302313732386,2086.5302313732386,2062.9345744756415,2069.676190732098,2,2247,19.0,0.7916666666666666,1402-11-09,False,False
2024-01-29 10:00:00,6130.0,6190.0,6130.0,6140.0,9063949,422,2024-01-29,0.3370808128228172,2066.3053826038695,2086.5302313732386,2066.3053826038695,2069.676190732098,2,2248,1.0,0.041666666666666664,1402-11-09,False,False
2024-01-29 11:00:00,6150.0,6180.0,6120.0,6170.0,8810454,510,2024-01-29,0.3370808128228172,2073.046998860326,2083.15942324501,2062.9345744756415,2079.7886151167822,2,2249,1.0,0.041666666666666664,1402-11-09,False,False
2024-01-29 12:00:00,6180.0,6180.0,6130.0,6160.0,12114525,306,2024-01-29,0.3370808128228172,2083.15942324501,2083.15942324501,2066.3053826038695,2076.417806988554,2,2250,1.0,0.041666666666666664,1402-11-09,False,False
2024-01-30 09:00:00,6110.0,6180.0,6110.0,6160.0,13563440,697,2024-01-30,0.3370808128228172,2059.563766347413,2083.15942324501,2059.563766347413,2076.417806988554,2,2251,21.0,0.875,1402-11-10,False,False
2024-01-30 10:00:00,6150.0,6160.0,6130.0,6130.0,7380367,588,2024-01-30,0.3370808128228172,2073.046998860326,2076.417806988554,2066.3053826038695,2066.3053826038695,2,2252,1.0,0.041666666666666664,1402-11-10,False,False
2024-01-30 11:00:00,6140.0,6150.0,6130.0,6140.0,11602948,565,2024-01-30,0.3370808128228172,2069.676190732098,2073.046998860326,2066.3053826038695,2069.676190732098,2,2253,1.0,0.041666666666666664,1402-11-10,False,False
2024-01-30 12:00:00,6140.0,6140.0,6120.0,6120.0,5662576,375,2024-01-30,0.3370808128228172,2069.676190732098,2069.676190732098,2062.9345744756415,2062.9345744756415,2,2254,1.0,0.041666666666666664,1402-11-10,False,False
2024-01-31 09:00:00,6140.0,6140.0,6080.0,6110.0,7857069,468,2024-01-31,0.3370808128228172,2069.676190732098,2069.676190732098,2049.4513419627287,2059.563766347413,2,2255,21.0,0.875,1402-11-11,False,False
2024-01-31 10:00:00,6110.0,6150.0,6100.0,6120.0,11193377,497,2024-01-31,0.3370808128228172,2059.563766347413,2073.046998860326,2056.192958219185,2062.9345744756415,2,2256,1.0,0.041666666666666664,1402-11-11,False,False
2024-01-31 11:00:00,6120.0,6140.0,6100.0,6100.0,10939165,440,2024-01-31,0.3370808128228172,2062.9345744756415,2069.676190732098,2056.192958219185,2056.192958219185,2,2257,1.0,0.041666666666666664,1402-11-11,False,False
2024-01-31 12:00:00,6100.0,6120.0,6100.0,6110.0,4815739,391,2024-01-31,0.3370808128228172,2056.192958219185,2062.9345744756415,2056.192958219185,2059.563766347413,2,2258,1.0,0.041666666666666664,1402-11-11,False,False
2024-02-03 09:00:00,6100.0,6170.0,6080.0,6150.0,15243006,709,2024-02-03,0.3370808128228172,2056.192958219185,2079.7886151167822,2049.4513419627287,2073.046998860326,2,2259,69.0,2.875,1402-11-14,False,False
2024-02-03 10:00:00,6140.0,6170.0,6110.0,6120.0,9181384,500,2024-02-03,0.3370808128228172,2069.676190732098,2079.7886151167822,2059.563766347413,2062.9345744756415,2,2260,1.0,0.041666666666666664,1402-11-14,False,False
2024-02-03 11:00:00,6130.0,6140.0,6110.0,6120.0,7504209,423,2024-02-03,0.3370808128228172,2066.3053826038695,2069.676190732098,2059.563766347413,2062.9345744756415,2,2261,1.0,0.041666666666666664,1402-11-14,False,False
2024-02-03 12:00:00,6110.0,6120.0,6100.0,6100.0,11031288,343,2024-02-03,0.3370808128228172,2059.563766347413,2062.9345744756415,2056.192958219185,2056.192958219185,2,2262,1.0,0.041666666666666664,1402-11-14,False,False
2024-02-04 09:00:00,6130.0,6170.0,6080.0,6100.0,7483714,499,2024-02-04,0.3370808128228172,2066.3053826038695,2079.7886151167822,2049.4513419627287,2056.192958219185,2,2263,21.0,0.875,1402-11-15,False,False
2024-02-04 10:00:00,6100.0,6100.0,6040.0,6050.0,6584930,494,2024-02-04,0.3370808128228172,2056.192958219185,2056.192958219185,2035.968109449816,2039.3389175780442,2,2264,1.0,0.041666666666666664,1402-11-15,False,False
2024-02-04 11:00:00,6050.0,6060.0,6020.0,6030.0,10024964,530,2024-02-04,0.3370808128228172,2039.3389175780442,2042.7097257062724,2029.2264931933596,2032.5973013215878,2,2265,1.0,0.041666666666666664,1402-11-15,False,False
2024-02-04 12:00:00,6020.0,6030.0,5990.0,6000.0,5768317,388,2024-02-04,0.3370808128228172,2029.2264931933596,2032.5973013215878,2019.114068808675,2022.4848769369032,2,2266,1.0,0.041666666666666664,1402-11-15,False,False
2024-02-05 09:00:00,6020.0,6080.0,5980.0,6010.0,15812905,664,2024-02-05,0.3370808128228172,2029.2264931933596,2049.4513419627287,2015.7432606804468,2025.8556850651314,2,2267,21.0,0.875,1402-11-16,False,False
2024-02-05 10:00:00,6020.0,6040.0,6010.0,6030.0,10972762,565,2024-02-05,0.3370808128228172,2029.2264931933596,2035.968109449816,2025.8556850651314,2032.5973013215878,2,2268,1.0,0.041666666666666664,1402-11-16,False,False
2024-02-05 11:00:00,6030.0,6030.0,5980.0,5980.0,11919778,601,2024-02-05,0.3370808128228172,2032.5973013215878,2032.5973013215878,2015.7432606804468,2015.7432606804468,2,2269,1.0,0.041666666666666664,1402-11-16,False,False
2024-02-05 12:00:00,5990.0,6030.0,5970.0,6000.0,20882035,507,2024-02-05,0.3370808128228172,2019.114068808675,2032.5973013215878,2012.3724525522186,2022.4848769369032,2,2270,1.0,0.041666666666666664,1402-11-16,False,False
2024-02-05 16:00:00,6010.0,6030.0,6010.0,6020.0,2630845,63,2024-02-05,0.3370808128228172,2025.8556850651314,2032.5973013215878,2025.8556850651314,2029.2264931933596,2,2271,4.0,0.16666666666666666,1402-11-16,False,False
2024-02-05 17:00:00,5970.0,6030.0,5970.0,5980.0,8697765,71,2024-02-05,0.3370808128228172,2012.3724525522186,2032.5973013215878,2012.3724525522186,2015.7432606804468,2,2272,1.0,0.041666666666666664,1402-11-16,False,False
2024-02-06 09:00:00,5970.0,6030.0,5950.0,5990.0,10087526,517,2024-02-06,0.3370808128228172,2012.3724525522186,2032.5973013215878,2005.6308362957625,2019.114068808675,2,2273,16.0,0.6666666666666666,1402-11-17,False,False
2024-02-06 10:00:00,6000.0,6020.0,5990.0,6000.0,12605655,371,2024-02-06,0.3370808128228172,2022.4848769369032,2029.2264931933596,2019.114068808675,2022.4848769369032,2,2274,1.0,0.041666666666666664,1402-11-17,False,False
2024-02-06 11:00:00,6000.0,6010.0,5980.0,5990.0,8673236,326,2024-02-06,0.3370808128228172,2022.4848769369032,2025.8556850651314,2015.7432606804468,2019.114068808675,2,2275,1.0,0.041666666666666664,1402-11-17,False,False
2024-02-06 12:00:00,5990.0,6000.0,5940.0,6000.0,8437473,339,2024-02-06,0.3370808128228172,2019.114068808675,2022.4848769369032,2002.2600281675343,2022.4848769369032,2,2276,1.0,0.041666666666666664,1402-11-17,False,False
2024-02-06 14:00:00,6020.0,6020.0,6020.0,6020.0,188403,2,2024-02-06,0.3370808128228172,2029.2264931933596,2029.2264931933596,2029.2264931933596,2029.2264931933596,2,2277,2.0,0.08333333333333333,1402-11-17,False,False
2024-02-13 10:00:00,6040.0,6040.0,6040.0,6040.0,1,1,2024-02-13,0.3370808128228172,2035.968109449816,2035.968109449816,2035.968109449816,2035.968109449816,2,2278,164.0,6.833333333333333,1402-11-24,False,False
2024-02-13 11:00:00,6030.0,6030.0,5970.0,6010.0,22384330,795,2024-02-13,0.3370808128228172,2032.5973013215878,2032.5973013215878,2012.3724525522186,2025.8556850651314,2,2279,1.0,0.041666666666666664,1402-11-24,False,False
2024-02-13 12:00:00,6010.0,6020.0,5990.0,6000.0,12283055,456,2024-02-13,0.3370808128228172,2025.8556850651314,2029.2264931933596,2019.114068808675,2022.4848769369032,2,2280,1.0,0.041666666666666664,1402-11-24,False,False
2024-02-14 09:00:00,6010.0,6020.0,5950.0,5970.0,7689570,547,2024-02-14,0.3370808128228172,2025.8556850651314,2029.2264931933596,2005.6308362957625,2012.3724525522186,2,2281,21.0,0.875,1402-11-25,False,False
2024-02-14 10:00:00,5960.0,5990.0,5950.0,5980.0,11200724,536,2024-02-14,0.3370808128228172,2009.0016444239907,2019.114068808675,2005.6308362957625,2015.7432606804468,2,2282,1.0,0.041666666666666664,1402-11-25,False,False
2024-02-14 11:00:00,5970.0,5980.0,5940.0,5940.0,8701278,548,2024-02-14,0.3370808128228172,2012.3724525522186,2015.7432606804468,2002.2600281675343,2002.2600281675343,2,2283,1.0,0.041666666666666664,1402-11-25,False,False
2024-02-14 12:00:00,5940.0,5950.0,5940.0,5940.0,4762297,392,2024-02-14,0.3370808128228172,2002.2600281675343,2005.6308362957625,2002.2600281675343,2002.2600281675343,2,2284,1.0,0.041666666666666664,1402-11-25,False,False
2024-02-17 09:00:00,5990.0,5990.0,5860.0,5900.0,13501190,711,2024-02-17,0.3370808128228172,2019.114068808675,2019.114068808675,1975.2935631417088,1988.7767956546215,2,2285,69.0,2.875,1402-11-28,False,False
2024-02-17 10:00:00,5900.0,5910.0,5860.0,5870.0,13071489,656,2024-02-17,0.3370808128228172,1988.7767956546215,1992.1476037828497,1975.2935631417088,1978.664371269937,2,2286,1.0,0.041666666666666664,1402-11-28,False,False
2024-02-17 11:00:00,5870.0,5870.0,5830.0,5870.0,16425923,694,2024-02-17,0.3370808128228172,1978.664371269937,1978.664371269937,1965.1811387570244,1978.664371269937,2,2287,1.0,0.041666666666666664,1402-11-28,False,False
2024-02-17 12:00:00,5870.0,5890.0,5850.0,5880.0,8448325,364,2024-02-17,0.3370808128228172,1978.664371269937,1985.4059875263933,1971.9227550134806,1982.0351793981652,2,2288,1.0,0.041666666666666664,1402-11-28,False,False
2024-02-17 16:00:00,5940.0,5940.0,5940.0,5940.0,716550,8,2024-02-17,0.3370808128228172,2002.2600281675343,2002.2600281675343,2002.2600281675343,2002.2600281675343,2,2289,4.0,0.16666666666666666,1402-11-28,False,False
2024-02-18 09:00:00,5880.0,5960.0,5820.0,5940.0,9866119,657,2024-02-18,0.3370808128228172,1982.0351793981652,2009.0016444239907,1961.8103306287962,2002.2600281675343,2,2290,17.0,0.7083333333333334,1402-11-29,False,False
2024-02-18 10:00:00,5940.0,5950.0,5900.0,5910.0,8820981,469,2024-02-18,0.3370808128228172,2002.2600281675343,2005.6308362957625,1988.7767956546215,1992.1476037828497,2,2291,1.0,0.041666666666666664,1402-11-29,False,False
2024-02-18 11:00:00,5910.0,5920.0,5900.0,5910.0,11245442,486,2024-02-18,0.3370808128228172,1992.1476037828497,1995.518411911078,1988.7767956546215,1992.1476037828497,2,2292,1.0,0.041666666666666664,1402-11-29,False,False
2024-02-18 12:00:00,5910.0,5920.0,5900.0,5910.0,5676775,356,2024-02-18,0.3370808128228172,1992.1476037828497,1995.518411911078,1988.7767956546215,1992.1476037828497,2,2293,1.0,0.041666666666666664,1402-11-29,False,False
2024-02-18 14:00:00,5910.0,5920.0,5850.0,5850.0,2025161,59,2024-02-18,0.3370808128228172,1992.1476037828497,1995.518411911078,1971.9227550134806,1971.9227550134806,2,2294,2.0,0.08333333333333333,1402-11-29,False,False
2024-02-18 16:00:00,5840.0,5840.0,5840.0,5840.0,196350,2,2024-02-18,0.3370808128228172,1968.5519468852526,1968.5519468852526,1968.5519468852526,1968.5519468852526,2,2295,2.0,0.08333333333333333,1402-11-29,False,False
2024-02-19 09:00:00,5920.0,5980.0,5920.0,5940.0,9543844,656,2024-02-19,0.3370808128228172,1995.518411911078,2015.7432606804468,1995.518411911078,2002.2600281675343,2,2296,17.0,0.7083333333333334,1402-11-30,False,False
2024-02-19 10:00:00,5950.0,5950.0,5920.0,5940.0,14439857,692,2024-02-19,0.3370808128228172,2005.6308362957625,2005.6308362957625,1995.518411911078,2002.2600281675343,2,2297,1.0,0.041666666666666664,1402-11-30,False,False
2024-02-19 11:00:00,5940.0,5950.0,5910.0,5920.0,13700363,763,2024-02-19,0.3370808128228172,2002.2600281675343,2005.6308362957625,1992.1476037828497,1995.518411911078,2,2298,1.0,0.041666666666666664,1402-11-30,False,False
2024-02-19 12:00:00,5930.0,5940.0,5890.0,5920.0,16359578,620,2024-02-19,0.3370808128228172,1998.889220039306,2002.2600281675343,1985.4059875263933,1995.518411911078,2,2299,1.0,0.041666666666666664,1402-11-30,False,False
2024-02-19 18:00:00,5930.0,5940.0,5890.0,5910.0,10937479,96,2024-02-19,0.3370808128228172,1998.889220039306,2002.2600281675343,1985.4059875263933,1992.1476037828497,2,2300,6.0,0.25,1402-11-30,False,False
2024-02-28 11:00:00,4460.0,4500.0,4421.0,4477.0,13761788,659,2024-02-28,0.4550168950692708,2029.3753520089476,2047.5760278117186,2011.6296931012462,2037.1106392251254,2,2301,209.0,8.708333333333334,1402-12-09,True,True
2024-02-28 12:00:00,4477.0,4479.0,4449.0,4454.0,8975968,591,2024-02-28,0.4550168950692708,2037.1106392251254,2038.0206730152638,2024.3701661631858,2026.6452506385322,2,2302,1.0,0.041666666666666664,1402-12-09,False,False
2024-02-28 17:00:00,4463.0,4463.0,4463.0,4463.0,6221,2,2024-02-28,0.4550168950692708,2030.7404026941556,2030.7404026941556,2030.7404026941556,2030.7404026941556,2,2303,5.0,0.20833333333333334,1402-12-09,False,False
2024-03-02 09:00:00,4460.0,4647.0,4450.0,4647.0,19922472,1220,2024-03-02,0.4550168950692708,2029.3753520089476,2114.4635113869012,2024.825183058255,2114.4635113869012,2,2304,64.0,2.6666666666666665,1402-12-12,False,False
2024-03-02 10:00:00,4649.0,4650.0,4562.0,4597.0,21680139,984,2024-03-02,0.4550168950692708,2115.37354517704,2115.828562072109,2075.7870753060133,2091.712666633438,2,2305,1.0,0.041666666666666664,1402-12-12,False,False
2024-03-02 11:00:00,4599.0,4778.0,4597.0,4745.0,45096414,1297,2024-03-02,0.4550168950692708,2092.622700423576,2174.0707246409756,2091.712666633438,2159.05516710369,2,2306,1.0,0.041666666666666664,1402-12-12,False,False
2024-03-02 12:00:00,4746.0,4778.0,4740.0,4778.0,24875125,550,2024-03-02,0.4550168950692708,2159.510183998759,2174.0707246409756,2156.7800826283437,2174.0707246409756,2,2307,1.0,0.041666666666666664,1402-12-12,False,False
2024-03-03 09:00:00,4890.0,4983.0,4840.0,4903.0,38372100,1732,2024-03-03,0.4550168950692708,2225.032616888734,2267.349188130176,2202.281772135271,2230.9478365246346,2,2308,21.0,0.875,1402-12-13,False,False
2024-03-03 10:00:00,4903.0,4903.0,4811.0,4855.0,22994031,1099,2024-03-03,0.4550168950692708,2230.9478365246346,2230.9478365246346,2189.0862821782616,2209.1070255613095,2,2309,1.0,0.041666666666666664,1402-12-13,False,False
2024-03-03 11:00:00,4851.0,4868.0,4847.0,4868.0,10792068,796,2024-03-03,0.4550168950692708,2207.2869579810326,2215.0222451972104,2205.4668904007553,2215.0222451972104,2,2310,1.0,0.041666666666666664,1402-12-13,False,False
2024-03-03 12:00:00,4868.0,4872.0,4843.0,4849.0,10674074,492,2024-03-03,0.4550168950692708,2215.0222451972104,2216.842312777487,2203.6468228204785,2206.376924190894,2,2311,1.0,0.041666666666666664,1402-12-13,False,False
2024-03-04 09:00:00,4860.0,4900.0,4780.0,4839.0,27872405,1257,2024-03-04,0.4550168950692708,2211.382110036656,2229.582785839427,2174.9807584311143,2201.8267552402012,2,2312,21.0,0.875,1402-12-14,False,False
2024-03-04 10:00:00,4839.0,4840.0,4786.0,4795.0,8489845,664,2024-03-04,0.4550168950692708,2201.8267552402012,2202.281772135271,2177.71085980153,2181.8060118571534,2,2313,1.0,0.041666666666666664,1402-12-14,False,False
2024-03-04 11:00:00,4796.0,4806.0,4788.0,4790.0,15887422,617,2024-03-04,0.4550168950692708,2182.2610287522225,2186.8111977029153,2178.6208935916684,2179.530927381807,2,2314,1.0,0.041666666666666664,1402-12-14,False,False
2024-03-04 12:00:00,4790.0,4790.0,4776.0,4776.0,8149009,421,2024-03-04,0.4550168950692708,2179.530927381807,2179.530927381807,2173.1606908508375,2173.1606908508375,2,2315,1.0,0.041666666666666664,1402-12-14,False,False
2024-03-05 09:00:00,4732.0,5035.0,4732.0,4996.0,29495226,1258,2024-03-05,0.4550168950692708,2153.139947467789,2291.0100666737785,2153.139947467789,2273.264407766077,2,2316,21.0,0.875,1402-12-15,False,False
2024-03-05 10:00:00,4998.0,5001.0,4945.0,4950.0,19397773,827,2024-03-05,0.4550168950692708,2274.1744415562152,2275.5394922414234,2250.058546117544,2252.3336305928906,2,2317,1.0,0.041666666666666664,1402-12-15,False,False
2024-03-05 11:00:00,4950.0,4951.0,4927.0,4929.0,21024713,634,2024-03-05,0.4550168950692708,2252.3336305928906,2252.7886474879597,2241.8682420062974,2242.7782757964355,2,2318,1.0,0.041666666666666664,1402-12-15,False,False
2024-03-05 12:00:00,4930.0,4930.0,4900.0,4903.0,10880471,411,2024-03-05,0.4550168950692708,2243.233292691505,2243.233292691505,2229.582785839427,2230.9478365246346,2,2319,1.0,0.041666666666666664,1402-12-15,False,False
2024-03-06 09:00:00,4950.0,5009.0,4877.0,4900.0,16424303,864,2024-03-06,0.4550168950692708,2252.3336305928906,2279.1796274019775,2219.1173972528336,2229.582785839427,2,2320,21.0,0.875,1402-12-16,False,False
2024-03-06 10:00:00,4900.0,4911.0,4865.0,4872.0,9793148,584,2024-03-06,0.4550168950692708,2229.582785839427,2234.5879716851887,2213.657194512002,2216.842312777487,2,2321,1.0,0.041666666666666664,1402-12-16,False,False
2024-03-06 11:00:00,4872.0,4938.0,4850.0,4866.0,10232575,539,2024-03-06,0.4550168950692708,2216.842312777487,2246.873427852059,2206.8319410859635,2214.1122114070718,2,2322,1.0,0.041666666666666664,1402-12-16,False,False
2024-03-06 12:00:00,4866.0,4910.0,4854.0,4890.0,10141319,401,2024-03-06,0.4550168950692708,2214.1122114070718,2234.1329547901196,2208.6520086662404,2225.032616888734,2,2323,1.0,0.041666666666666664,1402-12-16,False,False
2024-03-06 14:00:00,4861.0,4861.0,4861.0,4861.0,222830,3,2024-03-06,0.4550168950692708,2211.8371269317254,2211.8371269317254,2211.8371269317254,2211.8371269317254,2,2324,2.0,0.08333333333333333,1402-12-16,False,False
2024-03-09 09:00:00,4960.0,4962.0,4857.0,4860.0,14837085,820,2024-03-09,0.4550168950692708,2256.8837995435833,2257.7938333337215,2210.017059351448,2211.382110036656,2,2325,67.0,2.7916666666666665,1402-12-19,False,False
2024-03-09 10:00:00,4860.0,4885.0,4829.0,4844.0,8814912,607,2024-03-09,0.4550168950692708,2211.382110036656,2222.7575324133877,2197.2765862895085,2204.1018397155476,2,2326,1.0,0.041666666666666664,1402-12-19,False,False
2024-03-09 11:00:00,4844.0,4848.0,4828.0,4828.0,12384940,615,2024-03-09,0.4550168950692708,2204.1018397155476,2205.921907295825,2196.8215693944394,2196.8215693944394,2,2327,1.0,0.041666666666666664,1402-12-19,False,False
2024-03-09 12:00:00,4829.0,4830.0,4819.0,4820.0,9326100,424,2024-03-09,0.4550168950692708,2197.2765862895085,2197.731603184578,2192.7264173388157,2193.1814342338853,2,2328,1.0,0.041666666666666664,1402-12-19,False,False
2024-03-10 09:00:00,4811.0,4849.0,4778.0,4833.0,13655987,757,2024-03-10,0.4550168950692708,2189.0862821782616,2206.376924190894,2174.0707246409756,2199.0966538697858,2,2329,21.0,0.875,1402-12-20,False,False
2024-03-10 10:00:00,4833.0,4838.0,4802.0,4825.0,19218026,671,2024-03-10,0.4550168950692708,2199.0966538697858,2201.371738345132,2184.9911301226384,2195.4565187092317,2,2330,1.0,0.041666666666666664,1402-12-20,False,False
2024-03-10 11:00:00,4825.0,4899.0,4799.0,4800.0,36725906,1104,2024-03-10,0.4550168950692708,2195.4565187092317,2229.1277689443577,2183.6260794374307,2184.0810963325,2,2331,1.0,0.041666666666666664,1402-12-20,False,False
2024-03-10 12:00:00,4800.0,4815.0,4798.0,4800.0,12376801,384,2024-03-10,0.4550168950692708,2184.0810963325,2190.906349758539,2183.171062542361,2184.0810963325,2,2332,1.0,0.041666666666666664,1402-12-20,False,False
2024-03-11 09:00:00,4800.0,4810.0,4771.0,4800.0,15273775,696,2024-03-11,0.4550168950692708,2184.0810963325,2188.6312652831925,2170.885606375491,2184.0810963325,2,2333,21.0,0.875,1402-12-21,False,False
2024-03-11 10:00:00,4799.0,4801.0,4762.0,4775.0,17645387,841,2024-03-11,0.4550168950692708,2183.6260794374307,2184.536113227569,2166.7904543198674,2172.705673955768,2,2334,1.0,0.041666666666666664,1402-12-21,False,False
2024-03-11 11:00:00,4775.0,4850.0,4755.0,4777.0,23744287,910,2024-03-11,0.4550168950692708,2172.705673955768,2206.8319410859635,2163.6053360543824,2173.6157077459065,2,2335,1.0,0.041666666666666664,1402-12-21,False,False
2024-03-11 12:00:00,4778.0,4840.0,4768.0,4800.0,15645086,435,2024-03-11,0.4550168950692708,2174.0707246409756,2202.281772135271,2169.520555690283,2184.0810963325,2,2336,1.0,0.041666666666666664,1402-12-21,False,False
2024-03-12 09:00:00,4777.0,4849.0,4777.0,4814.0,9052107,680,2024-03-12,0.4550168950692708,2173.6157077459065,2206.376924190894,2173.6157077459065,2190.4513328634694,2,2337,21.0,0.875,1402-12-22,False,False
2024-03-12 10:00:00,4816.0,4816.0,4807.0,4813.0,9954861,503,2024-03-12,0.4550168950692708,2191.361366653608,2191.361366653608,2187.266214597985,2189.9963159684003,2,2338,1.0,0.041666666666666664,1402-12-22,False,False
2024-03-12 11:00:00,4810.0,4814.0,4755.0,4756.0,8237227,596,2024-03-12,0.4550168950692708,2188.6312652831925,2190.4513328634694,2163.6053360543824,2164.060352949452,2,2339,1.0,0.041666666666666664,1402-12-22,False,False
2024-03-12 12:00:00,4756.0,4758.0,4750.0,4756.0,5168585,373,2024-03-12,0.4550168950692708,2164.060352949452,2164.9703867395906,2161.330251579036,2164.060352949452,2,2340,1.0,0.041666666666666664,1402-12-22,False,False
2024-03-13 09:00:00,4753.0,4810.0,4752.0,4765.0,10385881,603,2024-03-13,0.4550168950692708,2162.695302264244,2188.6312652831925,2162.2402853691747,2168.155505005075,2,2341,21.0,0.875,1402-12-23,False,False
2024-03-13 10:00:00,4764.0,4769.0,4736.0,4746.0,8782172,556,2024-03-13,0.4550168950692708,2167.700488110006,2169.9755725853524,2154.9600150480665,2159.510183998759,2,2342,1.0,0.041666666666666664,1402-12-23,False,False
2024-03-13 11:00:00,4746.0,4748.0,4699.0,4699.0,8105108,575,2024-03-13,0.4550168950692708,2159.510183998759,2160.420217788898,2138.1243899305036,2138.1243899305036,2,2343,1.0,0.041666666666666664,1402-12-23,False,False
2024-03-13 12:00:00,4702.0,4702.0,4679.0,4689.0,12895701,533,2024-03-13,0.4550168950692708,2139.4894406157114,2139.4894406157114,2129.024052029118,2133.574220979811,2,2344,1.0,0.041666666666666664,1402-12-23,False,False
2024-03-16 10:00:00,4750.0,4750.0,4676.0,4680.0,13016863,747,2024-03-16,0.4550168950692708,2161.330251579036,2161.330251579036,2127.6590013439104,2129.4790689241872,2,2345,70.0,2.9166666666666665,1402-12-26,False,False
2024-03-16 11:00:00,4679.0,4705.0,4633.0,4670.0,15360361,752,2024-03-16,0.4550168950692708,2129.024052029118,2140.854491300919,2108.0932748559317,2124.9288999734945,2,2346,1.0,0.041666666666666664,1402-12-26,False,False
2024-03-16 12:00:00,4657.0,4733.0,4656.0,4720.0,7104530,430,2024-03-16,0.4550168950692708,2119.013680337594,2153.5949643628587,2118.558663442525,2147.6797447269582,2,2347,1.0,0.041666666666666664,1402-12-26,False,False
2024-03-17 09:00:00,4719.0,4900.0,4719.0,4780.0,12691516,694,2024-03-17,0.4550168950692708,2147.2247278318887,2229.582785839427,2147.2247278318887,2174.9807584311143,2,2348,21.0,0.875,1402-12-27,False,False
2024-03-17 10:00:00,4779.0,4859.0,4777.0,4846.0,11269267,582,2024-03-17,0.4550168950692708,2174.525741536045,2210.9270931415867,2173.6157077459065,2205.0118735056863,2,2349,1.0,0.041666666666666664,1402-12-27,False,False
2024-03-17 11:00:00,4846.0,4846.0,4825.0,4840.0,6109724,416,2024-03-17,0.4550168950692708,2205.0118735056863,2205.0118735056863,2195.4565187092317,2202.281772135271,2,2350,1.0,0.041666666666666664,1402-12-27,False,False
2024-03-17 12:00:00,4840.0,4888.0,4831.0,4888.0,6637441,354,2024-03-17,0.4550168950692708,2202.281772135271,2224.1225830985954,2198.186620079647,2224.1225830985954,2,2351,1.0,0.041666666666666664,1402-12-27,False,False
2024-03-18 09:00:00,4890.0,4943.0,4870.0,4929.0,18284026,1039,2024-03-18,0.4550168950692708,2225.032616888734,2249.1485123274056,2215.9322789873486,2242.7782757964355,2,2352,21.0,0.875,1402-12-28,False,False
2024-03-18 10:00:00,4929.0,5039.0,4928.0,5000.0,23313658,1098,2024-03-18,0.4550168950692708,2242.7782757964355,2292.8301342540553,2242.3232589013664,2275.084475346354,2,2353,1.0,0.041666666666666664,1402-12-28,False,False
2024-03-18 11:00:00,5000.0,5000.0,4966.0,4989.0,14134994,715,2024-03-18,0.4550168950692708,2275.084475346354,2275.084475346354,2259.613900913999,2270.079289500592,2,2354,1.0,0.041666666666666664,1402-12-28,False,False
2024-03-18 12:00:00,4987.0,5039.0,4987.0,5035.0,18800163,603,2024-03-18,0.4550168950692708,2269.1692557104534,2292.8301342540553,2269.1692557104534,2291.0100666737785,2,2355,1.0,0.041666666666666664,1402-12-28,False,False
2024-03-24 09:00:00,5100.0,5220.0,5100.0,5168.0,18675697,1236,2024-03-24,0.4550168950692708,2320.586164853281,2375.1881922615935,2320.586164853281,2351.5273137179915,2,2356,141.0,5.875,1403-01-05,False,False
2024-03-24 10:00:00,5168.0,5172.0,5146.0,5170.0,13803872,1115,2024-03-24,0.4550168950692708,2351.5273137179915,2353.3473812982684,2341.5169420264674,2352.43734750813,2,2357,1.0,0.041666666666666664,1403-01-05,False,False
2024-03-24 11:00:00,5170.0,5172.0,5159.0,5165.0,17584587,933,2024-03-24,0.4550168950692708,2352.43734750813,2353.3473812982684,2347.432161662368,2350.162263032784,2,2358,1.0,0.041666666666666664,1403-01-05,False,False
2024-03-24 12:00:00,5164.0,5200.0,5163.0,5199.0,15364505,608,2024-03-24,0.4550168950692708,2349.7072461377143,2366.087854360208,2349.252229242645,2365.632837465139,2,2359,1.0,0.041666666666666664,1403-01-05,False,False
2024-03-25 09:00:00,5288.0,5288.0,5148.0,5150.0,17791004,1281,2024-03-25,0.4550168950692708,2406.129341126304,2406.129341126304,2342.426975816606,2343.3370096067447,2,2360,21.0,0.875,1403-01-06,False,False
2024-03-25 10:00:00,5150.0,5194.0,5135.0,5140.0,11734264,1014,2024-03-25,0.4550168950692708,2343.3370096067447,2363.3577529897925,2336.5117561807056,2338.786840656052,2,2361,1.0,0.041666666666666664,1403-01-06,False,False
2024-03-25 11:00:00,5139.0,5144.0,5109.0,5112.0,10784623,821,2024-03-25,0.4550168950692708,2338.3318237609824,2340.6069082363288,2324.6813169089046,2326.0463675941123,2,2362,1.0,0.041666666666666664,1403-01-06,False,False
2024-03-25 12:00:00,5111.0,5119.0,5109.0,5119.0,5733899,506,2024-03-25,0.4550168950692708,2325.591350699043,2329.2314858595973,2324.6813169089046,2329.2314858595973,2,2363,1.0,0.041666666666666664,1403-01-06,False,False
2024-03-26 09:00:00,5150.0,5150.0,5095.0,5097.0,13799154,931,2024-03-26,0.4550168950692708,2343.3370096067447,2343.3370096067447,2318.3110803779346,2319.221114168073,2,2364,21.0,0.875,1403-01-07,False,False
2024-03-26 10:00:00,5096.0,5120.0,5096.0,5110.0,7510982,668,2024-03-26,0.4550168950692708,2318.766097273004,2329.6865027546664,2318.766097273004,2325.1363338039737,2,2365,1.0,0.041666666666666664,1403-01-07,False,False
2024-03-26 11:00:00,5110.0,5113.0,5098.0,5102.0,7326748,610,2024-03-26,0.4550168950692708,2325.1363338039737,2326.5013844891814,2319.6761310631423,2321.4961986434196,2,2366,1.0,0.041666666666666664,1403-01-07,False,False
2024-03-26 12:00:00,5101.0,5140.0,5101.0,5138.0,6462050,408,2024-03-26,0.4550168950692708,2321.0411817483505,2338.786840656052,2321.0411817483505,2337.8768068659133,2,2367,1.0,0.041666666666666664,1403-01-07,False,False
2024-03-27 09:00:00,5139.0,5151.0,5105.0,5112.0,9167315,688,2024-03-27,0.4550168950692708,2338.3318237609824,2343.792026501814,2322.8612493286273,2326.0463675941123,2,2368,21.0,0.875,1403-01-08,False,False
2024-03-27 10:00:00,5111.0,5112.0,5108.0,5109.0,7206095,545,2024-03-27,0.4550168950692708,2325.591350699043,2326.0463675941123,2324.226300013835,2324.6813169089046,2,2369,1.0,0.041666666666666664,1403-01-08,False,False
2024-03-27 11:00:00,5110.0,5110.0,5099.0,5099.0,11090205,652,2024-03-27,0.4550168950692708,2325.1363338039737,2325.1363338039737,2320.131147958212,2320.131147958212,2,2370,1.0,0.041666666666666664,1403-01-08,False,False
2024-03-27 12:00:00,5100.0,5113.0,5099.0,5111.0,10856292,667,2024-03-27,0.4550168950692708,2320.586164853281,2326.5013844891814,2320.131147958212,2325.591350699043,2,2371,1.0,0.041666666666666664,1403-01-08,False,False
2024-03-30 09:00:00,5120.0,5120.0,5060.0,5070.0,9910900,685,2024-03-30,0.4550168950692708,2329.6865027546664,2329.6865027546664,2302.3854890505104,2306.9356580012027,2,2372,69.0,2.875,1403-01-11,False,False
2024-03-30 10:00:00,5070.0,5100.0,5070.0,5090.0,8006523,566,2024-03-30,0.4550168950692708,2306.9356580012027,2320.586164853281,2306.9356580012027,2316.035995902588,2,2373,1.0,0.041666666666666664,1403-01-11,False,False
2024-03-30 11:00:00,5090.0,5100.0,5080.0,5100.0,9128402,635,2024-03-30,0.4550168950692708,2316.035995902588,2320.586164853281,2311.4858269518954,2320.586164853281,2,2374,1.0,0.041666666666666664,1403-01-11,False,False
2024-03-30 12:00:00,5100.0,5110.0,5090.0,5110.0,7775824,551,2024-03-30,0.4550168950692708,2320.586164853281,2325.1363338039737,2316.035995902588,2325.1363338039737,2,2375,1.0,0.041666666666666664,1403-01-11,False,False
2024-04-02 09:00:00,5060.0,5060.0,4950.0,5020.0,23013490,1186,2024-04-02,0.4550168950692708,2302.3854890505104,2302.3854890505104,2252.3336305928906,2284.1848132477394,2,2376,69.0,2.875,1403-01-14,False,False
2024-04-02 10:00:00,5020.0,5130.0,5000.0,5100.0,19050978,728,2024-04-02,0.4550168950692708,2284.1848132477394,2334.236671705359,2275.084475346354,2320.586164853281,2,2377,1.0,0.041666666666666664,1403-01-14,False,False
2024-04-02 11:00:00,5090.0,5120.0,5060.0,5060.0,13927185,703,2024-04-02,0.4550168950692708,2316.035995902588,2329.6865027546664,2302.3854890505104,2302.3854890505104,2,2378,1.0,0.041666666666666664,1403-01-14,False,False
2024-04-02 12:00:00,5070.0,5130.0,5050.0,5090.0,9113782,420,2024-04-02,0.4550168950692708,2306.9356580012027,2334.236671705359,2297.8353200998176,2316.035995902588,2,2379,1.0,0.041666666666666664,1403-01-14,False,False
2024-04-02 14:00:00,5100.0,5120.0,5060.0,5070.0,6525615,61,2024-04-02,0.4550168950692708,2320.586164853281,2329.6865027546664,2302.3854890505104,2306.9356580012027,2,2380,2.0,0.08333333333333333,1403-01-14,False,False
2024-04-02 15:00:00,5080.0,5120.0,5070.0,5070.0,7672586,52,2024-04-02,0.4550168950692708,2311.4858269518954,2329.6865027546664,2306.9356580012027,2306.9356580012027,2,2381,1.0,0.041666666666666664,1403-01-14,False,False
2024-04-03 09:00:00,5050.0,5130.0,5040.0,5090.0,6330094,608,2024-04-03,0.4550168950692708,2297.8353200998176,2334.236671705359,2293.285151149125,2316.035995902588,2,2382,18.0,0.75,1403-01-15,False,False
2024-04-03 10:00:00,5090.0,5090.0,5050.0,5070.0,8203950,626,2024-04-03,0.4550168950692708,2316.035995902588,2316.035995902588,2297.8353200998176,2306.9356580012027,2,2383,1.0,0.041666666666666664,1403-01-15,False,False
2024-04-03 11:00:00,5060.0,5090.0,5060.0,5070.0,8685942,610,2024-04-03,0.4550168950692708,2302.3854890505104,2316.035995902588,2302.3854890505104,2306.9356580012027,2,2384,1.0,0.041666666666666664,1403-01-15,False,False
2024-04-03 12:00:00,5060.0,5080.0,5060.0,5070.0,6860924,409,2024-04-03,0.4550168950692708,2302.3854890505104,2311.4858269518954,2302.3854890505104,2306.9356580012027,2,2385,1.0,0.041666666666666664,1403-01-15,False,False
2024-04-06 09:00:00,5080.0,5190.0,5080.0,5080.0,30362138,1074,2024-04-06,0.4550168950692708,2311.4858269518954,2361.5376854095152,2311.4858269518954,2311.4858269518954,2,2386,69.0,2.875,1403-01-18,False,False
2024-04-06 10:00:00,5090.0,5090.0,5020.0,5060.0,21581990,948,2024-04-06,0.4550168950692708,2316.035995902588,2316.035995902588,2284.1848132477394,2302.3854890505104,2,2387,1.0,0.041666666666666664,1403-01-18,False,False
2024-04-06 11:00:00,5070.0,5070.0,4980.0,4990.0,21847734,853,2024-04-06,0.4550168950692708,2306.9356580012027,2306.9356580012027,2265.9841374449684,2270.534306395661,2,2388,1.0,0.041666666666666664,1403-01-18,False,False
2024-04-06 12:00:00,4980.0,5090.0,4980.0,5030.0,16024086,573,2024-04-06,0.4550168950692708,2265.9841374449684,2316.035995902588,2265.9841374449684,2288.734982198432,2,2389,1.0,0.041666666666666664,1403-01-18,False,False
2024-04-07 09:00:00,5040.0,5140.0,5030.0,5050.0,15235839,679,2024-04-07,0.4550168950692708,2293.285151149125,2338.786840656052,2288.734982198432,2297.8353200998176,2,2390,21.0,0.875,1403-01-19,False,False
2024-04-07 10:00:00,5050.0,5080.0,5030.0,5050.0,12018785,534,2024-04-07,0.4550168950692708,2297.8353200998176,2311.4858269518954,2288.734982198432,2297.8353200998176,2,2391,1.0,0.041666666666666664,1403-01-19,False,False
2024-04-07 11:00:00,5050.0,5100.0,5050.0,5080.0,13095998,584,2024-04-07,0.4550168950692708,2297.8353200998176,2320.586164853281,2297.8353200998176,2311.4858269518954,2,2392,1.0,0.041666666666666664,1403-01-19,False,False
2024-04-07 12:00:00,5070.0,5090.0,5060.0,5080.0,8031941,361,2024-04-07,0.4550168950692708,2306.9356580012027,2316.035995902588,2302.3854890505104,2311.4858269518954,2,2393,1.0,0.041666666666666664,1403-01-19,False,False
2024-04-08 09:00:00,5070.0,5120.0,5070.0,5090.0,11684689,736,2024-04-08,0.4550168950692708,2306.9356580012027,2329.6865027546664,2306.9356580012027,2316.035995902588,2,2394,21.0,0.875,1403-01-20,False,False
2024-04-08 10:00:00,5100.0,5100.0,5070.0,5080.0,6697837,546,2024-04-08,0.4550168950692708,2320.586164853281,2320.586164853281,2306.9356580012027,2311.4858269518954,2,2395,1.0,0.041666666666666664,1403-01-20,False,False
2024-04-08 11:00:00,5080.0,5130.0,5060.0,5100.0,17184152,571,2024-04-08,0.4550168950692708,2311.4858269518954,2334.236671705359,2302.3854890505104,2320.586164853281,2,2396,1.0,0.041666666666666664,1403-01-20,False,False
2024-04-08 12:00:00,5090.0,5100.0,5070.0,5090.0,6250804,342,2024-04-08,0.4550168950692708,2316.035995902588,2320.586164853281,2306.9356580012027,2316.035995902588,2,2397,1.0,0.041666666666666664,1403-01-20,False,False
2024-04-09 09:00:00,5090.0,5130.0,5090.0,5100.0,17529927,525,2024-04-09,0.4550168950692708,2316.035995902588,2334.236671705359,2316.035995902588,2320.586164853281,2,2398,21.0,0.875,1403-01-21,False,False
2024-04-09 10:00:00,5090.0,5230.0,5090.0,5210.0,21445999,693,2024-04-09,0.4550168950692708,2316.035995902588,2379.7383612122862,2316.035995902588,2370.6380233109007,2,2399,1.0,0.041666666666666664,1403-01-21,False,False
2024-04-09 11:00:00,5210.0,5210.0,5150.0,5160.0,9042091,561,2024-04-09,0.4550168950692708,2370.6380233109007,2370.6380233109007,2343.3370096067447,2347.8871785574374,2,2400,1.0,0.041666666666666664,1403-01-21,False,False
2024-04-09 12:00:00,5170.0,5230.0,5150.0,5220.0,9252863,448,2024-04-09,0.4550168950692708,2352.43734750813,2379.7383612122862,2343.3370096067447,2375.1881922615935,2,2401,1.0,0.041666666666666664,1403-01-21,False,False
2024-04-13 09:00:00,5160.0,5160.0,5010.0,5030.0,31780539,1280,2024-04-13,0.4550168950692708,2347.8871785574374,2347.8871785574374,2279.6346442970466,2288.734982198432,2,2402,93.0,3.875,1403-01-25,False,False
2024-04-13 10:00:00,5020.0,5070.0,5000.0,5010.0,23122691,906,2024-04-13,0.4550168950692708,2284.1848132477394,2306.9356580012027,2275.084475346354,2279.6346442970466,2,2403,1.0,0.041666666666666664,1403-01-25,False,False
2024-04-13 11:00:00,5010.0,5020.0,4990.0,4990.0,20860301,843,2024-04-13,0.4550168950692708,2279.6346442970466,2284.1848132477394,2270.534306395661,2270.534306395661,2,2404,1.0,0.041666666666666664,1403-01-25,False,False
2024-04-13 12:00:00,5000.0,5000.0,4960.0,4980.0,12161647,564,2024-04-13,0.4550168950692708,2275.084475346354,2275.084475346354,2256.8837995435833,2265.9841374449684,2,2405,1.0,0.041666666666666664,1403-01-25,False,False
2024-04-14 09:00:00,4980.0,4980.0,4980.0,4980.0,9145046,371,2024-04-14,0.4550168950692708,2265.9841374449684,2265.9841374449684,2265.9841374449684,2265.9841374449684,2,2406,21.0,0.875,1403-01-26,False,False
2024-04-14 10:00:00,4980.0,4980.0,4980.0,4980.0,2643494,265,2024-04-14,0.4550168950692708,2265.9841374449684,2265.9841374449684,2265.9841374449684,2265.9841374449684,2,2407,1.0,0.041666666666666664,1403-01-26,False,False
2024-04-14 11:00:00,4980.0,4980.0,4980.0,4980.0,4676959,302,2024-04-14,0.4550168950692708,2265.9841374449684,2265.9841374449684,2265.9841374449684,2265.9841374449684,2,2408,1.0,0.041666666666666664,1403-01-26,False,False
2024-04-14 12:00:00,4980.0,4980.0,4980.0,4980.0,5165267,259,2024-04-14,0.4550168950692708,2265.9841374449684,2265.9841374449684,2265.9841374449684,2265.9841374449684,2,2409,1.0,0.041666666666666664,1403-01-26,False,False
2024-04-14 15:00:00,4980.0,4980.0,4980.0,4980.0,2373930,18,2024-04-14,0.4550168950692708,2265.9841374449684,2265.9841374449684,2265.9841374449684,2265.9841374449684,2,2410,3.0,0.125,1403-01-26,False,False
2024-04-15 09:00:00,4960.0,5020.0,4960.0,5020.0,15833739,540,2024-04-15,0.4550168950692708,2256.8837995435833,2284.1848132477394,2256.8837995435833,2284.1848132477394,2,2411,18.0,0.75,1403-01-27,False,False
2024-04-15 10:00:00,5020.0,5020.0,5020.0,5020.0,8493064,294,2024-04-15,0.4550168950692708,2284.1848132477394,2284.1848132477394,2284.1848132477394,2284.1848132477394,2,2412,1.0,0.041666666666666664,1403-01-27,False,False
2024-04-15 11:00:00,5020.0,5020.0,5020.0,5020.0,3995047,244,2024-04-15,0.4550168950692708,2284.1848132477394,2284.1848132477394,2284.1848132477394,2284.1848132477394,2,2413,1.0,0.041666666666666664,1403-01-27,False,False
2024-04-15 12:00:00,5020.0,5020.0,5020.0,5020.0,2693958,133,2024-04-15,0.4550168950692708,2284.1848132477394,2284.1848132477394,2284.1848132477394,2284.1848132477394,2,2414,1.0,0.041666666666666664,1403-01-27,False,False
2024-04-16 09:00:00,5020.0,5050.0,4950.0,5020.0,30496511,985,2024-04-16,0.4550168950692708,2284.1848132477394,2297.8353200998176,2252.3336305928906,2284.1848132477394,2,2415,21.0,0.875,1403-01-28,False,False
2024-04-16 10:00:00,5020.0,5050.0,5000.0,5040.0,13416010,588,2024-04-16,0.4550168950692708,2284.1848132477394,2297.8353200998176,2275.084475346354,2293.285151149125,2,2416,1.0,0.041666666666666664,1403-01-28,False,False
2024-04-16 11:00:00,5040.0,5050.0,5030.0,5050.0,30033455,520,2024-04-16,0.4550168950692708,2293.285151149125,2297.8353200998176,2288.734982198432,2297.8353200998176,2,2417,1.0,0.041666666666666664,1403-01-28,False,False
2024-04-16 12:00:00,5050.0,5050.0,5050.0,5050.0,8242459,182,2024-04-16,0.4550168950692708,2297.8353200998176,2297.8353200998176,2297.8353200998176,2297.8353200998176,2,2418,1.0,0.041666666666666664,1403-01-28,False,False
2024-04-17 09:00:00,5070.0,5070.0,5070.0,5070.0,11066789,329,2024-04-17,0.4550168950692708,2306.9356580012027,2306.9356580012027,2306.9356580012027,2306.9356580012027,2,2419,21.0,0.875,1403-01-29,False,False
2024-04-17 10:00:00,5070.0,5070.0,5070.0,5070.0,5897180,213,2024-04-17,0.4550168950692708,2306.9356580012027,2306.9356580012027,2306.9356580012027,2306.9356580012027,2,2420,1.0,0.041666666666666664,1403-01-29,False,False
2024-04-17 11:00:00,5070.0,5070.0,5070.0,5070.0,11194325,237,2024-04-17,0.4550168950692708,2306.9356580012027,2306.9356580012027,2306.9356580012027,2306.9356580012027,2,2421,1.0,0.041666666666666664,1403-01-29,False,False
2024-04-17 12:00:00,5070.0,5070.0,5070.0,5070.0,3465135,114,2024-04-17,0.4550168950692708,2306.9356580012027,2306.9356580012027,2306.9356580012027,2306.9356580012027,2,2422,1.0,0.041666666666666664,1403-01-29,False,False
2024-04-20 09:00:00,5350.0,5420.0,5250.0,5420.0,55102591,1593,2024-04-20,0.4550168950692708,2434.340388620599,2466.1915712754476,2388.8386991136717,2466.1915712754476,2,2423,69.0,2.875,1403-02-01,False,False
2024-04-20 10:00:00,5420.0,5420.0,5420.0,5420.0,15177050,541,2024-04-20,0.4550168950692708,2466.1915712754476,2466.1915712754476,2466.1915712754476,2466.1915712754476,2,2424,1.0,0.041666666666666664,1403-02-01,False,False
2024-04-20 11:00:00,5420.0,5420.0,5420.0,5420.0,8254287,375,2024-04-20,0.4550168950692708,2466.1915712754476,2466.1915712754476,2466.1915712754476,2466.1915712754476,2,2425,1.0,0.041666666666666664,1403-02-01,False,False
2024-04-20 12:00:00,5420.0,5420.0,5420.0,5420.0,10114975,252,2024-04-20,0.4550168950692708,2466.1915712754476,2466.1915712754476,2466.1915712754476,2466.1915712754476,2,2426,1.0,0.041666666666666664,1403-02-01,False,False
2024-04-21 09:00:00,5610.0,5670.0,5530.0,5640.0,49120032,2074,2024-04-21,0.4550168950692708,2552.644781338609,2579.9457950427654,2516.2434297330674,2566.295288190687,2,2427,21.0,0.875,1403-02-02,False,False
2024-04-21 10:00:00,5640.0,5650.0,5490.0,5500.0,30443338,1315,2024-04-21,0.4550168950692708,2566.295288190687,2570.84545714138,2498.042753930297,2502.592922880989,2,2428,1.0,0.041666666666666664,1403-02-02,False,False
2024-04-21 11:00:00,5500.0,5540.0,5450.0,5480.0,16005499,948,2024-04-21,0.4550168950692708,2502.592922880989,2520.79359868376,2479.842078127526,2493.492584979604,2,2429,1.0,0.041666666666666664,1403-02-02,False,False
2024-04-21 12:00:00,5470.0,5530.0,5470.0,5530.0,9633094,540,2024-04-21,0.4550168950692708,2488.9424160289113,2516.2434297330674,2488.9424160289113,2516.2434297330674,2,2430,1.0,0.041666666666666664,1403-02-02,False,False
2024-04-22 09:00:00,5540.0,5630.0,5470.0,5600.0,27877097,1294,2024-04-22,0.4550168950692708,2520.79359868376,2561.7451192399944,2488.9424160289113,2548.0946123879166,2,2431,21.0,0.875,1403-02-03,False,False
2024-04-22 10:00:00,5610.0,5620.0,5500.0,5520.0,24152689,979,2024-04-22,0.4550168950692708,2552.644781338609,2557.1949502893017,2502.592922880989,2511.6932607823746,2,2432,1.0,0.041666666666666664,1403-02-03,False,False
2024-04-22 11:00:00,5510.0,5520.0,5480.0,5500.0,15205859,856,2024-04-22,0.4550168950692708,2507.143091831682,2511.6932607823746,2493.492584979604,2502.592922880989,2,2433,1.0,0.041666666666666664,1403-02-03,False,False
2024-04-22 12:00:00,5510.0,5510.0,5480.0,5490.0,8333351,475,2024-04-22,0.4550168950692708,2507.143091831682,2507.143091831682,2493.492584979604,2498.042753930297,2,2434,1.0,0.041666666666666664,1403-02-03,False,False
2024-04-23 09:00:00,5510.0,5550.0,5420.0,5420.0,16354697,976,2024-04-23,0.4550168950692708,2507.143091831682,2525.343767634453,2466.1915712754476,2466.1915712754476,2,2435,21.0,0.875,1403-02-04,False,False
2024-04-23 10:00:00,5420.0,5450.0,5390.0,5390.0,12320425,680,2024-04-23,0.4550168950692708,2466.1915712754476,2479.842078127526,2452.5410644233693,2452.5410644233693,2,2436,1.0,0.041666666666666664,1403-02-04,False,False
2024-04-23 11:00:00,5400.0,5420.0,5370.0,5400.0,13880623,723,2024-04-23,0.4550168950692708,2457.091233374062,2466.1915712754476,2443.4407265219843,2457.091233374062,2,2437,1.0,0.041666666666666664,1403-02-04,False,False
2024-04-23 12:00:00,5400.0,5470.0,5380.0,5450.0,9128331,531,2024-04-23,0.4550168950692708,2457.091233374062,2488.9424160289113,2447.990895472677,2479.842078127526,2,2438,1.0,0.041666666666666664,1403-02-04,False,False
2024-04-24 09:00:00,5440.0,5490.0,5420.0,5430.0,12707585,732,2024-04-24,0.4550168950692708,2475.291909176833,2498.042753930297,2466.1915712754476,2470.7417402261403,2,2439,21.0,0.875,1403-02-05,False,False
2024-04-24 10:00:00,5440.0,5440.0,5380.0,5400.0,13796815,766,2024-04-24,0.4550168950692708,2475.291909176833,2475.291909176833,2447.990895472677,2457.091233374062,2,2440,1.0,0.041666666666666664,1403-02-05,False,False
2024-04-24 11:00:00,5400.0,5430.0,5330.0,5390.0,16870231,655,2024-04-24,0.4550168950692708,2457.091233374062,2470.7417402261403,2425.2400507192133,2452.5410644233693,2,2441,1.0,0.041666666666666664,1403-02-05,False,False
2024-04-24 12:00:00,5390.0,5490.0,5330.0,5450.0,18852396,512,2024-04-24,0.4550168950692708,2452.5410644233693,2498.042753930297,2425.2400507192133,2479.842078127526,2,2442,1.0,0.041666666666666664,1403-02-05,False,False
2024-04-24 16:00:00,5450.0,5480.0,5410.0,5410.0,3469972,37,2024-04-24,0.4550168950692708,2479.842078127526,2493.492584979604,2461.641402324755,2461.641402324755,2,2443,4.0,0.16666666666666666,1403-02-05,False,False
2024-04-27 09:00:00,5450.0,5490.0,5410.0,5420.0,14473771,772,2024-04-27,0.4550168950692708,2479.842078127526,2498.042753930297,2461.641402324755,2466.1915712754476,2,2444,65.0,2.7083333333333335,1403-02-08,False,False
2024-04-27 10:00:00,5420.0,5440.0,5390.0,5410.0,11201319,632,2024-04-27,0.4550168950692708,2466.1915712754476,2475.291909176833,2452.5410644233693,2461.641402324755,2,2445,1.0,0.041666666666666664,1403-02-08,False,False
2024-04-27 11:00:00,5410.0,5420.0,5360.0,5380.0,12142048,550,2024-04-27,0.4550168950692708,2461.641402324755,2466.1915712754476,2438.8905575712915,2447.990895472677,2,2446,1.0,0.041666666666666664,1403-02-08,False,False
2024-04-27 12:00:00,5380.0,5400.0,5370.0,5400.0,8108690,355,2024-04-27,0.4550168950692708,2447.990895472677,2457.091233374062,2443.4407265219843,2457.091233374062,2,2447,1.0,0.041666666666666664,1403-02-08,False,False
2024-04-28 09:00:00,5370.0,5450.0,5270.0,5360.0,23543156,1021,2024-04-28,0.4550168950692708,2443.4407265219843,2479.842078127526,2397.9390370150572,2438.8905575712915,2,2448,21.0,0.875,1403-02-09,False,False
2024-04-28 10:00:00,5360.0,5360.0,5300.0,5300.0,10953269,662,2024-04-28,0.4550168950692708,2438.8905575712915,2438.8905575712915,2411.589543867135,2411.589543867135,2,2449,1.0,0.041666666666666664,1403-02-09,False,False
2024-04-28 11:00:00,5310.0,5330.0,5300.0,5320.0,7899555,550,2024-04-28,0.4550168950692708,2416.139712817828,2425.2400507192133,2411.589543867135,2420.6898817685205,2,2450,1.0,0.041666666666666664,1403-02-09,False,False
2024-04-28 12:00:00,5310.0,5340.0,5310.0,5310.0,8590253,398,2024-04-28,0.4550168950692708,2416.139712817828,2429.790219669906,2416.139712817828,2416.139712817828,2,2451,1.0,0.041666666666666664,1403-02-09,False,False
2024-04-29 09:00:00,5340.0,5350.0,5290.0,5300.0,9890951,680,2024-04-29,0.4550168950692708,2429.790219669906,2434.340388620599,2407.0393749164423,2411.589543867135,2,2452,21.0,0.875,1403-02-10,False,False
2024-04-29 10:00:00,5300.0,5300.0,5260.0,5280.0,9993020,621,2024-04-29,0.4550168950692708,2411.589543867135,2411.589543867135,2393.3888680643645,2402.4892059657495,2,2453,1.0,0.041666666666666664,1403-02-10,False,False
2024-04-29 11:00:00,5270.0,5280.0,5240.0,5280.0,14081373,621,2024-04-29,0.4550168950692708,2397.9390370150572,2402.4892059657495,2384.288530162979,2402.4892059657495,2,2454,1.0,0.041666666666666664,1403-02-10,False,False
2024-04-29 12:00:00,5280.0,5280.0,5230.0,5240.0,10245498,435,2024-04-29,0.4550168950692708,2402.4892059657495,2402.4892059657495,2379.7383612122862,2384.288530162979,2,2455,1.0,0.041666666666666664,1403-02-10,False,False
2024-04-30 09:00:00,5250.0,5270.0,5210.0,5210.0,12774418,604,2024-04-30,0.4550168950692708,2388.8386991136717,2397.9390370150572,2370.6380233109007,2370.6380233109007,2,2456,21.0,0.875,1403-02-11,False,False
2024-04-30 10:00:00,5210.0,5230.0,5180.0,5200.0,12236648,574,2024-04-30,0.4550168950692708,2370.6380233109007,2379.7383612122862,2356.9875164588225,2366.087854360208,2,2457,1.0,0.041666666666666664,1403-02-11,False,False
2024-04-30 11:00:00,5200.0,5210.0,5180.0,5190.0,10479565,506,2024-04-30,0.4550168950692708,2366.087854360208,2370.6380233109007,2356.9875164588225,2361.5376854095152,2,2458,1.0,0.041666666666666664,1403-02-11,False,False
2024-04-30 12:00:00,5200.0,5210.0,5180.0,5190.0,12066964,394,2024-04-30,0.4550168950692708,2366.087854360208,2370.6380233109007,2356.9875164588225,2361.5376854095152,2,2459,1.0,0.041666666666666664,1403-02-11,False,False
2024-05-01 09:00:00,5210.0,5230.0,5180.0,5190.0,7767196,479,2024-05-01,0.4550168950692708,2370.6380233109007,2379.7383612122862,2356.9875164588225,2361.5376854095152,2,2460,21.0,0.875,1403-02-12,False,False
2024-05-01 10:00:00,5190.0,5200.0,5170.0,5180.0,8421889,441,2024-05-01,0.4550168950692708,2361.5376854095152,2366.087854360208,2352.43734750813,2356.9875164588225,2,2461,1.0,0.041666666666666664,1403-02-12,False,False
2024-05-01 11:00:00,5170.0,5190.0,5150.0,5170.0,9769060,596,2024-05-01,0.4550168950692708,2352.43734750813,2361.5376854095152,2343.3370096067447,2352.43734750813,2,2462,1.0,0.041666666666666664,1403-02-12,False,False
2024-05-01 12:00:00,5170.0,5220.0,5160.0,5210.0,5256671,342,2024-05-01,0.4550168950692708,2352.43734750813,2375.1881922615935,2347.8871785574374,2370.6380233109007,2,2463,1.0,0.041666666666666664,1403-02-12,False,False
2024-05-05 09:00:00,5210.0,5220.0,5160.0,5170.0,7494501,595,2024-05-05,0.4550168950692708,2370.6380233109007,2375.1881922615935,2347.8871785574374,2352.43734750813,2,2464,93.0,3.875,1403-02-16,False,False
2024-05-05 10:00:00,5170.0,5180.0,5160.0,5170.0,8119400,540,2024-05-05,0.4550168950692708,2352.43734750813,2356.9875164588225,2347.8871785574374,2352.43734750813,2,2465,1.0,0.041666666666666664,1403-02-16,False,False
2024-05-05 11:00:00,5170.0,5180.0,5150.0,5160.0,9255261,452,2024-05-05,0.4550168950692708,2352.43734750813,2356.9875164588225,2343.3370096067447,2347.8871785574374,2,2466,1.0,0.041666666666666664,1403-02-16,False,False
2024-05-05 12:00:00,5160.0,5160.0,5150.0,5150.0,4112849,335,2024-05-05,0.4550168950692708,2347.8871785574374,2347.8871785574374,2343.3370096067447,2343.3370096067447,2,2467,1.0,0.041666666666666664,1403-02-16,False,False
2024-05-06 09:00:00,5130.0,5130.0,5070.0,5090.0,10216202,693,2024-05-06,0.4550168950692708,2334.236671705359,2334.236671705359,2306.9356580012027,2316.035995902588,2,2468,21.0,0.875,1403-02-17,False,False
2024-05-06 10:00:00,5090.0,5120.0,5060.0,5110.0,12136012,526,2024-05-06,0.4550168950692708,2316.035995902588,2329.6865027546664,2302.3854890505104,2325.1363338039737,2,2469,1.0,0.041666666666666664,1403-02-17,False,False
2024-05-06 11:00:00,5100.0,5120.0,5090.0,5100.0,10980778,466,2024-05-06,0.4550168950692708,2320.586164853281,2329.6865027546664,2316.035995902588,2320.586164853281,2,2470,1.0,0.041666666666666664,1403-02-17,False,False
2024-05-06 12:00:00,5100.0,5110.0,5080.0,5080.0,6862059,381,2024-05-06,0.4550168950692708,2320.586164853281,2325.1363338039737,2311.4858269518954,2311.4858269518954,2,2471,1.0,0.041666666666666664,1403-02-17,False,False
2024-05-07 09:00:00,5090.0,5130.0,5080.0,5090.0,7746612,490,2024-05-07,0.4550168950692708,2316.035995902588,2334.236671705359,2311.4858269518954,2316.035995902588,2,2472,21.0,0.875,1403-02-18,False,False
2024-05-07 10:00:00,5090.0,5090.0,5070.0,5080.0,8262722,435,2024-05-07,0.4550168950692708,2316.035995902588,2316.035995902588,2306.9356580012027,2311.4858269518954,2,2473,1.0,0.041666666666666664,1403-02-18,False,False
2024-05-07 11:00:00,5080.0,5090.0,5070.0,5080.0,5874586,383,2024-05-07,0.4550168950692708,2311.4858269518954,2316.035995902588,2306.9356580012027,2311.4858269518954,2,2474,1.0,0.041666666666666664,1403-02-18,False,False
2024-05-07 12:00:00,5080.0,5110.0,5080.0,5100.0,5485919,340,2024-05-07,0.4550168950692708,2311.4858269518954,2325.1363338039737,2311.4858269518954,2320.586164853281,2,2475,1.0,0.041666666666666664,1403-02-18,False,False
2024-05-08 09:00:00,5100.0,5110.0,5060.0,5080.0,5241036,404,2024-05-08,0.4550168950692708,2320.586164853281,2325.1363338039737,2302.3854890505104,2311.4858269518954,2,2476,21.0,0.875,1403-02-19,False,False
2024-05-08 10:00:00,5080.0,5080.0,5050.0,5050.0,9149033,414,2024-05-08,0.4550168950692708,2311.4858269518954,2311.4858269518954,2297.8353200998176,2297.8353200998176,2,2477,1.0,0.041666666666666664,1403-02-19,False,False
2024-05-08 11:00:00,5050.0,5050.0,5010.0,5050.0,9507318,520,2024-05-08,0.4550168950692708,2297.8353200998176,2297.8353200998176,2279.6346442970466,2297.8353200998176,2,2478,1.0,0.041666666666666664,1403-02-19,False,False
2024-05-08 12:00:00,5050.0,5050.0,5020.0,5050.0,6552672,360,2024-05-08,0.4550168950692708,2297.8353200998176,2297.8353200998176,2284.1848132477394,2297.8353200998176,2,2479,1.0,0.041666666666666664,1403-02-19,False,False
2024-05-11 09:00:00,5060.0,5080.0,4990.0,4990.0,14564424,695,2024-05-11,0.4550168950692708,2302.3854890505104,2311.4858269518954,2270.534306395661,2270.534306395661,2,2480,69.0,2.875,1403-02-22,False,False
2024-05-11 10:00:00,4990.0,5030.0,4990.0,5020.0,7661028,501,2024-05-11,0.4550168950692708,2270.534306395661,2288.734982198432,2270.534306395661,2284.1848132477394,2,2481,1.0,0.041666666666666664,1403-02-22,False,False
2024-05-11 11:00:00,5010.0,5020.0,5000.0,5010.0,12999521,530,2024-05-11,0.4550168950692708,2279.6346442970466,2284.1848132477394,2275.084475346354,2279.6346442970466,2,2482,1.0,0.041666666666666664,1403-02-22,False,False
2024-05-11 12:00:00,5020.0,5020.0,5000.0,5010.0,9534565,412,2024-05-11,0.4550168950692708,2284.1848132477394,2284.1848132477394,2275.084475346354,2279.6346442970466,2,2483,1.0,0.041666666666666664,1403-02-22,False,False
2024-05-12 09:00:00,5000.0,5110.0,4990.0,5010.0,20737322,882,2024-05-12,0.4550168950692708,2275.084475346354,2325.1363338039737,2270.534306395661,2279.6346442970466,2,2484,21.0,0.875,1403-02-23,False,False
2024-05-12 10:00:00,5010.0,5080.0,5000.0,5010.0,10783895,631,2024-05-12,0.4550168950692708,2279.6346442970466,2311.4858269518954,2275.084475346354,2279.6346442970466,2,2485,1.0,0.041666666666666664,1403-02-23,False,False
2024-05-12 11:00:00,5010.0,5010.0,4970.0,4980.0,10116201,694,2024-05-12,0.4550168950692708,2279.6346442970466,2279.6346442970466,2261.4339684942756,2265.9841374449684,2,2486,1.0,0.041666666666666664,1403-02-23,False,False
2024-05-12 12:00:00,4970.0,4980.0,4950.0,4980.0,5111424,404,2024-05-12,0.4550168950692708,2261.4339684942756,2265.9841374449684,2252.3336305928906,2265.9841374449684,2,2487,1.0,0.041666666666666664,1403-02-23,False,False
2024-05-13 09:00:00,4950.0,4990.0,4930.0,4940.0,14575042,805,2024-05-13,0.4550168950692708,2252.3336305928906,2270.534306395661,2243.233292691505,2247.783461642198,2,2488,21.0,0.875,1403-02-24,False,False
2024-05-13 10:00:00,4940.0,4960.0,4910.0,4940.0,27474000,920,2024-05-13,0.4550168950692708,2247.783461642198,2256.8837995435833,2234.1329547901196,2247.783461642198,2,2489,1.0,0.041666666666666664,1403-02-24,False,False
2024-05-13 11:00:00,4940.0,4970.0,4930.0,4950.0,14499891,651,2024-05-13,0.4550168950692708,2247.783461642198,2261.4339684942756,2243.233292691505,2252.3336305928906,2,2490,1.0,0.041666666666666664,1403-02-24,False,False
2024-05-13 12:00:00,4950.0,4980.0,4940.0,4970.0,11244376,486,2024-05-13,0.4550168950692708,2252.3336305928906,2265.9841374449684,2247.783461642198,2261.4339684942756,2,2491,1.0,0.041666666666666664,1403-02-24,False,False
2024-05-14 09:00:00,4940.0,5110.0,4940.0,5050.0,16867650,771,2024-05-14,0.4550168950692708,2247.783461642198,2325.1363338039737,2247.783461642198,2297.8353200998176,2,2492,21.0,0.875,1403-02-25,False,False
2024-05-14 10:00:00,5050.0,5050.0,4980.0,5000.0,13022160,543,2024-05-14,0.4550168950692708,2297.8353200998176,2297.8353200998176,2265.9841374449684,2275.084475346354,2,2493,1.0,0.041666666666666664,1403-02-25,False,False
2024-05-14 11:00:00,5000.0,5000.0,4980.0,4990.0,12831800,519,2024-05-14,0.4550168950692708,2275.084475346354,2275.084475346354,2265.9841374449684,2270.534306395661,2,2494,1.0,0.041666666666666664,1403-02-25,False,False
2024-05-14 12:00:00,4990.0,5000.0,4980.0,4980.0,8366343,344,2024-05-14,0.4550168950692708,2270.534306395661,2275.084475346354,2265.9841374449684,2265.9841374449684,2,2495,1.0,0.041666666666666664,1403-02-25,False,False
2024-05-15 09:00:00,5010.0,5010.0,4910.0,4960.0,11968272,459,2024-05-15,0.4550168950692708,2279.6346442970466,2279.6346442970466,2234.1329547901196,2256.8837995435833,2,2496,21.0,0.875,1403-02-26,False,False
2024-05-15 10:00:00,4970.0,5060.0,4950.0,5030.0,17064534,578,2024-05-15,0.4550168950692708,2261.4339684942756,2302.3854890505104,2252.3336305928906,2288.734982198432,2,2497,1.0,0.041666666666666664,1403-02-26,False,False
2024-05-15 11:00:00,5030.0,5100.0,5020.0,5030.0,15393728,610,2024-05-15,0.4550168950692708,2288.734982198432,2320.586164853281,2284.1848132477394,2288.734982198432,2,2498,1.0,0.041666666666666664,1403-02-26,False,False
2024-05-15 12:00:00,5040.0,5070.0,5030.0,5070.0,6577862,343,2024-05-15,0.4550168950692708,2293.285151149125,2306.9356580012027,2288.734982198432,2306.9356580012027,2,2499,1.0,0.041666666666666664,1403-02-26,False,False
2024-05-15 15:00:00,5100.0,5100.0,4960.0,4960.0,5584228,88,2024-05-15,0.4550168950692708,2320.586164853281,2320.586164853281,2256.8837995435833,2256.8837995435833,2,2500,3.0,0.125,1403-02-26,False,False
2024-05-18 09:00:00,5080.0,5110.0,5010.0,5020.0,13992868,638,2024-05-18,0.4550168950692708,2311.4858269518954,2325.1363338039737,2279.6346442970466,2284.1848132477394,2,2501,66.0,2.75,1403-02-29,False,False
2024-05-18 10:00:00,5020.0,5030.0,5010.0,5010.0,10872625,518,2024-05-18,0.4550168950692708,2284.1848132477394,2288.734982198432,2279.6346442970466,2279.6346442970466,2,2502,1.0,0.041666666666666664,1403-02-29,False,False
2024-05-18 11:00:00,5020.0,5030.0,5000.0,5000.0,12989039,490,2024-05-18,0.4550168950692708,2284.1848132477394,2288.734982198432,2275.084475346354,2275.084475346354,2,2503,1.0,0.041666666666666664,1403-02-29,False,False
2024-05-18 12:00:00,5010.0,5020.0,4980.0,4980.0,7234221,341,2024-05-18,0.4550168950692708,2279.6346442970466,2284.1848132477394,2265.9841374449684,2265.9841374449684,2,2504,1.0,0.041666666666666664,1403-02-29,False,False
2024-05-19 09:00:00,4980.0,4980.0,4810.0,4820.0,46258056,1297,2024-05-19,0.4550168950692708,2265.9841374449684,2265.9841374449684,2188.6312652831925,2193.1814342338853,2,2505,21.0,0.875,1403-02-30,False,False
2024-05-19 10:00:00,4820.0,4820.0,4760.0,4790.0,21694721,1006,2024-05-19,0.4550168950692708,2193.1814342338853,2193.1814342338853,2165.880420529729,2179.530927381807,2,2506,1.0,0.041666666666666664,1403-02-30,False,False
2024-05-19 11:00:00,4790.0,4860.0,4780.0,4850.0,19903665,855,2024-05-19,0.4550168950692708,2179.530927381807,2211.382110036656,2174.9807584311143,2206.8319410859635,2,2507,1.0,0.041666666666666664,1403-02-30,False,False
2024-05-19 12:00:00,4840.0,4860.0,4820.0,4830.0,20941673,663,2024-05-19,0.4550168950692708,2202.281772135271,2211.382110036656,2193.1814342338853,2197.731603184578,2,2508,1.0,0.041666666666666664,1403-02-30,False,False
2024-05-19 15:00:00,4870.0,4910.0,4870.0,4910.0,996666,13,2024-05-19,0.4550168950692708,2215.9322789873486,2234.1329547901196,2215.9322789873486,2234.1329547901196,2,2509,3.0,0.125,1403-02-30,False,False
2024-05-21 09:00:00,4840.0,4900.0,4810.0,4880.0,8956127,620,2024-05-21,0.4550168950692708,2202.281772135271,2229.582785839427,2188.6312652831925,2220.4824479380413,2,2510,42.0,1.75,1403-03-01,False,False
2024-05-21 10:00:00,4890.0,4900.0,4850.0,4880.0,11585556,446,2024-05-21,0.4550168950692708,2225.032616888734,2229.582785839427,2206.8319410859635,2220.4824479380413,2,2511,1.0,0.041666666666666664,1403-03-01,False,False
2024-05-21 11:00:00,4900.0,4930.0,4890.0,4900.0,14264373,472,2024-05-21,0.4550168950692708,2229.582785839427,2243.233292691505,2225.032616888734,2229.582785839427,2,2512,1.0,0.041666666666666664,1403-03-01,False,False
2024-05-21 12:00:00,4900.0,4930.0,4900.0,4920.0,6293591,287,2024-05-21,0.4550168950692708,2229.582785839427,2243.233292691505,2229.582785839427,2238.6831237408123,2,2513,1.0,0.041666666666666664,1403-03-01,False,False
2024-05-21 13:00:00,4830.0,4830.0,4810.0,4810.0,119364,3,2024-05-21,0.4550168950692708,2197.731603184578,2197.731603184578,2188.6312652831925,2188.6312652831925,2,2514,1.0,0.041666666666666664,1403-03-01,False,False
2024-05-25 09:00:00,4900.0,4900.0,4793.0,4793.0,12965400,951,2024-05-25,0.4550168950692708,2229.582785839427,2229.582785839427,2180.8959780670148,2180.8959780670148,2,2515,92.0,3.8333333333333335,1403-03-05,False,False
2024-05-25 10:00:00,4794.0,4854.0,4793.0,4794.0,21325738,750,2024-05-25,0.4550168950692708,2181.3509949620843,2208.6520086662404,2180.8959780670148,2181.3509949620843,2,2516,1.0,0.041666666666666664,1403-03-05,False,False
2024-05-25 11:00:00,4793.0,4854.0,4793.0,4815.0,14614482,692,2024-05-25,0.4550168950692708,2180.8959780670148,2208.6520086662404,2180.8959780670148,2190.906349758539,2,2517,1.0,0.041666666666666664,1403-03-05,False,False
2024-05-25 12:00:00,4815.0,4815.0,4796.0,4796.0,2804523,318,2024-05-25,0.4550168950692708,2190.906349758539,2190.906349758539,2182.2610287522225,2182.2610287522225,2,2518,1.0,0.041666666666666664,1403-03-05,False,False
2024-05-25 15:00:00,4850.0,4850.0,4794.0,4807.0,7720649,389,2024-05-25,0.4550168950692708,2206.8319410859635,2206.8319410859635,2181.3509949620843,2187.266214597985,2,2519,3.0,0.125,1403-03-05,False,False
2024-05-25 16:00:00,4807.0,4807.0,4793.0,4793.0,2653186,34,2024-05-25,0.4550168950692708,2187.266214597985,2187.266214597985,2180.8959780670148,2180.8959780670148,2,2520,1.0,0.041666666666666664,1403-03-05,False,False
2024-05-26 09:00:00,4794.0,4800.0,4706.0,4706.0,28972410,1146,2024-05-26,0.4550168950692708,2181.3509949620843,2184.0810963325,2141.309508195988,2141.309508195988,2,2521,17.0,0.7083333333333334,1403-03-06,False,False
2024-05-26 10:00:00,4706.0,4764.0,4706.0,4707.0,25954801,956,2024-05-26,0.4550168950692708,2141.309508195988,2167.700488110006,2141.309508195988,2141.7645250910577,2,2522,1.0,0.041666666666666664,1403-03-06,False,False
2024-05-26 11:00:00,4707.0,4764.0,4706.0,4706.0,13009669,429,2024-05-26,0.4550168950692708,2141.7645250910577,2167.700488110006,2141.309508195988,2141.309508195988,2,2523,1.0,0.041666666666666664,1403-03-06,False,False
2024-05-26 12:00:00,4706.0,4721.0,4706.0,4706.0,29209841,590,2024-05-26,0.4550168950692708,2141.309508195988,2148.1347616220273,2141.309508195988,2141.309508195988,2,2524,1.0,0.041666666666666664,1403-03-06,False,False
2024-05-26 13:00:00,4706.0,4706.0,4706.0,4706.0,21869,2,2024-05-26,0.4550168950692708,2141.309508195988,2141.309508195988,2141.309508195988,2141.309508195988,2,2525,1.0,0.041666666666666664,1403-03-06,False,False
2024-05-27 09:00:00,4687.0,4687.0,4619.0,4619.0,24804205,1075,2024-05-27,0.4550168950692708,2132.6641871896722,2132.6641871896722,2101.7230383249616,2101.7230383249616,2,2526,20.0,0.8333333333333334,1403-03-07,False,False
2024-05-27 10:00:00,4619.0,4625.0,4619.0,4624.0,24728639,773,2024-05-27,0.4550168950692708,2101.7230383249616,2104.4531396953776,2101.7230383249616,2103.998122800308,2,2527,1.0,0.041666666666666664,1403-03-07,False,False
2024-05-27 11:00:00,4623.0,4669.0,4622.0,4665.0,9394921,624,2024-05-27,0.4550168950692708,2103.543105905239,2124.4738830784254,2103.0880890101694,2122.653815498148,2,2528,1.0,0.041666666666666664,1403-03-07,False,False
2024-05-27 12:00:00,4666.0,4700.0,4666.0,4698.0,10933171,545,2024-05-27,0.4550168950692708,2123.1088323932177,2138.5794068255727,2123.1088323932177,2137.669373035434,2,2529,1.0,0.041666666666666664,1403-03-07,False,False
2024-05-27 14:00:00,4619.0,4620.0,4619.0,4619.0,13106193,72,2024-05-27,0.4550168950692708,2101.7230383249616,2102.178055220031,2101.7230383249616,2101.7230383249616,2,2530,2.0,0.08333333333333333,1403-03-07,False,False
2024-05-28 09:00:00,4723.0,4725.0,4698.0,4725.0,10205185,360,2024-05-28,0.4550168950692708,2149.044795412166,2149.9548292023046,2137.669373035434,2149.9548292023046,2,2531,19.0,0.7916666666666666,1403-03-08,False,False
2024-05-28 10:00:00,4725.0,4725.0,4725.0,4725.0,4448545,152,2024-05-28,0.4550168950692708,2149.9548292023046,2149.9548292023046,2149.9548292023046,2149.9548292023046,2,2532,1.0,0.041666666666666664,1403-03-08,False,False
2024-05-28 11:00:00,4725.0,4725.0,4725.0,4725.0,2580015,128,2024-05-28,0.4550168950692708,2149.9548292023046,2149.9548292023046,2149.9548292023046,2149.9548292023046,2,2533,1.0,0.041666666666666664,1403-03-08,False,False
2024-05-28 12:00:00,4725.0,4725.0,4725.0,4725.0,2222421,70,2024-05-28,0.4550168950692708,2149.9548292023046,2149.9548292023046,2149.9548292023046,2149.9548292023046,2,2534,1.0,0.041666666666666664,1403-03-08,False,False
2024-05-29 09:00:00,4818.0,4818.0,4818.0,4818.0,5077838,228,2024-05-29,0.4550168950692708,2192.2714004437466,2192.2714004437466,2192.2714004437466,2192.2714004437466,2,2535,21.0,0.875,1403-03-09,False,False
2024-05-29 10:00:00,4818.0,4818.0,4818.0,4818.0,4796823,166,2024-05-29,0.4550168950692708,2192.2714004437466,2192.2714004437466,2192.2714004437466,2192.2714004437466,2,2536,1.0,0.041666666666666664,1403-03-09,False,False
2024-05-29 11:00:00,4818.0,4818.0,4818.0,4818.0,2592762,124,2024-05-29,0.4550168950692708,2192.2714004437466,2192.2714004437466,2192.2714004437466,2192.2714004437466,2,2537,1.0,0.041666666666666664,1403-03-09,False,False
2024-05-29 12:00:00,4818.0,4818.0,4818.0,4818.0,787629,56,2024-05-29,0.4550168950692708,2192.2714004437466,2192.2714004437466,2192.2714004437466,2192.2714004437466,2,2538,1.0,0.041666666666666664,1403-03-09,False,False
2024-06-01 09:00:00,4899.0,4899.0,4850.0,4860.0,29251731,1010,2024-06-01,0.4550168950692708,2229.1277689443577,2229.1277689443577,2206.8319410859635,2211.382110036656,2,2539,69.0,2.875,1403-03-12,False,False
2024-06-01 10:00:00,4860.0,4899.0,4857.0,4890.0,13325273,590,2024-06-01,0.4550168950692708,2211.382110036656,2229.1277689443577,2210.017059351448,2225.032616888734,2,2540,1.0,0.041666666666666664,1403-03-12,False,False
2024-06-01 11:00:00,4890.0,4899.0,4886.0,4899.0,8898382,414,2024-06-01,0.4550168950692708,2225.032616888734,2229.1277689443577,2223.2125493084573,2229.1277689443577,2,2541,1.0,0.041666666666666664,1403-03-12,False,False
2024-06-01 12:00:00,4899.0,4899.0,4895.0,4899.0,4971596,194,2024-06-01,0.4550168950692708,2229.1277689443577,2229.1277689443577,2227.3077013640805,2229.1277689443577,2,2542,1.0,0.041666666666666664,1403-03-12,False,False
2024-06-02 09:00:00,4955.0,4955.0,4846.0,4890.0,10371939,597,2024-06-02,0.4550168950692708,2254.608715068237,2254.608715068237,2205.0118735056863,2225.032616888734,2,2543,21.0,0.875,1403-03-13,False,False
2024-06-02 10:00:00,4890.0,4900.0,4848.0,4873.0,7119361,362,2024-06-02,0.4550168950692708,2225.032616888734,2229.582785839427,2205.921907295825,2217.2973296725568,2,2544,1.0,0.041666666666666664,1403-03-13,False,False
2024-06-02 11:00:00,4874.0,4893.0,4855.0,4862.0,7868989,430,2024-06-02,0.4550168950692708,2217.752346567626,2226.397667573942,2209.1070255613095,2212.2921438267945,2,2545,1.0,0.041666666666666664,1403-03-13,False,False
2024-06-02 12:00:00,4863.0,4950.0,4862.0,4900.0,8501345,358,2024-06-02,0.4550168950692708,2212.747160721864,2252.3336305928906,2212.2921438267945,2229.582785839427,2,2546,1.0,0.041666666666666664,1403-03-13,False,False
2024-06-02 16:00:00,4855.0,4868.0,4855.0,4868.0,979364,15,2024-06-02,0.4550168950692708,2209.1070255613095,2215.0222451972104,2209.1070255613095,2215.0222451972104,2,2547,4.0,0.16666666666666666,1403-03-13,False,False
2024-06-05 09:00:00,4887.0,4940.0,4857.0,4859.0,7903745,556,2024-06-05,0.4550168950692708,2223.6675662035263,2247.783461642198,2210.017059351448,2210.9270931415867,2,2548,65.0,2.7083333333333335,1403-03-16,False,False
2024-06-05 10:00:00,4858.0,4892.0,4853.0,4866.0,23837819,478,2024-06-05,0.4550168950692708,2210.4720762465176,2225.9426506788727,2208.1969917711713,2214.1122114070718,2,2549,1.0,0.041666666666666664,1403-03-16,False,False
2024-06-05 11:00:00,4866.0,4937.0,4847.0,4848.0,6657978,402,2024-06-05,0.4550168950692708,2214.1122114070718,2246.41841095699,2205.4668904007553,2205.921907295825,2,2550,1.0,0.041666666666666664,1403-03-16,False,False
2024-06-05 12:00:00,4847.0,4891.0,4844.0,4889.0,8983750,287,2024-06-05,0.4550168950692708,2205.4668904007553,2225.4876337838036,2204.1018397155476,2224.577599993665,2,2551,1.0,0.041666666666666664,1403-03-16,False,False
2024-06-05 15:00:00,4889.0,4889.0,4853.0,4853.0,651192,3,2024-06-05,0.4550168950692708,2224.577599993665,2224.577599993665,2208.1969917711713,2208.1969917711713,2,2552,3.0,0.125,1403-03-16,False,False
2024-06-08 09:00:00,4889.0,4890.0,4777.0,4777.0,14177298,709,2024-06-08,0.4550168950692708,2224.577599993665,2225.032616888734,2173.6157077459065,2173.6157077459065,2,2553,66.0,2.75,1403-03-19,False,False
2024-06-08 10:00:00,4777.0,4778.0,4777.0,4777.0,8946994,381,2024-06-08,0.4550168950692708,2173.6157077459065,2174.0707246409756,2173.6157077459065,2173.6157077459065,2,2554,1.0,0.041666666666666664,1403-03-19,False,False
2024-06-08 11:00:00,4777.0,4778.0,4777.0,4777.0,3888858,301,2024-06-08,0.4550168950692708,2173.6157077459065,2174.0707246409756,2173.6157077459065,2173.6157077459065,2,2555,1.0,0.041666666666666664,1403-03-19,False,False
2024-06-08 12:00:00,4777.0,4778.0,4777.0,4777.0,2254404,190,2024-06-08,0.4550168950692708,2173.6157077459065,2174.0707246409756,2173.6157077459065,2173.6157077459065,2,2556,1.0,0.041666666666666664,1403-03-19,False,False
2024-06-08 14:00:00,4777.0,4777.0,4777.0,4777.0,6147129,39,2024-06-08,0.4550168950692708,2173.6157077459065,2173.6157077459065,2173.6157077459065,2173.6157077459065,2,2557,2.0,0.08333333333333333,1403-03-19,False,False
2024-06-09 09:00:00,4763.0,4824.0,4741.0,4757.0,9617206,693,2024-06-09,0.4550168950692708,2167.245471214937,2195.001501814162,2157.235099523413,2164.515369844521,2,2558,19.0,0.7916666666666666,1403-03-20,False,False
2024-06-09 10:00:00,4759.0,4874.0,4756.0,4872.0,12864563,619,2024-06-09,0.4550168950692708,2165.4254036346597,2217.752346567626,2164.060352949452,2216.842312777487,2,2559,1.0,0.041666666666666664,1403-03-20,False,False
2024-06-09 11:00:00,4872.0,4873.0,4745.0,4855.0,11214683,520,2024-06-09,0.4550168950692708,2216.842312777487,2217.2973296725568,2159.05516710369,2209.1070255613095,2,2560,1.0,0.041666666666666664,1403-03-20,False,False
2024-06-09 12:00:00,4855.0,4872.0,4850.0,4872.0,4466457,223,2024-06-09,0.4550168950692708,2209.1070255613095,2216.842312777487,2206.8319410859635,2216.842312777487,2,2561,1.0,0.041666666666666664,1403-03-20,False,False
2024-06-09 15:00:00,4874.0,4874.0,4760.0,4873.0,5590619,99,2024-06-09,0.4550168950692708,2217.752346567626,2217.752346567626,2165.880420529729,2217.2973296725568,2,2562,3.0,0.125,1403-03-20,False,False
2024-06-10 09:00:00,4920.0,4920.0,4862.0,4920.0,15042208,568,2024-06-10,0.4550168950692708,2238.6831237408123,2238.6831237408123,2212.2921438267945,2238.6831237408123,2,2563,18.0,0.75,1403-03-21,False,False
2024-06-10 10:00:00,4920.0,4920.0,4919.0,4919.0,10894675,297,2024-06-10,0.4550168950692708,2238.6831237408123,2238.6831237408123,2238.228106845743,2238.228106845743,2,2564,1.0,0.041666666666666664,1403-03-21,False,False
2024-06-10 11:00:00,4919.0,4920.0,4917.0,4920.0,8882450,350,2024-06-10,0.4550168950692708,2238.228106845743,2238.6831237408123,2237.3180730556046,2238.6831237408123,2,2565,1.0,0.041666666666666664,1403-03-21,False,False
2024-06-10 12:00:00,4920.0,4920.0,4919.0,4920.0,2448407,130,2024-06-10,0.4550168950692708,2238.6831237408123,2238.6831237408123,2238.228106845743,2238.6831237408123,2,2566,1.0,0.041666666666666664,1403-03-21,False,False
2024-06-11 09:00:00,4921.0,4985.0,4899.0,4900.0,7580205,537,2024-06-11,0.4550168950692708,2239.1381406358814,2268.2592219203148,2229.1277689443577,2229.582785839427,2,2567,21.0,0.875,1403-03-22,False,False
2024-06-11 10:00:00,4900.0,4925.0,4870.0,4917.0,15994273,516,2024-06-11,0.4550168950692708,2229.582785839427,2240.9582082161587,2215.9322789873486,2237.3180730556046,2,2568,1.0,0.041666666666666664,1403-03-22,False,False
2024-06-11 11:00:00,4917.0,4918.0,4889.0,4890.0,14560949,401,2024-06-11,0.4550168950692708,2237.3180730556046,2237.7730899506737,2224.577599993665,2225.032616888734,2,2569,1.0,0.041666666666666664,1403-03-22,False,False
2024-06-11 12:00:00,4890.0,4925.0,4872.0,4909.0,8844111,321,2024-06-11,0.4550168950692708,2225.032616888734,2240.9582082161587,2216.842312777487,2233.6779378950505,2,2570,1.0,0.041666666666666664,1403-03-22,False,False
2024-06-11 13:00:00,4873.0,4919.0,4873.0,4873.0,711901,13,2024-06-11,0.4550168950692708,2217.2973296725568,2238.228106845743,2217.2973296725568,2217.2973296725568,2,2571,1.0,0.041666666666666664,1403-03-22,False,False
2024-06-11 15:00:00,4918.0,4920.0,4885.0,4885.0,2852940,54,2024-06-11,0.4550168950692708,2237.7730899506737,2238.6831237408123,2222.7575324133877,2222.7575324133877,2,2572,2.0,0.08333333333333333,1403-03-22,False,False
2024-06-12 09:00:00,4925.0,4925.0,4862.0,4862.0,4753285,432,2024-06-12,0.4550168950692708,2240.9582082161587,2240.9582082161587,2212.2921438267945,2212.2921438267945,2,2573,18.0,0.75,1403-03-23,False,False
2024-06-12 10:00:00,4863.0,4863.0,4837.0,4837.0,8435144,376,2024-06-12,0.4550168950692708,2212.747160721864,2212.747160721864,2200.9167214500626,2200.9167214500626,2,2574,1.0,0.041666666666666664,1403-03-23,False,False
2024-06-12 11:00:00,4836.0,4980.0,4832.0,4870.0,11630170,606,2024-06-12,0.4550168950692708,2200.4617045549935,2265.9841374449684,2198.6416369747167,2215.9322789873486,2,2575,1.0,0.041666666666666664,1403-03-23,False,False
2024-06-12 12:00:00,4871.0,4979.0,4867.0,4907.0,11472951,433,2024-06-12,0.4550168950692708,2216.387295882418,2265.5291205498993,2214.567228302141,2232.767904104912,2,2576,1.0,0.041666666666666664,1403-03-23,False,False
2024-06-15 09:00:00,4898.0,4898.0,4813.0,4813.0,5526733,497,2024-06-15,0.4550168950692708,2228.672752049288,2228.672752049288,2189.9963159684003,2189.9963159684003,2,2577,69.0,2.875,1403-03-26,False,False
2024-06-15 10:00:00,4813.0,4813.0,4781.0,4781.0,9910058,517,2024-06-15,0.4550168950692708,2189.9963159684003,2189.9963159684003,2175.435775326184,2175.435775326184,2,2578,1.0,0.041666666666666664,1403-03-26,False,False
2024-06-15 11:00:00,4781.0,4782.0,4781.0,4781.0,11086058,412,2024-06-15,0.4550168950692708,2175.435775326184,2175.890792221253,2175.435775326184,2175.435775326184,2,2579,1.0,0.041666666666666664,1403-03-26,False,False
2024-06-15 12:00:00,4781.0,4781.0,4781.0,4781.0,1794669,152,2024-06-15,0.4550168950692708,2175.435775326184,2175.435775326184,2175.435775326184,2175.435775326184,2,2580,1.0,0.041666666666666664,1403-03-26,False,False
2024-06-16 09:00:00,4724.0,4730.0,4701.0,4701.0,21506072,810,2024-06-16,0.4550168950692708,2149.499812307235,2152.229913677651,2139.034423720642,2139.034423720642,2,2581,21.0,0.875,1403-03-27,False,False
2024-06-16 10:00:00,4701.0,4703.0,4701.0,4702.0,20783759,436,2024-06-16,0.4550168950692708,2139.034423720642,2139.9444575107805,2139.034423720642,2139.4894406157114,2,2582,1.0,0.041666666666666664,1403-03-27,False,False
2024-06-16 11:00:00,4702.0,4716.0,4701.0,4707.0,6298165,350,2024-06-16,0.4550168950692708,2139.4894406157114,2145.859677146681,2139.034423720642,2141.7645250910577,2,2583,1.0,0.041666666666666664,1403-03-27,False,False
2024-06-16 12:00:00,4707.0,4707.0,4701.0,4701.0,4548450,246,2024-06-16,0.4550168950692708,2141.7645250910577,2141.7645250910577,2139.034423720642,2139.034423720642,2,2584,1.0,0.041666666666666664,1403-03-27,False,False
2024-06-18 09:00:00,4702.0,4702.0,4620.0,4683.0,8956789,515,2024-06-18,0.4550168950692708,2139.4894406157114,2139.4894406157114,2102.178055220031,2130.844119609395,2,2585,45.0,1.875,1403-03-29,False,False
2024-06-18 10:00:00,4683.0,4702.0,4608.0,4612.0,12759777,572,2024-06-18,0.4550168950692708,2130.844119609395,2139.4894406157114,2096.7178524792,2098.537920059477,2,2586,1.0,0.041666666666666664,1403-03-29,False,False
2024-06-18 11:00:00,4613.0,4687.0,4608.0,4610.0,17615176,484,2024-06-18,0.4550168950692708,2098.992936954546,2132.6641871896722,2096.7178524792,2097.6278862693384,2,2587,1.0,0.041666666666666664,1403-03-29,False,False
2024-06-18 12:00:00,4609.0,4621.0,4608.0,4611.0,13075028,343,2024-06-18,0.4550168950692708,2097.172869374269,2102.6330721151003,2096.7178524792,2098.0829031644075,2,2588,1.0,0.041666666666666664,1403-03-29,False,False
2024-06-18 14:00:00,4702.0,4702.0,4608.0,4613.0,10659352,166,2024-06-18,0.4550168950692708,2139.4894406157114,2139.4894406157114,2096.7178524792,2098.992936954546,2,2589,2.0,0.08333333333333333,1403-03-29,False,False
2024-06-18 15:00:00,4613.0,4613.0,4613.0,4613.0,2900,1,2024-06-18,0.4550168950692708,2098.992936954546,2098.992936954546,2098.992936954546,2098.992936954546,2,2590,1.0,0.041666666666666664,1403-03-29,False,False
2024-06-19 09:00:00,4600.0,4715.0,4600.0,4713.0,10833559,531,2024-06-19,0.4550168950692708,2093.0777173186457,2145.404660251612,2093.0777173186457,2144.494626461473,2,2591,18.0,0.75,1403-03-30,False,False
2024-06-19 10:00:00,4713.0,4715.0,4622.0,4701.0,7199377,350,2024-06-19,0.4550168950692708,2144.494626461473,2145.404660251612,2103.0880890101694,2139.034423720642,2,2592,1.0,0.041666666666666664,1403-03-30,False,False
2024-06-19 11:00:00,4701.0,4715.0,4700.0,4712.0,9447084,400,2024-06-19,0.4550168950692708,2139.034423720642,2145.404660251612,2138.5794068255727,2144.039609566404,2,2593,1.0,0.041666666666666664,1403-03-30,False,False
2024-06-19 12:00:00,4712.0,4715.0,4708.0,4714.0,8166504,261,2024-06-19,0.4550168950692708,2144.039609566404,2145.404660251612,2142.219541986127,2144.9496433565423,2,2594,1.0,0.041666666666666664,1403-03-30,False,False
2024-06-19 15:00:00,4673.0,4700.0,4673.0,4700.0,474607,7,2024-06-19,0.4550168950692708,2126.293950658702,2138.5794068255727,2126.293950658702,2138.5794068255727,2,2595,3.0,0.125,1403-03-30,False,False
2024-06-22 09:00:00,4788.0,4788.0,4693.0,4714.0,10819852,578,2024-06-22,0.4550168950692708,2178.6208935916684,2178.6208935916684,2135.3942885600877,2144.9496433565423,2,2596,66.0,2.75,1403-04-02,False,False
2024-06-22 10:00:00,4713.0,4777.0,4698.0,4720.0,11036634,438,2024-06-22,0.4550168950692708,2144.494626461473,2173.6157077459065,2137.669373035434,2147.6797447269582,2,2597,1.0,0.041666666666666664,1403-04-02,False,False
2024-06-22 11:00:00,4720.0,4729.0,4693.0,4695.0,12889767,478,2024-06-22,0.4550168950692708,2147.6797447269582,2151.7748967825814,2135.3942885600877,2136.3043223502264,2,2598,1.0,0.041666666666666664,1403-04-02,False,False
2024-06-22 12:00:00,4695.0,4720.0,4689.0,4715.0,4843462,254,2024-06-22,0.4550168950692708,2136.3043223502264,2147.6797447269582,2133.574220979811,2145.404660251612,2,2599,1.0,0.041666666666666664,1403-04-02,False,False
2024-06-22 16:00:00,4700.0,4775.0,4690.0,4710.0,9986184,324,2024-06-22,0.4550168950692708,2138.5794068255727,2172.705673955768,2134.02923787488,2143.1295757762655,2,2600,4.0,0.16666666666666666,1403-04-02,False,False
2024-06-23 09:00:00,4750.0,4755.0,4715.0,4715.0,10152176,447,2024-06-23,0.4550168950692708,2161.330251579036,2163.6053360543824,2145.404660251612,2145.404660251612,2,2601,17.0,0.7083333333333334,1403-04-03,False,False
2024-06-23 10:00:00,4716.0,4754.0,4712.0,4721.0,12178390,521,2024-06-23,0.4550168950692708,2145.859677146681,2163.1503191593133,2144.039609566404,2148.1347616220273,2,2602,1.0,0.041666666666666664,1403-04-03,False,False
2024-06-23 11:00:00,4721.0,4739.0,4712.0,4713.0,8900118,368,2024-06-23,0.4550168950692708,2148.1347616220273,2156.325065733274,2144.039609566404,2144.494626461473,2,2603,1.0,0.041666666666666664,1403-04-03,False,False
2024-06-23 12:00:00,4713.0,4721.0,4712.0,4717.0,2915199,210,2024-06-23,0.4550168950692708,2144.494626461473,2148.1347616220273,2144.039609566404,2146.3146940417505,2,2604,1.0,0.041666666666666664,1403-04-03,False,False
2024-06-23 14:00:00,4749.0,4749.0,4727.0,4727.0,726715,35,2024-06-23,0.4550168950692708,2160.875234683967,2160.875234683967,2150.864862992443,2150.864862992443,2,2605,2.0,0.08333333333333333,1403-04-03,False,False
2024-06-23 15:00:00,4727.0,4754.0,4713.0,4713.0,6967655,278,2024-06-23,0.4550168950692708,2150.864862992443,2163.1503191593133,2144.494626461473,2144.494626461473,2,2606,1.0,0.041666666666666664,1403-04-03,False,False
2024-06-24 09:00:00,4760.0,4760.0,4738.0,4740.0,7863194,524,2024-06-24,0.4550168950692708,2165.880420529729,2165.880420529729,2155.870048838205,2156.7800826283437,2,2607,18.0,0.75,1403-04-04,False,False
2024-06-24 10:00:00,4740.0,4751.0,4739.0,4748.0,11730337,547,2024-06-24,0.4550168950692708,2156.7800826283437,2161.7852684741056,2156.325065733274,2160.420217788898,2,2608,1.0,0.041666666666666664,1403-04-04,False,False
2024-06-24 11:00:00,4748.0,4818.0,4744.0,4818.0,16361577,632,2024-06-24,0.4550168950692708,2160.420217788898,2192.2714004437466,2158.6001502086206,2192.2714004437466,2,2609,1.0,0.041666666666666664,1403-04-04,False,False
2024-06-24 12:00:00,4818.0,4818.0,4816.0,4818.0,13154634,200,2024-06-24,0.4550168950692708,2192.2714004437466,2192.2714004437466,2191.361366653608,2192.2714004437466,2,2610,1.0,0.041666666666666664,1403-04-04,False,False
2024-06-26 09:00:00,4876.0,4876.0,4850.0,4876.0,15379233,596,2024-06-26,0.4550168950692708,2218.6623803577645,2218.6623803577645,2206.8319410859635,2218.6623803577645,2,2611,45.0,1.875,1403-04-06,False,False
2024-06-26 10:00:00,4876.0,4876.0,4876.0,4876.0,7072252,185,2024-06-26,0.4550168950692708,2218.6623803577645,2218.6623803577645,2218.6623803577645,2218.6623803577645,2,2612,1.0,0.041666666666666664,1403-04-06,False,False
2024-06-26 11:00:00,4876.0,4876.0,4876.0,4876.0,9782705,204,2024-06-26,0.4550168950692708,2218.6623803577645,2218.6623803577645,2218.6623803577645,2218.6623803577645,2,2613,1.0,0.041666666666666664,1403-04-06,False,False
2024-06-26 12:00:00,4876.0,4876.0,4876.0,4876.0,5363461,137,2024-06-26,0.4550168950692708,2218.6623803577645,2218.6623803577645,2218.6623803577645,2218.6623803577645,2,2614,1.0,0.041666666666666664,1403-04-06,False,False
2024-06-29 09:00:00,4940.0,4940.0,4847.0,4869.0,11656270,758,2024-06-29,0.4550168950692708,2247.783461642198,2247.783461642198,2205.4668904007553,2215.4772620922795,2,2615,69.0,2.875,1403-04-09,False,False
2024-06-29 10:00:00,4868.0,4920.0,4867.0,4874.0,11704134,576,2024-06-29,0.4550168950692708,2215.0222451972104,2238.6831237408123,2214.567228302141,2217.752346567626,2,2616,1.0,0.041666666666666664,1403-04-09,False,False
2024-06-29 11:00:00,4873.0,4875.0,4861.0,4861.0,9510632,483,2024-06-29,0.4550168950692708,2217.2973296725568,2218.207363462695,2211.8371269317254,2211.8371269317254,2,2617,1.0,0.041666666666666664,1403-04-09,False,False
2024-06-29 12:00:00,4862.0,4875.0,4823.0,4833.0,6736894,290,2024-06-29,0.4550168950692708,2212.2921438267945,2218.207363462695,2194.546484919093,2199.0966538697858,2,2618,1.0,0.041666666666666664,1403-04-09,False,False
2024-06-30 09:00:00,4864.0,4864.0,4770.0,4770.0,16357022,680,2024-06-30,0.4550168950692708,2213.202177616933,2213.202177616933,2170.4305894804215,2170.4305894804215,2,2619,21.0,0.875,1403-04-10,False,False
2024-06-30 10:00:00,4771.0,4920.0,4750.0,4862.0,26928478,732,2024-06-30,0.4550168950692708,2170.885606375491,2238.6831237408123,2161.330251579036,2212.2921438267945,2,2620,1.0,0.041666666666666664,1403-04-10,False,False
2024-06-30 11:00:00,4860.0,4880.0,4798.0,4798.0,13194542,494,2024-06-30,0.4550168950692708,2211.382110036656,2220.4824479380413,2183.171062542361,2183.171062542361,2,2621,1.0,0.041666666666666664,1403-04-10,False,False
2024-06-30 12:00:00,4799.0,4876.0,4788.0,4833.0,5647868,282,2024-06-30,0.4550168950692708,2183.6260794374307,2218.6623803577645,2178.6208935916684,2199.0966538697858,2,2622,1.0,0.041666666666666664,1403-04-10,False,False
2024-07-01 09:00:00,4850.0,4853.0,4808.0,4813.0,5818761,397,2024-07-01,0.4550168950692708,2206.8319410859635,2208.1969917711713,2187.721231493054,2189.9963159684003,2,2623,21.0,0.875,1403-04-11,False,False
2024-07-01 10:00:00,4815.0,4823.0,4800.0,4820.0,11136190,362,2024-07-01,0.4550168950692708,2190.906349758539,2194.546484919093,2184.0810963325,2193.1814342338853,2,2624,1.0,0.041666666666666664,1403-04-11,False,False
2024-07-01 11:00:00,4818.0,4890.0,4813.0,4879.0,10937920,453,2024-07-01,0.4550168950692708,2192.2714004437466,2225.032616888734,2189.9963159684003,2220.0274310429722,2,2625,1.0,0.041666666666666664,1403-04-11,False,False
2024-07-01 12:00:00,4880.0,4880.0,4839.0,4845.0,5620248,291,2024-07-01,0.4550168950692708,2220.4824479380413,2220.4824479380413,2201.8267552402012,2204.556856610617,2,2626,1.0,0.041666666666666664,1403-04-11,False,False
2024-07-02 09:00:00,4820.0,4899.0,4820.0,4872.0,8279353,387,2024-07-02,0.4550168950692708,2193.1814342338853,2229.1277689443577,2193.1814342338853,2216.842312777487,2,2627,21.0,0.875,1403-04-12,False,False
2024-07-02 10:00:00,4872.0,4919.0,4872.0,4919.0,19635569,574,2024-07-02,0.4550168950692708,2216.842312777487,2238.228106845743,2216.842312777487,2238.228106845743,2,2628,1.0,0.041666666666666664,1403-04-12,False,False
2024-07-02 11:00:00,4918.0,4918.0,4889.0,4902.0,16107255,443,2024-07-02,0.4550168950692708,2237.7730899506737,2237.7730899506737,2224.577599993665,2230.4928196295655,2,2629,1.0,0.041666666666666664,1403-04-12,False,False
2024-07-02 12:00:00,4905.0,4905.0,4898.0,4901.0,4755349,241,2024-07-02,0.4550168950692708,2231.857870314773,2231.857870314773,2228.672752049288,2230.037802734496,2,2630,1.0,0.041666666666666664,1403-04-12,False,False
2024-07-03 09:00:00,4913.0,4949.0,4900.0,4931.0,13294020,675,2024-07-03,0.4550168950692708,2235.4980054753273,2251.878613697821,2229.582785839427,2243.688309586574,2,2631,21.0,0.875,1403-04-13,False,False
2024-07-03 10:00:00,4929.0,4991.0,4928.0,4991.0,17421396,531,2024-07-03,0.4550168950692708,2242.7782757964355,2270.9893232907307,2242.3232589013664,2270.9893232907307,2,2632,1.0,0.041666666666666664,1403-04-13,False,False
2024-07-03 11:00:00,4991.0,5060.0,4991.0,5012.0,18627619,687,2024-07-03,0.4550168950692708,2270.9893232907307,2302.3854890505104,2270.9893232907307,2280.5446780871853,2,2633,1.0,0.041666666666666664,1403-04-13,False,False
2024-07-03 12:00:00,5011.0,5055.0,5002.0,5040.0,13510464,578,2024-07-03,0.4550168950692708,2280.0896611921157,2300.110404575164,2275.9945091364925,2293.285151149125,2,2634,1.0,0.041666666666666664,1403-04-13,False,False
2024-07-06 09:00:00,5279.0,5279.0,5279.0,5279.0,15754077,427,2024-07-06,0.4550168950692708,2402.0341890706804,2402.0341890706804,2402.0341890706804,2402.0341890706804,2,2635,69.0,2.875,1403-04-16,False,False
2024-07-06 10:00:00,5279.0,5279.0,5279.0,5279.0,28010918,384,2024-07-06,0.4550168950692708,2402.0341890706804,2402.0341890706804,2402.0341890706804,2402.0341890706804,2,2636,1.0,0.041666666666666664,1403-04-16,False,False
2024-07-06 11:00:00,5279.0,5279.0,5279.0,5279.0,7473107,226,2024-07-06,0.4550168950692708,2402.0341890706804,2402.0341890706804,2402.0341890706804,2402.0341890706804,2,2637,1.0,0.041666666666666664,1403-04-16,False,False
2024-07-06 12:00:00,5279.0,5279.0,5279.0,5279.0,3776698,126,2024-07-06,0.4550168950692708,2402.0341890706804,2402.0341890706804,2402.0341890706804,2402.0341890706804,2,2638,1.0,0.041666666666666664,1403-04-16,False,False
2024-07-07 09:00:00,5529.0,5529.0,5281.0,5304.0,35882865,1420,2024-07-07,0.4550168950692708,2515.7884128379983,2515.7884128379983,2402.944222860819,2413.4096114474123,2,2639,21.0,0.875,1403-04-17,False,False
2024-07-07 10:00:00,5306.0,5315.0,5285.0,5311.0,26859014,927,2024-07-07,0.4550168950692708,2414.319645237551,2418.414797293174,2404.764290441096,2416.5947297128973,2,2640,1.0,0.041666666666666664,1403-04-17,False,False
2024-07-07 11:00:00,5312.0,5322.0,5302.0,5308.0,31546866,771,2024-07-07,0.4550168950692708,2417.0497466079664,2421.599915558659,2412.4995776572737,2415.229679027689,2,2641,1.0,0.041666666666666664,1403-04-17,False,False
2024-07-07 12:00:00,5308.0,5309.0,5283.0,5296.0,14256809,388,2024-07-07,0.4550168950692708,2415.229679027689,2415.6846959227587,2403.8542566509577,2409.769476286858,2,2642,1.0,0.041666666666666664,1403-04-17,False,False
2024-07-08 09:00:00,5338.0,5400.0,5236.0,5302.0,33351257,1059,2024-07-08,0.4550168950692708,2428.8801858797674,2457.091233374062,2382.4684625827017,2412.4995776572737,2,2643,21.0,0.875,1403-04-18,False,False
2024-07-08 10:00:00,5302.0,5329.0,5281.0,5283.0,14876504,602,2024-07-08,0.4550168950692708,2412.4995776572737,2424.785033824144,2402.944222860819,2403.8542566509577,2,2644,1.0,0.041666666666666664,1403-04-18,False,False
2024-07-08 11:00:00,5281.0,5299.0,5257.0,5268.0,11600859,530,2024-07-08,0.4550168950692708,2402.944222860819,2411.134526972066,2392.0238173791568,2397.0290032249186,2,2645,1.0,0.041666666666666664,1403-04-18,False,False
2024-07-08 12:00:00,5290.0,5371.0,5268.0,5355.0,15451281,458,2024-07-08,0.4550168950692708,2407.0393749164423,2443.8957434170534,2397.0290032249186,2436.615473095945,2,2646,1.0,0.041666666666666664,1403-04-18,False,False
2024-07-09 09:00:00,5340.0,5340.0,5269.0,5301.0,18179167,590,2024-07-09,0.4550168950692708,2429.790219669906,2429.790219669906,2397.4840201199877,2412.0445607622046,2,2647,21.0,0.875,1403-04-19,False,False
2024-07-09 10:00:00,5305.0,5360.0,5282.0,5283.0,10332522,456,2024-07-09,0.4550168950692708,2413.8646283424814,2438.8905575712915,2403.399239755888,2403.8542566509577,2,2648,1.0,0.041666666666666664,1403-04-19,False,False
2024-07-09 11:00:00,5283.0,5284.0,5267.0,5269.0,11834419,458,2024-07-09,0.4550168950692708,2403.8542566509577,2404.309273546027,2396.573986329849,2397.4840201199877,2,2649,1.0,0.041666666666666664,1403-04-19,False,False
2024-07-09 12:00:00,5268.0,5269.0,5258.0,5264.0,8476514,328,2024-07-09,0.4550168950692708,2397.0290032249186,2397.4840201199877,2392.478834274226,2395.2089356446413,2,2650,1.0,0.041666666666666664,1403-04-19,False,False
2024-07-10 09:00:00,5264.0,5275.0,5198.0,5207.0,16221165,641,2024-07-10,0.4550168950692708,2395.2089356446413,2400.2141214904036,2365.1778205700693,2369.272972625693,2,2651,21.0,0.875,1403-04-20,False,False
2024-07-10 10:00:00,5208.0,5296.0,5200.0,5280.0,16141133,646,2024-07-10,0.4550168950692708,2369.727989520762,2409.769476286858,2366.087854360208,2402.4892059657495,2,2652,1.0,0.041666666666666664,1403-04-20,False,False
2024-07-10 11:00:00,5298.0,5300.0,5215.0,5230.0,15965255,727,2024-07-10,0.4550168950692708,2410.679510076997,2411.589543867135,2372.913107786247,2379.7383612122862,2,2653,1.0,0.041666666666666664,1403-04-20,False,False
2024-07-10 12:00:00,5229.0,5299.0,5227.0,5299.0,10921153,444,2024-07-10,0.4550168950692708,2379.283344317217,2411.134526972066,2378.3733105270785,2411.134526972066,2,2654,1.0,0.041666666666666664,1403-04-20,False,False
2024-07-13 09:00:00,5280.0,5280.0,5210.0,5230.0,16624416,559,2024-07-13,0.4550168950692708,2402.4892059657495,2402.4892059657495,2370.6380233109007,2379.7383612122862,2,2655,69.0,2.875,1403-04-23,False,False
2024-07-13 10:00:00,5240.0,5250.0,5200.0,5220.0,15696030,496,2024-07-13,0.4550168950692708,2384.288530162979,2388.8386991136717,2366.087854360208,2375.1881922615935,2,2656,1.0,0.041666666666666664,1403-04-23,False,False
2024-07-13 11:00:00,5230.0,5250.0,5190.0,5190.0,13277895,440,2024-07-13,0.4550168950692708,2379.7383612122862,2388.8386991136717,2361.5376854095152,2361.5376854095152,2,2657,1.0,0.041666666666666664,1403-04-23,False,False
2024-07-13 12:00:00,5190.0,5260.0,5190.0,5190.0,7961605,305,2024-07-13,0.4550168950692708,2361.5376854095152,2393.3888680643645,2361.5376854095152,2361.5376854095152,2,2658,1.0,0.041666666666666664,1403-04-23,False,False
2024-07-14 09:00:00,5260.0,5260.0,5180.0,5200.0,13997161,580,2024-07-14,0.4550168950692708,2393.3888680643645,2393.3888680643645,2356.9875164588225,2366.087854360208,2,2659,21.0,0.875,1403-04-24,False,False
2024-07-14 10:00:00,5190.0,5230.0,5160.0,5180.0,16073658,518,2024-07-14,0.4550168950692708,2361.5376854095152,2379.7383612122862,2347.8871785574374,2356.9875164588225,2,2660,1.0,0.041666666666666664,1403-04-24,False,False
2024-07-14 11:00:00,5190.0,5200.0,5180.0,5200.0,15153961,684,2024-07-14,0.4550168950692708,2361.5376854095152,2366.087854360208,2356.9875164588225,2366.087854360208,2,2661,1.0,0.041666666666666664,1403-04-24,False,False
2024-07-14 12:00:00,5200.0,5210.0,5190.0,5190.0,13996748,470,2024-07-14,0.4550168950692708,2366.087854360208,2370.6380233109007,2361.5376854095152,2361.5376854095152,2,2662,1.0,0.041666666666666664,1403-04-24,False,False
2024-07-22 11:00:00,4767.0,4780.0,4670.0,4691.0,16078688,737,2024-07-22,0.4929349696583767,2349.8210003614818,2356.2291549670404,2302.0063083046193,2312.357942667445,2,2663,191.0,7.958333333333333,1403-05-01,False,True
2024-07-22 12:00:00,4691.0,4828.0,4684.0,4774.0,17215940,685,2024-07-22,0.4929349696583767,2312.357942667445,2379.8900335106428,2308.9073978798365,2353.2715451490903,2,2664,1.0,0.041666666666666664,1403-05-01,False,False
2024-07-23 09:00:00,4775.0,4810.0,4700.0,4718.0,14579896,814,2024-07-23,0.4929349696583767,2353.764480118749,2371.017204056792,2316.7943573943703,2325.6671868482213,2,2665,21.0,0.875,1403-05-02,False,False
2024-07-23 10:00:00,4719.0,4728.0,4687.0,4690.0,9742414,614,2024-07-23,0.4929349696583767,2326.1601218178794,2330.596536544805,2310.3862027888117,2311.8650076977865,2,2666,1.0,0.041666666666666664,1403-05-02,False,False
2024-07-23 11:00:00,4690.0,4740.0,4669.0,4669.0,18208814,525,2024-07-23,0.4929349696583767,2311.8650076977865,2336.5117561807056,2301.5133733349608,2301.5133733349608,2,2667,1.0,0.041666666666666664,1403-05-02,False,False
2024-07-23 12:00:00,4669.0,4710.0,4666.0,4670.0,7409896,410,2024-07-23,0.4929349696583767,2301.5133733349608,2321.723707090954,2300.0345684259855,2302.0063083046193,2,2668,1.0,0.041666666666666664,1403-05-02,False,False
2024-07-24 09:00:00,4706.0,4736.0,4649.0,4690.0,22305351,611,2024-07-24,0.4929349696583767,2319.751967212321,2334.540016302072,2291.654673941793,2311.8650076977865,2,2669,21.0,0.875,1403-05-03,False,False
2024-07-24 10:00:00,4689.0,4719.0,4668.0,4670.0,10584331,439,2024-07-24,0.4929349696583767,2311.3720727281284,2326.1601218178794,2301.020438365302,2302.0063083046193,2,2670,1.0,0.041666666666666664,1403-05-03,False,False
2024-07-24 11:00:00,4667.0,4711.0,4649.0,4660.0,18979303,480,2024-07-24,0.4929349696583767,2300.527503395644,2322.2166420606127,2291.654673941793,2297.0769586080355,2,2671,1.0,0.041666666666666664,1403-05-03,False,False
2024-07-24 12:00:00,4660.0,4710.0,4643.0,4661.0,6568312,378,2024-07-24,0.4929349696583767,2297.0769586080355,2321.723707090954,2288.697064123843,2297.5698935776936,2,2672,1.0,0.041666666666666664,1403-05-03,False,False
2024-07-27 10:00:00,4658.0,4679.0,4576.0,4578.0,11900854,786,2024-07-27,0.4929349696583767,2296.0910886687184,2306.4427230315446,2255.6704211567317,2256.6562910960483,2,2673,70.0,2.9166666666666665,1403-05-06,False,False
2024-07-27 11:00:00,4578.0,4620.0,4536.0,4540.0,11342976,657,2024-07-27,0.4929349696583767,2256.6562910960483,2277.3595598217003,2235.953022370397,2237.92476224903,2,2674,1.0,0.041666666666666664,1403-05-06,False,False
2024-07-27 12:00:00,4540.0,4582.0,4539.0,4572.0,5608226,349,2024-07-27,0.4929349696583767,2237.92476224903,2258.628030974682,2237.4318272793716,2253.6986812780983,2,2675,1.0,0.041666666666666664,1403-05-06,False,False
2024-07-29 09:00:00,4593.0,4593.0,4498.0,4515.0,28721786,765,2024-07-29,0.4929349696583767,2264.050315640924,2264.050315640924,2217.2214935233783,2225.6013880075707,2,2676,45.0,1.875,1403-05-08,False,False
2024-07-29 10:00:00,4515.0,4540.0,4492.0,4492.0,13548386,530,2024-07-29,0.4929349696583767,2225.6013880075707,2237.92476224903,2214.2638837054283,2214.2638837054283,2,2677,1.0,0.041666666666666664,1403-05-08,False,False
2024-07-29 11:00:00,4491.0,4535.0,4476.0,4479.0,11145400,518,2024-07-29,0.4929349696583767,2213.7709487357697,2235.4600874007383,2206.376924190894,2207.855729099869,2,2678,1.0,0.041666666666666664,1403-05-08,False,False
2024-07-29 12:00:00,4479.0,4480.0,4467.0,4476.0,7744722,355,2024-07-29,0.4929349696583767,2207.855729099869,2208.3486640695273,2201.9405094639687,2206.376924190894,2,2679,1.0,0.041666666666666664,1403-05-08,False,False
2024-07-30 09:00:00,4510.0,4510.0,4454.0,4457.0,14935915,724,2024-07-30,0.4929349696583767,2223.1367131592788,2223.1367131592788,2195.5323548584097,2197.011159767385,2,2680,21.0,0.875,1403-05-09,False,False
2024-07-30 10:00:00,4458.0,4530.0,4456.0,4523.0,20174217,539,2024-07-30,0.4929349696583767,2197.5040947370435,2232.9954125524464,2196.5182247977264,2229.544867764838,2,2681,1.0,0.041666666666666664,1403-05-09,False,False
2024-07-30 11:00:00,4522.0,4522.0,4461.0,4463.0,11891468,526,2024-07-30,0.4929349696583767,2229.0519327951793,2229.0519327951793,2198.9828996460183,2199.968769585335,2,2682,1.0,0.041666666666666664,1403-05-09,False,False
2024-07-30 12:00:00,4464.0,4530.0,4463.0,4480.0,8788864,410,2024-07-30,0.4929349696583767,2200.4617045549935,2232.9954125524464,2199.968769585335,2208.3486640695273,2,2683,1.0,0.041666666666666664,1403-05-09,False,False
2024-07-31 09:00:00,4277.0,4450.0,4261.0,4302.0,31015894,1150,2024-07-31,0.4929349696583767,2108.282865228877,2193.5606149797763,2100.395905714343,2120.6062394703367,2,2684,21.0,0.875,1403-05-10,False,False
2024-07-31 10:00:00,4304.0,4449.0,4262.0,4338.0,18337428,721,2024-07-31,0.4929349696583767,2121.5921094096534,2193.067680010118,2100.8888406840015,2138.351898378038,2,2685,1.0,0.041666666666666664,1403-05-10,False,False
2024-07-31 11:00:00,4335.0,4370.0,4326.0,4330.0,13584499,597,2024-07-31,0.4929349696583767,2136.873093469063,2154.1258174071063,2132.4366787421377,2134.408418620771,2,2686,1.0,0.041666666666666664,1403-05-10,False,False
2024-07-31 12:00:00,4330.0,4440.0,4329.0,4380.0,12704474,416,2024-07-31,0.4929349696583767,2134.408418620771,2188.6312652831925,2133.9154836511125,2159.05516710369,2,2687,1.0,0.041666666666666664,1403-05-10,False,False
2024-07-31 15:00:00,4357.0,4398.0,4334.0,4389.0,2725941,50,2024-07-31,0.4929349696583767,2147.7176628015472,2167.9279965575406,2136.3801584994044,2163.4915818306154,2,2688,3.0,0.125,1403-05-10,False,False
2024-08-03 09:00:00,4275.0,4318.0,4174.0,4177.0,43340299,1129,2024-08-03,0.4929349696583767,2107.2969952895605,2128.4931989848706,2057.5105633540643,2058.9893682630395,2,2689,66.0,2.75,1403-05-13,False,False
2024-08-03 10:00:00,4177.0,4179.0,4134.0,4135.0,23995075,810,2024-08-03,0.4929349696583767,2058.9893682630395,2059.975238202356,2037.7931645677293,2038.2860995373876,2,2690,1.0,0.041666666666666664,1403-05-13,False,False
2024-08-03 11:00:00,4135.0,4135.0,4113.0,4114.0,16089690,739,2024-08-03,0.4929349696583767,2038.2860995373876,2038.2860995373876,2027.4415302049033,2027.9344651745616,2,2691,1.0,0.041666666666666664,1403-05-13,False,False
2024-08-03 12:00:00,4114.0,4114.0,4104.0,4104.0,10756312,468,2024-08-03,0.4929349696583767,2027.9344651745616,2027.9344651745616,2023.0051154779778,2023.0051154779778,2,2692,1.0,0.041666666666666664,1403-05-13,False,False
2024-08-04 09:00:00,4134.0,4200.0,4134.0,4180.0,16423566,595,2024-08-04,0.4929349696583767,2037.7931645677293,2070.326872565182,2037.7931645677293,2060.4681731720148,2,2693,21.0,0.875,1403-05-14,False,False
2024-08-04 10:00:00,4180.0,4198.0,4170.0,4174.0,4679427,313,2024-08-04,0.4929349696583767,2060.4681731720148,2069.3410026258653,2055.538823475431,2057.5105633540643,2,2694,1.0,0.041666666666666664,1403-05-14,False,False
2024-08-04 11:00:00,4175.0,4190.0,4160.0,4190.0,4735181,292,2024-08-04,0.4929349696583767,2058.003498323723,2065.397522868598,2050.609473778847,2065.397522868598,2,2695,1.0,0.041666666666666664,1403-05-14,False,False
2024-08-04 12:00:00,4190.0,4196.0,4176.0,4190.0,3627875,196,2024-08-04,0.4929349696583767,2065.397522868598,2068.3551326865486,2058.496433293381,2065.397522868598,2,2696,1.0,0.041666666666666664,1403-05-14,False,False
2024-08-05 09:00:00,4179.0,4200.0,4164.0,4169.0,7642999,425,2024-08-05,0.4929349696583767,2059.975238202356,2070.326872565182,2052.5812136574805,2055.0458885057724,2,2697,21.0,0.875,1403-05-15,False,False
2024-08-05 10:00:00,4168.0,4200.0,4158.0,4160.0,33528394,431,2024-08-05,0.4929349696583767,2054.552953536114,2070.326872565182,2049.6236038395305,2050.609473778847,2,2698,1.0,0.041666666666666664,1403-05-15,False,False
2024-08-05 11:00:00,4158.0,4165.0,4154.0,4157.0,9482717,392,2024-08-05,0.4929349696583767,2049.6236038395305,2053.074148627139,2047.6518639608967,2049.130668869872,2,2699,1.0,0.041666666666666664,1403-05-15,False,False
2024-08-05 12:00:00,4158.0,4164.0,4154.0,4154.0,6345672,243,2024-08-05,0.4929349696583767,2049.6236038395305,2052.5812136574805,2047.6518639608967,2047.6518639608967,2,2700,1.0,0.041666666666666664,1403-05-15,False,False
2024-08-05 15:00:00,4161.0,4161.0,4154.0,4154.0,3813696,64,2024-08-05,0.4929349696583767,2051.1024087485052,2051.1024087485052,2047.6518639608967,2047.6518639608967,2,2701,3.0,0.125,1403-05-15,False,False
2024-08-06 09:00:00,4170.0,4195.0,4161.0,4161.0,6937637,358,2024-08-06,0.4929349696583767,2055.538823475431,2067.86219771689,2051.1024087485052,2051.1024087485052,2,2702,18.0,0.75,1403-05-16,False,False
2024-08-06 10:00:00,4161.0,4179.0,4159.0,4167.0,10644679,297,2024-08-06,0.4929349696583767,2051.1024087485052,2059.975238202356,2050.1165388091886,2054.0600185664557,2,2703,1.0,0.041666666666666664,1403-05-16,False,False
2024-08-06 11:00:00,4170.0,4170.0,4158.0,4158.0,4636986,303,2024-08-06,0.4929349696583767,2055.538823475431,2055.538823475431,2049.6236038395305,2049.6236038395305,2,2704,1.0,0.041666666666666664,1403-05-16,False,False
2024-08-06 12:00:00,4159.0,4195.0,4153.0,4176.0,7645591,231,2024-08-06,0.4929349696583767,2050.1165388091886,2067.86219771689,2047.1589289912383,2058.496433293381,2,2705,1.0,0.041666666666666664,1403-05-16,False,False
2024-08-10 09:00:00,4171.0,4200.0,4169.0,4170.0,7350483,434,2024-08-10,0.4929349696583767,2056.031758445089,2070.326872565182,2055.0458885057724,2055.538823475431,2,2706,93.0,3.875,1403-05-20,False,False
2024-08-10 10:00:00,4169.0,4172.0,4168.0,4169.0,7684455,376,2024-08-10,0.4929349696583767,2055.0458885057724,2056.5246934147476,2054.552953536114,2055.0458885057724,2,2707,1.0,0.041666666666666664,1403-05-20,False,False
2024-08-10 11:00:00,4168.0,4169.0,4159.0,4159.0,4601385,303,2024-08-10,0.4929349696583767,2054.552953536114,2055.0458885057724,2050.1165388091886,2050.1165388091886,2,2708,1.0,0.041666666666666664,1403-05-20,False,False
2024-08-10 12:00:00,4159.0,4160.0,4149.0,4151.0,4356533,216,2024-08-10,0.4929349696583767,2050.1165388091886,2050.609473778847,2045.187189112605,2046.1730590519217,2,2709,1.0,0.041666666666666664,1403-05-20,False,False
2024-08-10 14:00:00,4150.0,4161.0,4150.0,4161.0,6235839,129,2024-08-10,0.4929349696583767,2045.6801240822633,2051.1024087485052,2045.6801240822633,2051.1024087485052,2,2710,2.0,0.08333333333333333,1403-05-20,False,False
2024-08-11 09:00:00,4183.0,4199.0,4168.0,4169.0,7916463,319,2024-08-11,0.4929349696583767,2061.9469780809895,2069.833937595524,2054.552953536114,2055.0458885057724,2,2711,19.0,0.7916666666666666,1403-05-21,False,False
2024-08-11 10:00:00,4168.0,4170.0,4158.0,4161.0,6657889,325,2024-08-11,0.4929349696583767,2054.552953536114,2055.538823475431,2049.6236038395305,2051.1024087485052,2,2712,1.0,0.041666666666666664,1403-05-21,False,False
2024-08-11 11:00:00,4161.0,4169.0,4155.0,4156.0,9981910,387,2024-08-11,0.4929349696583767,2051.1024087485052,2055.0458885057724,2048.144798930555,2048.6377339002133,2,2713,1.0,0.041666666666666664,1403-05-21,False,False
2024-08-11 12:00:00,4156.0,4196.0,4154.0,4188.0,7524575,247,2024-08-11,0.4929349696583767,2048.6377339002133,2068.3551326865486,2047.6518639608967,2064.4116529292814,2,2714,1.0,0.041666666666666664,1403-05-21,False,False
2024-08-12 09:00:00,4175.0,4175.0,4133.0,4134.0,13104164,523,2024-08-12,0.4929349696583767,2058.003498323723,2058.003498323723,2037.300229598071,2037.7931645677293,2,2715,21.0,0.875,1403-05-22,False,False
2024-08-12 10:00:00,4134.0,4174.0,4130.0,4155.0,10375552,495,2024-08-12,0.4929349696583767,2037.7931645677293,2057.5105633540643,2035.8214246890957,2048.144798930555,2,2716,1.0,0.041666666666666664,1403-05-22,False,False
2024-08-12 11:00:00,4157.0,4170.0,4128.0,4128.0,7038209,476,2024-08-12,0.4929349696583767,2049.130668869872,2055.538823475431,2034.835554749779,2034.835554749779,2,2717,1.0,0.041666666666666664,1403-05-22,False,False
2024-08-12 12:00:00,4129.0,4129.0,4124.0,4125.0,9013544,320,2024-08-12,0.4929349696583767,2035.3284897194374,2035.3284897194374,2032.8638148711455,2033.3567498408038,2,2718,1.0,0.041666666666666664,1403-05-22,False,False
2024-08-13 09:00:00,4101.0,4142.0,4101.0,4103.0,21888951,631,2024-08-13,0.4929349696583767,2021.5263105690028,2041.7366443249962,2021.5263105690028,2022.5121805083195,2,2719,21.0,0.875,1403-05-23,False,False
2024-08-13 10:00:00,4103.0,4103.0,4101.0,4101.0,22201885,422,2024-08-13,0.4929349696583767,2022.5121805083195,2022.5121805083195,2021.5263105690028,2021.5263105690028,2,2720,1.0,0.041666666666666664,1403-05-23,False,False
2024-08-13 11:00:00,4101.0,4102.0,4101.0,4101.0,8436562,340,2024-08-13,0.4929349696583767,2021.5263105690028,2022.0192455386612,2021.5263105690028,2021.5263105690028,2,2721,1.0,0.041666666666666664,1403-05-23,False,False
2024-08-13 12:00:00,4101.0,4103.0,4101.0,4102.0,5809954,207,2024-08-13,0.4929349696583767,2021.5263105690028,2022.5121805083195,2021.5263105690028,2022.0192455386612,2,2722,1.0,0.041666666666666664,1403-05-23,False,False
2024-08-14 09:00:00,4147.0,4147.0,4147.0,4147.0,19207638,360,2024-08-14,0.4929349696583767,2044.201319173288,2044.201319173288,2044.201319173288,2044.201319173288,2,2723,21.0,0.875,1403-05-24,False,False
2024-08-14 10:00:00,4147.0,4147.0,4147.0,4147.0,11298560,252,2024-08-14,0.4929349696583767,2044.201319173288,2044.201319173288,2044.201319173288,2044.201319173288,2,2724,1.0,0.041666666666666664,1403-05-24,False,False
2024-08-14 11:00:00,4147.0,4147.0,4147.0,4147.0,7719919,194,2024-08-14,0.4929349696583767,2044.201319173288,2044.201319173288,2044.201319173288,2044.201319173288,2,2725,1.0,0.041666666666666664,1403-05-24,False,False
2024-08-14 12:00:00,4147.0,4147.0,4147.0,4147.0,3047315,80,2024-08-14,0.4929349696583767,2044.201319173288,2044.201319173288,2044.201319173288,2044.201319173288,2,2726,1.0,0.041666666666666664,1403-05-24,False,False
2024-08-17 09:00:00,4229.0,4229.0,4229.0,4229.0,13269339,260,2024-08-17,0.4929349696583767,2084.621986685275,2084.621986685275,2084.621986685275,2084.621986685275,2,2727,69.0,2.875,1403-05-27,False,False
2024-08-17 10:00:00,4229.0,4229.0,4229.0,4229.0,12741724,221,2024-08-17,0.4929349696583767,2084.621986685275,2084.621986685275,2084.621986685275,2084.621986685275,2,2728,1.0,0.041666666666666664,1403-05-27,False,False
2024-08-17 11:00:00,4229.0,4229.0,4229.0,4229.0,5025470,149,2024-08-17,0.4929349696583767,2084.621986685275,2084.621986685275,2084.621986685275,2084.621986685275,2,2729,1.0,0.041666666666666664,1403-05-27,False,False
2024-08-17 12:00:00,4229.0,4229.0,4229.0,4229.0,7304130,96,2024-08-17,0.4929349696583767,2084.621986685275,2084.621986685275,2084.621986685275,2084.621986685275,2,2730,1.0,0.041666666666666664,1403-05-27,False,False
2024-08-18 09:00:00,4313.0,4313.0,4313.0,4313.0,21116803,268,2024-08-18,0.4929349696583767,2126.0285241365787,2126.0285241365787,2126.0285241365787,2126.0285241365787,2,2731,21.0,0.875,1403-05-28,False,False
2024-08-18 10:00:00,4313.0,4313.0,4313.0,4313.0,6182195,160,2024-08-18,0.4929349696583767,2126.0285241365787,2126.0285241365787,2126.0285241365787,2126.0285241365787,2,2732,1.0,0.041666666666666664,1403-05-28,False,False
2024-08-18 11:00:00,4313.0,4313.0,4313.0,4313.0,3992940,96,2024-08-18,0.4929349696583767,2126.0285241365787,2126.0285241365787,2126.0285241365787,2126.0285241365787,2,2733,1.0,0.041666666666666664,1403-05-28,False,False
2024-08-18 12:00:00,4313.0,4313.0,4313.0,4313.0,2334312,50,2024-08-18,0.4929349696583767,2126.0285241365787,2126.0285241365787,2126.0285241365787,2126.0285241365787,2,2734,1.0,0.041666666666666664,1403-05-28,False,False
2024-08-19 09:00:00,4399.0,4399.0,4345.0,4377.0,23127453,845,2024-08-19,0.4929349696583767,2168.420931527199,2168.420931527199,2141.8024431656468,2157.576362194715,2,2735,21.0,0.875,1403-05-29,False,False
2024-08-19 10:00:00,4377.0,4379.0,4313.0,4313.0,10667610,451,2024-08-19,0.4929349696583767,2157.576362194715,2158.5622321340315,2126.0285241365787,2126.0285241365787,2,2736,1.0,0.041666666666666664,1403-05-29,False,False
2024-08-19 11:00:00,4313.0,4377.0,4289.0,4310.0,13672580,460,2024-08-19,0.4929349696583767,2126.0285241365787,2157.576362194715,2114.1980848647777,2124.5497192276034,2,2737,1.0,0.041666666666666664,1403-05-29,False,False
2024-08-19 12:00:00,4310.0,4313.0,4290.0,4300.0,10646027,261,2024-08-19,0.4929349696583767,2124.5497192276034,2126.0285241365787,2114.691019834436,2119.6203695310196,2,2738,1.0,0.041666666666666664,1403-05-29,False,False
2024-08-20 09:00:00,4365.0,4390.0,4285.0,4358.0,8588072,376,2024-08-20,0.4929349696583767,2151.6611425588144,2163.9845168002735,2112.226344986144,2148.210597771206,2,2739,21.0,0.875,1403-05-30,False,False
2024-08-20 10:00:00,4359.0,4359.0,4330.0,4331.0,9420738,294,2024-08-20,0.4929349696583767,2148.703532740864,2148.703532740864,2134.408418620771,2134.9013535904296,2,2740,1.0,0.041666666666666664,1403-05-30,False,False
2024-08-20 11:00:00,4330.0,4331.0,4298.0,4299.0,5285479,343,2024-08-20,0.4929349696583767,2134.408418620771,2134.9013535904296,2118.634499591703,2119.1274345613615,2,2741,1.0,0.041666666666666664,1403-05-30,False,False
2024-08-20 12:00:00,4298.0,4325.0,4296.0,4325.0,3012168,169,2024-08-20,0.4929349696583767,2118.634499591703,2131.943743772479,2117.6486296523863,2131.943743772479,2,2742,1.0,0.041666666666666664,1403-05-30,False,False
2024-08-21 09:00:00,4359.0,4360.0,4345.0,4345.0,14139322,522,2024-08-21,0.4929349696583767,2148.703532740864,2149.1964677105225,2141.8024431656468,2141.8024431656468,2,2743,21.0,0.875,1403-05-31,False,False
2024-08-21 10:00:00,4345.0,4350.0,4329.0,4329.0,4966869,315,2024-08-21,0.4929349696583767,2141.8024431656468,2144.2671180139387,2133.9154836511125,2133.9154836511125,2,2744,1.0,0.041666666666666664,1403-05-31,False,False
2024-08-21 11:00:00,4332.0,4358.0,4318.0,4318.0,9128439,350,2024-08-21,0.4929349696583767,2135.3942885600877,2148.210597771206,2128.4931989848706,2128.4931989848706,2,2745,1.0,0.041666666666666664,1403-05-31,False,False
2024-08-21 12:00:00,4318.0,4417.0,4315.0,4347.0,9832742,306,2024-08-21,0.4929349696583767,2128.4931989848706,2177.2937609810497,2127.0143940758953,2142.7883131049634,2,2746,1.0,0.041666666666666664,1403-05-31,False,False
2024-08-24 09:00:00,4394.0,4418.0,4390.0,4397.0,11519553,620,2024-08-24,0.4929349696583767,2165.9562566789073,2177.7866959507082,2163.9845168002735,2167.4350615878825,2,2747,69.0,2.875,1403-06-03,False,False
2024-08-24 10:00:00,4398.0,4431.0,4390.0,4430.0,17551263,548,2024-08-24,0.4929349696583767,2167.9279965575406,2184.1948505562673,2163.9845168002735,2183.7019155866087,2,2748,1.0,0.041666666666666664,1403-06-03,False,False
2024-08-24 11:00:00,4431.0,4432.0,4428.0,4432.0,16609441,474,2024-08-24,0.4929349696583767,2184.1948505562673,2184.6877855259254,2182.716045647292,2184.6877855259254,2,2749,1.0,0.041666666666666664,1403-06-03,False,False
2024-08-24 12:00:00,4432.0,4432.0,4432.0,4432.0,4703187,109,2024-08-24,0.4929349696583767,2184.6877855259254,2184.6877855259254,2184.6877855259254,2184.6877855259254,2,2750,1.0,0.041666666666666664,1403-06-03,False,False
2024-08-24 15:00:00,4432.0,4432.0,4432.0,4432.0,4000,2,2024-08-24,0.4929349696583767,2184.6877855259254,2184.6877855259254,2184.6877855259254,2184.6877855259254,2,2751,3.0,0.125,1403-06-03,False,False
2024-08-26 09:00:00,4490.0,4500.0,4431.0,4431.0,15978356,747,2024-08-26,0.4929349696583767,2213.278013766111,2218.207363462695,2184.1948505562673,2184.1948505562673,2,2752,42.0,1.75,1403-06-05,False,False
2024-08-26 10:00:00,4432.0,4489.0,4427.0,4430.0,8615888,510,2024-08-26,0.4929349696583767,2184.6877855259254,2212.785078796453,2182.2231106776335,2183.7019155866087,2,2753,1.0,0.041666666666666664,1403-06-05,False,False
2024-08-26 11:00:00,4428.0,4472.0,4424.0,4424.0,8207793,386,2024-08-26,0.4929349696583767,2182.716045647292,2204.4051843122606,2180.7443057686583,2180.7443057686583,2,2754,1.0,0.041666666666666664,1403-06-05,False,False
2024-08-26 12:00:00,4424.0,4473.0,4418.0,4419.0,9174372,314,2024-08-26,0.4929349696583767,2180.7443057686583,2204.8981192819188,2177.7866959507082,2178.279630920367,2,2755,1.0,0.041666666666666664,1403-06-05,False,False
2024-08-27 09:00:00,4430.0,4490.0,4410.0,4459.0,9266776,428,2024-08-27,0.4929349696583767,2183.7019155866087,2213.278013766111,2173.843216193441,2197.9970297067016,2,2756,21.0,0.875,1403-06-06,False,False
2024-08-27 10:00:00,4459.0,4489.0,4443.0,4445.0,5954556,297,2024-08-27,0.4929349696583767,2197.9970297067016,2212.785078796453,2190.1100701921678,2191.0959401314844,2,2757,1.0,0.041666666666666664,1403-06-06,False,False
2024-08-27 11:00:00,4446.0,4485.0,4434.0,4434.0,4338655,265,2024-08-27,0.4929349696583767,2191.5888751011425,2210.8133389178192,2185.673655465242,2185.673655465242,2,2758,1.0,0.041666666666666664,1403-06-06,False,False
2024-08-27 12:00:00,4434.0,4520.0,4429.0,4440.0,5662715,244,2024-08-27,0.4929349696583767,2185.673655465242,2228.0660628558626,2183.20898061695,2188.6312652831925,2,2759,1.0,0.041666666666666664,1403-06-06,False,False
2024-08-28 09:00:00,4526.0,4526.0,4446.0,4457.0,8983137,490,2024-08-28,0.4929349696583767,2231.023672673813,2231.023672673813,2191.5888751011425,2197.011159767385,2,2760,21.0,0.875,1403-06-07,False,False
2024-08-28 10:00:00,4457.0,4484.0,4445.0,4447.0,13006616,536,2024-08-28,0.4929349696583767,2197.011159767385,2210.320403948161,2191.0959401314844,2192.081810070801,2,2761,1.0,0.041666666666666664,1403-06-07,False,False
2024-08-28 11:00:00,4447.0,4490.0,4447.0,4480.0,10819072,428,2024-08-28,0.4929349696583767,2192.081810070801,2213.278013766111,2192.081810070801,2208.3486640695273,2,2762,1.0,0.041666666666666664,1403-06-07,False,False
2024-08-28 12:00:00,4480.0,4481.0,4468.0,4474.0,8301372,323,2024-08-28,0.4929349696583767,2208.3486640695273,2208.841599039186,2202.433444433627,2205.3910542515773,2,2763,1.0,0.041666666666666664,1403-06-07,False,False
2024-08-31 09:00:00,4525.0,4560.0,4511.0,4559.0,51715388,822,2024-08-31,0.4929349696583767,2230.5307377041545,2247.783461642198,2223.6296481289373,2247.2905266725393,2,2764,69.0,2.875,1403-06-10,False,False
2024-08-31 10:00:00,4560.0,4560.0,4558.0,4560.0,31889204,453,2024-08-31,0.4929349696583767,2247.783461642198,2247.783461642198,2246.797591702881,2247.783461642198,2,2765,1.0,0.041666666666666664,1403-06-10,False,False
2024-08-31 11:00:00,4560.0,4560.0,4560.0,4560.0,4673284,157,2024-08-31,0.4929349696583767,2247.783461642198,2247.783461642198,2247.783461642198,2247.783461642198,2,2766,1.0,0.041666666666666664,1403-06-10,False,False
2024-08-31 12:00:00,4560.0,4560.0,4560.0,4560.0,4891987,82,2024-08-31,0.4929349696583767,2247.783461642198,2247.783461642198,2247.783461642198,2247.783461642198,2,2767,1.0,0.041666666666666664,1403-06-10,False,False
2024-09-01 09:00:00,4622.0,4625.0,4553.0,4553.0,23451313,974,2024-09-01,0.4929349696583767,2278.345429761017,2279.824234669992,2244.3329168545893,2244.3329168545893,2,2768,21.0,0.875,1403-06-11,False,False
2024-09-01 10:00:00,4554.0,4554.0,4537.0,4537.0,11198342,534,2024-09-01,0.4929349696583767,2244.8258518242474,2244.8258518242474,2236.445957340055,2236.445957340055,2,2769,1.0,0.041666666666666664,1403-06-11,False,False
2024-09-01 11:00:00,4537.0,4537.0,4515.0,4515.0,8045211,501,2024-09-01,0.4929349696583767,2236.445957340055,2236.445957340055,2225.6013880075707,2225.6013880075707,2,2770,1.0,0.041666666666666664,1403-06-11,False,False
2024-09-01 12:00:00,4514.0,4599.0,4512.0,4542.0,8892127,377,2024-09-01,0.4929349696583767,2225.1084530379126,2267.0079254588745,2224.1225830985954,2238.910632188347,2,2771,1.0,0.041666666666666664,1403-06-11,False,False
2024-09-03 09:00:00,4593.0,4593.0,4491.0,4495.0,12646914,831,2024-09-03,0.4929349696583767,2264.050315640924,2264.050315640924,2213.7709487357697,2215.742688614403,2,2772,45.0,1.875,1403-06-13,False,False
2024-09-03 10:00:00,4495.0,4502.0,4482.0,4482.0,8596064,451,2024-09-03,0.4929349696583767,2215.742688614403,2219.1932334020116,2209.3345340088445,2209.3345340088445,2,2773,1.0,0.041666666666666664,1403-06-13,False,False
2024-09-03 11:00:00,4481.0,4482.0,4475.0,4477.0,16930138,623,2024-09-03,0.4929349696583767,2208.841599039186,2209.3345340088445,2205.883989221236,2206.8698591605526,2,2774,1.0,0.041666666666666664,1403-06-13,False,False
2024-09-03 12:00:00,4477.0,4480.0,4475.0,4475.0,5404739,298,2024-09-03,0.4929349696583767,2206.8698591605526,2208.3486640695273,2205.883989221236,2205.883989221236,2,2775,1.0,0.041666666666666664,1403-06-13,False,False
2024-09-07 09:00:00,4464.0,4538.0,4422.0,4424.0,13799955,674,2024-09-07,0.4929349696583767,2200.4617045549935,2236.9388923097135,2179.7584358293416,2180.7443057686583,2,2776,93.0,3.875,1403-06-17,False,False
2024-09-07 10:00:00,4424.0,4424.0,4359.0,4359.0,20026858,799,2024-09-07,0.4929349696583767,2180.7443057686583,2180.7443057686583,2148.703532740864,2148.703532740864,2,2777,1.0,0.041666666666666664,1403-06-17,False,False
2024-09-07 11:00:00,4359.0,4463.0,4359.0,4359.0,22785889,865,2024-09-07,0.4929349696583767,2148.703532740864,2199.968769585335,2148.703532740864,2148.703532740864,2,2778,1.0,0.041666666666666664,1403-06-17,False,False
2024-09-07 12:00:00,4359.0,4359.0,4359.0,4359.0,2444609,202,2024-09-07,0.4929349696583767,2148.703532740864,2148.703532740864,2148.703532740864,2148.703532740864,2,2779,1.0,0.041666666666666664,1403-06-17,False,False
2024-09-08 09:00:00,4380.0,4380.0,4298.0,4320.0,28416570,871,2024-09-08,0.4929349696583767,2159.05516710369,2159.05516710369,2118.634499591703,2129.4790689241872,2,2780,21.0,0.875,1403-06-18,False,False
2024-09-08 10:00:00,4320.0,4334.0,4255.0,4255.0,10888999,631,2024-09-08,0.4929349696583767,2129.4790689241872,2136.3801584994044,2097.438295896393,2097.438295896393,2,2781,1.0,0.041666666666666664,1403-06-18,False,False
2024-09-08 11:00:00,4255.0,4258.0,4255.0,4257.0,21899359,700,2024-09-08,0.4929349696583767,2097.438295896393,2098.917100805368,2097.438295896393,2098.4241658357096,2,2782,1.0,0.041666666666666664,1403-06-18,False,False
2024-09-08 12:00:00,4256.0,4389.0,4256.0,4320.0,16857771,368,2024-09-08,0.4929349696583767,2097.931230866051,2163.4915818306154,2097.931230866051,2129.4790689241872,2,2783,1.0,0.041666666666666664,1403-06-18,False,False
2024-09-09 09:00:00,4340.0,4399.0,4314.0,4330.0,28445481,852,2024-09-09,0.4929349696583767,2139.337768317355,2168.420931527199,2126.521459106237,2134.408418620771,2,2784,21.0,0.875,1403-06-19,False,False
2024-09-09 10:00:00,4330.0,4345.0,4319.0,4325.0,7411640,399,2024-09-09,0.4929349696583767,2134.408418620771,2141.8024431656468,2128.986133954529,2131.943743772479,2,2785,1.0,0.041666666666666664,1403-06-19,False,False
2024-09-09 11:00:00,4325.0,4325.0,4296.0,4304.0,12162253,483,2024-09-09,0.4929349696583767,2131.943743772479,2131.943743772479,2117.6486296523863,2121.5921094096534,2,2786,1.0,0.041666666666666664,1403-06-19,False,False
2024-09-09 12:00:00,4303.0,4308.0,4295.0,4299.0,6071655,344,2024-09-09,0.4929349696583767,2121.099174439995,2123.5638492882867,2117.1556946827277,2119.1274345613615,2,2787,1.0,0.041666666666666664,1403-06-19,False,False
2024-09-10 09:00:00,4339.0,4350.0,4276.0,4279.0,12087087,550,2024-09-10,0.4929349696583767,2138.8448333476963,2144.2671180139387,2107.7899302592186,2109.268735168194,2,2788,21.0,0.875,1403-06-20,False,False
2024-09-10 10:00:00,4278.0,4281.0,4256.0,4258.0,10357297,485,2024-09-10,0.4929349696583767,2108.7758001985353,2110.2546051075105,2097.931230866051,2098.917100805368,2,2789,1.0,0.041666666666666664,1403-06-20,False,False
2024-09-10 11:00:00,4257.0,4333.0,4257.0,4261.0,16119495,465,2024-09-10,0.4929349696583767,2098.4241658357096,2135.8872235297463,2098.4241658357096,2100.395905714343,2,2790,1.0,0.041666666666666664,1403-06-20,False,False
2024-09-10 12:00:00,4262.0,4309.0,4252.0,4255.0,18719296,462,2024-09-10,0.4929349696583767,2100.8888406840015,2124.0567842579453,2095.9594909874177,2097.438295896393,2,2791,1.0,0.041666666666666664,1403-06-20,False,False
2024-09-10 16:00:00,4318.0,4319.0,4279.0,4279.0,11200,4,2024-09-10,0.4929349696583767,2128.4931989848706,2128.986133954529,2109.268735168194,2109.268735168194,2,2792,4.0,0.16666666666666666,1403-06-20,False,False
2024-09-11 09:00:00,4290.0,4293.0,4249.0,4251.0,18897571,710,2024-09-11,0.4929349696583767,2114.691019834436,2116.169824743411,2094.4806860784424,2095.466556017759,2,2793,17.0,0.7083333333333334,1403-06-21,False,False
2024-09-11 10:00:00,4250.0,4277.0,4214.0,4248.0,18292171,660,2024-09-11,0.4929349696583767,2094.973621048101,2108.282865228877,2077.2279621403995,2093.9877511087843,2,2794,1.0,0.041666666666666664,1403-06-21,False,False
2024-09-11 11:00:00,4248.0,4259.0,4211.0,4219.0,18588016,608,2024-09-11,0.4929349696583767,2093.9877511087843,2099.4100357750262,2075.7491572314243,2079.6926369886914,2,2795,1.0,0.041666666666666664,1403-06-21,False,False
2024-09-11 12:00:00,4218.0,4228.0,4205.0,4228.0,13770429,459,2024-09-11,0.4929349696583767,2079.199702019033,2084.1290517156167,2072.791547413474,2084.1290517156167,2,2796,1.0,0.041666666666666664,1403-06-21,False,False
2024-09-11 15:00:00,4257.0,4273.0,4214.0,4215.0,5617760,77,2024-09-11,0.4929349696583767,2098.4241658357096,2106.3111253502434,2077.2279621403995,2077.7208971100576,2,2797,3.0,0.125,1403-06-21,False,False
2024-09-14 09:00:00,4239.0,4250.0,4180.0,4183.0,21224407,885,2024-09-14,0.4929349696583767,2089.5513363818586,2094.973621048101,2060.4681731720148,2061.9469780809895,2,2798,66.0,2.75,1403-06-24,False,False
2024-09-14 10:00:00,4183.0,4189.0,4161.0,4167.0,15157334,598,2024-09-14,0.4929349696583767,2061.9469780809895,2064.90458789894,2051.1024087485052,2054.0600185664557,2,2799,1.0,0.041666666666666664,1403-06-24,False,False
2024-09-14 11:00:00,4167.0,4173.0,4148.0,4150.0,12057248,547,2024-09-14,0.4929349696583767,2054.0600185664557,2057.0176283844057,2044.6942541429464,2045.6801240822633,2,2800,1.0,0.041666666666666664,1403-06-24,False,False
2024-09-14 12:00:00,4149.0,4151.0,4144.0,4145.0,10216736,396,2024-09-14,0.4929349696583767,2045.187189112605,2046.1730590519217,2042.722514264313,2043.2154492339714,2,2801,1.0,0.041666666666666664,1403-06-24,False,False
2024-09-14 14:00:00,4242.0,4250.0,4157.0,4159.0,2046604,48,2024-09-14,0.4929349696583767,2091.030141290834,2094.973621048101,2049.130668869872,2050.1165388091886,2,2802,2.0,0.08333333333333333,1403-06-24,False,False
2024-09-15 09:00:00,4155.0,4179.0,4136.0,4146.0,25643791,657,2024-09-15,0.4929349696583767,2048.144798930555,2059.975238202356,2038.779034507046,2043.7083842036297,2,2803,19.0,0.7916666666666666,1403-06-25,False,False
2024-09-15 10:00:00,4146.0,4147.0,4129.0,4130.0,9956871,483,2024-09-15,0.4929349696583767,2043.7083842036297,2044.201319173288,2035.3284897194374,2035.8214246890957,2,2804,1.0,0.041666666666666664,1403-06-25,False,False
2024-09-15 11:00:00,4130.0,4130.0,4105.0,4105.0,11595631,559,2024-09-15,0.4929349696583767,2035.8214246890957,2035.8214246890957,2023.4980504476364,2023.4980504476364,2,2805,1.0,0.041666666666666664,1403-06-25,False,False
2024-09-15 12:00:00,4105.0,4170.0,4104.0,4140.0,17080476,400,2024-09-15,0.4929349696583767,2023.4980504476364,2055.538823475431,2023.0051154779778,2040.7507743856795,2,2806,1.0,0.041666666666666664,1403-06-25,False,False
2024-09-15 15:00:00,4115.0,4125.0,4110.0,4110.0,2288535,20,2024-09-15,0.4929349696583767,2028.42740014422,2033.3567498408038,2025.9627252959283,2025.9627252959283,2,2807,3.0,0.125,1403-06-25,False,False
2024-09-16 09:00:00,4140.0,4158.0,4120.0,4145.0,22865325,738,2024-09-16,0.4929349696583767,2040.7507743856795,2049.6236038395305,2030.8920749925119,2043.2154492339714,2,2808,18.0,0.75,1403-06-26,False,False
2024-09-16 10:00:00,4143.0,4143.0,4119.0,4122.0,18620204,579,2024-09-16,0.4929349696583767,2042.2295792946545,2042.2295792946545,2030.3991400228535,2031.8779449318288,2,2809,1.0,0.041666666666666664,1403-06-26,False,False
2024-09-16 11:00:00,4123.0,4136.0,4108.0,4109.0,14692754,510,2024-09-16,0.4929349696583767,2032.3708799014871,2038.779034507046,2024.9768553566114,2025.4697903262697,2,2810,1.0,0.041666666666666664,1403-06-26,False,False
2024-09-16 12:00:00,4110.0,4170.0,4109.0,4140.0,23379050,424,2024-09-16,0.4929349696583767,2025.9627252959283,2055.538823475431,2025.4697903262697,2040.7507743856795,2,2811,1.0,0.041666666666666664,1403-06-26,False,False
2024-09-16 15:00:00,4141.0,4141.0,4111.0,4140.0,7899418,61,2024-09-16,0.4929349696583767,2041.2437093553378,2041.2437093553378,2026.4556602655866,2040.7507743856795,2,2812,3.0,0.125,1403-06-26,False,False
2024-09-17 09:00:00,4133.0,4160.0,4126.0,4140.0,25629712,925,2024-09-17,0.4929349696583767,2037.300229598071,2050.609473778847,2033.8496848104621,2040.7507743856795,2,2813,18.0,0.75,1403-06-27,False,False
2024-09-17 10:00:00,4140.0,4167.0,4138.0,4164.0,30812872,746,2024-09-17,0.4929349696583767,2040.7507743856795,2054.0600185664557,2039.7649044463628,2052.5812136574805,2,2814,1.0,0.041666666666666664,1403-06-27,False,False
2024-09-17 11:00:00,4164.0,4193.0,4162.0,4193.0,40890254,1034,2024-09-17,0.4929349696583767,2052.5812136574805,2066.8763277775734,2051.595343718164,2066.8763277775734,2,2815,1.0,0.041666666666666664,1403-06-27,False,False
2024-09-17 12:00:00,4193.0,4227.0,4193.0,4221.0,20257755,559,2024-09-17,0.4929349696583767,2066.8763277775734,2083.636116745958,2066.8763277775734,2080.678506928008,2,2816,1.0,0.041666666666666664,1403-06-27,False,False
2024-09-18 09:00:00,4196.0,4205.0,4173.0,4176.0,34772385,896,2024-09-18,0.4929349696583767,2068.3551326865486,2072.791547413474,2057.0176283844057,2058.496433293381,2,2817,21.0,0.875,1403-06-28,False,False
2024-09-18 10:00:00,4177.0,4178.0,4156.0,4163.0,17793085,708,2024-09-18,0.4929349696583767,2058.9893682630395,2059.4823032326976,2048.6377339002133,2052.0882786878224,2,2818,1.0,0.041666666666666664,1403-06-28,False,False
2024-09-18 11:00:00,4160.0,4171.0,4156.0,4167.0,23806313,791,2024-09-18,0.4929349696583767,2050.609473778847,2056.031758445089,2048.6377339002133,2054.0600185664557,2,2819,1.0,0.041666666666666664,1403-06-28,False,False
2024-09-18 12:00:00,4167.0,4238.0,4159.0,4204.0,15279244,518,2024-09-18,0.4929349696583767,2054.0600185664557,2089.0584014122005,2050.1165388091886,2072.2986124438157,2,2820,1.0,0.041666666666666664,1403-06-28,False,False
2024-09-22 09:00:00,4214.0,4214.0,4168.0,4176.0,19468746,660,2024-09-22,0.4929349696583767,2077.2279621403995,2077.2279621403995,2054.552953536114,2058.496433293381,2,2821,93.0,3.875,1403-07-01,False,False
2024-09-22 10:00:00,4177.0,4198.0,4168.0,4176.0,17411829,473,2024-09-22,0.4929349696583767,2058.9893682630395,2069.3410026258653,2054.552953536114,2058.496433293381,2,2822,1.0,0.041666666666666664,1403-07-01,False,False
2024-09-22 11:00:00,4176.0,4177.0,4164.0,4168.0,9753408,366,2024-09-22,0.4929349696583767,2058.496433293381,2058.9893682630395,2052.5812136574805,2054.552953536114,2,2823,1.0,0.041666666666666664,1403-07-01,False,False
2024-09-22 12:00:00,4168.0,4170.0,4160.0,4161.0,6481633,281,2024-09-22,0.4929349696583767,2054.552953536114,2055.538823475431,2050.609473778847,2051.1024087485052,2,2824,1.0,0.041666666666666664,1403-07-01,False,False
2024-09-23 09:00:00,4165.0,4198.0,4155.0,4192.0,29154609,820,2024-09-23,0.4929349696583767,2053.074148627139,2069.3410026258653,2048.144798930555,2066.3833928079152,2,2825,21.0,0.875,1403-07-02,False,False
2024-09-23 10:00:00,4193.0,4280.0,4191.0,4247.0,34296075,876,2024-09-23,0.4929349696583767,2066.8763277775734,2109.7616701378524,2065.8904578382567,2093.4948161391258,2,2826,1.0,0.041666666666666664,1403-07-02,False,False
2024-09-23 11:00:00,4245.0,4258.0,4199.0,4199.0,37145171,741,2024-09-23,0.4929349696583767,2092.508946199809,2098.917100805368,2069.833937595524,2069.833937595524,2,2827,1.0,0.041666666666666664,1403-07-02,False,False
2024-09-23 12:00:00,4200.0,4248.0,4199.0,4248.0,13159946,402,2024-09-23,0.4929349696583767,2070.326872565182,2093.9877511087843,2069.833937595524,2093.9877511087843,2,2828,1.0,0.041666666666666664,1403-07-02,False,False
2024-09-24 09:00:00,4279.0,4341.0,4240.0,4340.0,51654046,1190,2024-09-24,0.4929349696583767,2109.268735168194,2139.8307032870134,2090.044271351517,2139.337768317355,2,2829,21.0,0.875,1403-07-03,False,False
2024-09-24 10:00:00,4340.0,4341.0,4330.0,4341.0,75315274,1249,2024-09-24,0.4929349696583767,2139.337768317355,2139.8307032870134,2134.408418620771,2139.8307032870134,2,2830,1.0,0.041666666666666664,1403-07-03,False,False
2024-09-24 11:00:00,4340.0,4341.0,4330.0,4339.0,36679639,633,2024-09-24,0.4929349696583767,2139.337768317355,2139.8307032870134,2134.408418620771,2138.8448333476963,2,2831,1.0,0.041666666666666664,1403-07-03,False,False
2024-09-24 12:00:00,4340.0,4341.0,4339.0,4341.0,20522009,392,2024-09-24,0.4929349696583767,2139.337768317355,2139.8307032870134,2138.8448333476963,2139.8307032870134,2,2832,1.0,0.041666666666666664,1403-07-03,False,False
2024-09-25 09:00:00,4369.0,4394.0,4287.0,4349.0,42325501,1102,2024-09-25,0.4929349696583767,2153.6328824374477,2165.9562566789073,2113.212214925461,2143.77418304428,2,2833,21.0,0.875,1403-07-04,False,False
2024-09-25 10:00:00,4340.0,4347.0,4297.0,4299.0,25746928,653,2024-09-25,0.4929349696583767,2139.337768317355,2142.7883131049634,2118.141564622045,2119.1274345613615,2,2834,1.0,0.041666666666666664,1403-07-04,False,False
2024-09-25 11:00:00,4299.0,4349.0,4279.0,4280.0,25656882,641,2024-09-25,0.4929349696583767,2119.1274345613615,2143.77418304428,2109.268735168194,2109.7616701378524,2,2835,1.0,0.041666666666666664,1403-07-04,False,False
2024-09-25 12:00:00,4280.0,4281.0,4271.0,4271.0,14229128,411,2024-09-25,0.4929349696583767,2109.7616701378524,2110.2546051075105,2105.3252554109267,2105.3252554109267,2,2836,1.0,0.041666666666666664,1403-07-04,False,False
2024-09-28 09:00:00,4269.0,4269.0,4269.0,4269.0,9308205,210,2024-09-28,0.4929349696583767,2104.33938547161,2104.33938547161,2104.33938547161,2104.33938547161,2,2837,69.0,2.875,1403-07-07,False,False
2024-09-28 10:00:00,4269.0,4269.0,4269.0,4269.0,867905,113,2024-09-28,0.4929349696583767,2104.33938547161,2104.33938547161,2104.33938547161,2104.33938547161,2,2838,1.0,0.041666666666666664,1403-07-07,False,False
2024-09-28 11:00:00,4269.0,4269.0,4269.0,4269.0,3417887,207,2024-09-28,0.4929349696583767,2104.33938547161,2104.33938547161,2104.33938547161,2104.33938547161,2,2839,1.0,0.041666666666666664,1403-07-07,False,False
2024-09-28 12:00:00,4269.0,4269.0,4269.0,4269.0,846066,54,2024-09-28,0.4929349696583767,2104.33938547161,2104.33938547161,2104.33938547161,2104.33938547161,2,2840,1.0,0.041666666666666664,1403-07-07,False,False
2024-09-29 09:00:00,4227.0,4244.0,4227.0,4229.0,41785871,700,2024-09-29,0.4929349696583767,2083.636116745958,2092.0160112301505,2083.636116745958,2084.621986685275,2,2841,21.0,0.875,1403-07-08,False,False
2024-09-29 10:00:00,4229.0,4231.0,4227.0,4227.0,11732786,616,2024-09-29,0.4929349696583767,2084.621986685275,2085.607856624592,2083.636116745958,2083.636116745958,2,2842,1.0,0.041666666666666664,1403-07-08,False,False
2024-09-29 11:00:00,4227.0,4227.0,4227.0,4227.0,9406415,320,2024-09-29,0.4929349696583767,2083.636116745958,2083.636116745958,2083.636116745958,2083.636116745958,2,2843,1.0,0.041666666666666664,1403-07-08,False,False
2024-09-29 12:00:00,4227.0,4228.0,4227.0,4227.0,16583374,426,2024-09-29,0.4929349696583767,2083.636116745958,2084.1290517156167,2083.636116745958,2083.636116745958,2,2844,1.0,0.041666666666666664,1403-07-08,False,False
2024-09-30 09:00:00,4192.0,4246.0,4185.0,4185.0,21160236,811,2024-09-30,0.4929349696583767,2066.3833928079152,2093.001881169467,2062.932848020306,2062.932848020306,2,2845,21.0,0.875,1403-07-09,False,False
2024-09-30 10:00:00,4185.0,4216.0,4185.0,4196.0,9801171,656,2024-09-30,0.4929349696583767,2062.932848020306,2078.213832079716,2062.932848020306,2068.3551326865486,2,2846,1.0,0.041666666666666664,1403-07-09,False,False
2024-09-30 11:00:00,4196.0,4220.0,4185.0,4185.0,11700530,470,2024-09-30,0.4929349696583767,2068.3551326865486,2080.1855719583496,2062.932848020306,2062.932848020306,2,2847,1.0,0.041666666666666664,1403-07-09,False,False
2024-09-30 12:00:00,4185.0,4198.0,4185.0,4185.0,3777782,257,2024-09-30,0.4929349696583767,2062.932848020306,2069.3410026258653,2062.932848020306,2062.932848020306,2,2848,1.0,0.041666666666666664,1403-07-09,False,False
2024-09-30 15:00:00,4197.0,4209.0,4185.0,4185.0,11459775,306,2024-09-30,0.4929349696583767,2068.848067656207,2074.7632872921076,2062.932848020306,2062.932848020306,2,2849,3.0,0.125,1403-07-09,False,False
2024-10-01 09:00:00,4161.0,4162.0,4152.0,4152.0,18768386,678,2024-10-01,0.4929349696583767,2051.1024087485052,2051.595343718164,2046.66599402158,2046.66599402158,2,2850,18.0,0.75,1403-07-10,False,False
2024-10-01 10:00:00,4152.0,4152.0,4152.0,4152.0,2008168,210,2024-10-01,0.4929349696583767,2046.66599402158,2046.66599402158,2046.66599402158,2046.66599402158,2,2851,1.0,0.041666666666666664,1403-07-10,False,False
2024-10-01 11:00:00,4152.0,4152.0,4152.0,4152.0,4478706,284,2024-10-01,0.4929349696583767,2046.66599402158,2046.66599402158,2046.66599402158,2046.66599402158,2,2852,1.0,0.041666666666666664,1403-07-10,False,False
2024-10-01 12:00:00,4152.0,4152.0,4152.0,4152.0,1318591,117,2024-10-01,0.4929349696583767,2046.66599402158,2046.66599402158,2046.66599402158,2046.66599402158,2,2853,1.0,0.041666666666666664,1403-07-10,False,False
2024-10-01 14:00:00,4152.0,4154.0,4152.0,4153.0,2825296,21,2024-10-01,0.4929349696583767,2046.66599402158,2047.6518639608967,2046.66599402158,2047.1589289912383,2,2854,2.0,0.08333333333333333,1403-07-10,False,False
2024-10-01 15:00:00,4153.0,4153.0,4152.0,4152.0,488690,15,2024-10-01,0.4929349696583767,2047.1589289912383,2047.1589289912383,2046.66599402158,2046.66599402158,2,2855,1.0,0.041666666666666664,1403-07-10,False,False
2024-10-02 09:00:00,4113.0,4123.0,4113.0,4113.0,37300113,1154,2024-10-02,0.4929349696583767,2027.4415302049033,2032.3708799014871,2027.4415302049033,2027.4415302049033,2,2856,18.0,0.75,1403-07-11,False,False
2024-10-02 10:00:00,4113.0,4113.0,4113.0,4113.0,33836782,718,2024-10-02,0.4929349696583767,2027.4415302049033,2027.4415302049033,2027.4415302049033,2027.4415302049033,2,2857,1.0,0.041666666666666664,1403-07-11,False,False
2024-10-02 11:00:00,4113.0,4113.0,4113.0,4113.0,3425940,345,2024-10-02,0.4929349696583767,2027.4415302049033,2027.4415302049033,2027.4415302049033,2027.4415302049033,2,2858,1.0,0.041666666666666664,1403-07-11,False,False
2024-10-02 12:00:00,4113.0,4114.0,4113.0,4113.0,12483989,301,2024-10-02,0.4929349696583767,2027.4415302049033,2027.9344651745616,2027.4415302049033,2027.4415302049033,2,2859,1.0,0.041666666666666664,1403-07-11,False,False
2024-10-02 14:00:00,4113.0,4113.0,4113.0,4113.0,16640536,128,2024-10-02,0.4929349696583767,2027.4415302049033,2027.4415302049033,2027.4415302049033,2027.4415302049033,2,2860,2.0,0.08333333333333333,1403-07-11,False,False
2024-10-05 09:00:00,4072.0,4090.0,4072.0,4072.0,29193202,1095,2024-10-05,0.4929349696583767,2007.23119644891,2016.1040259027607,2007.23119644891,2007.23119644891,2,2861,67.0,2.7916666666666665,1403-07-14,False,False
2024-10-05 10:00:00,4072.0,4072.0,4072.0,4072.0,9310180,504,2024-10-05,0.4929349696583767,2007.23119644891,2007.23119644891,2007.23119644891,2007.23119644891,2,2862,1.0,0.041666666666666664,1403-07-14,False,False
2024-10-05 11:00:00,4072.0,4073.0,4072.0,4072.0,12346007,489,2024-10-05,0.4929349696583767,2007.23119644891,2007.7241314185683,2007.23119644891,2007.23119644891,2,2863,1.0,0.041666666666666664,1403-07-14,False,False
2024-10-05 12:00:00,4072.0,4073.0,4072.0,4072.0,14412310,523,2024-10-05,0.4929349696583767,2007.23119644891,2007.7241314185683,2007.23119644891,2007.23119644891,2,2864,1.0,0.041666666666666664,1403-07-14,False,False
2024-10-06 09:00:00,4044.0,4045.0,4032.0,4032.0,15212619,636,2024-10-06,0.4929349696583767,1993.4290172984754,1993.9219522681337,1987.5137976625747,1987.5137976625747,2,2865,21.0,0.875,1403-07-15,False,False
2024-10-06 10:00:00,4032.0,4032.0,4032.0,4032.0,2927779,261,2024-10-06,0.4929349696583767,1987.5137976625747,1987.5137976625747,1987.5137976625747,1987.5137976625747,2,2866,1.0,0.041666666666666664,1403-07-15,False,False
2024-10-06 11:00:00,4032.0,4032.0,4032.0,4032.0,1461577,190,2024-10-06,0.4929349696583767,1987.5137976625747,1987.5137976625747,1987.5137976625747,1987.5137976625747,2,2867,1.0,0.041666666666666664,1403-07-15,False,False
2024-10-06 12:00:00,4032.0,4032.0,4032.0,4032.0,584396,94,2024-10-06,0.4929349696583767,1987.5137976625747,1987.5137976625747,1987.5137976625747,1987.5137976625747,2,2868,1.0,0.041666666666666664,1403-07-15,False,False
2024-10-07 09:00:00,3995.0,4069.0,3995.0,4050.0,43021060,1217,2024-10-07,0.4929349696583767,1969.275203785215,2005.7523915399347,1969.275203785215,1996.3866271164256,2,2869,21.0,0.875,1403-07-16,False,False
2024-10-07 10:00:00,4050.0,4051.0,4035.0,4035.0,14131893,621,2024-10-07,0.4929349696583767,1996.3866271164256,1996.879562086084,1988.99260257155,1988.99260257155,2,2870,1.0,0.041666666666666664,1403-07-16,False,False
2024-10-07 11:00:00,4037.0,4069.0,3995.0,4039.0,23065785,690,2024-10-07,0.4929349696583767,1989.9784725108666,2005.7523915399347,1969.275203785215,1990.9643424501835,2,2871,1.0,0.041666666666666664,1403-07-16,False,False
2024-10-07 12:00:00,4038.0,4048.0,4037.0,4042.0,9820733,403,2024-10-07,0.4929349696583767,1990.4714074805252,1995.4007571771087,1989.9784725108666,1992.4431473591585,2,2872,1.0,0.041666666666666664,1403-07-16,False,False
2024-10-07 15:00:00,4048.0,4048.0,4035.0,4035.0,2702537,56,2024-10-07,0.4929349696583767,1995.4007571771087,1995.4007571771087,1988.99260257155,1988.99260257155,2,2873,3.0,0.125,1403-07-16,False,False
2024-10-08 09:00:00,4053.0,4059.0,4048.0,4059.0,29901215,746,2024-10-08,0.4929349696583767,1997.8654320254007,2000.823041843351,1995.4007571771087,2000.823041843351,2,2874,18.0,0.75,1403-07-17,False,False
2024-10-08 10:00:00,4059.0,4059.0,4059.0,4059.0,10813217,206,2024-10-08,0.4929349696583767,2000.823041843351,2000.823041843351,2000.823041843351,2000.823041843351,2,2875,1.0,0.041666666666666664,1403-07-17,False,False
2024-10-08 11:00:00,4059.0,4059.0,4059.0,4059.0,13072957,233,2024-10-08,0.4929349696583767,2000.823041843351,2000.823041843351,2000.823041843351,2000.823041843351,2,2876,1.0,0.041666666666666664,1403-07-17,False,False
2024-10-08 12:00:00,4059.0,4059.0,4057.0,4058.0,7897064,307,2024-10-08,0.4929349696583767,2000.823041843351,2000.823041843351,1999.8371719040342,2000.3301068736926,2,2877,1.0,0.041666666666666664,1403-07-17,False,False
2024-10-12 10:00:00,4145.0,4145.0,4100.0,4144.0,6152711,365,2024-10-12,0.4929349696583767,2043.2154492339714,2043.2154492339714,2021.0333755993445,2042.722514264313,2,2878,94.0,3.9166666666666665,1403-07-21,False,False
2024-10-12 11:00:00,4143.0,4180.0,4142.0,4180.0,38200022,688,2024-10-12,0.4929349696583767,2042.2295792946545,2060.4681731720148,2041.7366443249962,2060.4681731720148,2,2879,1.0,0.041666666666666664,1403-07-21,False,False
2024-10-12 12:00:00,4180.0,4180.0,4180.0,4180.0,7909492,131,2024-10-12,0.4929349696583767,2060.4681731720148,2060.4681731720148,2060.4681731720148,2060.4681731720148,2,2880,1.0,0.041666666666666664,1403-07-21,False,False
2024-10-13 09:00:00,4268.0,4279.0,4167.0,4170.0,36495053,1380,2024-10-13,0.4929349696583767,2103.8464505019515,2109.268735168194,2054.0600185664557,2055.538823475431,2,2881,21.0,0.875,1403-07-22,False,False
2024-10-13 10:00:00,4170.0,4177.0,4140.0,4141.0,13566358,739,2024-10-13,0.4929349696583767,2055.538823475431,2058.9893682630395,2040.7507743856795,2041.2437093553378,2,2882,1.0,0.041666666666666664,1403-07-22,False,False
2024-10-13 11:00:00,4141.0,4235.0,4132.0,4180.0,15228406,600,2024-10-13,0.4929349696583767,2041.2437093553378,2087.5795965032253,2036.8072946284124,2060.4681731720148,2,2883,1.0,0.041666666666666664,1403-07-22,False,False
2024-10-13 12:00:00,4180.0,4237.0,4178.0,4217.0,8853283,360,2024-10-13,0.4929349696583767,2060.4681731720148,2088.565466442542,2059.4823032326976,2078.7067670493743,2,2884,1.0,0.041666666666666664,1403-07-22,False,False
2024-10-13 15:00:00,4185.0,4185.0,4136.0,4136.0,373820,5,2024-10-13,0.4929349696583767,2062.932848020306,2062.932848020306,2038.779034507046,2038.779034507046,2,2885,3.0,0.125,1403-07-22,False,False
2024-10-13 16:00:00,4136.0,4235.0,4136.0,4220.0,7086721,124,2024-10-13,0.4929349696583767,2038.779034507046,2087.5795965032253,2038.779034507046,2080.1855719583496,2,2886,1.0,0.041666666666666664,1403-07-22,False,False
2024-10-14 09:00:00,4190.0,4217.0,4098.0,4098.0,22201860,926,2024-10-14,0.4929349696583767,2065.397522868598,2078.7067670493743,2020.0475056600276,2020.0475056600276,2,2887,17.0,0.7083333333333334,1403-07-23,False,False
2024-10-14 10:00:00,4099.0,4110.0,4080.0,4093.0,12365424,629,2024-10-14,0.4929349696583767,2020.5404406296861,2025.9627252959283,2011.1746762061769,2017.5828308117357,2,2888,1.0,0.041666666666666664,1403-07-23,False,False
2024-10-14 11:00:00,4093.0,4126.0,4072.0,4077.0,11527790,578,2024-10-14,0.4929349696583767,2017.5828308117357,2033.8496848104621,2007.23119644891,2009.6958712972018,2,2889,1.0,0.041666666666666664,1403-07-23,False,False
2024-10-14 12:00:00,4079.0,4197.0,4072.0,4197.0,24924849,653,2024-10-14,0.4929349696583767,2010.6817412365185,2068.848067656207,2007.23119644891,2068.848067656207,2,2890,1.0,0.041666666666666664,1403-07-23,False,False
2024-10-14 15:00:00,4072.0,4125.0,4072.0,4080.0,14417298,177,2024-10-14,0.4929349696583767,2007.23119644891,2033.3567498408038,2007.23119644891,2011.1746762061769,2,2891,3.0,0.125,1403-07-23,False,False
2024-10-15 09:00:00,4021.0,4111.0,3995.0,4053.0,21226476,933,2024-10-15,0.4929349696583767,1982.0915129963328,2026.4556602655866,1969.275203785215,1997.8654320254007,2,2892,18.0,0.75,1403-07-24,False,False
2024-10-15 10:00:00,4052.0,4053.0,4021.0,4022.0,10039969,565,2024-10-15,0.4929349696583767,1997.3724970557423,1997.8654320254007,1982.0915129963328,1982.584447965991,2,2893,1.0,0.041666666666666664,1403-07-24,False,False
2024-10-15 11:00:00,4021.0,4052.0,4011.0,4028.0,19361537,683,2024-10-15,0.4929349696583767,1982.0915129963328,1997.3724970557423,1977.162163299749,1985.5420577839413,2,2894,1.0,0.041666666666666664,1403-07-24,False,False
2024-10-15 12:00:00,4015.0,4098.0,4010.0,4011.0,13638022,456,2024-10-15,0.4929349696583767,1979.1339031783823,2020.0475056600276,1976.6692283300906,1977.162163299749,2,2895,1.0,0.041666666666666664,1403-07-24,False,False
2024-10-15 13:00:00,4023.0,4023.0,4023.0,4023.0,1620,1,2024-10-15,0.4929349696583767,1983.0773829356494,1983.0773829356494,1983.0773829356494,1983.0773829356494,2,2896,1.0,0.041666666666666664,1403-07-24,False,False
2024-10-15 14:00:00,4012.0,4078.0,4012.0,4078.0,1872894,52,2024-10-15,0.4929349696583767,1977.6550982694073,2010.1888062668602,1977.6550982694073,2010.1888062668602,2,2897,1.0,0.041666666666666664,1403-07-24,False,False
2024-10-16 09:00:00,4075.0,4100.0,4034.0,4054.0,15180294,598,2024-10-16,0.4929349696583767,2008.710001357885,2021.0333755993445,1988.4996676018916,1998.358366995059,2,2898,19.0,0.7916666666666666,1403-07-25,False,False
2024-10-16 10:00:00,4054.0,4066.0,4050.0,4064.0,10188036,395,2024-10-16,0.4929349696583767,1998.358366995059,2004.2735866309597,1996.3866271164256,2003.2877166916428,2,2899,1.0,0.041666666666666664,1403-07-25,False,False
2024-10-16 11:00:00,4062.0,4065.0,4053.0,4055.0,9122321,351,2024-10-16,0.4929349696583767,2002.3018467523261,2003.7806516613011,1997.8654320254007,1998.8513019647175,2,2900,1.0,0.041666666666666664,1403-07-25,False,False
2024-10-16 12:00:00,4054.0,4056.0,4045.0,4045.0,6271980,277,2024-10-16,0.4929349696583767,1998.358366995059,1999.3442369343759,1993.9219522681337,1993.9219522681337,2,2901,1.0,0.041666666666666664,1403-07-25,False,False
2024-10-19 09:00:00,4046.0,4087.0,3942.0,3944.0,21918151,1028,2024-10-19,0.4929349696583767,1994.414887237792,2014.6252209937854,1943.1496503933208,1944.1355203326377,2,2902,69.0,2.875,1403-07-28,False,False
2024-10-19 10:00:00,3943.0,3944.0,3941.0,3941.0,22627986,733,2024-10-19,0.4929349696583767,1943.6425853629794,1944.1355203326377,1942.6567154236625,1942.6567154236625,2,2903,1.0,0.041666666666666664,1403-07-28,False,False
2024-10-19 11:00:00,3942.0,3943.0,3941.0,3941.0,13790340,507,2024-10-19,0.4929349696583767,1943.1496503933208,1943.6425853629794,1942.6567154236625,1942.6567154236625,2,2904,1.0,0.041666666666666664,1403-07-28,False,False
2024-10-19 12:00:00,3941.0,3943.0,3941.0,3941.0,8495651,365,2024-10-19,0.4929349696583767,1942.6567154236625,1943.6425853629794,1942.6567154236625,1942.6567154236625,2,2905,1.0,0.041666666666666664,1403-07-28,False,False
2024-10-20 09:00:00,3911.0,3911.0,3833.0,3834.0,31458370,1105,2024-10-20,0.4929349696583767,1927.8686663339113,1927.8686663339113,1889.419738700558,1889.9126736702162,2,2906,21.0,0.875,1403-07-29,False,False
2024-10-20 10:00:00,3835.0,3835.0,3833.0,3833.0,19187593,645,2024-10-20,0.4929349696583767,1890.4056086398746,1890.4056086398746,1889.419738700558,1889.419738700558,2,2907,1.0,0.041666666666666664,1403-07-29,False,False
2024-10-20 11:00:00,3833.0,3833.0,3833.0,3833.0,7089736,359,2024-10-20,0.4929349696583767,1889.419738700558,1889.419738700558,1889.419738700558,1889.419738700558,2,2908,1.0,0.041666666666666664,1403-07-29,False,False
2024-10-20 12:00:00,3833.0,3856.0,3833.0,3855.0,19806861,485,2024-10-20,0.4929349696583767,1889.419738700558,1900.7572430027005,1889.419738700558,1900.2643080330422,2,2909,1.0,0.041666666666666664,1403-07-29,False,False
2024-10-21 09:00:00,3801.0,3900.0,3790.0,3878.0,15796064,786,2024-10-21,0.4929349696583767,1873.6458196714898,1922.4463816676691,1868.2235350052476,1911.6018123351848,2,2910,21.0,0.875,1403-07-30,False,False
2024-10-21 10:00:00,3879.0,3879.0,3833.0,3839.0,17985987,565,2024-10-21,0.4929349696583767,1912.0947473048432,1912.0947473048432,1889.419738700558,1892.3773485185081,2,2911,1.0,0.041666666666666664,1403-07-30,False,False
2024-10-21 11:00:00,3840.0,3842.0,3808.0,3838.0,17726808,492,2024-10-21,0.4929349696583767,1892.8702834881665,1893.8561534274832,1877.0963644590984,1891.8844135488498,2,2912,1.0,0.041666666666666664,1403-07-30,False,False
2024-10-21 12:00:00,3838.0,3844.0,3834.0,3840.0,12026602,362,2024-10-21,0.4929349696583767,1891.8844135488498,1894.8420233668,1889.9126736702162,1892.8702834881665,2,2913,1.0,0.041666666666666664,1403-07-30,False,False
2024-10-22 09:00:00,3880.0,3953.0,3870.0,3880.0,13850473,650,2024-10-22,0.4929349696583767,1912.5876822745015,1948.571935059563,1907.6583325779177,1912.5876822745015,2,2914,21.0,0.875,1403-08-01,False,False
2024-10-22 10:00:00,3880.0,3880.0,3822.0,3849.0,10743083,469,2024-10-22,0.4929349696583767,1912.5876822745015,1912.5876822745015,1883.9974540343158,1897.306698215092,2,2915,1.0,0.041666666666666664,1403-08-01,False,False
2024-10-22 11:00:00,3850.0,3909.0,3831.0,3834.0,13000561,528,2024-10-22,0.4929349696583767,1897.7996331847503,1926.8827963945944,1888.433868761241,1889.9126736702162,2,2916,1.0,0.041666666666666664,1403-08-01,False,False
2024-10-22 12:00:00,3837.0,3851.0,3833.0,3849.0,38982600,445,2024-10-22,0.4929349696583767,1891.3914785791912,1898.2925681544086,1889.419738700558,1897.306698215092,2,2917,1.0,0.041666666666666664,1403-08-01,False,False
2024-10-23 09:00:00,3790.0,3849.0,3772.0,3778.0,16486674,752,2024-10-23,0.4929349696583767,1868.2235350052476,1897.306698215092,1859.350705551397,1862.3083153693472,2,2918,21.0,0.875,1403-08-02,False,False
2024-10-23 10:00:00,3778.0,3809.0,3776.0,3794.0,11886783,558,2024-10-23,0.4929349696583767,1862.3083153693472,1877.5892994287567,1861.3224454300303,1870.1952748838812,2,2919,1.0,0.041666666666666664,1403-08-02,False,False
2024-10-23 11:00:00,3793.0,3819.0,3771.0,3787.0,18160864,684,2024-10-23,0.4929349696583767,1869.7023399142229,1882.5186491253405,1858.8577705817386,1866.7447300962724,2,2920,1.0,0.041666666666666664,1403-08-02,False,False
2024-10-23 12:00:00,3788.0,3812.0,3788.0,3800.0,9081928,364,2024-10-23,0.4929349696583767,1867.237665065931,1879.068104337732,1867.237665065931,1873.1528847018315,2,2921,1.0,0.041666666666666664,1403-08-02,False,False
2024-10-26 09:00:00,3904.0,3904.0,3904.0,3904.0,4204119,199,2024-10-26,0.4929349696583767,1924.4181215463027,1924.4181215463027,1924.4181215463027,1924.4181215463027,2,2922,69.0,2.875,1403-08-05,False,False
2024-10-26 10:00:00,3904.0,3904.0,3904.0,3904.0,4189089,164,2024-10-26,0.4929349696583767,1924.4181215463027,1924.4181215463027,1924.4181215463027,1924.4181215463027,2,2923,1.0,0.041666666666666664,1403-08-05,False,False
2024-10-26 11:00:00,3904.0,3904.0,3904.0,3904.0,5018539,111,2024-10-26,0.4929349696583767,1924.4181215463027,1924.4181215463027,1924.4181215463027,1924.4181215463027,2,2924,1.0,0.041666666666666664,1403-08-05,False,False
2024-10-26 12:00:00,3904.0,3904.0,3904.0,3904.0,1953616,64,2024-10-26,0.4929349696583767,1924.4181215463027,1924.4181215463027,1924.4181215463027,1924.4181215463027,2,2925,1.0,0.041666666666666664,1403-08-05,False,False
2024-10-27 09:00:00,4007.0,4007.0,4007.0,4007.0,4037085,122,2024-10-27,0.4929349696583767,1975.1904234211154,1975.1904234211154,1975.1904234211154,1975.1904234211154,2,2926,21.0,0.875,1403-08-06,False,False
2024-10-27 10:00:00,4007.0,4007.0,4007.0,4007.0,27625164,235,2024-10-27,0.4929349696583767,1975.1904234211154,1975.1904234211154,1975.1904234211154,1975.1904234211154,2,2927,1.0,0.041666666666666664,1403-08-06,False,False
2024-10-27 11:00:00,4007.0,4007.0,4007.0,4007.0,1242173,89,2024-10-27,0.4929349696583767,1975.1904234211154,1975.1904234211154,1975.1904234211154,1975.1904234211154,2,2928,1.0,0.041666666666666664,1403-08-06,False,False
2024-10-27 12:00:00,4007.0,4007.0,4007.0,4007.0,538900,44,2024-10-27,0.4929349696583767,1975.1904234211154,1975.1904234211154,1975.1904234211154,1975.1904234211154,2,2929,1.0,0.041666666666666664,1403-08-06,False,False
2024-10-28 09:00:00,4127.0,4127.0,4127.0,4127.0,38619631,641,2024-10-28,0.4929349696583767,2034.3426197801207,2034.3426197801207,2034.3426197801207,2034.3426197801207,2,2930,21.0,0.875,1403-08-07,False,False
2024-10-28 10:00:00,4127.0,4127.0,4127.0,4127.0,2023749,134,2024-10-28,0.4929349696583767,2034.3426197801207,2034.3426197801207,2034.3426197801207,2034.3426197801207,2,2931,1.0,0.041666666666666664,1403-08-07,False,False
2024-10-28 11:00:00,4127.0,4127.0,4127.0,4127.0,2648532,124,2024-10-28,0.4929349696583767,2034.3426197801207,2034.3426197801207,2034.3426197801207,2034.3426197801207,2,2932,1.0,0.041666666666666664,1403-08-07,False,False
2024-10-28 12:00:00,4127.0,4127.0,4127.0,4127.0,3801148,74,2024-10-28,0.4929349696583767,2034.3426197801207,2034.3426197801207,2034.3426197801207,2034.3426197801207,2,2933,1.0,0.041666666666666664,1403-08-07,False,False
2024-10-29 09:00:00,4127.0,4171.0,4124.0,4128.0,77961784,1472,2024-10-29,0.4929349696583767,2034.3426197801207,2056.031758445089,2032.8638148711455,2034.835554749779,2,2934,21.0,0.875,1403-08-08,False,False
2024-10-29 10:00:00,4130.0,4167.0,4090.0,4090.0,35767768,815,2024-10-29,0.4929349696583767,2035.8214246890957,2054.0600185664557,2016.1040259027607,2016.1040259027607,2,2935,1.0,0.041666666666666664,1403-08-08,False,False
2024-10-29 11:00:00,4089.0,4092.0,4040.0,4056.0,13472741,687,2024-10-29,0.4929349696583767,2015.6110909331023,2017.0898958420773,1991.4572774198418,1999.3442369343759,2,2936,1.0,0.041666666666666664,1403-08-08,False,False
2024-10-29 12:00:00,4055.0,4056.0,4029.0,4045.0,13044068,466,2024-10-29,0.4929349696583767,1998.8513019647175,1999.3442369343759,1986.0349927535997,1993.9219522681337,2,2937,1.0,0.041666666666666664,1403-08-08,False,False
2024-10-30 09:00:00,4100.0,4135.0,4055.0,4132.0,29438411,1103,2024-10-30,0.4929349696583767,2021.0333755993445,2038.2860995373876,1998.8513019647175,2036.8072946284124,2,2938,21.0,0.875,1403-08-09,False,False
2024-10-30 10:00:00,4132.0,4248.0,4132.0,4248.0,31355625,1038,2024-10-30,0.4929349696583767,2036.8072946284124,2093.9877511087843,2036.8072946284124,2093.9877511087843,2,2939,1.0,0.041666666666666664,1403-08-09,False,False
2024-10-30 11:00:00,4248.0,4248.0,4206.0,4220.0,36001055,822,2024-10-30,0.4929349696583767,2093.9877511087843,2093.9877511087843,2073.2844823831324,2080.1855719583496,2,2940,1.0,0.041666666666666664,1403-08-09,False,False
2024-10-30 12:00:00,4221.0,4248.0,4220.0,4248.0,21424676,444,2024-10-30,0.4929349696583767,2080.678506928008,2093.9877511087843,2080.1855719583496,2093.9877511087843,2,2941,1.0,0.041666666666666664,1403-08-09,False,False
2024-10-30 18:00:00,4125.0,4125.0,4123.0,4125.0,5732867,247,2024-10-30,0.4929349696583767,2033.3567498408038,2033.3567498408038,2032.3708799014871,2033.3567498408038,2,2942,6.0,0.25,1403-08-09,False,False
2024-10-30 19:00:00,4125.0,4125.0,4125.0,4125.0,525000,21,2024-10-30,0.4929349696583767,2033.3567498408038,2033.3567498408038,2033.3567498408038,2033.3567498408038,2,2943,1.0,0.041666666666666664,1403-08-09,False,False
2024-11-02 09:00:00,4225.0,4324.0,4201.0,4296.0,48627758,1174,2024-11-02,0.4929349696583767,2082.6502468066415,2131.4508088028206,2070.8198075348405,2117.6486296523863,2,2944,62.0,2.5833333333333335,1403-08-12,False,False
2024-11-02 10:00:00,4286.0,4295.0,4252.0,4263.0,27050953,695,2024-11-02,0.4929349696583767,2112.7192799558024,2117.1556946827277,2095.9594909874177,2101.38177565366,2,2945,1.0,0.041666666666666664,1403-08-12,False,False
2024-11-02 11:00:00,4264.0,4267.0,4219.0,4233.0,12414424,505,2024-11-02,0.4929349696583767,2101.874710623318,2103.3535155322934,2079.6926369886914,2086.5937265639086,2,2946,1.0,0.041666666666666664,1403-08-12,False,False
2024-11-02 12:00:00,4232.0,4244.0,4225.0,4230.0,11184077,399,2024-11-02,0.4929349696583767,2086.10079159425,2092.0160112301505,2082.6502468066415,2085.1149216549334,2,2947,1.0,0.041666666666666664,1403-08-12,False,False
2024-11-03 09:00:00,4200.0,4200.0,4164.0,4168.0,40317678,836,2024-11-03,0.4929349696583767,2070.326872565182,2070.326872565182,2052.5812136574805,2054.552953536114,2,2948,21.0,0.875,1403-08-13,False,False
2024-11-03 10:00:00,4164.0,4165.0,4164.0,4164.0,18916216,575,2024-11-03,0.4929349696583767,2052.5812136574805,2053.074148627139,2052.5812136574805,2052.5812136574805,2,2949,1.0,0.041666666666666664,1403-08-13,False,False
2024-11-03 11:00:00,4164.0,4164.0,4164.0,4164.0,2955536,155,2024-11-03,0.4929349696583767,2052.5812136574805,2052.5812136574805,2052.5812136574805,2052.5812136574805,2,2950,1.0,0.041666666666666664,1403-08-13,False,False
2024-11-03 12:00:00,4164.0,4164.0,4164.0,4164.0,1304627,99,2024-11-03,0.4929349696583767,2052.5812136574805,2052.5812136574805,2052.5812136574805,2052.5812136574805,2,2951,1.0,0.041666666666666664,1403-08-13,False,False
2024-11-04 09:00:00,4114.0,4149.0,4086.0,4131.0,17057939,684,2024-11-04,0.4929349696583767,2027.9344651745616,2045.187189112605,2014.132286024127,2036.314359658754,2,2952,21.0,0.875,1403-08-14,False,False
2024-11-04 10:00:00,4132.0,4195.0,4131.0,4163.0,9438909,485,2024-11-04,0.4929349696583767,2036.8072946284124,2067.86219771689,2036.314359658754,2052.0882786878224,2,2953,1.0,0.041666666666666664,1403-08-14,False,False
2024-11-04 11:00:00,4163.0,4169.0,4137.0,4160.0,9340181,370,2024-11-04,0.4929349696583767,2052.0882786878224,2055.0458885057724,2039.2719694767043,2050.609473778847,2,2954,1.0,0.041666666666666664,1403-08-14,False,False
2024-11-04 12:00:00,4161.0,4184.0,4161.0,4170.0,9690756,247,2024-11-04,0.4929349696583767,2051.1024087485052,2062.439913050648,2051.1024087485052,2055.538823475431,2,2955,1.0,0.041666666666666664,1403-08-14,False,False
2024-11-04 14:00:00,4141.0,4141.0,4141.0,4141.0,271649,7,2024-11-04,0.4929349696583767,2041.2437093553378,2041.2437093553378,2041.2437093553378,2041.2437093553378,2,2956,2.0,0.08333333333333333,1403-08-14,False,False
2024-11-05 09:00:00,4195.0,4260.0,4173.0,4183.0,12818346,512,2024-11-05,0.4929349696583767,2067.86219771689,2099.902970744685,2057.0176283844057,2061.9469780809895,2,2957,19.0,0.7916666666666666,1403-08-15,False,False
2024-11-05 10:00:00,4183.0,4183.0,4152.0,4170.0,6533952,286,2024-11-05,0.4929349696583767,2061.9469780809895,2061.9469780809895,2046.66599402158,2055.538823475431,2,2958,1.0,0.041666666666666664,1403-08-15,False,False
2024-11-05 11:00:00,4171.0,4200.0,4165.0,4200.0,8013458,346,2024-11-05,0.4929349696583767,2056.031758445089,2070.326872565182,2053.074148627139,2070.326872565182,2,2959,1.0,0.041666666666666664,1403-08-15,False,False
2024-11-05 12:00:00,4200.0,4248.0,4200.0,4220.0,13352185,342,2024-11-05,0.4929349696583767,2070.326872565182,2093.9877511087843,2070.326872565182,2080.1855719583496,2,2960,1.0,0.041666666666666664,1403-08-15,False,False
2024-11-06 09:00:00,4173.0,4180.0,4104.0,4137.0,31242406,731,2024-11-06,0.4929349696583767,2057.0176283844057,2060.4681731720148,2023.0051154779778,2039.2719694767043,2,2961,21.0,0.875,1403-08-16,False,False
2024-11-06 10:00:00,4137.0,4222.0,4109.0,4222.0,17925960,674,2024-11-06,0.4929349696583767,2039.2719694767043,2081.171441897666,2025.4697903262697,2081.171441897666,2,2962,1.0,0.041666666666666664,1403-08-16,False,False
2024-11-06 11:00:00,4223.0,4275.0,4204.0,4219.0,20972071,686,2024-11-06,0.4929349696583767,2081.664376867325,2107.2969952895605,2072.2986124438157,2079.6926369886914,2,2963,1.0,0.041666666666666664,1403-08-16,False,False
2024-11-06 12:00:00,4220.0,4250.0,4214.0,4224.0,6177703,290,2024-11-06,0.4929349696583767,2080.1855719583496,2094.973621048101,2077.2279621403995,2082.1573118369834,2,2964,1.0,0.041666666666666664,1403-08-16,False,False
2024-11-09 09:00:00,4220.0,4303.0,4220.0,4303.0,21042668,502,2024-11-09,0.4929349696583767,2080.1855719583496,2121.099174439995,2080.1855719583496,2121.099174439995,2,2965,69.0,2.875,1403-08-19,False,False
2024-11-09 10:00:00,4303.0,4303.0,4303.0,4303.0,7395216,265,2024-11-09,0.4929349696583767,2121.099174439995,2121.099174439995,2121.099174439995,2121.099174439995,2,2966,1.0,0.041666666666666664,1403-08-19,False,False
2024-11-09 11:00:00,4303.0,4303.0,4303.0,4303.0,21999559,243,2024-11-09,0.4929349696583767,2121.099174439995,2121.099174439995,2121.099174439995,2121.099174439995,2,2967,1.0,0.041666666666666664,1403-08-19,False,False
2024-11-09 12:00:00,4303.0,4303.0,4303.0,4303.0,6868426,105,2024-11-09,0.4929349696583767,2121.099174439995,2121.099174439995,2121.099174439995,2121.099174439995,2,2968,1.0,0.041666666666666664,1403-08-19,False,False
2024-11-11 09:00:00,4525.0,4525.0,4525.0,4525.0,1,1,2024-11-11,0.4929349696583767,2230.5307377041545,2230.5307377041545,2230.5307377041545,2230.5307377041545,2,2969,45.0,1.875,1403-08-21,False,False
2024-11-11 10:00:00,4525.0,4528.0,4459.0,4465.0,68978242,1725,2024-11-11,0.4929349696583767,2230.5307377041545,2232.0095426131297,2197.9970297067016,2200.954639524652,2,2970,1.0,0.041666666666666664,1403-08-21,False,False
2024-11-11 11:00:00,4465.0,4466.0,4428.0,4430.0,57936166,1250,2024-11-11,0.4929349696583767,2200.954639524652,2201.44757449431,2182.716045647292,2183.7019155866087,2,2971,1.0,0.041666666666666664,1403-08-21,False,False
2024-11-11 12:00:00,4429.0,4449.0,4427.0,4449.0,23053522,689,2024-11-11,0.4929349696583767,2183.20898061695,2193.067680010118,2182.2231106776335,2193.067680010118,2,2972,1.0,0.041666666666666664,1403-08-21,False,False
2024-11-12 09:00:00,4481.0,4529.0,4441.0,4469.0,44146705,1215,2024-11-12,0.4929349696583767,2208.841599039186,2232.502477582788,2189.1242002528506,2202.9263794032854,2,2973,21.0,0.875,1403-08-22,False,False
2024-11-12 10:00:00,4472.0,4500.0,4457.0,4475.0,23688364,746,2024-11-12,0.4929349696583767,2204.4051843122606,2218.207363462695,2197.011159767385,2205.883989221236,2,2974,1.0,0.041666666666666664,1403-08-22,False,False
2024-11-12 11:00:00,4475.0,4477.0,4431.0,4431.0,19261065,650,2024-11-12,0.4929349696583767,2205.883989221236,2206.8698591605526,2184.1948505562673,2184.1948505562673,2,2975,1.0,0.041666666666666664,1403-08-22,False,False
2024-11-12 12:00:00,4433.0,4471.0,4423.0,4446.0,12595511,408,2024-11-12,0.4929349696583767,2185.180720495584,2203.912249342602,2180.251370799,2191.5888751011425,2,2976,1.0,0.041666666666666664,1403-08-22,False,False
2024-11-13 09:00:00,4456.0,4534.0,4424.0,4522.0,29994463,892,2024-11-13,0.4929349696583767,2196.5182247977264,2234.9671524310797,2180.7443057686583,2229.0519327951793,2,2977,21.0,0.875,1403-08-23,False,False
2024-11-13 10:00:00,4522.0,4528.0,4506.0,4523.0,22150175,688,2024-11-13,0.4929349696583767,2229.0519327951793,2232.0095426131297,2221.1649732806454,2229.544867764838,2,2978,1.0,0.041666666666666664,1403-08-23,False,False
2024-11-13 11:00:00,4523.0,4524.0,4485.0,4491.0,17856990,598,2024-11-13,0.4929349696583767,2229.544867764838,2230.037802734496,2210.8133389178192,2213.7709487357697,2,2979,1.0,0.041666666666666664,1403-08-23,False,False
2024-11-13 12:00:00,4491.0,4542.0,4490.0,4541.0,11860360,450,2024-11-13,0.4929349696583767,2213.7709487357697,2238.910632188347,2213.278013766111,2238.4176972186883,2,2980,1.0,0.041666666666666664,1403-08-23,False,False
2024-11-16 09:00:00,4599.0,4642.0,4596.0,4642.0,38229258,740,2024-11-16,0.4929349696583767,2267.0079254588745,2288.2041291541846,2265.5291205498993,2288.2041291541846,2,2981,69.0,2.875,1403-08-26,False,False
2024-11-16 10:00:00,4642.0,4642.0,4642.0,4642.0,5173400,278,2024-11-16,0.4929349696583767,2288.2041291541846,2288.2041291541846,2288.2041291541846,2288.2041291541846,2,2982,1.0,0.041666666666666664,1403-08-26,False,False
2024-11-16 11:00:00,4642.0,4642.0,4642.0,4642.0,17394263,294,2024-11-16,0.4929349696583767,2288.2041291541846,2288.2041291541846,2288.2041291541846,2288.2041291541846,2,2983,1.0,0.041666666666666664,1403-08-26,False,False
2024-11-16 12:00:00,4642.0,4642.0,4642.0,4642.0,1767242,98,2024-11-16,0.4929349696583767,2288.2041291541846,2288.2041291541846,2288.2041291541846,2288.2041291541846,2,2984,1.0,0.041666666666666664,1403-08-26,False,False
2024-11-17 09:00:00,4770.0,4774.0,4640.0,4686.0,56891819,1571,2024-11-17,0.4929349696583767,2351.299805270457,2353.2715451490903,2287.218259214868,2309.893267819153,2,2985,21.0,0.875,1403-08-27,False,False
2024-11-17 10:00:00,4685.0,4685.0,4597.0,4599.0,26573337,953,2024-11-17,0.4929349696583767,2309.4003328494946,2309.4003328494946,2266.022055519558,2267.0079254588745,2,2986,1.0,0.041666666666666664,1403-08-27,False,False
2024-11-17 11:00:00,4599.0,4660.0,4596.0,4651.0,17075536,691,2024-11-17,0.4929349696583767,2267.0079254588745,2297.0769586080355,2265.5291205498993,2292.64054388111,2,2987,1.0,0.041666666666666664,1403-08-27,False,False
2024-11-17 12:00:00,4648.0,4648.0,4618.0,4629.0,10293282,450,2024-11-17,0.4929349696583767,2291.161738972135,2291.161738972135,2276.3736898823836,2281.7959745486255,2,2988,1.0,0.041666666666666664,1403-08-27,False,False
2024-11-18 09:00:00,4675.0,4799.0,4646.0,4799.0,47896088,1339,2024-11-18,0.4929349696583767,2304.4709831529112,2365.59491939055,2290.175869032818,2365.59491939055,2,2989,21.0,0.875,1403-08-28,False,False
2024-11-18 10:00:00,4799.0,4821.0,4798.0,4821.0,52902487,1251,2024-11-18,0.4929349696583767,2365.59491939055,2376.439488723034,2365.1019844208913,2376.439488723034,2,2990,1.0,0.041666666666666664,1403-08-28,False,False
2024-11-18 11:00:00,4821.0,4821.0,4821.0,4821.0,32556779,495,2024-11-18,0.4929349696583767,2376.439488723034,2376.439488723034,2376.439488723034,2376.439488723034,2,2991,1.0,0.041666666666666664,1403-08-28,False,False
2024-11-18 12:00:00,4821.0,4821.0,4820.0,4821.0,16408314,315,2024-11-18,0.4929349696583767,2376.439488723034,2376.439488723034,2375.9465537533756,2376.439488723034,2,2992,1.0,0.041666666666666664,1403-08-28,False,False
2024-11-19 09:00:00,4870.0,4888.0,4772.0,4773.0,32811026,1424,2024-11-19,0.4929349696583767,2400.5933022362947,2409.466131690145,2352.2856752097737,2352.778610179432,2,2993,21.0,0.875,1403-08-29,False,False
2024-11-19 10:00:00,4773.0,4808.0,4722.0,4770.0,25680202,1033,2024-11-19,0.4929349696583767,2352.778610179432,2370.031334117475,2327.6389267268546,2351.299805270457,2,2994,1.0,0.041666666666666664,1403-08-29,False,False
2024-11-19 11:00:00,4770.0,4773.0,4674.0,4674.0,28525495,899,2024-11-19,0.4929349696583767,2351.299805270457,2352.778610179432,2303.9780481832527,2303.9780481832527,2,2995,1.0,0.041666666666666664,1403-08-29,False,False
2024-11-19 12:00:00,4673.0,4698.0,4669.0,4679.0,15052016,495,2024-11-19,0.4929349696583767,2303.485113213594,2315.8084874550536,2301.5133733349608,2306.4427230315446,2,2996,1.0,0.041666666666666664,1403-08-29,False,False
2024-11-20 09:00:00,4713.0,4742.0,4630.0,4647.0,40171236,1262,2024-11-20,0.4929349696583767,2323.2025119999294,2337.4976261200222,2282.288909518284,2290.6688040024765,2,2997,21.0,0.875,1403-08-30,False,False
2024-11-20 10:00:00,4647.0,4722.0,4640.0,4665.0,26068595,759,2024-11-20,0.4929349696583767,2290.6688040024765,2327.6389267268546,2287.218259214868,2299.5416334563274,2,2998,1.0,0.041666666666666664,1403-08-30,False,False
2024-11-20 11:00:00,4659.0,4750.0,4637.0,4691.0,20035527,577,2024-11-20,0.4929349696583767,2296.584023638377,2341.4411058772894,2285.7394543058927,2312.357942667445,2,2999,1.0,0.041666666666666664,1403-08-30,False,False
2024-11-20 12:00:00,4691.0,4693.0,4664.0,4669.0,5726652,333,2024-11-20,0.4929349696583767,2312.357942667445,2313.3438126067617,2299.048698486669,2301.5133733349608,2,3000,1.0,0.041666666666666664,1403-08-30,False,False
2024-11-23 09:00:00,4648.0,4750.0,4621.0,4738.0,29245741,1057,2024-11-23,0.4929349696583767,2291.161738972135,2341.4411058772894,2277.852494791359,2335.525886241389,2,3001,69.0,2.875,1403-09-03,False,False
2024-11-23 10:00:00,4739.0,4740.0,4668.0,4670.0,16186989,686,2024-11-23,0.4929349696583767,2336.018821211047,2336.5117561807056,2301.020438365302,2302.0063083046193,2,3002,1.0,0.041666666666666664,1403-09-03,False,False
2024-11-23 11:00:00,4669.0,4736.0,4669.0,4735.0,10372595,626,2024-11-23,0.4929349696583767,2301.5133733349608,2334.540016302072,2301.5133733349608,2334.0470813324137,2,3003,1.0,0.041666666666666664,1403-09-03,False,False
2024-11-23 12:00:00,4735.0,4739.0,4709.0,4716.0,9162019,374,2024-11-23,0.4929349696583767,2334.0470813324137,2336.018821211047,2321.230772121296,2324.6813169089046,2,3004,1.0,0.041666666666666664,1403-09-03,False,False
2024-11-24 09:00:00,4749.0,4845.0,4720.0,4845.0,58693759,1245,2024-11-24,0.4929349696583767,2340.948170907631,2388.269927994835,2326.653056787538,2388.269927994835,2,3005,21.0,0.875,1403-09-04,False,False
2024-11-24 10:00:00,4845.0,4845.0,4840.0,4845.0,29584358,592,2024-11-24,0.4929349696583767,2388.269927994835,2388.269927994835,2385.8052531465432,2388.269927994835,2,3006,1.0,0.041666666666666664,1403-09-04,False,False
2024-11-24 11:00:00,4845.0,4845.0,4845.0,4845.0,8126717,279,2024-11-24,0.4929349696583767,2388.269927994835,2388.269927994835,2388.269927994835,2388.269927994835,2,3007,1.0,0.041666666666666664,1403-09-04,False,False
2024-11-24 12:00:00,4845.0,4845.0,4845.0,4845.0,6931252,156,2024-11-24,0.4929349696583767,2388.269927994835,2388.269927994835,2388.269927994835,2388.269927994835,2,3008,1.0,0.041666666666666664,1403-09-04,False,False
2024-11-25 09:00:00,4940.0,4975.0,4881.0,4975.0,49537906,966,2024-11-25,0.4929349696583767,2435.098750112381,2452.351474050424,2406.0155869025366,2452.351474050424,2,3009,21.0,0.875,1403-09-05,False,False
2024-11-25 10:00:00,4975.0,4975.0,4975.0,4975.0,16316251,376,2024-11-25,0.4929349696583767,2452.351474050424,2452.351474050424,2452.351474050424,2452.351474050424,2,3010,1.0,0.041666666666666664,1403-09-05,False,False
2024-11-25 11:00:00,4975.0,4975.0,4975.0,4975.0,6832655,229,2024-11-25,0.4929349696583767,2452.351474050424,2452.351474050424,2452.351474050424,2452.351474050424,2,3011,1.0,0.041666666666666664,1403-09-05,False,False
2024-11-25 12:00:00,4975.0,4975.0,4975.0,4975.0,7172640,154,2024-11-25,0.4929349696583767,2452.351474050424,2452.351474050424,2452.351474050424,2452.351474050424,2,3012,1.0,0.041666666666666664,1403-09-05,False,False
2024-11-26 09:00:00,5118.0,5118.0,4961.0,4966.0,90826445,1851,2024-11-26,0.4929349696583767,2522.841174711572,2522.841174711572,2445.4503844752066,2447.9150593234986,2,3013,21.0,0.875,1403-09-06,False,False
2024-11-26 10:00:00,4966.0,5028.0,4914.0,5010.0,51848444,1530,2024-11-26,0.4929349696583767,2447.9150593234986,2478.477027442318,2422.282440901263,2469.604197988467,2,3014,1.0,0.041666666666666664,1403-09-06,False,False
2024-11-26 11:00:00,5027.0,5027.0,4908.0,4909.0,29281931,951,2024-11-26,0.4929349696583767,2477.9840924726595,2477.9840924726595,2419.324831083313,2419.8177660529714,2,3015,1.0,0.041666666666666664,1403-09-06,False,False
2024-11-26 12:00:00,4910.0,4930.0,4906.0,4926.0,12354222,504,2024-11-26,0.4929349696583767,2420.3107010226295,2430.169400415797,2418.338961143996,2428.1976605371638,2,3016,1.0,0.041666666666666664,1403-09-06,False,False
2024-11-27 09:00:00,5025.0,5119.0,4960.0,4981.0,43867024,1439,2024-11-27,0.4929349696583767,2476.998222533343,2523.33410968123,2444.9574495055485,2455.3090838683743,2,3017,21.0,0.875,1403-09-07,False,False
2024-11-27 10:00:00,4982.0,5107.0,4980.0,5098.0,30566518,917,2024-11-27,0.4929349696583767,2455.802018838033,2517.4188900453296,2454.8161488987157,2512.9824753184043,2,3018,1.0,0.041666666666666664,1403-09-07,False,False
2024-11-27 11:00:00,5090.0,5108.0,5062.0,5099.0,29575069,863,2024-11-27,0.4929349696583767,2509.038995561137,2517.911825014988,2495.236816410703,2513.475410288063,2,3019,1.0,0.041666666666666664,1403-09-07,False,False
2024-11-27 12:00:00,5100.0,5127.0,5098.0,5119.0,21202841,587,2024-11-27,0.4929349696583767,2513.968345257721,2527.277589438497,2512.9824753184043,2523.33410968123,2,3020,1.0,0.041666666666666664,1403-09-07,False,False
2024-11-30 09:00:00,5080.0,5200.0,4990.0,4990.0,52747449,1237,2024-11-30,0.4929349696583767,2504.1096458645534,2563.2618422235587,2459.7454985952995,2459.7454985952995,2,3021,69.0,2.875,1403-09-10,False,False
2024-11-30 10:00:00,5000.0,5020.0,4910.0,4920.0,33725472,1116,2024-11-30,0.4929349696583767,2464.6748482918833,2474.533547685051,2420.3107010226295,2425.2400507192133,2,3022,1.0,0.041666666666666664,1403-09-10,False,False
2024-11-30 11:00:00,4910.0,5050.0,4910.0,4960.0,27365856,767,2024-11-30,0.4929349696583767,2420.3107010226295,2489.3215967748024,2420.3107010226295,2444.9574495055485,2,3023,1.0,0.041666666666666664,1403-09-10,False,False
2024-11-30 12:00:00,4970.0,4970.0,4920.0,4940.0,13257068,481,2024-11-30,0.4929349696583767,2449.8867992021324,2449.8867992021324,2425.2400507192133,2435.098750112381,2,3024,1.0,0.041666666666666664,1403-09-10,False,False
2024-12-01 09:00:00,4970.0,5030.0,4880.0,4950.0,34621586,909,2024-12-01,0.4929349696583767,2449.8867992021324,2479.462897381635,2405.522651932878,2440.0280998089647,2,3025,21.0,0.875,1403-09-11,False,False
2024-12-01 10:00:00,4950.0,4950.0,4890.0,4890.0,18710727,564,2024-12-01,0.4929349696583767,2440.0280998089647,2440.0280998089647,2410.452001629462,2410.452001629462,2,3026,1.0,0.041666666666666664,1403-09-11,False,False
2024-12-01 11:00:00,4900.0,4950.0,4880.0,4900.0,16876464,438,2024-12-01,0.4929349696583767,2415.3813513260457,2440.0280998089647,2405.522651932878,2415.3813513260457,2,3027,1.0,0.041666666666666664,1403-09-11,False,False
2024-12-01 12:00:00,4900.0,4910.0,4880.0,4900.0,12451476,337,2024-12-01,0.4929349696583767,2415.3813513260457,2420.3107010226295,2405.522651932878,2415.3813513260457,2,3028,1.0,0.041666666666666664,1403-09-11,False,False
2024-12-02 09:00:00,5060.0,5060.0,5020.0,5060.0,39544022,814,2024-12-02,0.4929349696583767,2494.250946471386,2494.250946471386,2474.533547685051,2494.250946471386,2,3029,21.0,0.875,1403-09-12,False,False
2024-12-02 10:00:00,5060.0,5060.0,5060.0,5060.0,5657293,353,2024-12-02,0.4929349696583767,2494.250946471386,2494.250946471386,2494.250946471386,2494.250946471386,2,3030,1.0,0.041666666666666664,1403-09-12,False,False
2024-12-02 11:00:00,5060.0,5060.0,5060.0,5060.0,18652108,341,2024-12-02,0.4929349696583767,2494.250946471386,2494.250946471386,2494.250946471386,2494.250946471386,2,3031,1.0,0.041666666666666664,1403-09-12,False,False
2024-12-02 12:00:00,5060.0,5060.0,5060.0,5060.0,3391074,140,2024-12-02,0.4929349696583767,2494.250946471386,2494.250946471386,2494.250946471386,2494.250946471386,2,3032,1.0,0.041666666666666664,1403-09-12,False,False
2024-12-03 09:00:00,5210.0,5210.0,5080.0,5140.0,61442246,1394,2024-12-03,0.4929349696583767,2568.1911919201425,2568.1911919201425,2504.1096458645534,2533.6857440440563,2,3033,21.0,0.875,1403-09-13,False,False
2024-12-03 10:00:00,5140.0,5210.0,5110.0,5180.0,40261855,900,2024-12-03,0.4929349696583767,2533.6857440440563,2568.1911919201425,2518.897694954305,2553.403142830391,2,3034,1.0,0.041666666666666664,1403-09-13,False,False
2024-12-03 11:00:00,5190.0,5210.0,5120.0,5140.0,28678596,755,2024-12-03,0.4929349696583767,2558.332492526975,2568.1911919201425,2523.8270446508886,2533.6857440440563,2,3035,1.0,0.041666666666666664,1403-09-13,False,False
2024-12-03 12:00:00,5140.0,5160.0,5110.0,5140.0,13222158,418,2024-12-03,0.4929349696583767,2533.6857440440563,2543.544443437224,2518.897694954305,2533.6857440440563,2,3036,1.0,0.041666666666666664,1403-09-13,False,False
2024-12-04 09:00:00,5160.0,5230.0,5110.0,5180.0,30728635,979,2024-12-04,0.4929349696583767,2543.544443437224,2578.04989131331,2518.897694954305,2553.403142830391,2,3037,21.0,0.875,1403-09-14,False,False
2024-12-04 10:00:00,5180.0,5230.0,5150.0,5230.0,39428765,853,2024-12-04,0.4929349696583767,2553.403142830391,2578.04989131331,2538.61509374064,2578.04989131331,2,3038,1.0,0.041666666666666664,1403-09-14,False,False
2024-12-04 11:00:00,5220.0,5240.0,5160.0,5170.0,25284143,750,2024-12-04,0.4929349696583767,2573.1205416167263,2582.979241009894,2543.544443437224,2548.4737931338072,2,3039,1.0,0.041666666666666664,1403-09-14,False,False
2024-12-04 12:00:00,5170.0,5170.0,5140.0,5150.0,12910093,580,2024-12-04,0.4929349696583767,2548.4737931338072,2548.4737931338072,2533.6857440440563,2538.61509374064,2,3040,1.0,0.041666666666666664,1403-09-14,False,False
2024-12-07 09:00:00,5150.0,5170.0,5030.0,5030.0,57429960,1445,2024-12-07,0.4929349696583767,2538.61509374064,2548.4737931338072,2479.462897381635,2479.462897381635,2,3041,69.0,2.875,1403-09-17,False,False
2024-12-07 10:00:00,5030.0,5080.0,5030.0,5050.0,28526271,867,2024-12-07,0.4929349696583767,2479.462897381635,2504.1096458645534,2479.462897381635,2489.3215967748024,2,3042,1.0,0.041666666666666664,1403-09-17,False,False
2024-12-07 11:00:00,5040.0,5070.0,5030.0,5030.0,14228894,485,2024-12-07,0.4929349696583767,2484.3922470782186,2499.18029616797,2479.462897381635,2479.462897381635,2,3043,1.0,0.041666666666666664,1403-09-17,False,False
2024-12-07 12:00:00,5030.0,5040.0,5030.0,5040.0,17545882,303,2024-12-07,0.4929349696583767,2479.462897381635,2484.3922470782186,2479.462897381635,2484.3922470782186,2,3044,1.0,0.041666666666666664,1403-09-17,False,False
2024-12-08 09:00:00,5000.0,5060.0,4900.0,4970.0,47975379,1202,2024-12-08,0.4929349696583767,2464.6748482918833,2494.250946471386,2415.3813513260457,2449.8867992021324,2,3045,21.0,0.875,1403-09-18,False,False
2024-12-08 10:00:00,4970.0,5000.0,4920.0,4940.0,16477888,565,2024-12-08,0.4929349696583767,2449.8867992021324,2464.6748482918833,2425.2400507192133,2435.098750112381,2,3046,1.0,0.041666666666666664,1403-09-18,False,False
2024-12-08 11:00:00,4940.0,4960.0,4900.0,4960.0,20675845,636,2024-12-08,0.4929349696583767,2435.098750112381,2444.9574495055485,2415.3813513260457,2444.9574495055485,2,3047,1.0,0.041666666666666664,1403-09-18,False,False
2024-12-08 12:00:00,4960.0,5040.0,4950.0,5040.0,12545462,379,2024-12-08,0.4929349696583767,2444.9574495055485,2484.3922470782186,2440.0280998089647,2484.3922470782186,2,3048,1.0,0.041666666666666664,1403-09-18,False,False
2024-12-09 09:00:00,5050.0,5100.0,5010.0,5100.0,50239618,973,2024-12-09,0.4929349696583767,2489.3215967748024,2513.968345257721,2469.604197988467,2513.968345257721,2,3049,21.0,0.875,1403-09-19,False,False
2024-12-09 10:00:00,5100.0,5100.0,5100.0,5100.0,18758991,372,2024-12-09,0.4929349696583767,2513.968345257721,2513.968345257721,2513.968345257721,2513.968345257721,2,3050,1.0,0.041666666666666664,1403-09-19,False,False
2024-12-09 11:00:00,5100.0,5100.0,5100.0,5100.0,21108709,386,2024-12-09,0.4929349696583767,2513.968345257721,2513.968345257721,2513.968345257721,2513.968345257721,2,3051,1.0,0.041666666666666664,1403-09-19,False,False
2024-12-09 12:00:00,5100.0,5100.0,5100.0,5100.0,6259952,145,2024-12-09,0.4929349696583767,2513.968345257721,2513.968345257721,2513.968345257721,2513.968345257721,2,3052,1.0,0.041666666666666664,1403-09-19,False,False
2024-12-10 09:00:00,5250.0,5250.0,5090.0,5130.0,47929208,1308,2024-12-10,0.4929349696583767,2587.9085907064778,2587.9085907064778,2509.038995561137,2528.7563943474725,2,3053,21.0,0.875,1403-09-20,False,False
2024-12-10 10:00:00,5140.0,5190.0,5110.0,5120.0,17002310,695,2024-12-10,0.4929349696583767,2533.6857440440563,2558.332492526975,2518.897694954305,2523.8270446508886,2,3054,1.0,0.041666666666666664,1403-09-20,False,False
2024-12-10 11:00:00,5110.0,5130.0,5090.0,5110.0,18268519,665,2024-12-10,0.4929349696583767,2518.897694954305,2528.7563943474725,2509.038995561137,2518.897694954305,2,3055,1.0,0.041666666666666664,1403-09-20,False,False
2024-12-10 12:00:00,5110.0,5120.0,5090.0,5110.0,11148157,405,2024-12-10,0.4929349696583767,2518.897694954305,2523.8270446508886,2509.038995561137,2518.897694954305,2,3056,1.0,0.041666666666666664,1403-09-20,False,False
2024-12-11 09:00:00,5170.0,5200.0,5100.0,5130.0,19109259,828,2024-12-11,0.4929349696583767,2548.4737931338072,2563.2618422235587,2513.968345257721,2528.7563943474725,2,3057,21.0,0.875,1403-09-21,False,False
2024-12-11 10:00:00,5120.0,5260.0,5100.0,5230.0,31338802,807,2024-12-11,0.4929349696583767,2523.8270446508886,2592.8379404030616,2513.968345257721,2578.04989131331,2,3058,1.0,0.041666666666666664,1403-09-21,False,False
2024-12-11 11:00:00,5220.0,5300.0,5220.0,5280.0,51849067,971,2024-12-11,0.4929349696583767,2573.1205416167263,2612.5553391893964,2573.1205416167263,2602.6966397962287,2,3059,1.0,0.041666666666666664,1403-09-21,False,False
2024-12-11 12:00:00,5280.0,5320.0,5270.0,5320.0,45386726,676,2024-12-11,0.4929349696583767,2602.6966397962287,2622.414038582564,2597.767290099645,2622.414038582564,2,3060,1.0,0.041666666666666664,1403-09-21,False,False
2024-12-14 09:00:00,5400.0,5400.0,5400.0,5400.0,24006605,609,2024-12-14,0.4929349696583767,2661.848836155234,2661.848836155234,2661.848836155234,2661.848836155234,2,3061,69.0,2.875,1403-09-24,False,False
2024-12-14 10:00:00,5400.0,5400.0,5400.0,5400.0,3980310,327,2024-12-14,0.4929349696583767,2661.848836155234,2661.848836155234,2661.848836155234,2661.848836155234,2,3062,1.0,0.041666666666666664,1403-09-24,False,False
2024-12-14 11:00:00,5400.0,5400.0,5400.0,5400.0,3862667,271,2024-12-14,0.4929349696583767,2661.848836155234,2661.848836155234,2661.848836155234,2661.848836155234,2,3063,1.0,0.041666666666666664,1403-09-24,False,False
2024-12-14 12:00:00,5400.0,5400.0,5400.0,5400.0,2883241,198,2024-12-14,0.4929349696583767,2661.848836155234,2661.848836155234,2661.848836155234,2661.848836155234,2,3064,1.0,0.041666666666666664,1403-09-24,False,False
2024-12-15 09:00:00,5560.0,5560.0,5560.0,5560.0,37120952,628,2024-12-15,0.4929349696583767,2740.7184313005746,2740.7184313005746,2740.7184313005746,2740.7184313005746,2,3065,21.0,0.875,1403-09-25,False,False
2024-12-15 10:00:00,5560.0,5560.0,5560.0,5560.0,50632017,696,2024-12-15,0.4929349696583767,2740.7184313005746,2740.7184313005746,2740.7184313005746,2740.7184313005746,2,3066,1.0,0.041666666666666664,1403-09-25,False,False
2024-12-15 11:00:00,5560.0,5560.0,5560.0,5560.0,13138865,338,2024-12-15,0.4929349696583767,2740.7184313005746,2740.7184313005746,2740.7184313005746,2740.7184313005746,2,3067,1.0,0.041666666666666664,1403-09-25,False,False
2024-12-15 12:00:00,5560.0,5560.0,5560.0,5560.0,2797053,143,2024-12-15,0.4929349696583767,2740.7184313005746,2740.7184313005746,2740.7184313005746,2740.7184313005746,2,3068,1.0,0.041666666666666664,1403-09-25,False,False
2024-12-16 09:00:00,5720.0,5720.0,5670.0,5720.0,63394315,1186,2024-12-16,0.4929349696583767,2819.5880264459147,2819.5880264459147,2794.9412779629956,2819.5880264459147,2,3069,21.0,0.875,1403-09-26,False,False
2024-12-16 10:00:00,5720.0,5720.0,5720.0,5720.0,9126685,453,2024-12-16,0.4929349696583767,2819.5880264459147,2819.5880264459147,2819.5880264459147,2819.5880264459147,2,3070,1.0,0.041666666666666664,1403-09-26,False,False
2024-12-16 11:00:00,5720.0,5720.0,5650.0,5690.0,86623523,1418,2024-12-16,0.4929349696583767,2819.5880264459147,2819.5880264459147,2785.0825785698285,2804.7999773561633,2,3071,1.0,0.041666666666666664,1403-09-26,False,False
2024-12-16 12:00:00,5690.0,5720.0,5640.0,5710.0,31338781,969,2024-12-16,0.4929349696583767,2804.7999773561633,2819.5880264459147,2780.1532288732446,2814.658676749331,2,3072,1.0,0.041666666666666664,1403-09-26,False,False
2024-12-17 09:00:00,5710.0,5870.0,5640.0,5700.0,81723111,2034,2024-12-17,0.4929349696583767,2814.658676749331,2893.528271894671,2780.1532288732446,2809.729327052747,2,3073,21.0,0.875,1403-09-27,False,False
2024-12-17 10:00:00,5700.0,5790.0,5660.0,5680.0,37937933,1264,2024-12-17,0.4929349696583767,2809.729327052747,2854.093474322001,2790.0119282664123,2799.8706276595794,2,3074,1.0,0.041666666666666664,1403-09-27,False,False
2024-12-17 11:00:00,5670.0,5680.0,5540.0,5540.0,72639023,1656,2024-12-17,0.4929349696583767,2794.9412779629956,2799.8706276595794,2730.859731907407,2730.859731907407,2,3075,1.0,0.041666666666666664,1403-09-27,False,False
2024-12-17 12:00:00,5540.0,5580.0,5540.0,5550.0,33270365,648,2024-12-17,0.4929349696583767,2730.859731907407,2750.5771306937418,2730.859731907407,2735.789081603991,2,3076,1.0,0.041666666666666664,1403-09-27,False,False
2024-12-18 09:00:00,5590.0,5810.0,5490.0,5800.0,76964417,1912,2024-12-18,0.4929349696583767,2755.5064803903256,2863.9521737151686,2706.212983424488,2859.0228240185847,2,3077,21.0,0.875,1403-09-28,False,False
2024-12-18 10:00:00,5790.0,5810.0,5650.0,5720.0,42316923,1230,2024-12-18,0.4929349696583767,2854.093474322001,2863.9521737151686,2785.0825785698285,2819.5880264459147,2,3078,1.0,0.041666666666666664,1403-09-28,False,False
2024-12-18 11:00:00,5720.0,5770.0,5650.0,5690.0,34849957,1030,2024-12-18,0.4929349696583767,2819.5880264459147,2844.2347749288333,2785.0825785698285,2804.7999773561633,2,3079,1.0,0.041666666666666664,1403-09-28,False,False
2024-12-18 12:00:00,5700.0,5810.0,5680.0,5790.0,25309753,727,2024-12-18,0.4929349696583767,2809.729327052747,2863.9521737151686,2799.8706276595794,2854.093474322001,2,3080,1.0,0.041666666666666664,1403-09-28,False,False
2024-12-21 09:00:00,5890.0,5890.0,5820.0,5890.0,27618208,766,2024-12-21,0.4929349696583767,2903.3869712878386,2903.3869712878386,2868.8815234117524,2903.3869712878386,2,3081,69.0,2.875,1403-10-01,False,False
2024-12-21 10:00:00,5890.0,5890.0,5890.0,5890.0,11814844,387,2024-12-21,0.4929349696583767,2903.3869712878386,2903.3869712878386,2903.3869712878386,2903.3869712878386,2,3082,1.0,0.041666666666666664,1403-10-01,False,False
2024-12-21 11:00:00,5890.0,5890.0,5890.0,5890.0,18093025,474,2024-12-21,0.4929349696583767,2903.3869712878386,2903.3869712878386,2903.3869712878386,2903.3869712878386,2,3083,1.0,0.041666666666666664,1403-10-01,False,False
2024-12-21 12:00:00,5890.0,5890.0,5890.0,5890.0,6610274,301,2024-12-21,0.4929349696583767,2903.3869712878386,2903.3869712878386,2903.3869712878386,2903.3869712878386,2,3084,1.0,0.041666666666666664,1403-10-01,False,False
2024-12-23 09:00:00,5950.0,6070.0,5900.0,6050.0,41273532,1424,2024-12-23,0.4929349696583767,2932.9630694673415,2992.1152658263463,2908.3163209844224,2982.256566433179,3,3086,45.0,1.875,1403-10-03,False,False
2024-12-23 10:00:00,6030.0,6180.0,6010.0,6150.0,32975930,1192,2024-12-23,0.4929349696583767,2972.3978670400115,3046.338112488768,2962.539167646844,3031.550063399017,3,3087,1.0,0.041666666666666664,1403-10-03,False,False
2024-12-23 11:00:00,6150.0,6180.0,6140.0,6180.0,27050747,1023,2024-12-23,0.4929349696583767,3031.550063399017,3046.338112488768,3026.620713702433,3046.338112488768,3,3088,1.0,0.041666666666666664,1403-10-03,False,False
2024-12-23 12:00:00,6180.0,6180.0,6180.0,6180.0,7926566,326,2024-12-23,0.4929349696583767,3046.338112488768,3046.338112488768,3046.338112488768,3046.338112488768,3,3089,1.0,0.041666666666666664,1403-10-03,False,False
2024-12-24 09:00:00,6280.0,6280.0,6230.0,6280.0,51786753,1400,2024-12-24,0.4929349696583767,3095.6316094546055,3095.6316094546055,3070.984860971687,3095.6316094546055,3,3090,21.0,0.875,1403-10-04,False,False
2024-12-24 10:00:00,6270.0,6280.0,6180.0,6230.0,26570822,1302,2024-12-24,0.4929349696583767,3090.7022597580217,3095.6316094546055,3046.338112488768,3070.984860971687,3,3091,1.0,0.041666666666666664,1403-10-04,False,False
2024-12-24 11:00:00,6240.0,6280.0,6140.0,6270.0,31193523,1231,2024-12-24,0.4929349696583767,3075.9142106682707,3095.6316094546055,3026.620713702433,3090.7022597580217,3,3092,1.0,0.041666666666666664,1403-10-04,False,False
2024-12-24 12:00:00,6280.0,6280.0,6280.0,6280.0,5493639,283,2024-12-24,0.4929349696583767,3095.6316094546055,3095.6316094546055,3095.6316094546055,3095.6316094546055,3,3093,1.0,0.041666666666666664,1403-10-04,False,False
2024-12-25 09:00:00,6350.0,6360.0,6080.0,6180.0,56058424,2054,2024-12-25,0.4929349696583767,3130.137057330692,3135.0664070272755,2997.04461552293,3046.338112488768,3,3094,21.0,0.875,1403-10-05,False,False
2024-12-25 10:00:00,6180.0,6180.0,6080.0,6130.0,41405578,1610,2024-12-25,0.4929349696583767,3046.338112488768,3046.338112488768,2997.04461552293,3021.691364005849,3,3095,1.0,0.041666666666666664,1403-10-05,False,False
2024-12-25 11:00:00,6130.0,6190.0,6090.0,6090.0,21687897,1060,2024-12-25,0.4929349696583767,3021.691364005849,3051.2674621853516,3001.973965219514,3001.973965219514,3,3096,1.0,0.041666666666666664,1403-10-05,False,False
2024-12-25 12:00:00,6100.0,6100.0,6080.0,6090.0,21325898,870,2024-12-25,0.4929349696583767,3006.9033149160978,3006.9033149160978,2997.04461552293,3001.973965219514,3,3097,1.0,0.041666666666666664,1403-10-05,False,False
2024-12-28 09:00:00,6090.0,6100.0,5940.0,5950.0,54790925,2012,2024-12-28,0.4929349696583767,3001.973965219514,3006.9033149160978,2928.0337197707577,2932.9630694673415,3,3098,69.0,2.875,1403-10-08,False,False
2024-12-28 10:00:00,5940.0,5950.0,5940.0,5940.0,19256018,1022,2024-12-28,0.4929349696583767,2928.0337197707577,2932.9630694673415,2928.0337197707577,2928.0337197707577,3,3099,1.0,0.041666666666666664,1403-10-08,False,False
2024-12-28 11:00:00,5940.0,5940.0,5940.0,5940.0,7714798,500,2024-12-28,0.4929349696583767,2928.0337197707577,2928.0337197707577,2928.0337197707577,2928.0337197707577,3,3100,1.0,0.041666666666666664,1403-10-08,False,False
2024-12-28 12:00:00,5940.0,5940.0,5940.0,5940.0,3740672,302,2024-12-28,0.4929349696583767,2928.0337197707577,2928.0337197707577,2928.0337197707577,2928.0337197707577,3,3101,1.0,0.041666666666666664,1403-10-08,False,False
2024-12-29 09:00:00,5830.0,5940.0,5790.0,5790.0,51772856,1750,2024-12-29,0.4929349696583767,2873.810873108336,2928.0337197707577,2854.093474322001,2854.093474322001,3,3102,21.0,0.875,1403-10-09,False,False
2024-12-29 10:00:00,5790.0,5840.0,5790.0,5790.0,24380114,890,2024-12-29,0.4929349696583767,2854.093474322001,2878.74022280492,2854.093474322001,2854.093474322001,3,3103,1.0,0.041666666666666664,1403-10-09,False,False
2024-12-29 11:00:00,5790.0,5790.0,5790.0,5790.0,9264244,789,2024-12-29,0.4929349696583767,2854.093474322001,2854.093474322001,2854.093474322001,2854.093474322001,3,3104,1.0,0.041666666666666664,1403-10-09,False,False
2024-12-29 12:00:00,5790.0,5790.0,5790.0,5790.0,7901273,307,2024-12-29,0.4929349696583767,2854.093474322001,2854.093474322001,2854.093474322001,2854.093474322001,3,3105,1.0,0.041666666666666664,1403-10-09,False,False
2024-12-29 13:00:00,5790.0,5790.0,5790.0,5790.0,6457,1,2024-12-29,0.4929349696583767,2854.093474322001,2854.093474322001,2854.093474322001,2854.093474322001,3,3106,1.0,0.041666666666666664,1403-10-09,False,False
2024-12-30 09:00:00,5710.0,5760.0,5630.0,5720.0,60490823,1963,2024-12-30,0.4929349696583767,2814.658676749331,2839.30542523225,2775.223879176661,2819.5880264459147,3,3107,20.0,0.8333333333333334,1403-10-10,False,False
2024-12-30 10:00:00,5710.0,5720.0,5650.0,5690.0,18427350,991,2024-12-30,0.4929349696583767,2814.658676749331,2819.5880264459147,2785.0825785698285,2804.7999773561633,3,3108,1.0,0.041666666666666664,1403-10-10,False,False
2024-12-30 11:00:00,5690.0,5710.0,5630.0,5630.0,16182246,805,2024-12-30,0.4929349696583767,2804.7999773561633,2814.658676749331,2775.223879176661,2775.223879176661,3,3109,1.0,0.041666666666666664,1403-10-10,False,False
2024-12-30 12:00:00,5630.0,5630.0,5630.0,5630.0,5659207,356,2024-12-30,0.4929349696583767,2775.223879176661,2775.223879176661,2775.223879176661,2775.223879176661,3,3110,1.0,0.041666666666666664,1403-10-10,False,False
2024-12-31 09:00:00,5680.0,5800.0,5650.0,5700.0,35090559,1320,2024-12-31,0.4929349696583767,2799.8706276595794,2859.0228240185847,2785.0825785698285,2809.729327052747,3,3111,21.0,0.875,1403-10-11,False,False
2024-12-31 10:00:00,5700.0,5810.0,5690.0,5810.0,35614000,1154,2024-12-31,0.4929349696583767,2809.729327052747,2863.9521737151686,2804.7999773561633,2863.9521737151686,3,3112,1.0,0.041666666666666664,1403-10-11,False,False
2024-12-31 11:00:00,5810.0,5810.0,5720.0,5730.0,21601134,926,2024-12-31,0.4929349696583767,2863.9521737151686,2863.9521737151686,2819.5880264459147,2824.5173761424985,3,3113,1.0,0.041666666666666664,1403-10-11,False,False
2024-12-31 12:00:00,5740.0,5800.0,5710.0,5790.0,10696032,545,2024-12-31,0.4929349696583767,2829.4467258390823,2859.0228240185847,2814.658676749331,2854.093474322001,3,3114,1.0,0.041666666666666664,1403-10-11,False,False
2025-01-01 09:00:00,5870.0,5870.0,5780.0,5780.0,17865203,1296,2025-01-01,0.4929349696583767,2893.528271894671,2893.528271894671,2849.164124625417,2849.164124625417,3,3115,21.0,0.875,1403-10-12,False,False
2025-01-01 10:00:00,5780.0,5860.0,5780.0,5810.0,15906514,1133,2025-01-01,0.4929349696583767,2849.164124625417,2888.598922198087,2849.164124625417,2863.9521737151686,3,3116,1.0,0.041666666666666664,1403-10-12,False,False
2025-01-01 11:00:00,5820.0,5920.0,5810.0,5900.0,18116982,1079,2025-01-01,0.4929349696583767,2868.8815234117524,2918.17502037759,2863.9521737151686,2908.3163209844224,3,3117,1.0,0.041666666666666664,1403-10-12,False,False
2025-01-01 12:00:00,5900.0,5920.0,5860.0,5900.0,19340621,705,2025-01-01,0.4929349696583767,2908.3163209844224,2918.17502037759,2888.598922198087,2908.3163209844224,3,3118,1.0,0.041666666666666664,1403-10-12,False,False
2025-01-04 10:00:00,6020.0,6020.0,6020.0,6020.0,36009348,783,2025-01-04,0.4929349696583767,2967.4685173434277,2967.4685173434277,2967.4685173434277,2967.4685173434277,3,3119,70.0,2.9166666666666665,1403-10-15,False,False
2025-01-04 11:00:00,6020.0,6020.0,6020.0,6020.0,13090764,437,2025-01-04,0.4929349696583767,2967.4685173434277,2967.4685173434277,2967.4685173434277,2967.4685173434277,3,3120,1.0,0.041666666666666664,1403-10-15,False,False
2025-01-04 12:00:00,6020.0,6020.0,6020.0,6020.0,9511921,255,2025-01-04,0.4929349696583767,2967.4685173434277,2967.4685173434277,2967.4685173434277,2967.4685173434277,3,3121,1.0,0.041666666666666664,1403-10-15,False,False
2025-01-05 09:00:00,6130.0,6180.0,5970.0,6070.0,57750473,1930,2025-01-05,0.4929349696583767,3021.691364005849,3046.338112488768,2942.8217688605087,2992.1152658263463,3,3122,21.0,0.875,1403-10-16,False,False
2025-01-05 10:00:00,6080.0,6110.0,5970.0,6050.0,31674898,1174,2025-01-05,0.4929349696583767,2997.04461552293,3011.8326646126816,2942.8217688605087,2982.256566433179,3,3123,1.0,0.041666666666666664,1403-10-16,False,False
2025-01-05 11:00:00,6060.0,6070.0,5950.0,5970.0,16421213,848,2025-01-05,0.4929349696583767,2987.1859161297625,2992.1152658263463,2932.9630694673415,2942.8217688605087,3,3124,1.0,0.041666666666666664,1403-10-16,False,False
2025-01-05 12:00:00,5970.0,6000.0,5970.0,5990.0,11185690,596,2025-01-05,0.4929349696583767,2942.8217688605087,2957.60981795026,2942.8217688605087,2952.6804682536763,3,3125,1.0,0.041666666666666664,1403-10-16,False,False
2025-01-06 09:00:00,6010.0,6060.0,5950.0,6020.0,28572524,1096,2025-01-06,0.4929349696583767,2962.539167646844,2987.1859161297625,2932.9630694673415,2967.4685173434277,3,3126,21.0,0.875,1403-10-17,False,False
2025-01-06 10:00:00,6020.0,6030.0,5950.0,5980.0,20973810,803,2025-01-06,0.4929349696583767,2967.4685173434277,2972.3978670400115,2932.9630694673415,2947.7511185570925,3,3127,1.0,0.041666666666666664,1403-10-17,False,False
2025-01-06 11:00:00,5980.0,6000.0,5960.0,5990.0,13346800,735,2025-01-06,0.4929349696583767,2947.7511185570925,2957.60981795026,2937.892419163925,2952.6804682536763,3,3128,1.0,0.041666666666666664,1403-10-17,False,False
2025-01-06 12:00:00,5990.0,5990.0,5950.0,5980.0,28890411,778,2025-01-06,0.4929349696583767,2952.6804682536763,2952.6804682536763,2932.9630694673415,2947.7511185570925,3,3129,1.0,0.041666666666666664,1403-10-17,False,False
2025-01-07 09:00:00,6010.0,6130.0,6010.0,6070.0,49177188,1431,2025-01-07,0.4929349696583767,2962.539167646844,3021.691364005849,2962.539167646844,2992.1152658263463,3,3130,21.0,0.875,1403-10-18,False,False
2025-01-07 10:00:00,6060.0,6090.0,6040.0,6050.0,16828105,715,2025-01-07,0.4929349696583767,2987.1859161297625,3001.973965219514,2977.3272167365953,2982.256566433179,3,3131,1.0,0.041666666666666664,1403-10-18,False,False
2025-01-07 11:00:00,6040.0,6120.0,6030.0,6100.0,18977844,722,2025-01-07,0.4929349696583767,2977.3272167365953,3016.7620143092654,2972.3978670400115,3006.9033149160978,3,3132,1.0,0.041666666666666664,1403-10-18,False,False
2025-01-07 12:00:00,6090.0,6160.0,6090.0,6150.0,26649607,741,2025-01-07,0.4929349696583767,3001.973965219514,3036.4794130956,3001.973965219514,3031.550063399017,3,3133,1.0,0.041666666666666664,1403-10-18,False,False
2025-01-08 09:00:00,6160.0,6190.0,6040.0,6060.0,28069866,1215,2025-01-08,0.4929349696583767,3036.4794130956,3051.2674621853516,2977.3272167365953,2987.1859161297625,3,3134,21.0,0.875,1403-10-19,False,False
2025-01-08 10:00:00,6060.0,6100.0,6020.0,6070.0,17185460,944,2025-01-08,0.4929349696583767,2987.1859161297625,3006.9033149160978,2967.4685173434277,2992.1152658263463,3,3135,1.0,0.041666666666666664,1403-10-19,False,False
2025-01-08 11:00:00,6070.0,6120.0,6040.0,6100.0,11994207,713,2025-01-08,0.4929349696583767,2992.1152658263463,3016.7620143092654,2977.3272167365953,3006.9033149160978,3,3136,1.0,0.041666666666666664,1403-10-19,False,False
2025-01-08 12:00:00,6100.0,6130.0,6070.0,6070.0,10871559,611,2025-01-08,0.4929349696583767,3006.9033149160978,3021.691364005849,2992.1152658263463,2992.1152658263463,3,3137,1.0,0.041666666666666664,1403-10-19,False,False
2025-01-11 09:00:00,6070.0,6120.0,5910.0,5920.0,37531534,1858,2025-01-11,0.4929349696583767,2992.1152658263463,3016.7620143092654,2913.2456706810062,2918.17502037759,3,3138,69.0,2.875,1403-10-22,False,False
2025-01-11 10:00:00,5910.0,5950.0,5910.0,5910.0,28774284,1217,2025-01-11,0.4929349696583767,2913.2456706810062,2932.9630694673415,2913.2456706810062,2913.2456706810062,3,3139,1.0,0.041666666666666664,1403-10-22,False,False
2025-01-11 11:00:00,5910.0,5910.0,5910.0,5910.0,6488944,695,2025-01-11,0.4929349696583767,2913.2456706810062,2913.2456706810062,2913.2456706810062,2913.2456706810062,3,3140,1.0,0.041666666666666664,1403-10-22,False,False
2025-01-11 12:00:00,5910.0,5910.0,5910.0,5910.0,10864410,442,2025-01-11,0.4929349696583767,2913.2456706810062,2913.2456706810062,2913.2456706810062,2913.2456706810062,3,3141,1.0,0.041666666666666664,1403-10-22,False,False
2025-01-12 09:00:00,5910.0,5910.0,5770.0,5780.0,54043306,1809,2025-01-12,0.4929349696583767,2913.2456706810062,2913.2456706810062,2844.2347749288333,2849.164124625417,3,3142,21.0,0.875,1403-10-23,False,False
2025-01-12 10:00:00,5780.0,5820.0,5770.0,5770.0,25791974,1129,2025-01-12,0.4929349696583767,2849.164124625417,2868.8815234117524,2844.2347749288333,2844.2347749288333,3,3143,1.0,0.041666666666666664,1403-10-23,False,False
2025-01-12 11:00:00,5770.0,5780.0,5770.0,5770.0,21485618,1017,2025-01-12,0.4929349696583767,2844.2347749288333,2849.164124625417,2844.2347749288333,2844.2347749288333,3,3144,1.0,0.041666666666666664,1403-10-23,False,False
2025-01-12 12:00:00,5770.0,5780.0,5770.0,5770.0,5408309,334,2025-01-12,0.4929349696583767,2844.2347749288333,2849.164124625417,2844.2347749288333,2844.2347749288333,3,3145,1.0,0.041666666666666664,1403-10-23,False,False
2025-01-13 09:00:00,5750.0,5870.0,5750.0,5790.0,28304784,1132,2025-01-13,0.4929349696583767,2834.376075535666,2893.528271894671,2834.376075535666,2854.093474322001,3,3146,21.0,0.875,1403-10-24,False,False
2025-01-13 10:00:00,5790.0,5960.0,5750.0,5960.0,29399168,1002,2025-01-13,0.4929349696583767,2854.093474322001,2937.892419163925,2834.376075535666,2937.892419163925,3,3147,1.0,0.041666666666666664,1403-10-24,False,False
2025-01-13 11:00:00,5960.0,5960.0,5830.0,5830.0,21851553,992,2025-01-13,0.4929349696583767,2937.892419163925,2937.892419163925,2873.810873108336,2873.810873108336,3,3148,1.0,0.041666666666666664,1403-10-24,False,False
2025-01-13 12:00:00,5830.0,5850.0,5820.0,5850.0,8988657,495,2025-01-13,0.4929349696583767,2873.810873108336,2883.669572501504,2868.8815234117524,2883.669572501504,3,3149,1.0,0.041666666666666664,1403-10-24,False,False
2025-01-15 09:00:00,5900.0,5980.0,5830.0,5840.0,19223994,992,2025-01-15,0.4929349696583767,2908.3163209844224,2947.7511185570925,2873.810873108336,2878.74022280492,3,3150,45.0,1.875,1403-10-26,False,False
2025-01-15 10:00:00,5840.0,5850.0,5780.0,5790.0,13218316,739,2025-01-15,0.4929349696583767,2878.74022280492,2883.669572501504,2849.164124625417,2854.093474322001,3,3151,1.0,0.041666666666666664,1403-10-26,False,False
2025-01-15 11:00:00,5800.0,5860.0,5750.0,5800.0,19919019,864,2025-01-15,0.4929349696583767,2859.0228240185847,2888.598922198087,2834.376075535666,2859.0228240185847,3,3152,1.0,0.041666666666666664,1403-10-26,False,False
2025-01-15 12:00:00,5800.0,5810.0,5780.0,5790.0,12410857,483,2025-01-15,0.4929349696583767,2859.0228240185847,2863.9521737151686,2849.164124625417,2854.093474322001,3,3153,1.0,0.041666666666666664,1403-10-26,False,False
2025-01-18 09:00:00,5800.0,5830.0,5660.0,5660.0,35824088,1399,2025-01-18,0.4929349696583767,2859.0228240185847,2873.810873108336,2790.0119282664123,2790.0119282664123,3,3154,69.0,2.875,1403-10-29,False,False
2025-01-18 10:00:00,5660.0,5700.0,5660.0,5660.0,24452829,920,2025-01-18,0.4929349696583767,2790.0119282664123,2809.729327052747,2790.0119282664123,2790.0119282664123,3,3155,1.0,0.041666666666666664,1403-10-29,False,False
2025-01-18 11:00:00,5670.0,5670.0,5660.0,5660.0,5799918,465,2025-01-18,0.4929349696583767,2794.9412779629956,2794.9412779629956,2790.0119282664123,2790.0119282664123,3,3156,1.0,0.041666666666666664,1403-10-29,False,False
2025-01-18 12:00:00,5660.0,5670.0,5660.0,5670.0,4828620,258,2025-01-18,0.4929349696583767,2790.0119282664123,2794.9412779629956,2790.0119282664123,2794.9412779629956,3,3157,1.0,0.041666666666666664,1403-10-29,False,False
2025-01-19 09:00:00,5670.0,5770.0,5630.0,5730.0,16389961,944,2025-01-19,0.4929349696583767,2794.9412779629956,2844.2347749288333,2775.223879176661,2824.5173761424985,3,3158,21.0,0.875,1403-10-30,False,False
2025-01-19 10:00:00,5730.0,5740.0,5660.0,5660.0,15013543,655,2025-01-19,0.4929349696583767,2824.5173761424985,2829.4467258390823,2790.0119282664123,2790.0119282664123,3,3159,1.0,0.041666666666666664,1403-10-30,False,False
2025-01-19 11:00:00,5670.0,5690.0,5610.0,5620.0,13136235,670,2025-01-19,0.4929349696583767,2794.9412779629956,2804.7999773561633,2765.365179783493,2770.294529480077,3,3160,1.0,0.041666666666666664,1403-10-30,False,False
2025-01-19 12:00:00,5620.0,5700.0,5610.0,5690.0,6753800,376,2025-01-19,0.4929349696583767,2770.294529480077,2809.729327052747,2765.365179783493,2804.7999773561633,3,3161,1.0,0.041666666666666664,1403-10-30,False,False
2025-01-20 10:00:00,5630.0,5650.0,5500.0,5500.0,58241119,1495,2025-01-20,0.4929349696583767,2775.223879176661,2785.0825785698285,2711.1423331210717,2711.1423331210717,3,3162,22.0,0.9166666666666666,1403-11-01,False,False
2025-01-20 11:00:00,5500.0,5510.0,5500.0,5500.0,12658571,875,2025-01-20,0.4929349696583767,2711.1423331210717,2716.0716828176555,2711.1423331210717,2711.1423331210717,3,3163,1.0,0.041666666666666664,1403-11-01,False,False
2025-01-20 12:00:00,5500.0,5510.0,5500.0,5500.0,17286157,611,2025-01-20,0.4929349696583767,2711.1423331210717,2716.0716828176555,2711.1423331210717,2711.1423331210717,3,3164,1.0,0.041666666666666664,1403-11-01,False,False
2025-01-21 09:00:00,5530.0,5600.0,5430.0,5460.0,26373263,1132,2025-01-21,0.4929349696583767,2725.930382210823,2760.4358300869094,2676.6368852449855,2691.424934334737,3,3165,21.0,0.875,1403-11-02,False,False
2025-01-21 10:00:00,5460.0,5570.0,5450.0,5560.0,18504195,820,2025-01-21,0.4929349696583767,2691.424934334737,2745.647780997158,2686.495584638153,2740.7184313005746,3,3166,1.0,0.041666666666666664,1403-11-02,False,False
2025-01-21 11:00:00,5560.0,5650.0,5550.0,5570.0,17667049,773,2025-01-21,0.4929349696583767,2740.7184313005746,2785.0825785698285,2735.789081603991,2745.647780997158,3,3167,1.0,0.041666666666666664,1403-11-02,False,False
2025-01-21 12:00:00,5580.0,5620.0,5570.0,5610.0,7846581,396,2025-01-21,0.4929349696583767,2750.5771306937418,2770.294529480077,2745.647780997158,2765.365179783493,3,3168,1.0,0.041666666666666664,1403-11-02,False,False
2025-01-22 09:00:00,5690.0,5690.0,5690.0,5690.0,20231436,704,2025-01-22,0.4929349696583767,2804.7999773561633,2804.7999773561633,2804.7999773561633,2804.7999773561633,3,3169,21.0,0.875,1403-11-03,False,False
2025-01-22 10:00:00,5690.0,5690.0,5690.0,5690.0,9139485,356,2025-01-22,0.4929349696583767,2804.7999773561633,2804.7999773561633,2804.7999773561633,2804.7999773561633,3,3170,1.0,0.041666666666666664,1403-11-03,False,False
2025-01-22 11:00:00,5690.0,5690.0,5690.0,5690.0,8121863,285,2025-01-22,0.4929349696583767,2804.7999773561633,2804.7999773561633,2804.7999773561633,2804.7999773561633,3,3171,1.0,0.041666666666666664,1403-11-03,False,False
2025-01-22 12:00:00,5690.0,5690.0,5690.0,5690.0,8217981,189,2025-01-22,0.4929349696583767,2804.7999773561633,2804.7999773561633,2804.7999773561633,2804.7999773561633,3,3172,1.0,0.041666666666666664,1403-11-03,False,False
2025-01-25 09:00:00,5860.0,5860.0,5790.0,5850.0,59369187,1819,2025-01-25,0.4929349696583767,2888.598922198087,2888.598922198087,2854.093474322001,2883.669572501504,3,3173,69.0,2.875,1403-11-06,False,False
2025-01-25 10:00:00,5850.0,5860.0,5810.0,5830.0,34133376,1187,2025-01-25,0.4929349696583767,2883.669572501504,2888.598922198087,2863.9521737151686,2873.810873108336,3,3174,1.0,0.041666666666666664,1403-11-06,False,False
2025-01-25 11:00:00,5830.0,5860.0,5820.0,5860.0,34810057,1069,2025-01-25,0.4929349696583767,2873.810873108336,2888.598922198087,2868.8815234117524,2888.598922198087,3,3175,1.0,0.041666666666666664,1403-11-06,False,False
2025-01-25 12:00:00,5860.0,5860.0,5850.0,5860.0,15913264,609,2025-01-25,0.4929349696583767,2888.598922198087,2888.598922198087,2883.669572501504,2888.598922198087,3,3176,1.0,0.041666666666666664,1403-11-06,False,False
2025-01-25 17:00:00,5860.0,5860.0,5860.0,5860.0,20000,1,2025-01-25,0.4929349696583767,2888.598922198087,2888.598922198087,2888.598922198087,2888.598922198087,3,3177,5.0,0.20833333333333334,1403-11-06,False,False
2025-01-26 09:00:00,5910.0,5910.0,5780.0,5810.0,33483207,1245,2025-01-26,0.4929349696583767,2913.2456706810062,2913.2456706810062,2849.164124625417,2863.9521737151686,3,3178,16.0,0.6666666666666666,1403-11-07,False,False
2025-01-26 10:00:00,5810.0,5810.0,5730.0,5740.0,41902173,1071,2025-01-26,0.4929349696583767,2863.9521737151686,2863.9521737151686,2824.5173761424985,2829.4467258390823,3,3179,1.0,0.041666666666666664,1403-11-07,False,False
2025-01-26 11:00:00,5740.0,5760.0,5690.0,5700.0,28899131,1009,2025-01-26,0.4929349696583767,2829.4467258390823,2839.30542523225,2804.7999773561633,2809.729327052747,3,3180,1.0,0.041666666666666664,1403-11-07,False,False
2025-01-26 12:00:00,5700.0,5730.0,5690.0,5720.0,10055143,501,2025-01-26,0.4929349696583767,2809.729327052747,2824.5173761424985,2804.7999773561633,2819.5880264459147,3,3181,1.0,0.041666666666666664,1403-11-07,False,False
2025-01-26 13:00:00,5840.0,5840.0,5840.0,5840.0,36836,1,2025-01-26,0.4929349696583767,2878.74022280492,2878.74022280492,2878.74022280492,2878.74022280492,3,3182,1.0,0.041666666666666664,1403-11-07,False,False
2025-01-27 09:00:00,5750.0,5760.0,5640.0,5690.0,28489748,1154,2025-01-27,0.4929349696583767,2834.376075535666,2839.30542523225,2780.1532288732446,2804.7999773561633,3,3183,20.0,0.8333333333333334,1403-11-08,False,False
2025-01-27 10:00:00,5700.0,5740.0,5640.0,5650.0,22396814,959,2025-01-27,0.4929349696583767,2809.729327052747,2829.4467258390823,2780.1532288732446,2785.0825785698285,3,3184,1.0,0.041666666666666664,1403-11-08,False,False
2025-01-27 11:00:00,5640.0,5700.0,5630.0,5650.0,16154715,709,2025-01-27,0.4929349696583767,2780.1532288732446,2809.729327052747,2775.223879176661,2785.0825785698285,3,3185,1.0,0.041666666666666664,1403-11-08,False,False
2025-01-27 12:00:00,5650.0,5650.0,5630.0,5640.0,13054089,579,2025-01-27,0.4929349696583767,2785.0825785698285,2785.0825785698285,2775.223879176661,2780.1532288732446,3,3186,1.0,0.041666666666666664,1403-11-08,False,False
2025-01-27 14:00:00,5640.0,5640.0,5640.0,5640.0,164174,1,2025-01-27,0.4929349696583767,2780.1532288732446,2780.1532288732446,2780.1532288732446,2780.1532288732446,3,3187,2.0,0.08333333333333333,1403-11-08,False,False
2025-01-27 17:00:00,5640.0,5640.0,5640.0,5640.0,10000,1,2025-01-27,0.4929349696583767,2780.1532288732446,2780.1532288732446,2780.1532288732446,2780.1532288732446,3,3188,3.0,0.125,1403-11-08,False,False
2025-01-27 18:00:00,5640.0,5640.0,5640.0,5640.0,164174,1,2025-01-27,0.4929349696583767,2780.1532288732446,2780.1532288732446,2780.1532288732446,2780.1532288732446,3,3189,1.0,0.041666666666666664,1403-11-08,False,False
2025-01-29 09:00:00,5660.0,5720.0,5630.0,5640.0,11811270,723,2025-01-29,0.4929349696583767,2790.0119282664123,2819.5880264459147,2775.223879176661,2780.1532288732446,3,3190,39.0,1.625,1403-11-10,False,False
2025-01-29 10:00:00,5650.0,5660.0,5630.0,5630.0,12677740,629,2025-01-29,0.4929349696583767,2785.0825785698285,2790.0119282664123,2775.223879176661,2775.223879176661,3,3191,1.0,0.041666666666666664,1403-11-10,False,False
2025-01-29 11:00:00,5630.0,5640.0,5590.0,5610.0,11872089,627,2025-01-29,0.4929349696583767,2775.223879176661,2780.1532288732446,2755.5064803903256,2765.365179783493,3,3192,1.0,0.041666666666666664,1403-11-10,False,False
2025-01-29 12:00:00,5610.0,5630.0,5600.0,5620.0,9072243,479,2025-01-29,0.4929349696583767,2765.365179783493,2775.223879176661,2760.4358300869094,2770.294529480077,3,3193,1.0,0.041666666666666664,1403-11-10,False,False
2025-01-29 15:00:00,5630.0,5630.0,5630.0,5630.0,13500,1,2025-01-29,0.4929349696583767,2775.223879176661,2775.223879176661,2775.223879176661,2775.223879176661,3,3194,3.0,0.125,1403-11-10,False,False
2025-02-01 09:00:00,5690.0,5690.0,5500.0,5500.0,20346047,987,2025-02-01,0.4929349696583767,2804.7999773561633,2804.7999773561633,2711.1423331210717,2711.1423331210717,3,3195,66.0,2.75,1403-11-13,False,False
2025-02-01 10:00:00,5500.0,5500.0,5470.0,5480.0,18709783,973,2025-02-01,0.4929349696583767,2711.1423331210717,2711.1423331210717,2696.3542840313203,2701.283633727904,3,3196,1.0,0.041666666666666664,1403-11-13,False,False
2025-02-01 11:00:00,5470.0,5670.0,5470.0,5570.0,24624278,824,2025-02-01,0.4929349696583767,2696.3542840313203,2794.9412779629956,2696.3542840313203,2745.647780997158,3,3197,1.0,0.041666666666666664,1403-11-13,False,False
2025-02-01 12:00:00,5570.0,5620.0,5550.0,5590.0,8916630,418,2025-02-01,0.4929349696583767,2745.647780997158,2770.294529480077,2735.789081603991,2755.5064803903256,3,3198,1.0,0.041666666666666664,1403-11-13,False,False
2025-02-02 09:00:00,5590.0,5600.0,5540.0,5540.0,12096438,803,2025-02-02,0.4929349696583767,2755.5064803903256,2760.4358300869094,2730.859731907407,2730.859731907407,3,3199,21.0,0.875,1403-11-14,False,False
2025-02-02 10:00:00,5540.0,5640.0,5500.0,5570.0,18553964,713,2025-02-02,0.4929349696583767,2730.859731907407,2780.1532288732446,2711.1423331210717,2745.647780997158,3,3200,1.0,0.041666666666666664,1403-11-14,False,False
2025-02-02 11:00:00,5570.0,5650.0,5520.0,5530.0,16256633,618,2025-02-02,0.4929349696583767,2745.647780997158,2785.0825785698285,2721.0010325142393,2725.930382210823,3,3201,1.0,0.041666666666666664,1403-11-14,False,False
2025-02-02 12:00:00,5530.0,5580.0,5520.0,5550.0,12157025,434,2025-02-02,0.4929349696583767,2725.930382210823,2750.5771306937418,2721.0010325142393,2735.789081603991,3,3202,1.0,0.041666666666666664,1403-11-14,False,False
2025-02-03 09:00:00,5600.0,5670.0,5520.0,5520.0,13017053,724,2025-02-03,0.4929349696583767,2760.4358300869094,2794.9412779629956,2721.0010325142393,2721.0010325142393,3,3203,21.0,0.875,1403-11-15,False,False
2025-02-03 10:00:00,5520.0,5600.0,5520.0,5550.0,12865669,506,2025-02-03,0.4929349696583767,2721.0010325142393,2760.4358300869094,2721.0010325142393,2735.789081603991,3,3204,1.0,0.041666666666666664,1403-11-15,False,False
2025-02-03 11:00:00,5550.0,5560.0,5540.0,5550.0,17416108,621,2025-02-03,0.4929349696583767,2735.789081603991,2740.7184313005746,2730.859731907407,2735.789081603991,3,3205,1.0,0.041666666666666664,1403-11-15,False,False
2025-02-03 12:00:00,5560.0,5610.0,5530.0,5570.0,10916169,403,2025-02-03,0.4929349696583767,2740.7184313005746,2765.365179783493,2725.930382210823,2745.647780997158,3,3206,1.0,0.041666666666666664,1403-11-15,False,False
2025-02-04 09:00:00,5600.0,5650.0,5590.0,5620.0,23569225,900,2025-02-04,0.4929349696583767,2760.4358300869094,2785.0825785698285,2755.5064803903256,2770.294529480077,3,3207,21.0,0.875,1403-11-16,False,False
2025-02-04 10:00:00,5610.0,5620.0,5580.0,5580.0,14907128,637,2025-02-04,0.4929349696583767,2765.365179783493,2770.294529480077,2750.5771306937418,2750.5771306937418,3,3208,1.0,0.041666666666666664,1403-11-16,False,False
2025-02-04 11:00:00,5580.0,5600.0,5560.0,5580.0,13570994,566,2025-02-04,0.4929349696583767,2750.5771306937418,2760.4358300869094,2740.7184313005746,2750.5771306937418,3,3209,1.0,0.041666666666666664,1403-11-16,False,False
2025-02-04 12:00:00,5580.0,5600.0,5560.0,5580.0,9761795,393,2025-02-04,0.4929349696583767,2750.5771306937418,2760.4358300869094,2740.7184313005746,2750.5771306937418,3,3210,1.0,0.041666666666666664,1403-11-16,False,False
2025-02-05 09:00:00,5580.0,5610.0,5490.0,5590.0,24239580,907,2025-02-05,0.4929349696583767,2750.5771306937418,2765.365179783493,2706.212983424488,2755.5064803903256,3,3211,21.0,0.875,1403-11-17,False,False
2025-02-05 10:00:00,5580.0,5670.0,5580.0,5620.0,19323749,803,2025-02-05,0.4929349696583767,2750.5771306937418,2794.9412779629956,2750.5771306937418,2770.294529480077,3,3212,1.0,0.041666666666666664,1403-11-17,False,False
2025-02-05 11:00:00,5610.0,5660.0,5580.0,5600.0,21029672,750,2025-02-05,0.4929349696583767,2765.365179783493,2790.0119282664123,2750.5771306937418,2760.4358300869094,3,3213,1.0,0.041666666666666664,1403-11-17,False,False
2025-02-05 12:00:00,5600.0,5700.0,5570.0,5670.0,17528323,554,2025-02-05,0.4929349696583767,2760.4358300869094,2809.729327052747,2745.647780997158,2794.9412779629956,3,3214,1.0,0.041666666666666664,1403-11-17,False,False
2025-02-09 09:00:00,5560.0,5760.0,5560.0,5760.0,67714659,2000,2025-02-09,0.4929349696583767,2740.7184313005746,2839.30542523225,2740.7184313005746,2839.30542523225,3,3215,93.0,3.875,1403-11-21,False,False
2025-02-09 10:00:00,5760.0,5760.0,5600.0,5600.0,40512293,1246,2025-02-09,0.4929349696583767,2839.30542523225,2839.30542523225,2760.4358300869094,2760.4358300869094,3,3216,1.0,0.041666666666666664,1403-11-21,False,False
2025-02-09 11:00:00,5610.0,5720.0,5600.0,5630.0,28518969,1028,2025-02-09,0.4929349696583767,2765.365179783493,2819.5880264459147,2760.4358300869094,2775.223879176661,3,3217,1.0,0.041666666666666664,1403-11-21,False,False
2025-02-09 12:00:00,5630.0,5660.0,5610.0,5640.0,15653007,568,2025-02-09,0.4929349696583767,2775.223879176661,2790.0119282664123,2765.365179783493,2780.1532288732446,3,3218,1.0,0.041666666666666664,1403-11-21,False,False
2025-02-09 14:00:00,5610.0,5610.0,5610.0,5610.0,18000,1,2025-02-09,0.4929349696583767,2765.365179783493,2765.365179783493,2765.365179783493,2765.365179783493,3,3219,2.0,0.08333333333333333,1403-11-21,False,False
2025-02-11 09:00:00,5680.0,5810.0,5630.0,5670.0,37044531,1418,2025-02-11,0.4929349696583767,2799.8706276595794,2863.9521737151686,2775.223879176661,2794.9412779629956,3,3220,43.0,1.7916666666666667,1403-11-23,False,False
2025-02-11 10:00:00,5670.0,5670.0,5540.0,5570.0,51078327,1461,2025-02-11,0.4929349696583767,2794.9412779629956,2794.9412779629956,2730.859731907407,2745.647780997158,3,3221,1.0,0.041666666666666664,1403-11-23,False,False
2025-02-11 11:00:00,5560.0,5680.0,5540.0,5570.0,33542332,996,2025-02-11,0.4929349696583767,2740.7184313005746,2799.8706276595794,2730.859731907407,2745.647780997158,3,3222,1.0,0.041666666666666664,1403-11-23,False,False
2025-02-11 12:00:00,5570.0,5580.0,5540.0,5540.0,13898214,481,2025-02-11,0.4929349696583767,2745.647780997158,2750.5771306937418,2730.859731907407,2730.859731907407,3,3223,1.0,0.041666666666666664,1403-11-23,False,False
2025-02-15 09:00:00,5550.0,5550.0,5450.0,5450.0,30884477,1157,2025-02-15,0.4929349696583767,2735.789081603991,2735.789081603991,2686.495584638153,2686.495584638153,3,3224,93.0,3.875,1403-11-27,False,False
2025-02-15 10:00:00,5450.0,5450.0,5450.0,5450.0,7829695,409,2025-02-15,0.4929349696583767,2686.495584638153,2686.495584638153,2686.495584638153,2686.495584638153,3,3225,1.0,0.041666666666666664,1403-11-27,False,False
2025-02-15 11:00:00,5450.0,5450.0,5450.0,5450.0,1867445,262,2025-02-15,0.4929349696583767,2686.495584638153,2686.495584638153,2686.495584638153,2686.495584638153,3,3226,1.0,0.041666666666666664,1403-11-27,False,False
2025-02-15 12:00:00,5450.0,5450.0,5450.0,5450.0,1287600,142,2025-02-15,0.4929349696583767,2686.495584638153,2686.495584638153,2686.495584638153,2686.495584638153,3,3227,1.0,0.041666666666666664,1403-11-27,False,False
2025-02-15 14:00:00,5530.0,5530.0,5530.0,5530.0,2000,1,2025-02-15,0.4929349696583767,2725.930382210823,2725.930382210823,2725.930382210823,2725.930382210823,3,3228,2.0,0.08333333333333333,1403-11-27,False,False
2025-02-16 09:00:00,5380.0,5390.0,5300.0,5350.0,57898294,1856,2025-02-16,0.4929349696583767,2651.9901367620664,2656.91948645865,2612.5553391893964,2637.2020876723154,3,3229,19.0,0.7916666666666666,1403-11-28,False,False
2025-02-16 10:00:00,5340.0,5380.0,5300.0,5300.0,22368299,1072,2025-02-16,0.4929349696583767,2632.2727379757316,2651.9901367620664,2612.5553391893964,2612.5553391893964,3,3230,1.0,0.041666666666666664,1403-11-28,False,False
2025-02-16 11:00:00,5300.0,5320.0,5300.0,5300.0,15010653,793,2025-02-16,0.4929349696583767,2612.5553391893964,2622.414038582564,2612.5553391893964,2612.5553391893964,3,3231,1.0,0.041666666666666664,1403-11-28,False,False
2025-02-16 12:00:00,5310.0,5410.0,5300.0,5390.0,16104500,534,2025-02-16,0.4929349696583767,2617.48468888598,2666.778185851818,2612.5553391893964,2656.91948645865,3,3232,1.0,0.041666666666666664,1403-11-28,False,False
2025-02-17 09:00:00,5400.0,5460.0,5390.0,5410.0,26618694,981,2025-02-17,0.4929349696583767,2661.848836155234,2691.424934334737,2656.91948645865,2666.778185851818,3,3233,21.0,0.875,1403-11-29,False,False
2025-02-17 10:00:00,5400.0,5450.0,5360.0,5410.0,16259342,729,2025-02-17,0.4929349696583767,2661.848836155234,2686.495584638153,2642.1314373688992,2666.778185851818,3,3234,1.0,0.041666666666666664,1403-11-29,False,False
2025-02-17 11:00:00,5410.0,5410.0,5330.0,5350.0,8841181,560,2025-02-17,0.4929349696583767,2666.778185851818,2666.778185851818,2627.343388279148,2637.2020876723154,3,3235,1.0,0.041666666666666664,1403-11-29,False,False
2025-02-17 12:00:00,5360.0,5380.0,5340.0,5360.0,6997910,398,2025-02-17,0.4929349696583767,2642.1314373688992,2651.9901367620664,2632.2727379757316,2642.1314373688992,3,3236,1.0,0.041666666666666664,1403-11-29,False,False
2025-02-18 09:00:00,5390.0,5500.0,5380.0,5440.0,15246682,904,2025-02-18,0.4929349696583767,2656.91948645865,2711.1423331210717,2651.9901367620664,2681.5662349415693,3,3237,21.0,0.875,1403-11-30,False,False
2025-02-18 10:00:00,5450.0,5500.0,5370.0,5390.0,16525321,803,2025-02-18,0.4929349696583767,2686.495584638153,2711.1423331210717,2647.0607870654826,2656.91948645865,3,3238,1.0,0.041666666666666664,1403-11-30,False,False
2025-02-18 11:00:00,5380.0,5420.0,5360.0,5400.0,13648038,630,2025-02-18,0.4929349696583767,2651.9901367620664,2671.7075355484017,2642.1314373688992,2661.848836155234,3,3239,1.0,0.041666666666666664,1403-11-30,False,False
2025-02-19 10:00:00,5440.0,5450.0,5380.0,5400.0,15075635,686,2025-02-19,0.4929349696583767,2681.5662349415693,2686.495584638153,2651.9901367620664,2661.848836155234,3,3240,23.0,0.9583333333333334,1403-12-01,False,False
2025-02-19 11:00:00,5400.0,5450.0,5380.0,5390.0,10464109,630,2025-02-19,0.4929349696583767,2661.848836155234,2686.495584638153,2651.9901367620664,2656.91948645865,3,3241,1.0,0.041666666666666664,1403-12-01,False,False
2025-02-19 12:00:00,5390.0,5470.0,5370.0,5430.0,18064997,642,2025-02-19,0.4929349696583767,2656.91948645865,2696.3542840313203,2647.0607870654826,2676.6368852449855,3,3242,1.0,0.041666666666666664,1403-12-01,False,False
2025-02-22 09:00:00,5480.0,5480.0,5350.0,5390.0,29885974,1012,2025-02-22,0.4929349696583767,2701.283633727904,2701.283633727904,2637.2020876723154,2656.91948645865,3,3243,69.0,2.875,1403-12-04,False,False
2025-02-22 10:00:00,5390.0,5430.0,5340.0,5360.0,17583375,677,2025-02-22,0.4929349696583767,2656.91948645865,2676.6368852449855,2632.2727379757316,2642.1314373688992,3,3244,1.0,0.041666666666666664,1403-12-04,False,False
2025-02-22 11:00:00,5360.0,5360.0,5320.0,5330.0,18550833,747,2025-02-22,0.4929349696583767,2642.1314373688992,2642.1314373688992,2622.414038582564,2627.343388279148,3,3245,1.0,0.041666666666666664,1403-12-04,False,False
2025-02-22 12:00:00,5320.0,5340.0,5310.0,5310.0,16996116,616,2025-02-22,0.4929349696583767,2622.414038582564,2632.2727379757316,2617.48468888598,2617.48468888598,3,3246,1.0,0.041666666666666664,1403-12-04,False,False
2025-02-23 09:00:00,5470.0,5510.0,5380.0,5420.0,22146776,1061,2025-02-23,0.4929349696583767,2696.3542840313203,2716.0716828176555,2651.9901367620664,2671.7075355484017,3,3247,21.0,0.875,1403-12-05,False,False
2025-02-23 10:00:00,5430.0,5480.0,5420.0,5480.0,13649433,592,2025-02-23,0.4929349696583767,2676.6368852449855,2701.283633727904,2671.7075355484017,2701.283633727904,3,3248,1.0,0.041666666666666664,1403-12-05,False,False
2025-02-23 11:00:00,5470.0,5520.0,5430.0,5520.0,35134814,1023,2025-02-23,0.4929349696583767,2696.3542840313203,2721.0010325142393,2676.6368852449855,2721.0010325142393,3,3249,1.0,0.041666666666666664,1403-12-05,False,False
2025-02-23 12:00:00,5520.0,5520.0,5520.0,5520.0,17136952,370,2025-02-23,0.4929349696583767,2721.0010325142393,2721.0010325142393,2721.0010325142393,2721.0010325142393,3,3250,1.0,0.041666666666666664,1403-12-05,False,False
2025-02-24 09:00:00,5570.0,5640.0,5560.0,5640.0,49640697,1091,2025-02-24,0.4929349696583767,2745.647780997158,2780.1532288732446,2740.7184313005746,2780.1532288732446,3,3251,21.0,0.875,1403-12-06,False,False
2025-02-24 10:00:00,5640.0,5640.0,5640.0,5640.0,24736709,501,2025-02-24,0.4929349696583767,2780.1532288732446,2780.1532288732446,2780.1532288732446,2780.1532288732446,3,3252,1.0,0.041666666666666664,1403-12-06,False,False
2025-02-24 11:00:00,5640.0,5640.0,5640.0,5640.0,12214634,339,2025-02-24,0.4929349696583767,2780.1532288732446,2780.1532288732446,2780.1532288732446,2780.1532288732446,3,3253,1.0,0.041666666666666664,1403-12-06,False,False
2025-02-24 12:00:00,5640.0,5640.0,5640.0,5640.0,14792076,307,2025-02-24,0.4929349696583767,2780.1532288732446,2780.1532288732446,2780.1532288732446,2780.1532288732446,3,3254,1.0,0.041666666666666664,1403-12-06,False,False
2025-02-25 09:00:00,5800.0,5800.0,5750.0,5800.0,36449362,920,2025-02-25,0.4929349696583767,2859.0228240185847,2859.0228240185847,2834.376075535666,2859.0228240185847,3,3255,21.0,0.875,1403-12-07,False,False
2025-02-25 10:00:00,5800.0,5800.0,5710.0,5740.0,41449852,1340,2025-02-25,0.4929349696583767,2859.0228240185847,2859.0228240185847,2814.658676749331,2829.4467258390823,3,3256,1.0,0.041666666666666664,1403-12-07,False,False
2025-02-25 11:00:00,5750.0,5780.0,5710.0,5750.0,33489999,1236,2025-02-25,0.4929349696583767,2834.376075535666,2849.164124625417,2814.658676749331,2834.376075535666,3,3257,1.0,0.041666666666666664,1403-12-07,False,False
2025-02-25 12:00:00,5750.0,5760.0,5670.0,5710.0,22549866,678,2025-02-25,0.4929349696583767,2834.376075535666,2839.30542523225,2794.9412779629956,2814.658676749331,3,3258,1.0,0.041666666666666664,1403-12-07,False,False
2025-02-26 09:00:00,5770.0,5800.0,5660.0,5790.0,41503454,1344,2025-02-26,0.4929349696583767,2844.2347749288333,2859.0228240185847,2790.0119282664123,2854.093474322001,3,3259,21.0,0.875,1403-12-08,False,False
2025-02-26 10:00:00,5780.0,5870.0,5760.0,5850.0,24023037,1085,2025-02-26,0.4929349696583767,2849.164124625417,2893.528271894671,2839.30542523225,2883.669572501504,3,3260,1.0,0.041666666666666664,1403-12-08,False,False
2025-02-26 11:00:00,5860.0,5860.0,5720.0,5730.0,22947481,900,2025-02-26,0.4929349696583767,2888.598922198087,2888.598922198087,2819.5880264459147,2824.5173761424985,3,3261,1.0,0.041666666666666664,1403-12-08,False,False
2025-02-26 12:00:00,5720.0,5790.0,5720.0,5740.0,13195963,549,2025-02-26,0.4929349696583767,2819.5880264459147,2854.093474322001,2819.5880264459147,2829.4467258390823,3,3262,1.0,0.041666666666666664,1403-12-08,False,False
2025-03-01 09:00:00,5740.0,5890.0,5720.0,5870.0,29939307,1138,2025-03-01,0.4929349696583767,2829.4467258390823,2903.3869712878386,2819.5880264459147,2893.528271894671,3,3263,69.0,2.875,1403-12-11,False,False
2025-03-01 10:00:00,5870.0,5880.0,5750.0,5760.0,22093576,890,2025-03-01,0.4929349696583767,2893.528271894671,2898.457621591255,2834.376075535666,2839.30542523225,3,3264,1.0,0.041666666666666664,1403-12-11,False,False
2025-03-01 11:00:00,5760.0,5770.0,5740.0,5760.0,11729421,650,2025-03-01,0.4929349696583767,2839.30542523225,2844.2347749288333,2829.4467258390823,2839.30542523225,3,3265,1.0,0.041666666666666664,1403-12-11,False,False
2025-03-01 12:00:00,5750.0,5760.0,5710.0,5710.0,11118849,473,2025-03-01,0.4929349696583767,2834.376075535666,2839.30542523225,2814.658676749331,2814.658676749331,3,3266,1.0,0.041666666666666664,1403-12-11,False,False
2025-03-02 09:00:00,5780.0,5850.0,5740.0,5830.0,18585572,839,2025-03-02,0.4929349696583767,2849.164124625417,2883.669572501504,2829.4467258390823,2873.810873108336,3,3267,21.0,0.875,1403-12-12,False,False
2025-03-02 10:00:00,5830.0,5880.0,5750.0,5780.0,26751979,966,2025-03-02,0.4929349696583767,2873.810873108336,2898.457621591255,2834.376075535666,2849.164124625417,3,3268,1.0,0.041666666666666664,1403-12-12,False,False
2025-03-02 11:00:00,5780.0,5870.0,5760.0,5830.0,24367603,981,2025-03-02,0.4929349696583767,2849.164124625417,2893.528271894671,2839.30542523225,2873.810873108336,3,3269,1.0,0.041666666666666664,1403-12-12,False,False
2025-03-02 12:00:00,5840.0,5850.0,5800.0,5810.0,18985539,614,2025-03-02,0.4929349696583767,2878.74022280492,2883.669572501504,2859.0228240185847,2863.9521737151686,3,3270,1.0,0.041666666666666664,1403-12-12,False,False
2025-03-03 09:00:00,5650.0,5650.0,5650.0,5650.0,13726100,746,2025-03-03,0.4929349696583767,2785.0825785698285,2785.0825785698285,2785.0825785698285,2785.0825785698285,3,3271,21.0,0.875,1403-12-13,False,False
2025-03-03 10:00:00,5650.0,5650.0,5650.0,5650.0,7985351,433,2025-03-03,0.4929349696583767,2785.0825785698285,2785.0825785698285,2785.0825785698285,2785.0825785698285,3,3272,1.0,0.041666666666666664,1403-12-13,False,False
2025-03-03 11:00:00,5650.0,5650.0,5650.0,5650.0,5279229,389,2025-03-03,0.4929349696583767,2785.0825785698285,2785.0825785698285,2785.0825785698285,2785.0825785698285,3,3273,1.0,0.041666666666666664,1403-12-13,False,False
2025-03-03 12:00:00,5650.0,5650.0,5650.0,5650.0,4876339,243,2025-03-03,0.4929349696583767,2785.0825785698285,2785.0825785698285,2785.0825785698285,2785.0825785698285,3,3274,1.0,0.041666666666666664,1403-12-13,False,False
2025-03-04 09:00:00,5570.0,5690.0,5500.0,5520.0,46149495,1708,2025-03-04,0.4929349696583767,2745.647780997158,2804.7999773561633,2711.1423331210717,2721.0010325142393,3,3275,21.0,0.875,1403-12-14,False,False
2025-03-04 10:00:00,5520.0,5650.0,5510.0,5580.0,20585251,882,2025-03-04,0.4929349696583767,2721.0010325142393,2785.0825785698285,2716.0716828176555,2750.5771306937418,3,3276,1.0,0.041666666666666664,1403-12-14,False,False
2025-03-04 11:00:00,5590.0,5600.0,5540.0,5540.0,30453570,956,2025-03-04,0.4929349696583767,2755.5064803903256,2760.4358300869094,2730.859731907407,2730.859731907407,3,3277,1.0,0.041666666666666664,1403-12-14,False,False
2025-03-04 12:00:00,5540.0,5550.0,5500.0,5510.0,27997689,791,2025-03-04,0.4929349696583767,2730.859731907407,2735.789081603991,2711.1423331210717,2716.0716828176555,3,3278,1.0,0.041666666666666664,1403-12-14,False,False
2025-03-05 09:00:00,5460.0,5600.0,5410.0,5560.0,36316269,1220,2025-03-05,0.4929349696583767,2691.424934334737,2760.4358300869094,2666.778185851818,2740.7184313005746,3,3279,21.0,0.875,1403-12-15,False,False
2025-03-05 10:00:00,5570.0,5590.0,5540.0,5550.0,19024649,755,2025-03-05,0.4929349696583767,2745.647780997158,2755.5064803903256,2730.859731907407,2735.789081603991,3,3280,1.0,0.041666666666666664,1403-12-15,False,False
2025-03-05 11:00:00,5540.0,5570.0,5520.0,5560.0,23455025,943,2025-03-05,0.4929349696583767,2730.859731907407,2745.647780997158,2721.0010325142393,2740.7184313005746,3,3281,1.0,0.041666666666666664,1403-12-15,False,False
2025-03-05 12:00:00,5550.0,5600.0,5540.0,5560.0,14772712,678,2025-03-05,0.4929349696583767,2735.789081603991,2760.4358300869094,2730.859731907407,2740.7184313005746,3,3282,1.0,0.041666666666666664,1403-12-15,False,False
2025-03-12 12:00:00,3982.0,3982.0,3875.0,3880.0,45769498,1195,2025-03-12,0.684563129636068,2725.9303822108227,2725.9303822108227,2652.6821273397636,2656.104942987944,3,3283,168.0,7.0,1403-12-22,True,True
2025-03-15 09:00:00,3970.0,4039.0,3960.0,4039.0,75362418,1187,2025-03-15,0.684563129636068,2717.71562465519,2764.9504806000787,2710.8699933588296,2764.9504806000787,3,3284,69.0,2.875,1403-12-25,False,False
2025-03-15 10:00:00,4039.0,4039.0,4030.0,4039.0,65460703,1242,2025-03-15,0.684563129636068,2764.9504806000787,2764.9504806000787,2758.7894124333543,2764.9504806000787,3,3285,1.0,0.041666666666666664,1403-12-25,False,False
2025-03-15 11:00:00,4039.0,4039.0,4031.0,4039.0,37987994,1222,2025-03-15,0.684563129636068,2764.9504806000787,2764.9504806000787,2759.4739755629903,2764.9504806000787,3,3286,1.0,0.041666666666666664,1403-12-25,False,False
2025-03-15 12:00:00,4039.0,4039.0,4037.0,4039.0,35834361,534,2025-03-15,0.684563129636068,2764.9504806000787,2764.9504806000787,2763.5813543408067,2764.9504806000787,3,3287,1.0,0.041666666666666664,1403-12-25,False,False
2025-03-16 10:00:00,4080.0,4080.0,3986.0,3988.0,42949111,1422,2025-03-16,0.684563129636068,2793.0175689151574,2793.0175689151574,2728.668634729367,2730.037760988639,3,3288,22.0,0.9166666666666666,1403-12-26,False,False
2025-03-16 11:00:00,3988.0,4038.0,3985.0,4000.0,24771045,1031,2025-03-16,0.684563129636068,2730.037760988639,2764.2659174704427,2727.984071599731,2738.252518544272,3,3289,1.0,0.041666666666666664,1403-12-26,False,False
2025-03-16 12:00:00,4001.0,4078.0,4001.0,4015.0,22524398,821,2025-03-16,0.684563129636068,2738.9370816739083,2791.6484426558854,2738.9370816739083,2748.520965488813,3,3290,1.0,0.041666666666666664,1403-12-26,False,False
2025-03-16 14:00:00,4025.0,4025.0,4025.0,4025.0,59202,1,2025-03-16,0.684563129636068,2755.366596785174,2755.366596785174,2755.366596785174,2755.366596785174,3,3291,2.0,0.08333333333333333,1403-12-26,False,False
2025-03-17 09:00:00,4015.0,4059.0,3976.0,3990.0,20999247,993,2025-03-17,0.684563129636068,2748.520965488813,2778.6417431928003,2721.8230034330063,2731.4068872479115,3,3292,19.0,0.7916666666666666,1403-12-27,False,False
2025-03-17 10:00:00,3990.0,4038.0,3975.0,3980.0,14793183,765,2025-03-17,0.684563129636068,2731.4068872479115,2764.2659174704427,2721.1384403033703,2724.5612559515507,3,3293,1.0,0.041666666666666664,1403-12-27,False,False
2025-03-17 11:00:00,3981.0,4010.0,3945.0,3946.0,36863806,1024,2025-03-17,0.684563129636068,2725.2458190811867,2745.0981498406327,2700.6015464142884,2701.2861095439243,3,3294,1.0,0.041666666666666664,1403-12-27,False,False
2025-03-17 12:00:00,3946.0,4025.0,3931.0,3934.0,31780485,791,2025-03-17,0.684563129636068,2701.2861095439243,2755.366596785174,2691.0176625993836,2693.0713519882916,3,3295,1.0,0.041666666666666664,1403-12-27,False,False
2025-03-17 14:00:00,3963.0,3983.0,3935.0,3983.0,8881901,85,2025-03-17,0.684563129636068,2712.9236827477375,2726.614945340459,2693.7559151179275,2726.614945340459,3,3296,2.0,0.08333333333333333,1403-12-27,False,False
2025-03-17 15:00:00,3982.0,4007.0,3931.0,3959.0,53638759,457,2025-03-17,0.684563129636068,2725.9303822108227,2743.0444604517247,2691.0176625993836,2710.185430229193,3,3297,1.0,0.041666666666666664,1403-12-27,False,False
2025-03-18 09:00:00,3854.0,3920.0,3854.0,3900.0,62978646,1637,2025-03-18,0.684563129636068,2638.306301617406,2683.487468173387,2638.306301617406,2669.796205580665,3,3298,18.0,0.75,1403-12-28,False,False
2025-03-18 10:00:00,3900.0,3911.0,3854.0,3860.0,39648538,1127,2025-03-18,0.684563129636068,2669.796205580665,2677.326400006662,2638.306301617406,2642.4136803952224,3,3299,1.0,0.041666666666666664,1403-12-28,False,False
2025-03-18 11:00:00,3857.0,3898.0,3854.0,3854.0,55032931,1212,2025-03-18,0.684563129636068,2640.3599910063144,2668.427079321393,2638.306301617406,2638.306301617406,3,3300,1.0,0.041666666666666664,1403-12-28,False,False
2025-03-18 12:00:00,3855.0,3950.0,3854.0,3950.0,28883270,649,2025-03-18,0.684563129636068,2638.9908647470425,2704.0243620624688,2638.306301617406,2704.0243620624688,3,3301,1.0,0.041666666666666664,1403-12-28,False,False
2025-03-18 14:00:00,3902.0,3928.0,3854.0,3854.0,20286173,121,2025-03-18,0.684563129636068,2671.1653318399376,2688.963973210475,2638.306301617406,2638.306301617406,3,3302,2.0,0.08333333333333333,1403-12-28,False,False
2025-03-29 11:00:00,3981.0,3981.0,3981.0,3981.0,12094466,255,2025-03-29,0.684563129636068,2725.2458190811867,2725.2458190811867,2725.2458190811867,2725.2458190811867,3,3303,261.0,10.875,1404-01-09,False,False
2025-03-29 12:00:00,3981.0,3981.0,3981.0,3981.0,13269660,329,2025-03-29,0.684563129636068,2725.2458190811867,2725.2458190811867,2725.2458190811867,2725.2458190811867,3,3304,1.0,0.041666666666666664,1404-01-09,False,False
2025-03-30 09:00:00,4010.0,4100.0,3995.0,4100.0,38979303,1156,2025-03-30,0.684563129636068,2745.0981498406327,2806.708831507879,2734.829702896092,2806.708831507879,3,3305,21.0,0.875,1404-01-10,False,False
2025-03-30 10:00:00,4100.0,4100.0,4100.0,4100.0,7212459,247,2025-03-30,0.684563129636068,2806.708831507879,2806.708831507879,2806.708831507879,2806.708831507879,3,3306,1.0,0.041666666666666664,1404-01-10,False,False
2025-03-30 11:00:00,4100.0,4100.0,4100.0,4100.0,11704059,420,2025-03-30,0.684563129636068,2806.708831507879,2806.708831507879,2806.708831507879,2806.708831507879,3,3307,1.0,0.041666666666666664,1404-01-10,False,False
2025-03-30 12:00:00,4100.0,4100.0,4100.0,4100.0,17633901,229,2025-03-30,0.684563129636068,2806.708831507879,2806.708831507879,2806.708831507879,2806.708831507879,3,3308,1.0,0.041666666666666664,1404-01-10,False,False
2025-04-05 09:00:00,4100.0,4145.0,3997.0,4083.0,33295691,1475,2025-04-05,0.684563129636068,2806.708831507879,2837.5141723415018,2736.198829155364,2795.071258304066,3,3309,141.0,5.875,1404-01-16,False,False
2025-04-05 10:00:00,4083.0,4097.0,4016.0,4016.0,24868264,939,2025-04-05,0.684563129636068,2795.071258304066,2804.6551421189706,2749.205528618449,2749.205528618449,3,3310,1.0,0.041666666666666664,1404-01-16,False,False
2025-04-05 11:00:00,4016.0,4080.0,3999.0,4000.0,20323748,904,2025-04-05,0.684563129636068,2749.205528618449,2793.0175689151574,2737.567955414636,2738.252518544272,3,3311,1.0,0.041666666666666664,1404-01-16,False,False
2025-04-05 12:00:00,4001.0,4009.0,3998.0,4006.0,12036662,618,2025-04-05,0.684563129636068,2738.9370816739083,2744.4135867109967,2736.883392285,2742.3598973220887,3,3312,1.0,0.041666666666666664,1404-01-16,False,False
2025-04-06 09:00:00,4024.0,4024.0,3931.0,3975.0,27507921,1422,2025-04-06,0.684563129636068,2754.682033655538,2754.682033655538,2691.0176625993836,2721.1384403033703,3,3313,21.0,0.875,1404-01-17,False,False
2025-04-06 10:00:00,3974.0,4000.0,3964.0,3964.0,20960880,651,2025-04-06,0.684563129636068,2720.4538771737343,2738.252518544272,2713.6082458773735,2713.6082458773735,3,3314,1.0,0.041666666666666664,1404-01-17,False,False
2025-04-06 11:00:00,3962.0,3964.0,3916.0,3916.0,27470709,918,2025-04-06,0.684563129636068,2712.2391196181015,2713.6082458773735,2680.7492156548424,2680.7492156548424,3,3315,1.0,0.041666666666666664,1404-01-17,False,False
2025-04-06 12:00:00,3916.0,3947.0,3914.0,3942.0,15161911,520,2025-04-06,0.684563129636068,2680.7492156548424,2701.9706726735603,2679.3800893955704,2698.54785702538,3,3316,1.0,0.041666666666666664,1404-01-17,False,False
2025-04-07 09:00:00,3943.0,3943.0,3850.0,3851.0,34181331,1158,2025-04-07,0.684563129636068,2699.2324201550164,2699.2324201550164,2635.568049098862,2636.252612228498,3,3317,21.0,0.875,1404-01-18,False,False
2025-04-07 10:00:00,3852.0,3927.0,3835.0,3901.0,32173066,904,2025-04-07,0.684563129636068,2636.937175358134,2688.279410080839,2625.299602154321,2670.480768710301,3,3318,1.0,0.041666666666666664,1404-01-18,False,False
2025-04-07 11:00:00,3900.0,3919.0,3877.0,3878.0,18792242,609,2025-04-07,0.684563129636068,2669.796205580665,2682.802905043751,2654.0512535990356,2654.7358167286716,3,3319,1.0,0.041666666666666664,1404-01-18,False,False
2025-04-07 12:00:00,3880.0,3943.0,3871.0,3920.0,13317746,427,2025-04-07,0.684563129636068,2656.104942987944,2699.2324201550164,2649.943874821219,2683.487468173387,3,3320,1.0,0.041666666666666664,1404-01-18,False,False
2025-04-08 09:00:00,3994.0,3994.0,3994.0,3994.0,17430356,386,2025-04-08,0.684563129636068,2734.1451397664555,2734.1451397664555,2734.1451397664555,2734.1451397664555,3,3321,21.0,0.875,1404-01-19,False,False
2025-04-08 10:00:00,3994.0,3994.0,3994.0,3994.0,5414536,204,2025-04-08,0.684563129636068,2734.1451397664555,2734.1451397664555,2734.1451397664555,2734.1451397664555,3,3322,1.0,0.041666666666666664,1404-01-19,False,False
2025-04-08 11:00:00,3994.0,3994.0,3994.0,3994.0,3134530,171,2025-04-08,0.684563129636068,2734.1451397664555,2734.1451397664555,2734.1451397664555,2734.1451397664555,3,3323,1.0,0.041666666666666664,1404-01-19,False,False
2025-04-08 12:00:00,3994.0,3994.0,3994.0,3994.0,8657181,125,2025-04-08,0.684563129636068,2734.1451397664555,2734.1451397664555,2734.1451397664555,2734.1451397664555,3,3324,1.0,0.041666666666666664,1404-01-19,False,False
2025-04-09 09:00:00,4110.0,4110.0,4003.0,4036.0,54642659,1314,2025-04-09,0.684563129636068,2813.5544628042394,2813.5544628042394,2740.3062079331803,2762.8967912111707,3,3325,21.0,0.875,1404-01-20,False,False
2025-04-09 10:00:00,4033.0,4036.0,3986.0,3988.0,25503208,785,2025-04-09,0.684563129636068,2760.8431018222623,2762.8967912111707,2728.668634729367,2730.037760988639,3,3326,1.0,0.041666666666666664,1404-01-20,False,False
2025-04-09 11:00:00,3987.0,4017.0,3983.0,4010.0,19746315,715,2025-04-09,0.684563129636068,2729.353197859003,2749.890091748085,2726.614945340459,2745.0981498406327,3,3327,1.0,0.041666666666666664,1404-01-20,False,False
2025-04-09 12:00:00,4010.0,4014.0,3995.0,4010.0,14929354,485,2025-04-09,0.684563129636068,2745.0981498406327,2747.836402359177,2734.829702896092,2745.0981498406327,3,3328,1.0,0.041666666666666664,1404-01-20,False,False
2025-04-12 09:00:00,4061.0,4080.0,4018.0,4056.0,43875135,1350,2025-04-12,0.684563129636068,2780.0108694520723,2793.0175689151574,2750.5746548777215,2776.588053803892,3,3329,69.0,2.875,1404-01-23,False,False
2025-04-12 10:00:00,4056.0,4057.0,4044.0,4051.0,25303120,730,2025-04-12,0.684563129636068,2776.588053803892,2777.272616933528,2768.373296248259,2773.1652381557114,3,3330,1.0,0.041666666666666664,1404-01-23,False,False
2025-04-12 11:00:00,4052.0,4060.0,4043.0,4045.0,24517221,829,2025-04-12,0.684563129636068,2773.8498012853474,2779.3263063224363,2767.688733118623,2769.057859377895,3,3331,1.0,0.041666666666666664,1404-01-23,False,False
2025-04-12 12:00:00,4049.0,4049.0,4019.0,4040.0,18972882,539,2025-04-12,0.684563129636068,2771.7961118964395,2771.7961118964395,2751.2592180073575,2765.6350437297147,3,3332,1.0,0.041666666666666664,1404-01-23,False,False
2025-04-13 09:00:00,4169.0,4169.0,4169.0,4169.0,30740631,488,2025-04-13,0.684563129636068,2853.943687452768,2853.943687452768,2853.943687452768,2853.943687452768,3,3333,21.0,0.875,1404-01-24,False,False
2025-04-13 10:00:00,4169.0,4169.0,4169.0,4169.0,51994284,493,2025-04-13,0.684563129636068,2853.943687452768,2853.943687452768,2853.943687452768,2853.943687452768,3,3334,1.0,0.041666666666666664,1404-01-24,False,False
2025-04-13 11:00:00,4169.0,4169.0,4169.0,4169.0,25664588,316,2025-04-13,0.684563129636068,2853.943687452768,2853.943687452768,2853.943687452768,2853.943687452768,3,3335,1.0,0.041666666666666664,1404-01-24,False,False
2025-04-13 12:00:00,4169.0,4169.0,4169.0,4169.0,5683006,137,2025-04-13,0.684563129636068,2853.943687452768,2853.943687452768,2853.943687452768,2853.943687452768,3,3336,1.0,0.041666666666666664,1404-01-24,False,False
2025-04-14 09:00:00,4294.0,4294.0,4205.0,4242.0,95815589,2262,2025-04-14,0.684563129636068,2939.514078657276,2939.514078657276,2878.587960119666,2903.9167959162005,3,3337,21.0,0.875,1404-01-25,False,False
2025-04-14 10:00:00,4242.0,4255.0,4202.0,4253.0,51032517,1631,2025-04-14,0.684563129636068,2903.9167959162005,2912.8161166014693,2876.5342707307577,2911.4469903421973,3,3338,1.0,0.041666666666666664,1404-01-25,False,False
2025-04-14 11:00:00,4251.0,4254.0,4243.0,4250.0,31651633,1109,2025-04-14,0.684563129636068,2910.0778640829253,2912.1315534718333,2904.6013590458365,2909.3933009532893,3,3339,1.0,0.041666666666666664,1404-01-25,False,False
2025-04-14 12:00:00,4251.0,4273.0,4249.0,4259.0,26855811,746,2025-04-14,0.684563129636068,2910.0778640829253,2925.1382529349185,2908.708737823653,2915.5543691200137,3,3340,1.0,0.041666666666666664,1404-01-25,False,False
2025-04-15 09:00:00,4246.0,4246.0,4144.0,4144.0,60255989,1682,2025-04-15,0.684563129636068,2906.655048434745,2906.655048434745,2836.8296092118658,2836.8296092118658,3,3341,21.0,0.875,1404-01-26,False,False
2025-04-15 10:00:00,4144.0,4189.0,4144.0,4164.0,66958355,1488,2025-04-15,0.684563129636068,2836.8296092118658,2867.634950045489,2836.8296092118658,2850.5208718045874,3,3342,1.0,0.041666666666666664,1404-01-26,False,False
2025-04-15 11:00:00,4164.0,4166.0,4144.0,4144.0,22384473,864,2025-04-15,0.684563129636068,2850.5208718045874,2851.8899980638594,2836.8296092118658,2836.8296092118658,3,3343,1.0,0.041666666666666664,1404-01-26,False,False
2025-04-15 12:00:00,4144.0,4168.0,4144.0,4144.0,12736066,441,2025-04-15,0.684563129636068,2836.8296092118658,2853.2591243231313,2836.8296092118658,2836.8296092118658,3,3344,1.0,0.041666666666666664,1404-01-26,False,False
2025-04-16 09:00:00,4138.0,4198.0,4093.0,4139.0,59335231,1689,2025-04-16,0.684563129636068,2832.7222304340494,2873.7960182122138,2801.916889600426,2833.4067935636854,3,3345,21.0,0.875,1404-01-27,False,False
2025-04-16 10:00:00,4140.0,4165.0,4127.0,4148.0,45956089,1090,2025-04-16,0.684563129636068,2834.091356693322,2851.2054349342234,2825.1920360080526,2839.56786173041,3,3346,1.0,0.041666666666666664,1404-01-27,False,False
2025-04-16 11:00:00,4147.0,4152.0,4110.0,4115.0,27485358,879,2025-04-16,0.684563129636068,2838.883298600774,2842.3061142489546,2813.5544628042394,2816.97727845242,3,3347,1.0,0.041666666666666664,1404-01-27,False,False
2025-04-16 12:00:00,4113.0,4127.0,4101.0,4112.0,21586852,760,2025-04-16,0.684563129636068,2815.608152193148,2825.1920360080526,2807.393394637515,2814.923589063512,3,3348,1.0,0.041666666666666664,1404-01-27,False,False
2025-04-19 09:00:00,4170.0,4253.0,4150.0,4216.0,71051188,1846,2025-04-19,0.684563129636068,2854.628250582404,2911.4469903421973,2840.936987989682,2886.118154545663,3,3349,69.0,2.875,1404-01-30,False,False
2025-04-19 10:00:00,4216.0,4241.0,4190.0,4231.0,62139686,1409,2025-04-19,0.684563129636068,2886.118154545663,2903.2322327865645,2868.319513175125,2896.3866014902037,3,3350,1.0,0.041666666666666664,1404-01-30,False,False
2025-04-19 11:00:00,4230.0,4250.0,4214.0,4247.0,56289313,1360,2025-04-19,0.684563129636068,2895.7020383605677,2909.3933009532893,2884.7490282863905,2907.339611564381,3,3351,1.0,0.041666666666666664,1404-01-30,False,False
2025-04-19 12:00:00,4248.0,4252.0,4200.0,4240.0,41563395,923,2025-04-19,0.684563129636068,2908.024174694017,2910.7624272125613,2875.1651444714857,2902.5476696569285,3,3352,1.0,0.041666666666666664,1404-01-30,False,False
2025-04-20 09:00:00,4351.0,4351.0,4351.0,4351.0,143047893,1144,2025-04-20,0.684563129636068,2978.534177046532,2978.534177046532,2978.534177046532,2978.534177046532,3,3353,21.0,0.875,1404-01-31,False,False
2025-04-20 10:00:00,4351.0,4351.0,4351.0,4351.0,65780498,657,2025-04-20,0.684563129636068,2978.534177046532,2978.534177046532,2978.534177046532,2978.534177046532,3,3354,1.0,0.041666666666666664,1404-01-31,False,False
2025-04-20 11:00:00,4351.0,4351.0,4351.0,4351.0,76680047,695,2025-04-20,0.684563129636068,2978.534177046532,2978.534177046532,2978.534177046532,2978.534177046532,3,3355,1.0,0.041666666666666664,1404-01-31,False,False
2025-04-20 12:00:00,4351.0,4351.0,4351.0,4351.0,58467116,506,2025-04-20,0.684563129636068,2978.534177046532,2978.534177046532,2978.534177046532,2978.534177046532,3,3356,1.0,0.041666666666666664,1404-01-31,False,False
2025-04-20 14:00:00,4351.0,4351.0,4351.0,4351.0,1305,1,2025-04-20,0.684563129636068,2978.534177046532,2978.534177046532,2978.534177046532,2978.534177046532,3,3357,2.0,0.08333333333333333,1404-01-31,False,False
2025-04-21 09:00:00,4479.0,4481.0,4411.0,4481.0,168074340,2945,2025-04-21,0.684563129636068,3066.1582576399487,3067.5273838992207,3019.607964824696,3067.5273838992207,3,3358,19.0,0.7916666666666666,1404-02-01,False,False
2025-04-21 10:00:00,4481.0,4481.0,4414.0,4425.0,118759865,2694,2025-04-21,0.684563129636068,3067.5273838992207,3067.5273838992207,3021.6616542136044,3029.191848639601,3,3359,1.0,0.041666666666666664,1404-02-01,False,False
2025-04-21 11:00:00,4429.0,4436.0,4280.0,4287.0,109998607,2742,2025-04-21,0.684563129636068,3031.930101158145,3036.722043065598,2929.9301948423713,2934.7221367498237,3,3360,1.0,0.041666666666666664,1404-02-01,False,False
2025-04-21 12:00:00,4287.0,4344.0,4286.0,4320.0,39654019,1213,2025-04-21,0.684563129636068,2934.7221367498237,2973.7422351390796,2934.0375736201877,2957.312720027814,3,3361,1.0,0.041666666666666664,1404-02-01,False,False
2025-04-21 15:00:00,4283.0,4283.0,4283.0,4283.0,1146313,6,2025-04-21,0.684563129636068,2931.9838842312793,2931.9838842312793,2931.9838842312793,2931.9838842312793,3,3362,3.0,0.125,1404-02-01,False,False
2025-04-21 17:00:00,4475.0,4475.0,4475.0,4475.0,1374,1,2025-04-21,0.684563129636068,3063.4200051214043,3063.4200051214043,3063.4200051214043,3063.4200051214043,3,3363,2.0,0.08333333333333333,1404-02-01,False,False
2025-04-22 09:00:00,4340.0,4360.0,4305.0,4305.0,87062391,2617,2025-04-22,0.684563129636068,2971.003982620535,2984.6952452132564,2947.044273083273,2947.044273083273,3,3364,16.0,0.6666666666666666,1404-02-02,False,False
2025-04-22 10:00:00,4305.0,4305.0,4305.0,4305.0,19480732,1085,2025-04-22,0.684563129636068,2947.044273083273,2947.044273083273,2947.044273083273,2947.044273083273,3,3365,1.0,0.041666666666666664,1404-02-02,False,False
2025-04-22 11:00:00,4305.0,4355.0,4305.0,4350.0,50399444,1399,2025-04-22,0.684563129636068,2947.044273083273,2981.2724295650764,2947.044273083273,2977.849613916896,3,3366,1.0,0.041666666666666664,1404-02-02,False,False
2025-04-22 12:00:00,4344.0,4350.0,4305.0,4305.0,48359969,1249,2025-04-22,0.684563129636068,2973.7422351390796,2977.849613916896,2947.044273083273,2947.044273083273,3,3367,1.0,0.041666666666666664,1404-02-02,False,False
2025-04-22 15:00:00,4305.0,4305.0,4305.0,4305.0,1433,1,2025-04-22,0.684563129636068,2947.044273083273,2947.044273083273,2947.044273083273,2947.044273083273,3,3368,3.0,0.125,1404-02-02,False,False
2025-04-23 09:00:00,4330.0,4368.0,4200.0,4318.0,86600597,2380,2025-04-23,0.684563129636068,2964.1583513241744,2990.171750250345,2875.1651444714857,2955.9435937685416,3,3369,18.0,0.75,1404-02-03,False,False
2025-04-23 10:00:00,4316.0,4350.0,4250.0,4255.0,90861605,2037,2025-04-23,0.684563129636068,2954.5744675092697,2977.849613916896,2909.3933009532893,2912.8161166014693,3,3370,1.0,0.041666666666666664,1404-02-03,False,False
2025-04-23 11:00:00,4255.0,4439.0,4244.0,4439.0,188360834,2683,2025-04-23,0.684563129636068,2912.8161166014693,3038.775732454506,2905.2859221754725,3038.775732454506,3,3371,1.0,0.041666666666666664,1404-02-03,False,False
2025-04-23 12:00:00,4439.0,4439.0,4438.0,4439.0,83089594,1156,2025-04-23,0.684563129636068,3038.775732454506,3038.775732454506,3038.09116932487,3038.775732454506,3,3372,1.0,0.041666666666666664,1404-02-03,False,False
2025-04-23 14:00:00,4439.0,4439.0,4439.0,4439.0,5624,1,2025-04-23,0.684563129636068,3038.775732454506,3038.775732454506,3038.775732454506,3038.775732454506,3,3373,2.0,0.08333333333333333,1404-02-03,False,False
2025-04-26 09:00:00,4520.0,4520.0,4330.0,4330.0,119137619,2678,2025-04-26,0.684563129636068,3094.2253459550275,3094.2253459550275,2964.1583513241744,2964.1583513241744,3,3374,67.0,2.7916666666666665,1404-02-06,False,False
2025-04-26 10:00:00,4330.0,4398.0,4300.0,4379.0,57064871,1773,2025-04-26,0.684563129636068,2964.1583513241744,3010.708644139427,2943.6214574350925,2997.701944676342,3,3375,1.0,0.041666666666666664,1404-02-06,False,False
2025-04-26 11:00:00,4379.0,4458.0,4375.0,4439.0,67863405,1708,2025-04-26,0.684563129636068,2997.701944676342,3051.782431917591,2994.9636921577976,3038.775732454506,3,3376,1.0,0.041666666666666664,1404-02-06,False,False
2025-04-26 12:00:00,4440.0,4440.0,4399.0,4413.0,35823708,906,2025-04-26,0.684563129636068,3039.460295584142,3039.460295584142,3011.393207269063,3020.9770910839684,3,3377,1.0,0.041666666666666664,1404-02-06,False,False
2025-04-27 09:00:00,4302.0,4330.0,4302.0,4302.0,66850080,2250,2025-04-27,0.684563129636068,2944.9905836943644,2964.1583513241744,2944.9905836943644,2944.9905836943644,3,3378,21.0,0.875,1404-02-07,False,False
2025-04-27 10:00:00,4302.0,4325.0,4302.0,4305.0,59677961,1657,2025-04-27,0.684563129636068,2944.9905836943644,2960.735535675994,2944.9905836943644,2947.044273083273,3,3379,1.0,0.041666666666666664,1404-02-07,False,False
2025-04-27 11:00:00,4305.0,4324.0,4302.0,4302.0,38317972,1150,2025-04-27,0.684563129636068,2947.044273083273,2960.050972546358,2944.9905836943644,2944.9905836943644,3,3380,1.0,0.041666666666666664,1404-02-07,False,False
2025-04-27 12:00:00,4302.0,4302.0,4302.0,4302.0,7471886,437,2025-04-27,0.684563129636068,2944.9905836943644,2944.9905836943644,2944.9905836943644,2944.9905836943644,3,3381,1.0,0.041666666666666664,1404-02-07,False,False
2025-04-28 09:00:00,4289.0,4391.0,4175.0,4186.0,99443353,2583,2025-04-28,0.684563129636068,2936.0912630090957,3005.916702231975,2858.051066230584,2865.5812606565805,3,3382,21.0,0.875,1404-02-08,False,False
2025-04-28 10:00:00,4185.0,4204.0,4174.0,4200.0,68620904,2073,2025-04-28,0.684563129636068,2864.8966975269445,2877.90339699003,2857.3665031009477,2875.1651444714857,3,3383,1.0,0.041666666666666664,1404-02-08,False,False
2025-04-28 11:00:00,4200.0,4210.0,4174.0,4174.0,61094807,1807,2025-04-28,0.684563129636068,2875.1651444714857,2882.0107757678466,2857.3665031009477,2857.3665031009477,3,3384,1.0,0.041666666666666664,1404-02-08,False,False
2025-04-28 12:00:00,4175.0,4240.0,4174.0,4208.0,21095195,841,2025-04-28,0.684563129636068,2858.051066230584,2902.5476696569285,2857.3665031009477,2880.641649508574,3,3385,1.0,0.041666666666666664,1404-02-08,False,False
2025-04-29 09:00:00,4227.0,4321.0,4175.0,4321.0,75688496,1870,2025-04-29,0.684563129636068,2893.6483489716597,2957.99728315745,2858.051066230584,2957.99728315745,3,3386,21.0,0.875,1404-02-09,False,False
2025-04-29 10:00:00,4321.0,4323.0,4246.0,4250.0,50975819,1385,2025-04-29,0.684563129636068,2957.99728315745,2959.366409416722,2906.655048434745,2909.3933009532893,3,3387,1.0,0.041666666666666664,1404-02-09,False,False
2025-04-29 11:00:00,4250.0,4281.0,4223.0,4238.0,36889437,1101,2025-04-29,0.684563129636068,2909.3933009532893,2930.6147579720073,2890.9100964531153,2901.178543397656,3,3388,1.0,0.041666666666666664,1404-02-09,False,False
2025-04-29 12:00:00,4238.0,4271.0,4216.0,4270.0,29476887,683,2025-04-29,0.684563129636068,2901.178543397656,2923.7691266756465,2886.118154545663,2923.0845635460105,3,3389,1.0,0.041666666666666664,1404-02-09,False,False
2025-04-30 09:00:00,4250.0,4313.0,4224.0,4248.0,63676833,1933,2025-04-30,0.684563129636068,2909.3933009532893,2952.5207781203612,2891.5946595827513,2908.024174694017,3,3390,21.0,0.875,1404-02-10,False,False
2025-04-30 10:00:00,4247.0,4279.0,4245.0,4270.0,53330484,1386,2025-04-30,0.684563129636068,2907.339611564381,2929.245631712735,2905.970485305109,2923.0845635460105,3,3391,1.0,0.041666666666666664,1404-02-10,False,False
2025-04-30 11:00:00,4270.0,4294.0,4264.0,4278.0,42821603,1347,2025-04-30,0.684563129636068,2923.0845635460105,2939.514078657276,2918.977184768194,2928.561068583099,3,3392,1.0,0.041666666666666664,1404-02-10,False,False
2025-04-30 12:00:00,4278.0,4285.0,4268.0,4277.0,31757886,939,2025-04-30,0.684563129636068,2928.561068583099,2933.3530104905517,2921.7154372867385,2927.876505453463,3,3393,1.0,0.041666666666666664,1404-02-10,False,False
2025-05-03 09:00:00,4143.0,4144.0,4143.0,4143.0,49190654,1868,2025-05-03,0.684563129636068,2836.14504608223,2836.8296092118658,2836.14504608223,2836.14504608223,3,3394,69.0,2.875,1404-02-13,False,False
2025-05-03 10:00:00,4143.0,4143.0,4143.0,4143.0,8767524,634,2025-05-03,0.684563129636068,2836.14504608223,2836.14504608223,2836.14504608223,2836.14504608223,3,3395,1.0,0.041666666666666664,1404-02-13,False,False
2025-05-03 11:00:00,4143.0,4143.0,4143.0,4143.0,5371174,437,2025-05-03,0.684563129636068,2836.14504608223,2836.14504608223,2836.14504608223,2836.14504608223,3,3396,1.0,0.041666666666666664,1404-02-13,False,False
2025-05-03 12:00:00,4143.0,4143.0,4143.0,4143.0,2930777,251,2025-05-03,0.684563129636068,2836.14504608223,2836.14504608223,2836.14504608223,2836.14504608223,3,3397,1.0,0.041666666666666664,1404-02-13,False,False
2025-05-04 09:00:00,4019.0,4098.0,4019.0,4021.0,70038598,2299,2025-05-04,0.684563129636068,2751.2592180073575,2805.3397052486066,2751.2592180073575,2752.6283442666295,3,3398,21.0,0.875,1404-02-14,False,False
2025-05-04 10:00:00,4020.0,4069.0,4019.0,4028.0,36937379,1425,2025-05-04,0.684563129636068,2751.9437811369935,2785.4873744891606,2751.2592180073575,2757.420286174082,3,3399,1.0,0.041666666666666664,1404-02-14,False,False
2025-05-04 11:00:00,4027.0,4085.0,4026.0,4041.0,27282242,1081,2025-05-04,0.684563129636068,2756.735723044446,2796.440384563338,2756.05115991481,2766.319606859351,3,3400,1.0,0.041666666666666664,1404-02-14,False,False
2025-05-04 12:00:00,4042.0,4042.0,4030.0,4034.0,22858998,804,2025-05-04,0.684563129636068,2767.004169988987,2767.004169988987,2758.7894124333543,2761.5276649518983,3,3401,1.0,0.041666666666666664,1404-02-14,False,False
2025-05-05 09:00:00,4050.0,4118.0,4014.0,4015.0,54273970,1919,2025-05-05,0.684563129636068,2772.4806750260755,2819.030967841328,2747.836402359177,2748.520965488813,3,3402,21.0,0.875,1404-02-15,False,False
2025-05-05 10:00:00,4016.0,4050.0,3980.0,4000.0,46085781,1540,2025-05-05,0.684563129636068,2749.205528618449,2772.4806750260755,2724.5612559515507,2738.252518544272,3,3403,1.0,0.041666666666666664,1404-02-15,False,False
2025-05-05 11:00:00,4000.0,4018.0,3959.0,3985.0,37088194,1359,2025-05-05,0.684563129636068,2738.252518544272,2750.5746548777215,2710.185430229193,2727.984071599731,3,3404,1.0,0.041666666666666664,1404-02-15,False,False
2025-05-05 12:00:00,3985.0,4015.0,3980.0,3981.0,19832568,756,2025-05-05,0.684563129636068,2727.984071599731,2748.520965488813,2724.5612559515507,2725.2458190811867,3,3405,1.0,0.041666666666666664,1404-02-15,False,False
2025-05-06 09:00:00,4035.0,4085.0,3930.0,3938.0,50693853,1940,2025-05-06,0.684563129636068,2762.2122280815347,2796.440384563338,2690.333099469747,2695.809604506836,3,3406,21.0,0.875,1404-02-16,False,False
2025-05-06 10:00:00,3938.0,4007.0,3935.0,3996.0,61997406,1551,2025-05-06,0.684563129636068,2695.809604506836,2743.0444604517247,2693.7559151179275,2735.514266025728,3,3407,1.0,0.041666666666666664,1404-02-16,False,False
2025-05-06 11:00:00,3997.0,4019.0,3997.0,4013.0,50116401,1487,2025-05-06,0.684563129636068,2736.198829155364,2751.2592180073575,2736.198829155364,2747.151839229541,3,3408,1.0,0.041666666666666664,1404-02-16,False,False
2025-05-06 12:00:00,4013.0,4019.0,4007.0,4018.0,35195456,823,2025-05-06,0.684563129636068,2747.151839229541,2751.2592180073575,2743.0444604517247,2750.5746548777215,3,3409,1.0,0.041666666666666664,1404-02-16,False,False
2025-05-07 09:00:00,4098.0,4108.0,4051.0,4108.0,114786711,2146,2025-05-07,0.684563129636068,2805.3397052486066,2812.1853365449674,2773.1652381557114,2812.1853365449674,3,3410,21.0,0.875,1404-02-17,False,False
2025-05-07 10:00:00,4108.0,4108.0,4071.0,4072.0,54016621,1384,2025-05-07,0.684563129636068,2812.1853365449674,2812.1853365449674,2786.856500748433,2787.541063878069,3,3411,1.0,0.041666666666666664,1404-02-17,False,False
2025-05-07 11:00:00,4072.0,4075.0,4027.0,4049.0,46749717,1241,2025-05-07,0.684563129636068,2787.541063878069,2789.594753266977,2756.735723044446,2771.7961118964395,3,3412,1.0,0.041666666666666664,1404-02-17,False,False
2025-05-07 12:00:00,4048.0,4068.0,4029.0,4059.0,28052530,703,2025-05-07,0.684563129636068,2771.1115487668035,2784.8028113595246,2758.104849303718,2778.6417431928003,3,3413,1.0,0.041666666666666664,1404-02-17,False,False
2025-05-10 09:00:00,3965.0,4035.0,3959.0,3959.0,53825341,1884,2025-05-10,0.684563129636068,2714.2928090070095,2762.2122280815347,2710.185430229193,2710.185430229193,3,3414,69.0,2.875,1404-02-20,False,False
2025-05-10 10:00:00,3959.0,3976.0,3959.0,3959.0,42188542,1384,2025-05-10,0.684563129636068,2710.185430229193,2721.8230034330063,2710.185430229193,2710.185430229193,3,3415,1.0,0.041666666666666664,1404-02-20,False,False
2025-05-10 11:00:00,3959.0,3959.0,3959.0,3959.0,12390816,837,2025-05-10,0.684563129636068,2710.185430229193,2710.185430229193,2710.185430229193,2710.185430229193,3,3416,1.0,0.041666666666666664,1404-02-20,False,False
2025-05-10 12:00:00,3959.0,3959.0,3959.0,3959.0,11563043,546,2025-05-10,0.684563129636068,2710.185430229193,2710.185430229193,2710.185430229193,2710.185430229193,3,3417,1.0,0.041666666666666664,1404-02-20,False,False
2025-05-11 09:00:00,3900.0,3969.0,3900.0,3934.0,41013061,1604,2025-05-11,0.684563129636068,2669.796205580665,2717.031061525554,2669.796205580665,2693.0713519882916,3,3418,21.0,0.875,1404-02-21,False,False
2025-05-11 10:00:00,3933.0,3934.0,3867.0,3879.0,43975684,1518,2025-05-11,0.684563129636068,2692.3867888586556,2693.0713519882916,2647.2056223026752,2655.420379858308,3,3419,1.0,0.041666666666666664,1404-02-21,False,False
2025-05-11 11:00:00,3877.0,3904.0,3876.0,3894.0,28964722,1137,2025-05-11,0.684563129636068,2654.0512535990356,2672.5344580992096,2653.3666904693996,2665.688826802849,3,3420,1.0,0.041666666666666664,1404-02-21,False,False
2025-05-11 12:00:00,3894.0,3896.0,3882.0,3889.0,27087952,729,2025-05-11,0.684563129636068,2665.688826802849,2667.057953062121,2657.474069247216,2662.2660111546684,3,3421,1.0,0.041666666666666664,1404-02-21,False,False
2025-05-12 09:00:00,4022.0,4022.0,4018.0,4022.0,146301665,1405,2025-05-12,0.684563129636068,2753.3129073962655,2753.3129073962655,2750.5746548777215,2753.3129073962655,3,3422,21.0,0.875,1404-02-22,False,False
2025-05-12 10:00:00,4022.0,4022.0,4022.0,4022.0,45905150,523,2025-05-12,0.684563129636068,2753.3129073962655,2753.3129073962655,2753.3129073962655,2753.3129073962655,3,3423,1.0,0.041666666666666664,1404-02-22,False,False
2025-05-12 11:00:00,4022.0,4022.0,4022.0,4022.0,74866084,697,2025-05-12,0.684563129636068,2753.3129073962655,2753.3129073962655,2753.3129073962655,2753.3129073962655,3,3424,1.0,0.041666666666666664,1404-02-22,False,False
2025-05-12 12:00:00,4022.0,4022.0,4022.0,4022.0,4173789,137,2025-05-12,0.684563129636068,2753.3129073962655,2753.3129073962655,2753.3129073962655,2753.3129073962655,3,3425,1.0,0.041666666666666664,1404-02-22,False,False
2025-05-13 09:00:00,4070.0,4070.0,3964.0,4020.0,72111648,2063,2025-05-13,0.684563129636068,2786.171937618797,2786.171937618797,2713.6082458773735,2751.9437811369935,3,3426,21.0,0.875,1404-02-23,False,False
2025-05-13 10:00:00,4020.0,4132.0,4000.0,4091.0,71049290,1649,2025-05-13,0.684563129636068,2751.9437811369935,2828.614851656233,2738.252518544272,2800.547763341154,3,3427,1.0,0.041666666666666664,1404-02-23,False,False
2025-05-13 11:00:00,4092.0,4120.0,4040.0,4050.0,42528682,1130,2025-05-13,0.684563129636068,2801.23232647079,2820.4000941006,2765.6350437297147,2772.4806750260755,3,3428,1.0,0.041666666666666664,1404-02-23,False,False
2025-05-13 12:00:00,4050.0,4071.0,4045.0,4063.0,22682539,661,2025-05-13,0.684563129636068,2772.4806750260755,2786.856500748433,2769.057859377895,2781.3799957113442,3,3429,1.0,0.041666666666666664,1404-02-23,False,False
2025-05-14 09:00:00,4055.0,4093.0,3984.0,4018.0,77650780,1837,2025-05-14,0.684563129636068,2775.903490674256,2801.916889600426,2727.299508470095,2750.5746548777215,3,3430,21.0,0.875,1404-02-24,False,False
2025-05-14 10:00:00,4021.0,4088.0,4011.0,4071.0,52360755,1371,2025-05-14,0.684563129636068,2752.6283442666295,2798.4940739522463,2745.7827129702687,2786.856500748433,3,3431,1.0,0.041666666666666664,1404-02-24,False,False
2025-05-14 11:00:00,4071.0,4090.0,4047.0,4048.0,72114818,1673,2025-05-14,0.684563129636068,2786.856500748433,2799.8632002115182,2770.4269856371675,2771.1115487668035,3,3432,1.0,0.041666666666666664,1404-02-24,False,False
2025-05-14 12:00:00,4048.0,4072.0,4042.0,4070.0,27062894,813,2025-05-14,0.684563129636068,2771.1115487668035,2787.541063878069,2767.004169988987,2786.171937618797,3,3433,1.0,0.041666666666666664,1404-02-24,False,False
2025-05-17 09:00:00,4000.0,4030.0,3949.0,3949.0,77857692,2356,2025-05-17,0.684563129636068,2738.252518544272,2758.7894124333543,2703.3397989328328,2703.3397989328328,3,3434,69.0,2.875,1404-02-27,False,False
2025-05-17 10:00:00,3949.0,3950.0,3924.0,3924.0,89929807,2404,2025-05-17,0.684563129636068,2703.3397989328328,2704.0243620624688,2686.2257206919307,2686.2257206919307,3,3435,1.0,0.041666666666666664,1404-02-27,False,False
2025-05-17 11:00:00,3924.0,3994.0,3924.0,3953.0,34873443,1368,2025-05-17,0.684563129636068,2686.2257206919307,2734.1451397664555,2686.2257206919307,2706.0780514513767,3,3436,1.0,0.041666666666666664,1404-02-27,False,False
2025-05-17 12:00:00,3953.0,3953.0,3930.0,3933.0,17769529,738,2025-05-17,0.684563129636068,2706.0780514513767,2706.0780514513767,2690.333099469747,2692.3867888586556,3,3437,1.0,0.041666666666666664,1404-02-27,False,False
2025-05-18 09:00:00,3949.0,4000.0,3933.0,3991.0,56092074,1805,2025-05-18,0.684563129636068,2703.3397989328328,2738.252518544272,2692.3867888586556,2732.0914503775475,3,3438,21.0,0.875,1404-02-28,False,False
2025-05-18 10:00:00,3991.0,3995.0,3950.0,3955.0,31280530,1109,2025-05-18,0.684563129636068,2732.0914503775475,2734.829702896092,2704.0243620624688,2707.447177710649,3,3439,1.0,0.041666666666666664,1404-02-28,False,False
2025-05-18 11:00:00,3955.0,3957.0,3937.0,3948.0,43923495,1257,2025-05-18,0.684563129636068,2707.447177710649,2708.816303969921,2695.1250413772,2702.655235803197,3,3440,1.0,0.041666666666666664,1404-02-28,False,False
2025-05-18 12:00:00,3948.0,3979.0,3945.0,3970.0,39873729,902,2025-05-18,0.684563129636068,2702.655235803197,2723.8766928219147,2700.6015464142884,2717.71562465519,3,3441,1.0,0.041666666666666664,1404-02-28,False,False
2025-05-19 09:00:00,3962.0,3980.0,3901.0,3916.0,44750305,1651,2025-05-19,0.684563129636068,2712.2391196181015,2724.5612559515507,2670.480768710301,2680.7492156548424,3,3442,21.0,0.875,1404-02-29,False,False
2025-05-19 10:00:00,3916.0,3917.0,3873.0,3902.0,38214706,1510,2025-05-19,0.684563129636068,2680.7492156548424,2681.4337787844784,2651.3130010804916,2671.1653318399376,3,3443,1.0,0.041666666666666664,1404-02-29,False,False
2025-05-19 11:00:00,3903.0,3915.0,3878.0,3892.0,24447815,1047,2025-05-19,0.684563129636068,2671.8498949695736,2680.0646525252064,2654.7358167286716,2664.319700543577,3,3444,1.0,0.041666666666666664,1404-02-29,False,False
2025-05-19 12:00:00,3892.0,3897.0,3878.0,3880.0,18067523,706,2025-05-19,0.684563129636068,2664.319700543577,2667.742516191757,2654.7358167286716,2656.104942987944,3,3445,1.0,0.041666666666666664,1404-02-29,False,False
2025-05-20 09:00:00,3873.0,3910.0,3796.0,3849.0,70775183,2170,2025-05-20,0.684563129636068,2651.3130010804916,2676.641836877026,2598.601640098514,2634.8834859692256,3,3446,21.0,0.875,1404-02-30,False,False
2025-05-20 10:00:00,3851.0,3897.0,3811.0,3854.0,40040057,1518,2025-05-20,0.684563129636068,2636.252612228498,2667.742516191757,2608.8700870430553,2638.306301617406,3,3447,1.0,0.041666666666666664,1404-02-30,False,False
2025-05-20 11:00:00,3853.0,3859.0,3789.0,3789.0,53935349,1518,2025-05-20,0.684563129636068,2637.62173848777,2641.7291172655864,2593.8096981910617,2593.8096981910617,3,3448,1.0,0.041666666666666664,1404-02-30,False,False
2025-05-20 12:00:00,3789.0,3789.0,3789.0,3789.0,27146013,1022,2025-05-20,0.684563129636068,2593.8096981910617,2593.8096981910617,2593.8096981910617,2593.8096981910617,3,3449,1.0,0.041666666666666664,1404-02-30,False,False
2025-05-21 09:00:00,3708.0,3779.0,3708.0,3732.0,61847619,2040,2025-05-21,0.684563129636068,2538.36008469054,2586.964066894701,2538.36008469054,2554.7895998018057,3,3450,21.0,0.875,1404-02-31,False,False
2025-05-21 10:00:00,3731.0,3765.0,3728.0,3755.0,34472500,1301,2025-05-21,0.684563129636068,2554.1050366721697,2577.380183079796,2552.0513472832617,2570.5345517834353,3,3451,1.0,0.041666666666666664,1404-02-31,False,False
2025-05-21 11:00:00,3754.0,3756.0,3721.0,3725.0,32820263,1127,2025-05-21,0.684563129636068,2569.8499886537993,2571.2191149130713,2547.259405375809,2549.9976578943533,3,3452,1.0,0.041666666666666664,1404-02-31,False,False
2025-05-21 12:00:00,3725.0,3770.0,3721.0,3769.0,27146530,820,2025-05-21,0.684563129636068,2549.9976578943533,2580.8029987279765,2547.259405375809,2580.1184355983405,3,3453,1.0,0.041666666666666664,1404-02-31,False,False
2025-05-24 10:00:00,3770.0,3770.0,3685.0,3769.0,32892529,1369,2025-05-24,0.684563129636068,2580.8029987279765,2580.8029987279765,2522.6151327089106,2580.1184355983405,3,3454,70.0,2.9166666666666665,1404-03-03,False,False
2025-05-24 11:00:00,3768.0,3844.0,3766.0,3844.0,144908826,1720,2025-05-24,0.684563129636068,2579.4338724687045,2631.4606703210457,2578.064746209432,2631.4606703210457,3,3455,1.0,0.041666666666666664,1404-03-03,False,False
2025-05-24 12:00:00,3844.0,3844.0,3844.0,3844.0,39677521,441,2025-05-24,0.684563129636068,2631.4606703210457,2631.4606703210457,2631.4606703210457,2631.4606703210457,3,3456,1.0,0.041666666666666664,1404-03-03,False,False
2025-05-25 09:00:00,3844.0,3892.0,3798.0,3805.0,83413551,2022,2025-05-25,0.684563129636068,2631.4606703210457,2664.319700543577,2599.9707663577865,2604.762708265239,3,3457,21.0,0.875,1404-03-04,False,False
2025-05-25 10:00:00,3808.0,3885.0,3804.0,3835.0,58653497,1430,2025-05-25,0.684563129636068,2606.816397654147,2659.5277586361244,2604.078145135603,2625.299602154321,3,3458,1.0,0.041666666666666664,1404-03-04,False,False
2025-05-25 11:00:00,3835.0,3854.0,3807.0,3823.0,27200586,1095,2025-05-25,0.684563129636068,2625.299602154321,2638.306301617406,2606.131834524511,2617.084844598688,3,3459,1.0,0.041666666666666664,1404-03-04,False,False
2025-05-25 12:00:00,3822.0,3829.0,3805.0,3810.0,19175150,708,2025-05-25,0.684563129636068,2616.400281469052,2621.1922233765044,2604.762708265239,2608.1855239134193,3,3460,1.0,0.041666666666666664,1404-03-04,False,False
2025-05-26 09:00:00,3930.0,3943.0,3868.0,3891.0,65290614,1543,2025-05-26,0.684563129636068,2690.333099469747,2699.2324201550164,2647.8901854323112,2663.635137413941,3,3461,21.0,0.875,1404-03-05,False,False
2025-05-26 10:00:00,3892.0,3901.0,3831.0,3840.0,45612024,1181,2025-05-26,0.684563129636068,2664.319700543577,2670.480768710301,2622.5613496357764,2628.7224178025012,3,3462,1.0,0.041666666666666664,1404-03-05,False,False
2025-05-26 11:00:00,3840.0,3903.0,3831.0,3870.0,50655917,1174,2025-05-26,0.684563129636068,2628.7224178025012,2671.8498949695736,2622.5613496357764,2649.259311691583,3,3463,1.0,0.041666666666666664,1404-03-05,False,False
2025-05-26 12:00:00,3870.0,3906.0,3869.0,3904.0,31257222,782,2025-05-26,0.684563129636068,2649.259311691583,2673.9035843584816,2648.574748561947,2672.5344580992096,3,3464,1.0,0.041666666666666664,1404-03-05,False,False
2025-05-27 09:00:00,3919.0,3939.0,3860.0,3886.0,40049482,1437,2025-05-27,0.684563129636068,2682.802905043751,2696.494167636472,2642.4136803952224,2660.2123217657604,3,3465,21.0,0.875,1404-03-06,False,False
2025-05-27 10:00:00,3886.0,3888.0,3848.0,3853.0,56929928,1402,2025-05-27,0.684563129636068,2660.2123217657604,2661.5814480250324,2634.1989228395896,2637.62173848777,3,3466,1.0,0.041666666666666664,1404-03-06,False,False
2025-05-27 11:00:00,3851.0,3880.0,3849.0,3871.0,32195576,1043,2025-05-27,0.684563129636068,2636.252612228498,2656.104942987944,2634.8834859692256,2649.943874821219,3,3467,1.0,0.041666666666666664,1404-03-06,False,False
2025-05-27 12:00:00,3871.0,3875.0,3847.0,3849.0,17098282,727,2025-05-27,0.684563129636068,2649.943874821219,2652.6821273397636,2633.5143597099536,2634.8834859692256,3,3468,1.0,0.041666666666666664,1404-03-06,False,False
2025-05-28 09:00:00,3870.0,3870.0,3812.0,3820.0,36812232,1411,2025-05-28,0.684563129636068,2649.259311691583,2649.259311691583,2609.5546501726913,2615.0311552097796,3,3469,21.0,0.875,1404-03-07,False,False
2025-05-28 10:00:00,3819.0,3840.0,3815.0,3819.0,30433268,985,2025-05-28,0.684563129636068,2614.3465920801436,2628.7224178025012,2611.6083395615997,2614.3465920801436,3,3470,1.0,0.041666666666666664,1404-03-07,False,False
2025-05-28 11:00:00,3819.0,3873.0,3812.0,3845.0,33572231,953,2025-05-28,0.684563129636068,2614.3465920801436,2651.3130010804916,2609.5546501726913,2632.1452334506816,3,3471,1.0,0.041666666666666664,1404-03-07,False,False
2025-05-28 12:00:00,3845.0,3847.0,3828.0,3830.0,19006038,591,2025-05-28,0.684563129636068,2632.1452334506816,2633.5143597099536,2620.5076602468685,2621.8767865061404,3,3472,1.0,0.041666666666666664,1404-03-07,False,False
2025-05-31 09:00:00,3900.0,3902.0,3841.0,3871.0,43973361,1185,2025-05-31,0.684563129636068,2669.796205580665,2671.1653318399376,2629.4069809321372,2649.943874821219,3,3473,69.0,2.875,1404-03-10,False,False
2025-05-31 10:00:00,3870.0,3890.0,3823.0,3823.0,38783771,1122,2025-05-31,0.684563129636068,2649.259311691583,2662.950574284305,2617.084844598688,2617.084844598688,3,3474,1.0,0.041666666666666664,1404-03-10,False,False
2025-05-31 11:00:00,3823.0,3823.0,3787.0,3797.0,31615242,1142,2025-05-31,0.684563129636068,2617.084844598688,2617.084844598688,2592.4405719317897,2599.2862032281505,3,3475,1.0,0.041666666666666664,1404-03-10,False,False
2025-05-31 12:00:00,3800.0,3800.0,3786.0,3793.0,20462188,631,2025-05-31,0.684563129636068,2601.3398926170585,2601.3398926170585,2591.7560088021537,2596.547950709606,3,3476,1.0,0.041666666666666664,1404-03-10,False,False
2025-06-01 09:00:00,3829.0,3829.0,3728.0,3776.0,45313306,1672,2025-06-01,0.684563129636068,2621.1922233765044,2621.1922233765044,2552.0513472832617,2584.910377505793,3,3477,21.0,0.875,1404-03-11,False,False
2025-06-01 10:00:00,3776.0,3779.0,3744.0,3749.0,30508277,930,2025-06-01,0.684563129636068,2584.910377505793,2586.964066894701,2563.0043573574385,2566.427173005619,3,3478,1.0,0.041666666666666664,1404-03-11,False,False
2025-06-01 11:00:00,3747.0,3774.0,3743.0,3747.0,21911207,904,2025-06-01,0.684563129636068,2565.058046746347,2583.541251246521,2562.3197942278025,2565.058046746347,3,3479,1.0,0.041666666666666664,1404-03-11,False,False
2025-06-01 12:00:00,3745.0,3770.0,3743.0,3764.0,15982204,588,2025-06-01,0.684563129636068,2563.688920487075,2580.8029987279765,2562.3197942278025,2576.69561995016,3,3480,1.0,0.041666666666666664,1404-03-11,False,False
2025-06-02 09:00:00,3759.0,3815.0,3733.0,3745.0,23484147,1087,2025-06-02,0.684563129636068,2573.2728043019797,2611.6083395615997,2555.474162931442,2563.688920487075,3,3481,21.0,0.875,1404-03-12,False,False
2025-06-02 10:00:00,3745.0,3804.0,3733.0,3764.0,30991203,1202,2025-06-02,0.684563129636068,2563.688920487075,2604.078145135603,2555.474162931442,2576.69561995016,3,3482,1.0,0.041666666666666664,1404-03-12,False,False
2025-06-02 11:00:00,3764.0,3764.0,3732.0,3733.0,34016734,1048,2025-06-02,0.684563129636068,2576.69561995016,2576.69561995016,2554.7895998018057,2555.474162931442,3,3483,1.0,0.041666666666666664,1404-03-12,False,False
2025-06-02 12:00:00,3732.0,3735.0,3728.0,3730.0,16914091,677,2025-06-02,0.684563129636068,2554.7895998018057,2556.843289190714,2552.0513472832617,2553.4204735425337,3,3484,1.0,0.041666666666666664,1404-03-12,False,False
2025-06-03 09:00:00,3739.0,3750.0,3675.0,3675.0,49164447,1621,2025-06-03,0.684563129636068,2559.5815417092585,2567.111736135255,2515.76950141255,2515.76950141255,3,3485,21.0,0.875,1404-03-13,False,False
2025-06-03 10:00:00,3675.0,3681.0,3651.0,3681.0,37900580,1353,2025-06-03,0.684563129636068,2515.76950141255,2519.8768801903666,2499.339986301284,2519.8768801903666,3,3486,1.0,0.041666666666666664,1404-03-13,False,False
2025-06-03 11:00:00,3695.0,3698.0,3660.0,3665.0,23641951,1067,2025-06-03,0.684563129636068,2529.4607640052714,2531.5144533941793,2505.501054468009,2508.9238701161894,3,3487,1.0,0.041666666666666664,1404-03-13,False,False
2025-06-03 12:00:00,3664.0,3665.0,3641.0,3643.0,21755878,751,2025-06-03,0.684563129636068,2508.2393069865534,2508.9238701161894,2492.494355004924,2493.863481264196,3,3488,1.0,0.041666666666666664,1404-03-13,False,False
2025-06-07 09:00:00,3623.0,3651.0,3561.0,3566.0,65592820,1921,2025-06-07,0.684563129636068,2480.1722186714746,2499.339986301284,2437.7293046340383,2441.1521202822187,3,3489,93.0,3.875,1404-03-17,False,False
2025-06-07 10:00:00,3566.0,3567.0,3561.0,3561.0,31197961,1353,2025-06-07,0.684563129636068,2441.1521202822187,2441.8366834118547,2437.7293046340383,2437.7293046340383,3,3490,1.0,0.041666666666666664,1404-03-17,False,False
2025-06-07 11:00:00,3561.0,3561.0,3561.0,3561.0,8820077,662,2025-06-07,0.684563129636068,2437.7293046340383,2437.7293046340383,2437.7293046340383,2437.7293046340383,3,3491,1.0,0.041666666666666664,1404-03-17,False,False
2025-06-07 12:00:00,3561.0,3561.0,3561.0,3561.0,3297955,405,2025-06-07,0.684563129636068,2437.7293046340383,2437.7293046340383,2437.7293046340383,2437.7293046340383,3,3492,1.0,0.041666666666666664,1404-03-17,False,False
2025-06-08 09:00:00,3540.0,3601.0,3533.0,3600.0,53194957,1700,2025-06-08,0.684563129636068,2423.3534789116807,2465.111829819481,2418.5615370042283,2464.427266689845,3,3493,21.0,0.875,1404-03-18,False,False
2025-06-08 10:00:00,3600.0,3654.0,3574.0,3605.0,34395040,1246,2025-06-08,0.684563129636068,2464.427266689845,2501.3936756901926,2446.628625319307,2467.850082338025,3,3494,1.0,0.041666666666666664,1404-03-18,False,False
2025-06-08 11:00:00,3604.0,3605.0,3551.0,3557.0,17385806,942,2025-06-08,0.684563129636068,2467.165519208389,2467.850082338025,2430.8836733376775,2434.991052115494,3,3495,1.0,0.041666666666666664,1404-03-18,False,False
2025-06-08 12:00:00,3558.0,3578.0,3555.0,3560.0,12617635,666,2025-06-08,0.684563129636068,2435.67561524513,2449.3668778378515,2433.621925856222,2437.0447415044023,3,3496,1.0,0.041666666666666664,1404-03-18,False,False
2025-06-09 09:00:00,3575.0,3610.0,3469.0,3469.0,29749578,1500,2025-06-09,0.684563129636068,2447.313188448943,2471.2728979862054,2374.74949670752,2374.74949670752,3,3497,21.0,0.875,1404-03-19,False,False
2025-06-09 10:00:00,3469.0,3548.0,3469.0,3495.0,63713410,1607,2025-06-09,0.684563129636068,2374.74949670752,2428.8299839487695,2374.74949670752,2392.548138078058,3,3498,1.0,0.041666666666666664,1404-03-19,False,False
2025-06-09 11:00:00,3495.0,3497.0,3469.0,3471.0,29728061,1076,2025-06-09,0.684563129636068,2392.548138078058,2393.91726433733,2374.74949670752,2376.118622966792,3,3499,1.0,0.041666666666666664,1404-03-19,False,False
2025-06-09 12:00:00,3470.0,3473.0,3469.0,3471.0,26949155,744,2025-06-09,0.684563129636068,2375.434059837156,2377.4877492260644,2374.74949670752,2376.118622966792,3,3500,1.0,0.041666666666666664,1404-03-19,False,False
2025-06-10 09:00:00,3480.0,3540.0,3454.0,3480.0,32453894,1267,2025-06-10,0.684563129636068,2382.2796911335167,2423.3534789116807,2364.4810497629787,2382.2796911335167,3,3501,21.0,0.875,1404-03-20,False,False
2025-06-10 10:00:00,3479.0,3482.0,3469.0,3472.0,16931371,741,2025-06-10,0.684563129636068,2381.5951280038807,2383.6488173927887,2374.74949670752,2376.8031860964284,3,3502,1.0,0.041666666666666664,1404-03-20,False,False
2025-06-10 11:00:00,3472.0,3513.0,3450.0,3500.0,39532642,933,2025-06-10,0.684563129636068,2376.8031860964284,2404.870274411507,2361.7427972444348,2395.970953726238,3,3503,1.0,0.041666666666666664,1404-03-20,False,False
2025-06-10 12:00:00,3509.0,3514.0,3497.0,3514.0,21961785,597,2025-06-10,0.684563129636068,2402.1320218929627,2405.554837541143,2393.91726433733,2405.554837541143,3,3504,1.0,0.041666666666666664,1404-03-20,False,False
2025-06-11 09:00:00,3530.0,3537.0,3483.0,3491.0,30703775,1168,2025-06-11,0.684563129636068,2416.5078476153203,2421.2997895227727,2384.3333805224247,2389.8098855595135,3,3505,21.0,0.875,1404-03-21,False,False
2025-06-11 10:00:00,3490.0,3509.0,3484.0,3500.0,23255869,745,2025-06-11,0.684563129636068,2389.1253224298775,2402.1320218929627,2385.017943652061,2395.970953726238,3,3506,1.0,0.041666666666666664,1404-03-21,False,False
2025-06-11 11:00:00,3499.0,3501.0,3485.0,3486.0,19660999,680,2025-06-11,0.684563129636068,2395.286390596602,2396.6555168558743,2385.702506781697,2386.387069911333,3,3507,1.0,0.041666666666666664,1404-03-21,False,False
2025-06-11 12:00:00,3486.0,3500.0,3484.0,3500.0,18077584,531,2025-06-11,0.684563129636068,2386.387069911333,2395.970953726238,2385.017943652061,2395.970953726238,3,3508,1.0,0.041666666666666664,1404-03-21,False,False
2025-06-28 10:00:00,3394.0,3394.0,3394.0,3394.0,10595114,159,2025-06-28,0.684563129636068,2323.407261984815,2323.407261984815,2323.407261984815,2323.407261984815,3,3509,406.0,16.916666666666668,1404-04-07,False,False
2025-06-28 11:00:00,3394.0,3394.0,3394.0,3394.0,1814581,194,2025-06-28,0.684563129636068,2323.407261984815,2323.407261984815,2323.407261984815,2323.407261984815,3,3510,1.0,0.041666666666666664,1404-04-07,False,False
2025-06-28 12:00:00,3394.0,3394.0,3394.0,3394.0,433751,75,2025-06-28,0.684563129636068,2323.407261984815,2323.407261984815,2323.407261984815,2323.407261984815,3,3511,1.0,0.041666666666666664,1404-04-07,False,False
2025-06-29 09:00:00,3293.0,3293.0,3293.0,3293.0,9011995,365,2025-06-29,0.684563129636068,2254.266385891572,2254.266385891572,2254.266385891572,2254.266385891572,3,3512,21.0,0.875,1404-04-08,False,False
2025-06-29 10:00:00,3293.0,3293.0,3293.0,3293.0,1310384,157,2025-06-29,0.684563129636068,2254.266385891572,2254.266385891572,2254.266385891572,2254.266385891572,3,3513,1.0,0.041666666666666664,1404-04-08,False,False
2025-06-29 11:00:00,3293.0,3293.0,3293.0,3293.0,819225,115,2025-06-29,0.684563129636068,2254.266385891572,2254.266385891572,2254.266385891572,2254.266385891572,3,3514,1.0,0.041666666666666664,1404-04-08,False,False
2025-06-29 12:00:00,3293.0,3293.0,3293.0,3293.0,427877,82,2025-06-29,0.684563129636068,2254.266385891572,2254.266385891572,2254.266385891572,2254.266385891572,3,3515,1.0,0.041666666666666664,1404-04-08,False,False
2025-07-01 09:00:00,3100.0,3100.0,3100.0,3100.0,11549510,583,2025-07-01,0.684563129636068,2122.145701871811,2122.145701871811,2122.145701871811,2122.145701871811,4,3517,45.0,1.875,1404-04-10,False,False
2025-07-01 10:00:00,3100.0,3100.0,3100.0,3100.0,112741502,935,2025-07-01,0.684563129636068,2122.145701871811,2122.145701871811,2122.145701871811,2122.145701871811,4,3518,1.0,0.041666666666666664,1404-04-10,False,False
2025-07-01 11:00:00,3100.0,3100.0,3100.0,3100.0,36543591,888,2025-07-01,0.684563129636068,2122.145701871811,2122.145701871811,2122.145701871811,2122.145701871811,4,3519,1.0,0.041666666666666664,1404-04-10,False,False
2025-07-01 12:00:00,3100.0,3100.0,3100.0,3100.0,11032156,321,2025-07-01,0.684563129636068,2122.145701871811,2122.145701871811,2122.145701871811,2122.145701871811,4,3520,1.0,0.041666666666666664,1404-04-10,False,False
2025-07-01 16:00:00,3100.0,3100.0,3100.0,3100.0,7296485,83,2025-07-01,0.684563129636068,2122.145701871811,2122.145701871811,2122.145701871811,2122.145701871811,4,3521,4.0,0.16666666666666666,1404-04-10,False,False
2025-07-01 19:00:00,3100.0,3100.0,3100.0,3100.0,40396279,111,2025-07-01,0.684563129636068,2122.145701871811,2122.145701871811,2122.145701871811,2122.145701871811,4,3522,3.0,0.125,1404-04-10,False,False
2025-07-02 09:00:00,3007.0,3097.0,3007.0,3071.0,84351984,2081,2025-07-02,0.684563129636068,2058.4813308156567,2120.0920124829026,2058.4813308156567,2102.293371112365,4,3523,14.0,0.5833333333333334,1404-04-11,False,False
2025-07-02 10:00:00,3071.0,3081.0,3064.0,3068.0,75979752,1413,2025-07-02,0.684563129636068,2102.293371112365,2109.1390024087254,2097.5014292049123,2100.2396817234567,4,3524,1.0,0.041666666666666664,1404-04-11,False,False
2025-07-02 11:00:00,3070.0,3147.0,3063.0,3143.0,46159210,1384,2025-07-02,0.684563129636068,2101.6088079827286,2154.320168964706,2096.8168660752763,2151.581916446162,4,3525,1.0,0.041666666666666664,1404-04-11,False,False
2025-07-02 12:00:00,3143.0,3163.0,3127.0,3133.0,31892404,832,2025-07-02,0.684563129636068,2151.581916446162,2165.273179038883,2140.6289063719846,2144.736285149801,4,3526,1.0,0.041666666666666664,1404-04-11,False,False
2025-07-07 09:00:00,3162.0,3162.0,3133.0,3133.0,84165166,1523,2025-07-07,0.684563129636068,2164.588615909247,2164.588615909247,2144.736285149801,2144.736285149801,4,3527,117.0,4.875,1404-04-16,False,False
2025-07-07 10:00:00,3133.0,3133.0,3072.0,3112.0,38509059,1206,2025-07-07,0.684563129636068,2144.736285149801,2144.736285149801,2102.977934242001,2130.360459427444,4,3528,1.0,0.041666666666666664,1404-04-16,False,False
2025-07-07 11:00:00,3112.0,3112.0,3061.0,3067.0,31471207,1002,2025-07-07,0.684563129636068,2130.360459427444,2130.360459427444,2095.4477398160043,2099.5551185938207,4,3529,1.0,0.041666666666666664,1404-04-16,False,False
2025-07-07 12:00:00,3068.0,3072.0,3059.0,3070.0,30457358,788,2025-07-07,0.684563129636068,2100.2396817234567,2102.977934242001,2094.0786135567323,2101.6088079827286,4,3530,1.0,0.041666666666666664,1404-04-16,False,False
2025-07-08 09:00:00,3099.0,3099.0,3033.0,3033.0,45038090,1235,2025-07-08,0.684563129636068,2121.4611387421746,2121.4611387421746,2076.2799721861943,2076.2799721861943,4,3531,21.0,0.875,1404-04-17,False,False
2025-07-08 10:00:00,3033.0,3033.0,3033.0,3033.0,6063051,404,2025-07-08,0.684563129636068,2076.2799721861943,2076.2799721861943,2076.2799721861943,2076.2799721861943,4,3532,1.0,0.041666666666666664,1404-04-17,False,False
2025-07-08 11:00:00,3033.0,3033.0,3033.0,3033.0,7646354,308,2025-07-08,0.684563129636068,2076.2799721861943,2076.2799721861943,2076.2799721861943,2076.2799721861943,4,3533,1.0,0.041666666666666664,1404-04-17,False,False
2025-07-08 12:00:00,3033.0,3033.0,3033.0,3033.0,2490836,180,2025-07-08,0.684563129636068,2076.2799721861943,2076.2799721861943,2076.2799721861943,2076.2799721861943,4,3534,1.0,0.041666666666666664,1404-04-17,False,False
2025-07-09 09:00:00,2958.0,3023.0,2948.0,3000.0,56196188,1407,2025-07-09,0.684563129636068,2024.9377374634892,2069.4343408898335,2018.0921061671286,2053.689388908204,4,3535,21.0,0.875,1404-04-18,False,False
2025-07-09 10:00:00,3000.0,3035.0,3000.0,3010.0,30773213,883,2025-07-09,0.684563129636068,2053.689388908204,2077.6490984454663,2053.689388908204,2060.5350202045647,4,3536,1.0,0.041666666666666664,1404-04-18,False,False
2025-07-09 11:00:00,3010.0,3035.0,2993.0,2993.0,33081359,799,2025-07-09,0.684563129636068,2060.5350202045647,2077.6490984454663,2048.8974470007515,2048.8974470007515,4,3537,1.0,0.041666666666666664,1404-04-18,False,False
2025-07-09 12:00:00,2994.0,3048.0,2951.0,2951.0,66044481,855,2025-07-09,0.684563129636068,2049.5820101303875,2086.5484191307355,2020.1457955560368,2020.1457955560368,4,3538,1.0,0.041666666666666664,1404-04-18,False,False
2025-07-09 13:00:00,2951.0,2958.0,2948.0,2958.0,17359889,118,2025-07-09,0.684563129636068,2020.1457955560368,2024.9377374634892,2018.0921061671286,2024.9377374634892,4,3539,1.0,0.041666666666666664,1404-04-18,False,False
2025-07-09 15:00:00,3006.0,3045.0,2974.0,3030.0,58410865,327,2025-07-09,0.684563129636068,2057.7967676860203,2084.494729741827,2035.8907475376664,2074.2262827972863,4,3540,2.0,0.08333333333333333,1404-04-18,False,False
2025-07-12 09:00:00,3086.0,3086.0,3052.0,3060.0,69325121,1036,2025-07-12,0.684563129636068,2112.561818056906,2112.561818056906,2089.2866716492795,2094.7631766863683,4,3541,66.0,2.75,1404-04-21,False,False
2025-07-12 10:00:00,3060.0,3079.0,3047.0,3066.0,22609945,751,2025-07-12,0.684563129636068,2094.7631766863683,2107.7698761494535,2085.863856001099,2098.8705554641847,4,3542,1.0,0.041666666666666664,1404-04-21,False,False
2025-07-12 11:00:00,3066.0,3081.0,3057.0,3080.0,23297263,658,2025-07-12,0.684563129636068,2098.8705554641847,2109.1390024087254,2092.70948729746,2108.4544392790895,4,3543,1.0,0.041666666666666664,1404-04-21,False,False
2025-07-12 12:00:00,3082.0,3086.0,3081.0,3086.0,25706760,435,2025-07-12,0.684563129636068,2109.8235655383614,2112.561818056906,2109.1390024087254,2112.561818056906,4,3544,1.0,0.041666666666666664,1404-04-21,False,False
2025-07-15 11:00:00,3152.0,3173.0,3137.0,3141.0,35711398,661,2025-07-15,0.684563129636068,2157.7429846128866,2172.118810335244,2147.4745376683454,2150.21279018689,4,3545,71.0,2.9583333333333335,1404-04-24,False,False
2025-07-15 12:00:00,3141.0,3144.0,3133.0,3137.0,44315453,869,2025-07-15,0.684563129636068,2150.21279018689,2152.266479575798,2144.736285149801,2147.4745376683454,4,3546,1.0,0.041666666666666664,1404-04-24,False,False
2025-07-16 09:00:00,3161.0,3190.0,3158.0,3177.0,51819869,1081,2025-07-16,0.684563129636068,2163.904052779611,2183.756383539057,2161.850363390703,2174.857062853788,4,3547,21.0,0.875,1404-04-25,False,False
2025-07-16 10:00:00,3177.0,3197.0,3166.0,3168.0,23761044,649,2025-07-16,0.684563129636068,2174.857062853788,2188.5483254465094,2167.3268684277914,2168.6959946870634,4,3548,1.0,0.041666666666666664,1404-04-25,False,False
2025-07-16 11:00:00,3168.0,3176.0,3165.0,3169.0,28195419,632,2025-07-16,0.684563129636068,2168.6959946870634,2174.172499724152,2166.6423052981554,2169.3805578166994,4,3549,1.0,0.041666666666666664,1404-04-25,False,False
2025-07-16 12:00:00,3169.0,3169.0,3162.0,3165.0,28249911,518,2025-07-16,0.684563129636068,2169.3805578166994,2169.3805578166994,2164.588615909247,2166.6423052981554,4,3550,1.0,0.041666666666666664,1404-04-25,False,False
2025-07-19 09:00:00,3192.0,3192.0,3170.0,3171.0,69928845,1230,2025-07-19,0.684563129636068,2185.125509798329,2185.125509798329,2170.065120946336,2170.749684075972,4,3551,69.0,2.875,1404-04-28,False,False
2025-07-19 10:00:00,3170.0,3177.0,3168.0,3175.0,45095579,790,2025-07-19,0.684563129636068,2170.065120946336,2174.857062853788,2168.6959946870634,2173.4879365945158,4,3552,1.0,0.041666666666666664,1404-04-28,False,False
2025-07-19 11:00:00,3174.0,3175.0,3172.0,3172.0,25741886,560,2025-07-19,0.684563129636068,2172.8033734648798,2173.4879365945158,2171.434247205608,2171.434247205608,4,3553,1.0,0.041666666666666664,1404-04-28,False,False
2025-07-19 12:00:00,3172.0,3173.0,3168.0,3170.0,30395329,490,2025-07-19,0.684563129636068,2171.434247205608,2172.118810335244,2168.6959946870634,2170.065120946336,4,3554,1.0,0.041666666666666664,1404-04-28,False,False
2025-07-20 09:00:00,3204.0,3207.0,3191.0,3191.0,112667454,1444,2025-07-20,0.684563129636068,2193.3402673539617,2195.39395674287,2184.440946668693,2184.440946668693,4,3555,21.0,0.875,1404-04-29,False,False
2025-07-20 10:00:00,3191.0,3237.0,3189.0,3228.0,65599187,1041,2025-07-20,0.684563129636068,2184.440946668693,2215.930850631952,2183.071820409421,2209.7697824652278,4,3556,1.0,0.041666666666666664,1404-04-29,False,False
2025-07-20 11:00:00,3228.0,3228.0,3211.0,3211.0,61384853,970,2025-07-20,0.684563129636068,2209.7697824652278,2209.7697824652278,2198.1322092614146,2198.1322092614146,4,3557,1.0,0.041666666666666664,1404-04-29,False,False
2025-07-20 12:00:00,3211.0,3211.0,3200.0,3202.0,38958473,613,2025-07-20,0.684563129636068,2198.1322092614146,2198.1322092614146,2190.602014835418,2191.9711410946898,4,3558,1.0,0.041666666666666664,1404-04-29,False,False
2025-07-20 15:00:00,3202.0,3203.0,3202.0,3203.0,5716084,44,2025-07-20,0.684563129636068,2191.9711410946898,2192.6557042243257,2191.9711410946898,2192.6557042243257,4,3559,3.0,0.125,1404-04-29,False,False
2025-07-20 16:00:00,3203.0,3234.0,3190.0,3229.0,29450316,196,2025-07-20,0.684563129636068,2192.6557042243257,2213.877161243044,2183.756383539057,2210.4543455948638,4,3560,1.0,0.041666666666666664,1404-04-29,False,False
2025-07-21 09:00:00,3229.0,3230.0,3200.0,3204.0,52711460,1010,2025-07-21,0.684563129636068,2210.4543455948638,2211.1389087244997,2190.602014835418,2193.3402673539617,4,3561,17.0,0.7083333333333334,1404-04-30,False,False
2025-07-21 10:00:00,3205.0,3207.0,3201.0,3202.0,53389100,1171,2025-07-21,0.684563129636068,2194.024830483598,2195.39395674287,2191.2865779650538,2191.9711410946898,4,3562,1.0,0.041666666666666664,1404-04-30,False,False
2025-07-21 11:00:00,3202.0,3204.0,3198.0,3199.0,31979496,839,2025-07-21,0.684563129636068,2191.9711410946898,2193.3402673539617,2189.2328885761453,2189.917451705782,4,3563,1.0,0.041666666666666664,1404-04-30,False,False
2025-07-21 12:00:00,3198.0,3199.0,3192.0,3197.0,27860137,652,2025-07-21,0.684563129636068,2189.2328885761453,2189.917451705782,2185.125509798329,2188.5483254465094,4,3564,1.0,0.041666666666666664,1404-04-30,False,False
2025-07-22 09:00:00,3176.0,3177.0,3135.0,3156.0,188839821,2787,2025-07-22,0.684563129636068,2174.172499724152,2174.857062853788,2146.1054114090734,2160.4812371314306,4,3565,21.0,0.875,1404-04-31,False,False
2025-07-22 10:00:00,3156.0,3204.0,3146.0,3148.0,118113360,1649,2025-07-22,0.684563129636068,2160.4812371314306,2193.3402673539617,2153.63560583507,2155.004732094342,4,3566,1.0,0.041666666666666664,1404-04-31,False,False
2025-07-22 11:00:00,3148.0,3149.0,3139.0,3139.0,93592509,1711,2025-07-22,0.684563129636068,2155.004732094342,2155.689295223978,2148.8436639276174,2148.8436639276174,4,3567,1.0,0.041666666666666664,1404-04-31,False,False
2025-07-22 12:00:00,3140.0,3140.0,3132.0,3133.0,60276658,1088,2025-07-22,0.684563129636068,2149.5282270572534,2149.5282270572534,2144.051722020165,2144.736285149801,4,3568,1.0,0.041666666666666664,1404-04-31,False,False
2025-07-22 15:00:00,3161.0,3161.0,3161.0,3161.0,193440,1,2025-07-22,0.684563129636068,2163.904052779611,2163.904052779611,2163.904052779611,2163.904052779611,4,3569,3.0,0.125,1404-04-31,False,False
2025-07-22 16:00:00,3157.0,3176.0,3134.0,3137.0,44805697,182,2025-07-22,0.684563129636068,2161.1658002610666,2174.172499724152,2145.420848279437,2147.4745376683454,4,3570,1.0,0.041666666666666664,1404-04-31,False,False
2025-07-23 09:00:00,3153.0,3159.0,3134.0,3134.0,224038259,2123,2025-07-23,0.684563129636068,2158.4275477425226,2162.534926520339,2145.420848279437,2145.420848279437,4,3571,17.0,0.7083333333333334,1404-05-01,False,False
2025-07-23 10:00:00,3134.0,3154.0,3128.0,3150.0,102053870,1380,2025-07-23,0.684563129636068,2145.420848279437,2159.1121108721586,2141.3134695016206,2156.373858353614,4,3572,1.0,0.041666666666666664,1404-05-01,False,False
2025-07-23 11:00:00,3150.0,3151.0,3144.0,3144.0,101116179,1137,2025-07-23,0.684563129636068,2156.373858353614,2157.05842148325,2152.266479575798,2152.266479575798,4,3573,1.0,0.041666666666666664,1404-05-01,False,False
2025-07-23 12:00:00,3144.0,3145.0,3139.0,3139.0,78000314,824,2025-07-23,0.684563129636068,2152.266479575798,2152.951042705434,2148.8436639276174,2148.8436639276174,4,3574,1.0,0.041666666666666664,1404-05-01,False,False
2025-07-26 09:00:00,3143.0,3144.0,3131.0,3131.0,149726220,1674,2025-07-26,0.684563129636068,2151.581916446162,2152.266479575798,2143.367158890529,2143.367158890529,4,3575,69.0,2.875,1404-05-04,False,False
2025-07-26 10:00:00,3131.0,3132.0,3124.0,3125.0,86183043,1063,2025-07-26,0.684563129636068,2143.367158890529,2144.051722020165,2138.5752169830766,2139.2597801127126,4,3576,1.0,0.041666666666666664,1404-05-04,False,False
2025-07-26 11:00:00,3124.0,3125.0,3116.0,3117.0,64507721,1030,2025-07-26,0.684563129636068,2138.5752169830766,2139.2597801127126,2133.098711945988,2133.783275075624,4,3577,1.0,0.041666666666666664,1404-05-04,False,False
2025-07-26 12:00:00,3117.0,3117.0,3113.0,3114.0,26376052,594,2025-07-26,0.684563129636068,2133.783275075624,2133.783275075624,2131.04502255708,2131.729585686716,4,3578,1.0,0.041666666666666664,1404-05-04,False,False
2025-07-26 16:00:00,3126.0,3130.0,3123.0,3123.0,25668582,77,2025-07-26,0.684563129636068,2139.9443432423486,2142.682595760893,2137.8906538534407,2137.8906538534407,4,3579,4.0,0.16666666666666666,1404-05-04,False,False
2025-07-27 09:00:00,3113.0,3160.0,3102.0,3124.0,118012139,1456,2025-07-27,0.684563129636068,2131.04502255708,2163.219489649975,2123.514828131083,2138.5752169830766,4,3580,17.0,0.7083333333333334,1404-05-05,False,False
2025-07-27 10:00:00,3123.0,3124.0,3099.0,3100.0,64610982,1082,2025-07-27,0.684563129636068,2137.8906538534407,2138.5752169830766,2121.4611387421746,2122.145701871811,4,3581,1.0,0.041666666666666664,1404-05-05,False,False
2025-07-27 11:00:00,3099.0,3100.0,3087.0,3087.0,77564214,1109,2025-07-27,0.684563129636068,2121.4611387421746,2122.145701871811,2113.246381186542,2113.246381186542,4,3582,1.0,0.041666666666666664,1404-05-05,False,False
2025-07-27 12:00:00,3087.0,3098.0,3083.0,3091.0,41194367,650,2025-07-27,0.684563129636068,2113.246381186542,2120.7765756125386,2110.508128667998,2115.9846337050863,4,3583,1.0,0.041666666666666664,1404-05-05,False,False
2025-07-27 16:00:00,3083.0,3148.0,3083.0,3148.0,31465029,113,2025-07-27,0.684563129636068,2110.508128667998,2155.004732094342,2110.508128667998,2155.004732094342,4,3584,4.0,0.16666666666666666,1404-05-05,False,False
2025-07-27 17:00:00,3148.0,3157.0,3103.0,3113.0,14143447,51,2025-07-27,0.684563129636068,2155.004732094342,2161.1658002610666,2124.199391260719,2131.04502255708,4,3585,1.0,0.041666666666666664,1404-05-05,False,False
2025-07-28 09:00:00,3106.0,3106.0,3027.0,3027.0,156405999,1971,2025-07-28,0.684563129636068,2126.2530806496275,2126.2530806496275,2072.172593408378,2072.172593408378,4,3586,16.0,0.6666666666666666,1404-05-06,False,False
2025-07-28 10:00:00,3027.0,3027.0,3016.0,3016.0,45006823,791,2025-07-28,0.684563129636068,2072.172593408378,2072.172593408378,2064.642398982381,2064.642398982381,4,3587,1.0,0.041666666666666664,1404-05-06,False,False
2025-07-28 12:00:00,3016.0,3016.0,3016.0,3016.0,4071109,145,2025-07-28,0.684563129636068,2064.642398982381,2064.642398982381,2064.642398982381,2064.642398982381,4,3588,2.0,0.08333333333333333,1404-05-06,False,False
2025-07-28 14:00:00,3056.0,3069.0,3019.0,3020.0,55295691,299,2025-07-28,0.684563129636068,2092.024924167824,2100.9242448530927,2066.6960883712895,2067.3806515009255,4,3589,2.0,0.08333333333333333,1404-05-06,False,False
2025-07-28 15:00:00,3020.0,3085.0,3020.0,3061.0,9192391,42,2025-07-28,0.684563129636068,2067.3806515009255,2111.87725492727,2067.3806515009255,2095.4477398160043,4,3590,1.0,0.041666666666666664,1404-05-06,False,False
2025-07-29 09:00:00,2956.0,2969.0,2956.0,2956.0,26010537,766,2025-07-29,0.684563129636068,2023.5686112042172,2032.467931889486,2023.5686112042172,2023.5686112042172,4,3591,18.0,0.75,1404-05-07,False,False
2025-07-29 10:00:00,2956.0,2956.0,2956.0,2956.0,3487710,291,2025-07-29,0.684563129636068,2023.5686112042172,2023.5686112042172,2023.5686112042172,2023.5686112042172,4,3592,1.0,0.041666666666666664,1404-05-07,False,False
2025-07-29 11:00:00,2956.0,2956.0,2956.0,2956.0,3207781,215,2025-07-29,0.684563129636068,2023.5686112042172,2023.5686112042172,2023.5686112042172,2023.5686112042172,4,3593,1.0,0.041666666666666664,1404-05-07,False,False
2025-07-29 12:00:00,2956.0,2956.0,2956.0,2956.0,1564722,128,2025-07-29,0.684563129636068,2023.5686112042172,2023.5686112042172,2023.5686112042172,2023.5686112042172,4,3594,1.0,0.041666666666666664,1404-05-07,False,False
2025-07-30 09:00:00,2868.0,2883.0,2868.0,2869.0,46628441,1449,2025-07-30,0.684563129636068,1963.327055796243,1973.595502740784,1963.327055796243,1964.0116189258792,4,3595,21.0,0.875,1404-05-08,False,False
2025-07-30 10:00:00,2869.0,2870.0,2868.0,2868.0,61162737,997,2025-07-30,0.684563129636068,1964.0116189258792,1964.6961820555152,1963.327055796243,1963.327055796243,4,3596,1.0,0.041666666666666664,1404-05-08,False,False
2025-07-30 11:00:00,2868.0,2868.0,2868.0,2868.0,7676650,439,2025-07-30,0.684563129636068,1963.327055796243,1963.327055796243,1963.327055796243,1963.327055796243,4,3597,1.0,0.041666666666666664,1404-05-08,False,False
2025-07-30 12:00:00,2868.0,2869.0,2868.0,2868.0,13313000,525,2025-07-30,0.684563129636068,1963.327055796243,1964.0116189258792,1963.327055796243,1963.327055796243,4,3598,1.0,0.041666666666666664,1404-05-08,False,False
2025-07-30 15:00:00,2868.0,2868.0,2868.0,2868.0,17758495,90,2025-07-30,0.684563129636068,1963.327055796243,1963.327055796243,1963.327055796243,1963.327055796243,4,3599,3.0,0.125,1404-05-08,False,False
2025-08-02 09:00:00,2870.0,2896.0,2864.0,2865.0,84968010,1495,2025-08-02,0.684563129636068,1964.6961820555152,1982.494823426053,1960.5888032776988,1961.2733664073348,4,3600,66.0,2.75,1404-05-11,False,False
2025-08-02 10:00:00,2865.0,2865.0,2860.0,2861.0,58114392,1014,2025-08-02,0.684563129636068,1961.2733664073348,1961.2733664073348,1957.8505507591547,1958.5351138887906,4,3601,1.0,0.041666666666666664,1404-05-11,False,False
2025-08-02 11:00:00,2860.0,2861.0,2852.0,2852.0,88377632,1277,2025-08-02,0.684563129636068,1957.8505507591547,1958.5351138887906,1952.374045722066,1952.374045722066,4,3602,1.0,0.041666666666666664,1404-05-11,False,False
2025-08-02 12:00:00,2853.0,2899.0,2840.0,2899.0,47937418,803,2025-08-02,0.684563129636068,1953.058608851702,1984.5485128149612,1944.1592881664333,1984.5485128149612,4,3603,1.0,0.041666666666666664,1404-05-11,False,False
2025-08-02 16:00:00,2840.0,2885.0,2840.0,2867.0,43166885,145,2025-08-02,0.684563129636068,1944.1592881664333,1974.9646290000562,1944.1592881664333,1962.642492666607,4,3604,4.0,0.16666666666666666,1404-05-11,False,False
2025-08-06 11:00:00,2435.0,2436.0,2427.0,2429.0,31043226,464,2025-08-06,0.7588568026198274,1847.8163143792797,1848.5751711818993,1841.745459958321,1843.2631735635607,4,3605,91.0,3.7916666666666665,1404-05-15,True,True
2025-08-06 12:00:00,2429.0,2431.0,2424.0,2425.0,48073943,1009,2025-08-06,0.7588568026198274,1843.2631735635607,1844.7808871688003,1839.4688895504614,1840.2277463530813,4,3606,1.0,0.041666666666666664,1404-05-15,False,False
2025-08-09 09:00:00,2450.0,2479.0,2425.0,2426.0,68999462,1598,2025-08-09,0.7588568026198274,1859.199166418577,1881.206013694552,1840.2277463530813,1840.9866031557012,4,3607,69.0,2.875,1404-05-18,False,False
2025-08-09 10:00:00,2426.0,2427.0,2391.0,2392.0,49275170,1260,2025-08-09,0.7588568026198274,1840.9866031557012,1841.745459958321,1814.4266150640071,1815.185471866627,4,3608,1.0,0.041666666666666664,1404-05-18,False,False
2025-08-09 11:00:00,2391.0,2415.0,2390.0,2391.0,29934023,753,2025-08-09,0.7588568026198274,1814.4266150640071,1832.639178326883,1813.6677582613875,1814.4266150640071,4,3609,1.0,0.041666666666666664,1404-05-18,False,False
2025-08-09 12:00:00,2392.0,2398.0,2391.0,2396.0,15154804,461,2025-08-09,0.7588568026198274,1815.185471866627,1819.738612682346,1814.4266150640071,1818.2208990771064,4,3610,1.0,0.041666666666666664,1404-05-18,False,False
2025-08-10 09:00:00,2420.0,2424.0,2360.0,2360.0,73080416,1327,2025-08-10,0.7588568026198274,1836.4334623399823,1839.4688895504614,1790.9020541827927,1790.9020541827927,4,3611,21.0,0.875,1404-05-19,False,False
2025-08-10 10:00:00,2360.0,2419.0,2359.0,2392.0,60264416,895,2025-08-10,0.7588568026198274,1790.9020541827927,1835.6746055373624,1790.1431973801728,1815.185471866627,4,3612,1.0,0.041666666666666664,1404-05-19,False,False
2025-08-10 11:00:00,2391.0,2392.0,2385.0,2385.0,20862760,564,2025-08-10,0.7588568026198274,1814.4266150640071,1815.185471866627,1809.8734742482882,1809.8734742482882,4,3613,1.0,0.041666666666666664,1404-05-19,False,False
2025-08-10 12:00:00,2385.0,2387.0,2382.0,2382.0,13646191,384,2025-08-10,0.7588568026198274,1809.8734742482882,1811.391187853528,1807.5969038404287,1807.5969038404287,4,3614,1.0,0.041666666666666664,1404-05-19,False,False
2025-08-11 09:00:00,2380.0,2386.0,2332.0,2332.0,56576495,961,2025-08-11,0.7588568026198274,1806.0791902351891,1810.632331050908,1769.6540637094374,1769.6540637094374,4,3615,21.0,0.875,1404-05-20,False,False
2025-08-11 10:00:00,2332.0,2334.0,2315.0,2315.0,69461569,1212,2025-08-11,0.7588568026198274,1769.6540637094374,1771.171777314677,1756.7534980649002,1756.7534980649002,4,3616,1.0,0.041666666666666664,1404-05-20,False,False
2025-08-11 11:00:00,2315.0,2315.0,2315.0,2315.0,7508513,450,2025-08-11,0.7588568026198274,1756.7534980649002,1756.7534980649002,1756.7534980649002,1756.7534980649002,4,3617,1.0,0.041666666666666664,1404-05-20,False,False
2025-08-11 12:00:00,2315.0,2315.0,2315.0,2315.0,5980130,235,2025-08-11,0.7588568026198274,1756.7534980649002,1756.7534980649002,1756.7534980649002,1756.7534980649002,4,3618,1.0,0.041666666666666664,1404-05-20,False,False
2025-08-12 09:00:00,2317.0,2319.0,2260.0,2260.0,97923672,1669,2025-08-12,0.7588568026198274,1758.27121167014,1759.7889252753796,1715.0163739208099,1715.0163739208099,4,3619,21.0,0.875,1404-05-21,False,False
2025-08-12 10:00:00,2260.0,2260.0,2260.0,2260.0,10758983,512,2025-08-12,0.7588568026198274,1715.0163739208099,1715.0163739208099,1715.0163739208099,1715.0163739208099,4,3620,1.0,0.041666666666666664,1404-05-21,False,False
2025-08-12 11:00:00,2260.0,2260.0,2260.0,2260.0,5561395,295,2025-08-12,0.7588568026198274,1715.0163739208099,1715.0163739208099,1715.0163739208099,1715.0163739208099,4,3621,1.0,0.041666666666666664,1404-05-21,False,False
2025-08-12 12:00:00,2260.0,2260.0,2260.0,2260.0,2838135,196,2025-08-12,0.7588568026198274,1715.0163739208099,1715.0163739208099,1715.0163739208099,1715.0163739208099,4,3622,1.0,0.041666666666666664,1404-05-21,False,False
2025-08-12 14:00:00,2290.0,2304.0,2264.0,2286.0,13471788,54,2025-08-12,0.7588568026198274,1737.7820779994047,1748.4060732360822,1718.051801131289,1734.7466507889253,4,3623,2.0,0.08333333333333333,1404-05-21,False,False
2025-08-12 16:00:00,2264.0,2277.0,2264.0,2277.0,11961946,112,2025-08-12,0.7588568026198274,1718.051801131289,1727.9169395653469,1718.051801131289,1727.9169395653469,4,3624,2.0,0.08333333333333333,1404-05-21,False,False
2025-08-13 09:00:00,2210.0,2220.0,2210.0,2210.0,22113457,811,2025-08-13,0.7588568026198274,1677.0735337898184,1684.6621018160167,1677.0735337898184,1677.0735337898184,4,3625,17.0,0.7083333333333334,1404-05-22,False,False
2025-08-13 10:00:00,2210.0,2210.0,2210.0,2210.0,6051096,352,2025-08-13,0.7588568026198274,1677.0735337898184,1677.0735337898184,1677.0735337898184,1677.0735337898184,4,3626,1.0,0.041666666666666664,1404-05-22,False,False
2025-08-13 11:00:00,2210.0,2210.0,2210.0,2210.0,4353626,261,2025-08-13,0.7588568026198274,1677.0735337898184,1677.0735337898184,1677.0735337898184,1677.0735337898184,4,3627,1.0,0.041666666666666664,1404-05-22,False,False
2025-08-13 12:00:00,2210.0,2210.0,2210.0,2210.0,2363149,169,2025-08-13,0.7588568026198274,1677.0735337898184,1677.0735337898184,1677.0735337898184,1677.0735337898184,4,3628,1.0,0.041666666666666664,1404-05-22,False,False
2025-08-16 09:00:00,2201.0,2202.0,2144.0,2168.0,85352125,1602,2025-08-16,0.7588568026198274,1670.24382256624,1671.0026793688598,1626.9889848169098,1645.2015480797857,4,3629,69.0,2.875,1404-05-25,False,False
2025-08-16 10:00:00,2167.0,2200.0,2166.0,2199.0,36348566,788,2025-08-16,0.7588568026198274,1644.442691277166,1669.4849657636203,1643.683834474546,1668.7261089610004,4,3630,1.0,0.041666666666666664,1404-05-25,False,False
2025-08-16 11:00:00,2195.0,2203.0,2163.0,2175.0,22267911,645,2025-08-16,0.7588568026198274,1665.690681750521,1671.7615361714797,1641.4072640666866,1650.5135456981245,4,3631,1.0,0.041666666666666664,1404-05-25,False,False
2025-08-16 12:00:00,2176.0,2216.0,2175.0,2216.0,16331317,398,2025-08-16,0.7588568026198274,1651.2724025007444,1681.6266746055373,1650.5135456981245,1681.6266746055373,4,3632,1.0,0.041666666666666664,1404-05-25,False,False
2025-08-16 13:00:00,2173.0,2210.0,2144.0,2196.0,78295833,546,2025-08-16,0.7588568026198274,1648.995832092885,1677.0735337898184,1626.9889848169098,1666.4495385531409,4,3633,1.0,0.041666666666666664,1404-05-25,False,False
2025-08-16 14:00:00,2196.0,2201.0,2144.0,2147.0,75072533,659,2025-08-16,0.7588568026198274,1666.4495385531409,1670.24382256624,1626.9889848169098,1629.2655552247693,4,3634,1.0,0.041666666666666664,1404-05-25,False,False
2025-08-16 15:00:00,2149.0,2201.0,2149.0,2201.0,9608825,111,2025-08-16,0.7588568026198274,1630.783268830009,1670.24382256624,1630.783268830009,1670.24382256624,4,3635,1.0,0.041666666666666664,1404-05-25,False,False
2025-08-16 16:00:00,2210.0,2215.0,2210.0,2210.0,3626375,15,2025-08-16,0.7588568026198274,1677.0735337898184,1680.8678178029177,1677.0735337898184,1677.0735337898184,4,3636,1.0,0.041666666666666664,1404-05-25,False,False
2025-08-17 09:00:00,2230.0,2240.0,2200.0,2240.0,65462684,909,2025-08-17,0.7588568026198274,1692.250669842215,1699.8392378684132,1669.4849657636203,1699.8392378684132,4,3637,17.0,0.7083333333333334,1404-05-26,False,False
2025-08-17 10:00:00,2240.0,2240.0,2240.0,2240.0,31712318,306,2025-08-17,0.7588568026198274,1699.8392378684132,1699.8392378684132,1699.8392378684132,1699.8392378684132,4,3638,1.0,0.041666666666666664,1404-05-26,False,False
2025-08-17 11:00:00,2240.0,2240.0,2240.0,2240.0,4177244,148,2025-08-17,0.7588568026198274,1699.8392378684132,1699.8392378684132,1699.8392378684132,1699.8392378684132,4,3639,1.0,0.041666666666666664,1404-05-26,False,False
2025-08-17 12:00:00,2240.0,2240.0,2240.0,2240.0,6632561,99,2025-08-17,0.7588568026198274,1699.8392378684132,1699.8392378684132,1699.8392378684132,1699.8392378684132,4,3640,1.0,0.041666666666666664,1404-05-26,False,False
2025-08-18 09:00:00,2300.0,2300.0,2237.0,2237.0,44584380,1153,2025-08-18,0.7588568026198274,1745.3706460256028,1745.3706460256028,1697.5626674605537,1697.5626674605537,4,3641,21.0,0.875,1404-05-27,False,False
2025-08-18 10:00:00,2240.0,2245.0,2206.0,2213.0,30992334,838,2025-08-18,0.7588568026198274,1699.8392378684132,1703.6335218815125,1674.0381065793392,1679.3501041976779,4,3642,1.0,0.041666666666666664,1404-05-27,False,False
2025-08-18 11:00:00,2212.0,2222.0,2198.0,2204.0,19460567,771,2025-08-18,0.7588568026198274,1678.5912473950582,1686.1798154212563,1667.9672521583805,1672.5203929740994,4,3643,1.0,0.041666666666666664,1404-05-27,False,False
2025-08-18 12:00:00,2204.0,2233.0,2198.0,2214.0,15989372,390,2025-08-18,0.7588568026198274,1672.5203929740994,1694.5272402500746,1667.9672521583805,1680.1089610002978,4,3644,1.0,0.041666666666666664,1404-05-27,False,False
2025-08-19 09:00:00,2188.0,2240.0,2188.0,2197.0,42090381,940,2025-08-19,0.7588568026198274,1660.3786841321823,1699.8392378684132,1660.3786841321823,1667.2083953557608,4,3645,21.0,0.875,1404-05-28,False,False
2025-08-19 10:00:00,2196.0,2197.0,2189.0,2190.0,24002769,635,2025-08-19,0.7588568026198274,1666.4495385531409,1667.2083953557608,1661.137540934802,1661.896397737422,4,3646,1.0,0.041666666666666664,1404-05-28,False,False
2025-08-19 11:00:00,2189.0,2191.0,2179.0,2179.0,21987028,662,2025-08-19,0.7588568026198274,1661.137540934802,1662.6552545400418,1653.548972908604,1653.548972908604,4,3647,1.0,0.041666666666666664,1404-05-28,False,False
2025-08-19 12:00:00,2179.0,2190.0,2179.0,2179.0,22170391,452,2025-08-19,0.7588568026198274,1653.548972908604,1661.896397737422,1653.548972908604,1653.548972908604,4,3648,1.0,0.041666666666666664,1404-05-28,False,False
2025-08-20 09:00:00,2200.0,2200.0,2157.0,2157.0,28371546,681,2025-08-20,0.7588568026198274,1669.4849657636203,1669.4849657636203,1636.8541232509676,1636.8541232509676,4,3649,21.0,0.875,1404-05-29,False,False
2025-08-20 10:00:00,2158.0,2159.0,2137.0,2142.0,26172281,620,2025-08-20,0.7588568026198274,1637.6129800535875,1638.3718368562072,1621.676987198571,1625.4712712116702,4,3650,1.0,0.041666666666666664,1404-05-29,False,False
2025-08-20 11:00:00,2141.0,2142.0,2136.0,2139.0,21866395,562,2025-08-20,0.7588568026198274,1624.7124144090503,1625.4712712116702,1620.9181303959513,1623.1947008038107,4,3651,1.0,0.041666666666666664,1404-05-29,False,False
2025-08-20 12:00:00,2138.0,2139.0,2128.0,2130.0,19055368,479,2025-08-20,0.7588568026198274,1622.4358440011908,1623.1947008038107,1614.8472759749925,1616.3649895802323,4,3652,1.0,0.041666666666666664,1404-05-29,False,False
2025-08-23 09:00:00,2137.0,2137.0,2112.0,2123.0,32962009,844,2025-08-23,0.7588568026198274,1621.676987198571,1621.676987198571,1602.7055671330754,1611.0529919618934,4,3653,69.0,2.875,1404-06-01,False,False
2025-08-23 10:00:00,2123.0,2167.0,2103.0,2150.0,19829975,658,2025-08-23,0.7588568026198274,1611.0529919618934,1644.442691277166,1595.875855909497,1631.5421256326288,4,3654,1.0,0.041666666666666664,1404-06-01,False,False
2025-08-23 11:00:00,2150.0,2152.0,2135.0,2138.0,13926738,411,2025-08-23,0.7588568026198274,1631.5421256326288,1633.0598392378686,1620.1592735933314,1622.4358440011908,4,3655,1.0,0.041666666666666664,1404-06-01,False,False
2025-08-23 12:00:00,2138.0,2145.0,2129.0,2131.0,11567877,273,2025-08-23,0.7588568026198274,1622.4358440011908,1627.7478416195297,1615.6061327776124,1617.123846382852,4,3656,1.0,0.041666666666666664,1404-06-01,False,False
2025-08-23 15:00:00,2112.0,2155.0,2104.0,2143.0,12846525,71,2025-08-23,0.7588568026198274,1602.7055671330754,1635.336409645728,1596.6347127121167,1626.2301280142901,4,3657,3.0,0.125,1404-06-01,False,False
2025-08-25 09:00:00,2104.0,2130.0,2063.0,2063.0,31880443,972,2025-08-25,0.7588568026198274,1596.6347127121167,1616.3649895802323,1565.5215838047038,1565.5215838047038,4,3658,42.0,1.75,1404-06-03,False,False
2025-08-25 10:00:00,2063.0,2063.0,2063.0,2063.0,12966395,577,2025-08-25,0.7588568026198274,1565.5215838047038,1565.5215838047038,1565.5215838047038,1565.5215838047038,4,3659,1.0,0.041666666666666664,1404-06-03,False,False
2025-08-25 11:00:00,2063.0,2063.0,2063.0,2063.0,10814625,423,2025-08-25,0.7588568026198274,1565.5215838047038,1565.5215838047038,1565.5215838047038,1565.5215838047038,4,3660,1.0,0.041666666666666664,1404-06-03,False,False
2025-08-25 12:00:00,2063.0,2063.0,2063.0,2063.0,3071783,189,2025-08-25,0.7588568026198274,1565.5215838047038,1565.5215838047038,1565.5215838047038,1565.5215838047038,4,3661,1.0,0.041666666666666664,1404-06-03,False,False
2025-08-26 09:00:00,2010.0,2068.0,2010.0,2057.0,43620924,1006,2025-08-26,0.7588568026198274,1525.302173265853,1569.3158678178029,1525.302173265853,1560.9684429889849,4,3662,21.0,0.875,1404-06-04,False,False
2025-08-26 10:00:00,2057.0,2099.0,2055.0,2094.0,22040973,599,2025-08-26,0.7588568026198274,1560.9684429889849,1592.8404286990176,1559.4507293837453,1589.0461446859185,4,3663,1.0,0.041666666666666664,1404-06-04,False,False
2025-08-26 11:00:00,2091.0,2119.0,2085.0,2088.0,22335823,603,2025-08-26,0.7588568026198274,1586.769574278059,1608.017564751414,1582.21643346234,1584.4930038701996,4,3664,1.0,0.041666666666666664,1404-06-04,False,False
2025-08-26 12:00:00,2087.0,2108.0,2077.0,2107.0,10771295,365,2025-08-26,0.7588568026198274,1583.7341470675797,1599.670139922596,1576.1455790413813,1598.9112831199761,4,3665,1.0,0.041666666666666664,1404-06-04,False,False
2025-08-27 09:00:00,2050.0,2125.0,2050.0,2125.0,58507427,800,2025-08-27,0.7588568026198274,1555.656445370646,1612.570705567133,1555.656445370646,1612.570705567133,4,3666,21.0,0.875,1404-06-05,False,False
2025-08-27 10:00:00,2125.0,2125.0,2124.0,2125.0,30795828,504,2025-08-27,0.7588568026198274,1612.570705567133,1612.570705567133,1611.8118487645133,1612.570705567133,4,3667,1.0,0.041666666666666664,1404-06-05,False,False
2025-08-27 11:00:00,2124.0,2125.0,2083.0,2110.0,18719466,578,2025-08-27,0.7588568026198274,1611.8118487645133,1612.570705567133,1580.6987198571003,1601.1878535278356,4,3668,1.0,0.041666666666666664,1404-06-05,False,False
2025-08-27 12:00:00,2109.0,2124.0,2100.0,2105.0,12531025,287,2025-08-27,0.7588568026198274,1600.428996725216,1611.8118487645133,1593.5992855016375,1597.3935695147366,4,3669,1.0,0.041666666666666664,1404-06-05,False,False
2025-08-30 10:00:00,2090.0,2161.0,2090.0,2153.0,21048384,442,2025-08-30,0.7588568026198274,1586.0107174754392,1639.889550461447,1586.0107174754392,1633.8186960404882,4,3670,70.0,2.9166666666666665,1404-06-08,False,False
2025-08-30 11:00:00,2151.0,2182.0,2150.0,2182.0,78062548,1073,2025-08-30,0.7588568026198274,1632.3009824352487,1655.8255433164634,1631.5421256326288,1655.8255433164634,4,3671,1.0,0.041666666666666664,1404-06-08,False,False
2025-08-30 12:00:00,2182.0,2182.0,2182.0,2182.0,13714207,223,2025-08-30,0.7588568026198274,1655.8255433164634,1655.8255433164634,1655.8255433164634,1655.8255433164634,4,3672,1.0,0.041666666666666664,1404-06-08,False,False
2025-08-31 09:00:00,2220.0,2232.0,2203.0,2232.0,57323956,612,2025-08-31,0.7588568026198274,1684.6621018160167,1693.7683834474547,1671.7615361714797,1693.7683834474547,4,3673,21.0,0.875,1404-06-09,False,False
2025-08-31 10:00:00,2232.0,2232.0,2232.0,2232.0,16776190,215,2025-08-31,0.7588568026198274,1693.7683834474547,1693.7683834474547,1693.7683834474547,1693.7683834474547,4,3674,1.0,0.041666666666666664,1404-06-09,False,False
2025-08-31 11:00:00,2232.0,2232.0,2232.0,2232.0,12257751,152,2025-08-31,0.7588568026198274,1693.7683834474547,1693.7683834474547,1693.7683834474547,1693.7683834474547,4,3675,1.0,0.041666666666666664,1404-06-09,False,False
2025-08-31 12:00:00,2232.0,2232.0,2232.0,2232.0,2396748,80,2025-08-31,0.7588568026198274,1693.7683834474547,1693.7683834474547,1693.7683834474547,1693.7683834474547,4,3676,1.0,0.041666666666666664,1404-06-09,False,False
2025-09-02 09:00:00,2297.0,2297.0,2297.0,2297.0,21271220,359,2025-09-02,0.7588568026198274,1743.0940756177433,1743.0940756177433,1743.0940756177433,1743.0940756177433,4,3677,45.0,1.875,1404-06-11,False,False
2025-09-02 10:00:00,2297.0,2297.0,2297.0,2297.0,6437358,137,2025-09-02,0.7588568026198274,1743.0940756177433,1743.0940756177433,1743.0940756177433,1743.0940756177433,4,3678,1.0,0.041666666666666664,1404-06-11,False,False
2025-09-02 11:00:00,2297.0,2297.0,2297.0,2297.0,11869402,177,2025-09-02,0.7588568026198274,1743.0940756177433,1743.0940756177433,1743.0940756177433,1743.0940756177433,4,3679,1.0,0.041666666666666664,1404-06-11,False,False
2025-09-02 12:00:00,2297.0,2297.0,2297.0,2297.0,3037354,57,2025-09-02,0.7588568026198274,1743.0940756177433,1743.0940756177433,1743.0940756177433,1743.0940756177433,4,3680,1.0,0.041666666666666664,1404-06-11,False,False
2025-09-03 09:00:00,2365.0,2365.0,2351.0,2365.0,159330607,1680,2025-09-03,0.7588568026198274,1794.6963381958917,1794.6963381958917,1784.0723429592142,1794.6963381958917,4,3681,21.0,0.875,1404-06-12,False,False
2025-09-03 10:00:00,2365.0,2365.0,2364.0,2365.0,38637354,543,2025-09-03,0.7588568026198274,1794.6963381958917,1794.6963381958917,1793.9374813932718,1794.6963381958917,4,3682,1.0,0.041666666666666664,1404-06-12,False,False
2025-09-03 11:00:00,2365.0,2365.0,2365.0,2365.0,12505042,200,2025-09-03,0.7588568026198274,1794.6963381958917,1794.6963381958917,1794.6963381958917,1794.6963381958917,4,3683,1.0,0.041666666666666664,1404-06-12,False,False
2025-09-03 12:00:00,2365.0,2365.0,2365.0,2365.0,5745506,80,2025-09-03,0.7588568026198274,1794.6963381958917,1794.6963381958917,1794.6963381958917,1794.6963381958917,4,3684,1.0,0.041666666666666664,1404-06-12,False,False
2025-09-06 09:00:00,2389.0,2392.0,2338.0,2365.0,95831313,1641,2025-09-06,0.7588568026198274,1812.9089014587676,1815.185471866627,1774.2072045251564,1794.6963381958917,4,3685,69.0,2.875,1404-06-15,False,False
2025-09-06 10:00:00,2365.0,2379.0,2319.0,2320.0,47753567,1051,2025-09-06,0.7588568026198274,1794.6963381958917,1805.3203334325692,1759.7889252753796,1760.5477820779995,4,3686,1.0,0.041666666666666664,1404-06-15,False,False
2025-09-06 11:00:00,2319.0,2321.0,2299.0,2301.0,45499103,1017,2025-09-06,0.7588568026198274,1759.7889252753796,1761.3066388806192,1744.6117892229831,1746.1295028282227,4,3687,1.0,0.041666666666666664,1404-06-15,False,False
2025-09-06 12:00:00,2302.0,2340.0,2302.0,2317.0,16511532,420,2025-09-06,0.7588568026198274,1746.8883596308426,1775.724918130396,1746.8883596308426,1758.27121167014,4,3688,1.0,0.041666666666666664,1404-06-15,False,False
2025-09-07 09:00:00,2300.0,2379.0,2288.0,2349.0,60892269,1008,2025-09-07,0.7588568026198274,1745.3706460256028,1805.3203334325692,1736.2643643941649,1782.5546293539744,4,3689,21.0,0.875,1404-06-16,False,False
2025-09-07 10:00:00,2349.0,2408.0,2349.0,2396.0,38924544,825,2025-09-07,0.7588568026198274,1782.5546293539744,1827.3271807085443,1782.5546293539744,1818.2208990771064,4,3690,1.0,0.041666666666666664,1404-06-16,False,False
2025-09-07 11:00:00,2396.0,2410.0,2340.0,2341.0,37759357,815,2025-09-07,0.7588568026198274,1818.2208990771064,1828.844894313784,1775.724918130396,1776.4837749330159,4,3691,1.0,0.041666666666666664,1404-06-16,False,False
2025-09-07 12:00:00,2341.0,2372.0,2340.0,2366.0,18115402,388,2025-09-07,0.7588568026198274,1776.4837749330159,1800.0083358142306,1775.724918130396,1795.4551949985116,4,3692,1.0,0.041666666666666664,1404-06-16,False,False
2025-09-08 09:00:00,2420.0,2442.0,2400.0,2442.0,106037963,1145,2025-09-08,0.7588568026198274,1836.4334623399823,1853.1283119976183,1821.2563262875856,1853.1283119976183,4,3693,21.0,0.875,1404-06-17,False,False
2025-09-08 10:00:00,2442.0,2442.0,2442.0,2442.0,34830234,394,2025-09-08,0.7588568026198274,1853.1283119976183,1853.1283119976183,1853.1283119976183,1853.1283119976183,4,3694,1.0,0.041666666666666664,1404-06-17,False,False
2025-09-08 11:00:00,2442.0,2442.0,2442.0,2442.0,16680587,244,2025-09-08,0.7588568026198274,1853.1283119976183,1853.1283119976183,1853.1283119976183,1853.1283119976183,4,3695,1.0,0.041666666666666664,1404-06-17,False,False
2025-09-08 12:00:00,2442.0,2442.0,2442.0,2442.0,11221849,120,2025-09-08,0.7588568026198274,1853.1283119976183,1853.1283119976183,1853.1283119976183,1853.1283119976183,4,3696,1.0,0.041666666666666664,1404-06-17,False,False
2025-09-09 09:00:00,2490.0,2490.0,2400.0,2405.0,58389916,1356,2025-09-09,0.7588568026198274,1889.55343852337,1889.55343852337,1821.2563262875856,1825.0506103006849,4,3697,21.0,0.875,1404-06-18,False,False
2025-09-09 10:00:00,2405.0,2419.0,2395.0,2402.0,54416635,896,2025-09-09,0.7588568026198274,1825.0506103006849,1835.6746055373624,1817.4620422744865,1822.7740398928254,4,3698,1.0,0.041666666666666664,1404-06-18,False,False
2025-09-09 11:00:00,2401.0,2450.0,2393.0,2437.0,33290893,742,2025-09-09,0.7588568026198274,1822.0151830902055,1859.199166418577,1815.944328669247,1849.3340279845193,4,3699,1.0,0.041666666666666664,1404-06-18,False,False
2025-09-09 12:00:00,2437.0,2439.0,2393.0,2393.0,18631743,441,2025-09-09,0.7588568026198274,1849.3340279845193,1850.8517415897588,1815.944328669247,1815.944328669247,4,3700,1.0,0.041666666666666664,1404-06-18,False,False
2025-09-13 09:00:00,2416.0,2440.0,2388.0,2402.0,36138490,845,2025-09-13,0.7588568026198274,1833.398035129503,1851.6105983923787,1812.1500446561477,1822.7740398928254,4,3701,93.0,3.875,1404-06-22,False,False
2025-09-13 10:00:00,2403.0,2415.0,2387.0,2393.0,20884245,558,2025-09-13,0.7588568026198274,1823.532896695445,1832.639178326883,1811.391187853528,1815.944328669247,4,3702,1.0,0.041666666666666664,1404-06-22,False,False
2025-09-13 11:00:00,2394.0,2411.0,2390.0,2395.0,19356816,479,2025-09-13,0.7588568026198274,1816.7031854718666,1829.6037511164038,1813.6677582613875,1817.4620422744865,4,3703,1.0,0.041666666666666664,1404-06-22,False,False
2025-09-13 12:00:00,2393.0,2396.0,2384.0,2385.0,13805410,358,2025-09-13,0.7588568026198274,1815.944328669247,1818.2208990771064,1809.1146174456685,1809.8734742482882,4,3704,1.0,0.041666666666666664,1404-06-22,False,False
2025-09-14 09:00:00,2390.0,2444.0,2375.0,2443.0,58916676,1007,2025-09-14,0.7588568026198274,1813.6677582613875,1854.6460256028581,1802.28490622209,1853.8871688002382,4,3705,21.0,0.875,1404-06-23,False,False
2025-09-14 10:00:00,2443.0,2470.0,2442.0,2470.0,89303873,886,2025-09-14,0.7588568026198274,1853.8871688002382,1874.3763024709735,1853.1283119976183,1874.3763024709735,4,3706,1.0,0.041666666666666664,1404-06-23,False,False
2025-09-14 11:00:00,2470.0,2470.0,2470.0,2470.0,63790291,502,2025-09-14,0.7588568026198274,1874.3763024709735,1874.3763024709735,1874.3763024709735,1874.3763024709735,4,3707,1.0,0.041666666666666664,1404-06-23,False,False
2025-09-14 12:00:00,2470.0,2470.0,2470.0,2470.0,13477693,165,2025-09-14,0.7588568026198274,1874.3763024709735,1874.3763024709735,1874.3763024709735,1874.3763024709735,4,3708,1.0,0.041666666666666664,1404-06-23,False,False
2025-09-15 09:00:00,2510.0,2510.0,2409.0,2410.0,75548574,1378,2025-09-15,0.7588568026198274,1904.7305745757667,1904.7305745757667,1828.086037511164,1828.844894313784,4,3709,21.0,0.875,1404-06-24,False,False
2025-09-15 10:00:00,2410.0,2440.0,2406.0,2418.0,24713331,691,2025-09-15,0.7588568026198274,1828.844894313784,1851.6105983923787,1825.8094671033045,1834.9157487347425,4,3710,1.0,0.041666666666666664,1404-06-24,False,False
2025-09-15 11:00:00,2417.0,2421.0,2387.0,2387.0,45547971,900,2025-09-15,0.7588568026198274,1834.1568919321228,1837.192319142602,1811.391187853528,1811.391187853528,4,3711,1.0,0.041666666666666664,1404-06-24,False,False
2025-09-15 12:00:00,2387.0,2394.0,2387.0,2394.0,15013354,442,2025-09-15,0.7588568026198274,1811.391187853528,1816.7031854718666,1811.391187853528,1816.7031854718666,4,3712,1.0,0.041666666666666664,1404-06-24,False,False
2025-09-16 10:00:00,2352.0,2352.0,2352.0,2352.0,15335548,323,2025-09-16,0.7588568026198274,1784.831199761834,1784.831199761834,1784.831199761834,1784.831199761834,4,3713,22.0,0.9166666666666666,1404-06-25,False,False
2025-09-16 11:00:00,2352.0,2360.0,2352.0,2352.0,38734742,650,2025-09-16,0.7588568026198274,1784.831199761834,1790.9020541827927,1784.831199761834,1784.831199761834,4,3714,1.0,0.041666666666666664,1404-06-25,False,False
2025-09-16 12:00:00,2352.0,2352.0,2352.0,2352.0,2454937,142,2025-09-16,0.7588568026198274,1784.831199761834,1784.831199761834,1784.831199761834,1784.831199761834,4,3715,1.0,0.041666666666666664,1404-06-25,False,False
2025-09-17 09:00:00,2309.0,2309.0,2282.0,2282.0,59339452,1069,2025-09-17,0.7588568026198274,1752.2003572491813,1752.2003572491813,1731.711223578446,1731.711223578446,4,3716,21.0,0.875,1404-06-26,False,False
2025-09-17 10:00:00,2282.0,2330.0,2282.0,2295.0,42795254,770,2025-09-17,0.7588568026198274,1731.711223578446,1768.1363501041978,1731.711223578446,1741.5763620125038,4,3717,1.0,0.041666666666666664,1404-06-26,False,False
2025-09-17 11:00:00,2295.0,2296.0,2289.0,2290.0,17374008,492,2025-09-17,0.7588568026198274,1741.5763620125038,1742.3352188151237,1737.0232211967848,1737.7820779994047,4,3718,1.0,0.041666666666666664,1404-06-26,False,False
2025-09-17 12:00:00,2290.0,2291.0,2287.0,2287.0,11892048,338,2025-09-17,0.7588568026198274,1737.7820779994047,1738.5409348020244,1735.5055075915452,1735.5055075915452,4,3719,1.0,0.041666666666666664,1404-06-26,False,False
2025-09-17 15:00:00,2295.0,2325.0,2282.0,2282.0,25770709,124,2025-09-17,0.7588568026198274,1741.5763620125038,1764.3420660910986,1731.711223578446,1731.711223578446,4,3720,3.0,0.125,1404-06-26,False,False
2025-09-20 09:00:00,2224.0,2224.0,2224.0,2224.0,2182897,226,2025-09-20,0.7588568026198274,1687.697529026496,1687.697529026496,1687.697529026496,1687.697529026496,4,3721,66.0,2.75,1404-06-29,False,False
2025-09-20 10:00:00,2224.0,2224.0,2224.0,2224.0,4121762,150,2025-09-20,0.7588568026198274,1687.697529026496,1687.697529026496,1687.697529026496,1687.697529026496,4,3722,1.0,0.041666666666666664,1404-06-29,False,False
2025-09-20 11:00:00,2224.0,2224.0,2224.0,2224.0,3992719,136,2025-09-20,0.7588568026198274,1687.697529026496,1687.697529026496,1687.697529026496,1687.697529026496,4,3723,1.0,0.041666666666666664,1404-06-29,False,False
2025-09-20 12:00:00,2224.0,2224.0,2224.0,2224.0,3606100,110,2025-09-20,0.7588568026198274,1687.697529026496,1687.697529026496,1687.697529026496,1687.697529026496,4,3724,1.0,0.041666666666666664,1404-06-29,False,False
2025-09-20 16:00:00,2224.0,2224.0,2224.0,2224.0,21354988,108,2025-09-20,0.7588568026198274,1687.697529026496,1687.697529026496,1687.697529026496,1687.697529026496,4,3725,4.0,0.16666666666666666,1404-06-29,False,False
2025-09-21 09:00:00,2158.0,2183.0,2158.0,2170.0,77703876,1410,2025-09-21,0.7588568026198274,1637.6129800535875,1656.584400119083,1637.6129800535875,1646.7192616850255,4,3726,17.0,0.7083333333333334,1404-06-30,False,False
2025-09-21 10:00:00,2169.0,2178.0,2167.0,2177.0,27989415,708,2025-09-21,0.7588568026198274,1645.9604048824056,1652.790116105984,1644.442691277166,1652.031259303364,4,3727,1.0,0.041666666666666664,1404-06-30,False,False
2025-09-21 11:00:00,2173.0,2177.0,2166.0,2167.0,28594051,639,2025-09-21,0.7588568026198274,1648.995832092885,1652.031259303364,1643.683834474546,1644.442691277166,4,3728,1.0,0.041666666666666664,1404-06-30,False,False
2025-09-21 12:00:00,2167.0,2176.0,2161.0,2170.0,21118368,506,2025-09-21,0.7588568026198274,1644.442691277166,1651.2724025007444,1639.889550461447,1646.7192616850255,4,3729,1.0,0.041666666666666664,1404-06-30,False,False
2025-09-21 15:00:00,2162.0,2171.0,2162.0,2162.0,26866321,204,2025-09-21,0.7588568026198274,1640.6484072640667,1647.4781184876451,1640.6484072640667,1640.6484072640667,4,3730,3.0,0.125,1404-06-30,False,False
2025-09-21 16:00:00,2163.0,2173.0,2162.0,2162.0,68385220,525,2025-09-21,0.7588568026198274,1641.4072640666866,1648.995832092885,1640.6484072640667,1640.6484072640667,4,3731,1.0,0.041666666666666664,1404-06-30,False,False
2025-09-22 09:00:00,2220.0,2230.0,2174.0,2226.0,104681074,1249,2025-09-22,0.7588568026198274,1684.6621018160167,1692.250669842215,1649.7546888955046,1689.2152426317357,4,3732,17.0,0.7083333333333334,1404-06-31,False,False
2025-09-22 10:00:00,2227.0,2230.0,2221.0,2227.0,33791470,664,2025-09-22,0.7588568026198274,1689.9740994343556,1692.250669842215,1685.4209586186366,1689.9740994343556,4,3733,1.0,0.041666666666666664,1404-06-31,False,False
2025-09-22 11:00:00,2226.0,2230.0,2217.0,2217.0,36996465,617,2025-09-22,0.7588568026198274,1689.2152426317357,1692.250669842215,1682.3855314081572,1682.3855314081572,4,3734,1.0,0.041666666666666664,1404-06-31,False,False
2025-09-22 12:00:00,2218.0,2230.0,2217.0,2230.0,17200494,311,2025-09-22,0.7588568026198274,1683.1443882107772,1692.250669842215,1682.3855314081572,1692.250669842215,4,3735,1.0,0.041666666666666664,1404-06-31,False,False
2025-09-23 09:00:00,2254.0,2254.0,2176.0,2216.0,33147877,743,2025-09-23,0.7588568026198274,1710.463233105091,1710.463233105091,1651.2724025007444,1681.6266746055373,4,3736,21.0,0.875,1404-07-01,False,False
2025-09-23 10:00:00,2215.0,2250.0,2214.0,2229.0,27450840,504,2025-09-23,0.7588568026198274,1680.8678178029177,1707.4278058946115,1680.1089610002978,1691.4918130395952,4,3737,1.0,0.041666666666666664,1404-07-01,False,False
2025-09-23 11:00:00,2230.0,2232.0,2190.0,2192.0,29508873,580,2025-09-23,0.7588568026198274,1692.250669842215,1693.7683834474547,1661.896397737422,1663.4141113426615,4,3738,1.0,0.041666666666666664,1404-07-01,False,False
2025-09-23 12:00:00,2192.0,2192.0,2168.0,2185.0,25913911,576,2025-09-23,0.7588568026198274,1663.4141113426615,1663.4141113426615,1645.2015480797857,1658.1021137243229,4,3739,1.0,0.041666666666666664,1404-07-01,False,False
2025-09-24 09:00:00,2192.0,2192.0,2156.0,2157.0,54389088,1160,2025-09-24,0.7588568026198274,1663.4141113426615,1663.4141113426615,1636.0952664483477,1636.8541232509676,4,3740,21.0,0.875,1404-07-02,False,False
2025-09-24 10:00:00,2156.0,2178.0,2156.0,2178.0,33273703,778,2025-09-24,0.7588568026198274,1636.0952664483477,1652.790116105984,1636.0952664483477,1652.790116105984,4,3741,1.0,0.041666666666666664,1404-07-02,False,False
2025-09-24 11:00:00,2180.0,2180.0,2155.0,2170.0,33812826,711,2025-09-24,0.7588568026198274,1654.3078297112236,1654.3078297112236,1635.336409645728,1646.7192616850255,4,3742,1.0,0.041666666666666664,1404-07-02,False,False
2025-09-24 12:00:00,2170.0,2191.0,2167.0,2190.0,42947816,575,2025-09-24,0.7588568026198274,1646.7192616850255,1662.6552545400418,1644.442691277166,1661.896397737422,4,3743,1.0,0.041666666666666664,1404-07-02,False,False
2025-09-24 17:00:00,2168.0,2168.0,2168.0,2168.0,99366,1,2025-09-24,0.7588568026198274,1645.2015480797857,1645.2015480797857,1645.2015480797857,1645.2015480797857,4,3744,5.0,0.20833333333333334,1404-07-02,False,False
2025-09-27 09:00:00,2180.0,2234.0,2180.0,2234.0,42907336,636,2025-09-27,0.7588568026198274,1654.3078297112236,1695.2860970526942,1654.3078297112236,1695.2860970526942,4,3745,64.0,2.6666666666666665,1404-07-05,False,False
2025-09-27 10:00:00,2234.0,2234.0,2234.0,2234.0,14948121,292,2025-09-27,0.7588568026198274,1695.2860970526942,1695.2860970526942,1695.2860970526942,1695.2860970526942,4,3746,1.0,0.041666666666666664,1404-07-05,False,False
2025-09-27 11:00:00,2234.0,2234.0,2234.0,2234.0,41259037,352,2025-09-27,0.7588568026198274,1695.2860970526942,1695.2860970526942,1695.2860970526942,1695.2860970526942,4,3747,1.0,0.041666666666666664,1404-07-05,False,False
2025-09-27 12:00:00,2234.0,2234.0,2234.0,2234.0,3967111,124,2025-09-27,0.7588568026198274,1695.2860970526942,1695.2860970526942,1695.2860970526942,1695.2860970526942,4,3748,1.0,0.041666666666666664,1404-07-05,False,False
2025-09-28 09:00:00,2298.0,2298.0,2298.0,2298.0,22412568,330,2025-09-28,0.7588568026198274,1743.8529324203632,1743.8529324203632,1743.8529324203632,1743.8529324203632,4,3749,21.0,0.875,1404-07-06,False,False
2025-09-28 10:00:00,2298.0,2298.0,2298.0,2298.0,6048470,181,2025-09-28,0.7588568026198274,1743.8529324203632,1743.8529324203632,1743.8529324203632,1743.8529324203632,4,3750,1.0,0.041666666666666664,1404-07-06,False,False
2025-09-28 11:00:00,2298.0,2298.0,2298.0,2298.0,1737344,108,2025-09-28,0.7588568026198274,1743.8529324203632,1743.8529324203632,1743.8529324203632,1743.8529324203632,4,3751,1.0,0.041666666666666664,1404-07-06,False,False
2025-09-28 12:00:00,2298.0,2298.0,2298.0,2298.0,2452405,71,2025-09-28,0.7588568026198274,1743.8529324203632,1743.8529324203632,1743.8529324203632,1743.8529324203632,4,3752,1.0,0.041666666666666664,1404-07-06,False,False
2025-09-29 09:00:00,2366.0,2366.0,2366.0,2366.0,14106017,305,2025-09-29,0.7588568026198274,1795.4551949985116,1795.4551949985116,1795.4551949985116,1795.4551949985116,4,3753,21.0,0.875,1404-07-07,False,False
2025-09-29 10:00:00,2366.0,2366.0,2366.0,2366.0,2583732,125,2025-09-29,0.7588568026198274,1795.4551949985116,1795.4551949985116,1795.4551949985116,1795.4551949985116,4,3754,1.0,0.041666666666666664,1404-07-07,False,False
2025-09-29 11:00:00,2366.0,2366.0,2366.0,2366.0,22343347,239,2025-09-29,0.7588568026198274,1795.4551949985116,1795.4551949985116,1795.4551949985116,1795.4551949985116,4,3755,1.0,0.041666666666666664,1404-07-07,False,False
2025-09-29 12:00:00,2366.0,2366.0,2366.0,2366.0,43094784,352,2025-09-29,0.7588568026198274,1795.4551949985116,1795.4551949985116,1795.4551949985116,1795.4551949985116,4,3756,1.0,0.041666666666666664,1404-07-07,False,False
2025-09-30 09:00:00,2436.0,2436.0,2385.0,2428.0,165948244,2050,2025-09-30,0.7588568026198274,1848.5751711818993,1848.5751711818993,1809.8734742482882,1842.5043167609408,4,3757,21.0,0.875,1404-07-08,False,False
2025-09-30 10:00:00,2422.0,2432.0,2385.0,2411.0,76877354,1290,2025-09-30,0.7588568026198274,1837.9511759452218,1845.5397439714202,1809.8734742482882,1829.6037511164038,4,3758,1.0,0.041666666666666664,1404-07-08,False,False
2025-09-30 11:00:00,2411.0,2413.0,2370.0,2376.0,66480313,1060,2025-09-30,0.7588568026198274,1829.6037511164038,1831.1214647216434,1798.4906222089908,1803.0437630247097,4,3759,1.0,0.041666666666666664,1404-07-08,False,False
2025-09-30 12:00:00,2375.0,2412.0,2375.0,2408.0,42623699,634,2025-09-30,0.7588568026198274,1802.28490622209,1830.3626079190235,1802.28490622209,1827.3271807085443,4,3760,1.0,0.041666666666666664,1404-07-08,False,False
2025-10-04 09:00:00,2475.0,2475.0,2475.0,2475.0,26449247,409,2025-10-04,0.7588568026198274,1878.1705864840726,1878.1705864840726,1878.1705864840726,1878.1705864840726,5,3762,93.0,3.875,1404-07-12,False,False
2025-10-04 10:00:00,2475.0,2475.0,2475.0,2475.0,5234256,181,2025-10-04,0.7588568026198274,1878.1705864840726,1878.1705864840726,1878.1705864840726,1878.1705864840726,5,3763,1.0,0.041666666666666664,1404-07-12,False,False
2025-10-04 11:00:00,2475.0,2475.0,2475.0,2475.0,3987428,176,2025-10-04,0.7588568026198274,1878.1705864840726,1878.1705864840726,1878.1705864840726,1878.1705864840726,5,3764,1.0,0.041666666666666664,1404-07-12,False,False
2025-10-04 12:00:00,2475.0,2475.0,2475.0,2475.0,3272611,101,2025-10-04,0.7588568026198274,1878.1705864840726,1878.1705864840726,1878.1705864840726,1878.1705864840726,5,3765,1.0,0.041666666666666664,1404-07-12,False,False
2025-10-05 09:00:00,2549.0,2549.0,2549.0,2549.0,160736475,1304,2025-10-05,0.7588568026198274,1934.32598987794,1934.32598987794,1934.32598987794,1934.32598987794,5,3766,21.0,0.875,1404-07-13,False,False
2025-10-05 10:00:00,2549.0,2549.0,2531.0,2549.0,96622861,1419,2025-10-05,0.7588568026198274,1934.32598987794,1934.32598987794,1920.666567430783,1934.32598987794,5,3767,1.0,0.041666666666666664,1404-07-13,False,False
2025-10-05 11:00:00,2549.0,2549.0,2549.0,2549.0,12104539,314,2025-10-05,0.7588568026198274,1934.32598987794,1934.32598987794,1934.32598987794,1934.32598987794,5,3768,1.0,0.041666666666666664,1404-07-13,False,False
2025-10-05 12:00:00,2549.0,2549.0,2549.0,2549.0,3473018,72,2025-10-05,0.7588568026198274,1934.32598987794,1934.32598987794,1934.32598987794,1934.32598987794,5,3769,1.0,0.041666666666666664,1404-07-13,False,False
2025-10-06 09:00:00,2625.0,2625.0,2625.0,2625.0,94406138,847,2025-10-06,0.7588568026198274,1991.9991068770469,1991.9991068770469,1991.9991068770469,1991.9991068770469,5,3770,21.0,0.875,1404-07-14,False,False
2025-10-06 10:00:00,2625.0,2625.0,2592.0,2625.0,152305261,1602,2025-10-06,0.7588568026198274,1991.9991068770469,1991.9991068770469,1966.9568323905926,1991.9991068770469,5,3771,1.0,0.041666666666666664,1404-07-14,False,False
2025-10-06 11:00:00,2625.0,2625.0,2625.0,2625.0,91523814,861,2025-10-06,0.7588568026198274,1991.9991068770469,1991.9991068770469,1991.9991068770469,1991.9991068770469,5,3772,1.0,0.041666666666666664,1404-07-14,False,False
2025-10-06 12:00:00,2625.0,2625.0,2622.0,2625.0,90654093,805,2025-10-06,0.7588568026198274,1991.9991068770469,1991.9991068770469,1989.7225364691874,1991.9991068770469,5,3773,1.0,0.041666666666666664,1404-07-14,False,False
2025-10-07 09:00:00,2640.0,2702.0,2625.0,2702.0,104980949,1103,2025-10-07,0.7588568026198274,2003.3819589163443,2050.4310806787735,1991.9991068770469,2050.4310806787735,5,3774,21.0,0.875,1404-07-15,False,False
2025-10-07 10:00:00,2702.0,2702.0,2702.0,2702.0,27770319,386,2025-10-07,0.7588568026198274,2050.4310806787735,2050.4310806787735,2050.4310806787735,2050.4310806787735,5,3775,1.0,0.041666666666666664,1404-07-15,False,False
2025-10-07 11:00:00,2702.0,2702.0,2702.0,2702.0,10624177,207,2025-10-07,0.7588568026198274,2050.4310806787735,2050.4310806787735,2050.4310806787735,2050.4310806787735,5,3776,1.0,0.041666666666666664,1404-07-15,False,False
2025-10-07 12:00:00,2702.0,2702.0,2702.0,2702.0,9682191,140,2025-10-07,0.7588568026198274,2050.4310806787735,2050.4310806787735,2050.4310806787735,2050.4310806787735,5,3777,1.0,0.041666666666666664,1404-07-15,False,False
2025-10-08 09:00:00,2750.0,2758.0,2626.0,2715.0,168835038,2322,2025-10-08,0.7588568026198274,2086.856207204525,2092.927061625484,1992.7579636796665,2060.2962191128313,5,3778,21.0,0.875,1404-07-16,False,False
2025-10-08 10:00:00,2714.0,2715.0,2643.0,2704.0,80438401,1345,2025-10-08,0.7588568026198274,2059.5373623102114,2060.2962191128313,2005.6585293242038,2051.9487942840133,5,3779,1.0,0.041666666666666664,1404-07-16,False,False
2025-10-08 11:00:00,2704.0,2712.0,2675.0,2684.0,69143141,1110,2025-10-08,0.7588568026198274,2051.9487942840133,2058.0196487049716,2029.9419470080381,2036.7716582316166,5,3780,1.0,0.041666666666666664,1404-07-16,False,False
2025-10-08 12:00:00,2684.0,2690.0,2641.0,2677.0,46528236,828,2025-10-08,0.7588568026198274,2036.7716582316166,2041.3247990473355,2004.140815718964,2031.4596606132777,5,3781,1.0,0.041666666666666664,1404-07-16,False,False
2025-10-11 09:00:00,2696.0,2776.0,2640.0,2753.0,119717192,1703,2025-10-11,0.7588568026198274,2045.8779398630545,2106.586484072641,2003.3819589163443,2089.132777612385,5,3782,69.0,2.875,1404-07-19,False,False
2025-10-11 10:00:00,2755.0,2756.0,2686.0,2699.0,75796634,1281,2025-10-11,0.7588568026198274,2090.650491217624,2091.409348020244,2038.2893718368562,2048.154510270914,5,3783,1.0,0.041666666666666664,1404-07-19,False,False
2025-10-11 11:00:00,2698.0,2729.0,2680.0,2694.0,67351672,954,2025-10-11,0.7588568026198274,2047.395653468294,2070.920214349509,2033.7362310211372,2044.360226257815,5,3784,1.0,0.041666666666666664,1404-07-19,False,False
2025-10-11 12:00:00,2697.0,2733.0,2693.0,2729.0,40716994,628,2025-10-11,0.7588568026198274,2046.6367966656744,2073.955641559988,2043.601369455195,2070.920214349509,5,3785,1.0,0.041666666666666664,1404-07-19,False,False
2025-10-12 09:00:00,2764.0,2811.0,2740.0,2811.0,136063877,1676,2025-10-12,0.7588568026198274,2097.480202441203,2133.1464721643347,2079.267639178327,2133.1464721643347,5,3786,21.0,0.875,1404-07-20,False,False
2025-10-12 10:00:00,2811.0,2811.0,2811.0,2811.0,11674339,253,2025-10-12,0.7588568026198274,2133.1464721643347,2133.1464721643347,2133.1464721643347,2133.1464721643347,5,3787,1.0,0.041666666666666664,1404-07-20,False,False
2025-10-12 11:00:00,2811.0,2811.0,2810.0,2811.0,55267215,536,2025-10-12,0.7588568026198274,2133.1464721643347,2133.1464721643347,2132.387615361715,2133.1464721643347,5,3788,1.0,0.041666666666666664,1404-07-20,False,False
2025-10-12 12:00:00,2811.0,2811.0,2811.0,2811.0,6939339,128,2025-10-12,0.7588568026198274,2133.1464721643347,2133.1464721643347,2133.1464721643347,2133.1464721643347,5,3789,1.0,0.041666666666666664,1404-07-20,False,False
2025-10-13 09:00:00,2855.0,2880.0,2789.0,2794.0,131201876,1967,2025-10-13,0.7588568026198274,2166.536171479607,2185.507591545103,2116.4516225066986,2120.2459065197977,5,3790,21.0,0.875,1404-07-21,False,False
2025-10-13 10:00:00,2796.0,2856.0,2772.0,2820.0,96758610,1442,2025-10-13,0.7588568026198274,2121.7636201250375,2167.295028282227,2103.551056862161,2139.9761833879134,5,3791,1.0,0.041666666666666664,1404-07-21,False,False
2025-10-13 11:00:00,2818.0,2834.0,2800.0,2815.0,87574701,1108,2025-10-13,0.7588568026198274,2138.4584697826735,2150.6001786245906,2124.7990473355167,2136.181899374814,5,3792,1.0,0.041666666666666664,1404-07-21,False,False
2025-10-13 12:00:00,2810.0,2813.0,2792.0,2810.0,32695932,634,2025-10-13,0.7588568026198274,2132.387615361715,2134.6641857695745,2118.728192914558,2132.387615361715,5,3793,1.0,0.041666666666666664,1404-07-21,False,False
2025-10-14 09:00:00,2819.0,2829.0,2768.0,2800.0,65184068,1286,2025-10-14,0.7588568026198274,2139.2173265852934,2146.8058946114916,2100.515629651682,2124.7990473355167,5,3794,21.0,0.875,1404-07-22,False,False
2025-10-14 10:00:00,2802.0,2803.0,2760.0,2773.0,65793062,1345,2025-10-14,0.7588568026198274,2126.3167609407565,2127.075617743376,2094.4447752307233,2104.309913664781,5,3795,1.0,0.041666666666666664,1404-07-22,False,False
2025-10-14 11:00:00,2773.0,2779.0,2740.0,2740.0,79509461,1464,2025-10-14,0.7588568026198274,2104.309913664781,2108.8630544805,2079.267639178327,2079.267639178327,5,3796,1.0,0.041666666666666664,1404-07-22,False,False
2025-10-14 12:00:00,2740.0,2740.0,2740.0,2740.0,4975619,261,2025-10-14,0.7588568026198274,2079.267639178327,2079.267639178327,2079.267639178327,2079.267639178327,5,3797,1.0,0.041666666666666664,1404-07-22,False,False
2025-10-15 09:00:00,2727.0,2745.0,2689.0,2728.0,76285555,1345,2025-10-15,0.7588568026198274,2069.402500744269,2083.061923191426,2040.5659422447156,2070.161357546889,5,3798,21.0,0.875,1404-07-23,False,False
2025-10-15 10:00:00,2730.0,2730.0,2700.0,2703.0,44884906,759,2025-10-15,0.7588568026198274,2071.6790711521285,2071.6790711521285,2048.9133670735337,2051.1899374813934,5,3799,1.0,0.041666666666666664,1404-07-23,False,False
2025-10-15 11:00:00,2704.0,2708.0,2690.0,2707.0,38890393,698,2025-10-15,0.7588568026198274,2051.9487942840133,2054.9842214944924,2041.3247990473355,2054.2253646918725,5,3800,1.0,0.041666666666666664,1404-07-23,False,False
2025-10-15 12:00:00,2706.0,2747.0,2705.0,2735.0,27588265,539,2025-10-15,0.7588568026198274,2053.4665078892526,2084.579636796666,2052.707651086633,2075.473355165228,5,3801,1.0,0.041666666666666664,1404-07-23,False,False
2025-10-18 09:00:00,2791.0,2791.0,2754.0,2791.0,76727240,844,2025-10-18,0.7588568026198274,2117.969336111938,2117.969336111938,2089.8916344150043,2117.969336111938,5,3802,69.0,2.875,1404-07-26,False,False
2025-10-18 10:00:00,2791.0,2791.0,2791.0,2791.0,159834,12,2025-10-18,0.7588568026198274,2117.969336111938,2117.969336111938,2117.969336111938,2117.969336111938,5,3803,1.0,0.041666666666666664,1404-07-26,False,False
2025-10-18 11:00:00,2791.0,2791.0,2791.0,2791.0,10621065,145,2025-10-18,0.7588568026198274,2117.969336111938,2117.969336111938,2117.969336111938,2117.969336111938,5,3804,1.0,0.041666666666666664,1404-07-26,False,False
2025-10-18 12:00:00,2791.0,2791.0,2791.0,2791.0,13562892,139,2025-10-18,0.7588568026198274,2117.969336111938,2117.969336111938,2117.969336111938,2117.969336111938,5,3805,1.0,0.041666666666666664,1404-07-26,False,False
2025-10-19 09:00:00,2861.0,2874.0,2793.0,2826.0,90072980,1468,2025-10-19,0.7588568026198274,2171.089312295326,2180.954450729384,2119.487049717178,2144.5293242036323,5,3806,21.0,0.875,1404-07-27,False,False
2025-10-19 10:00:00,2823.0,2828.0,2790.0,2806.0,52183102,996,2025-10-19,0.7588568026198274,2142.2527537957726,2146.0470378088717,2117.210479309318,2129.3521881512356,5,3807,1.0,0.041666666666666664,1404-07-27,False,False
2025-10-19 11:00:00,2806.0,2822.0,2791.0,2809.0,43264338,939,2025-10-19,0.7588568026198274,2129.3521881512356,2141.4938969931527,2117.969336111938,2131.628758559095,5,3808,1.0,0.041666666666666664,1404-07-27,False,False
2025-10-19 12:00:00,2810.0,2810.0,2709.0,2740.0,55720182,844,2025-10-19,0.7588568026198274,2132.387615361715,2132.387615361715,2055.7430782971123,2079.267639178327,5,3809,1.0,0.041666666666666664,1404-07-27,False,False
2025-10-20 09:00:00,2738.0,2797.0,2738.0,2770.0,47545260,1067,2025-10-20,0.7588568026198274,2077.7499255730872,2122.522476927657,2077.7499255730872,2102.033343256922,5,3810,21.0,0.875,1404-07-28,False,False
2025-10-20 10:00:00,2770.0,2780.0,2739.0,2747.0,39432711,814,2025-10-20,0.7588568026198274,2102.033343256922,2109.62191128312,2078.508782375707,2084.579636796666,5,3811,1.0,0.041666666666666664,1404-07-28,False,False
2025-10-20 11:00:00,2747.0,2748.0,2732.0,2732.0,47440816,914,2025-10-20,0.7588568026198274,2084.579636796666,2085.3384935992854,2073.1967847573683,2073.1967847573683,5,3812,1.0,0.041666666666666664,1404-07-28,False,False
2025-10-20 12:00:00,2732.0,2732.0,2732.0,2732.0,9103457,280,2025-10-20,0.7588568026198274,2073.1967847573683,2073.1967847573683,2073.1967847573683,2073.1967847573683,5,3813,1.0,0.041666666666666664,1404-07-28,False,False
2025-10-21 09:00:00,2690.0,2796.0,2673.0,2714.0,71171379,1307,2025-10-21,0.7588568026198274,2041.3247990473355,2121.7636201250375,2028.4242334027986,2059.5373623102114,5,3814,21.0,0.875,1404-07-29,False,False
2025-10-21 10:00:00,2711.0,2711.0,2692.0,2695.0,26959466,658,2025-10-21,0.7588568026198274,2057.260791902352,2057.260791902352,2042.8425126525751,2045.1190830604346,5,3815,1.0,0.041666666666666664,1404-07-29,False,False
2025-10-21 11:00:00,2695.0,2740.0,2694.0,2709.0,23720586,529,2025-10-21,0.7588568026198274,2045.1190830604346,2079.267639178327,2044.360226257815,2055.7430782971123,5,3816,1.0,0.041666666666666664,1404-07-29,False,False
2025-10-21 12:00:00,2710.0,2742.0,2702.0,2742.0,18756482,389,2025-10-21,0.7588568026198274,2056.5019350997322,2080.7853527835664,2050.4310806787735,2080.7853527835664,5,3817,1.0,0.041666666666666664,1404-07-29,False,False
2025-10-22 09:00:00,2759.0,2773.0,2701.0,2712.0,49846422,899,2025-10-22,0.7588568026198274,2093.685918428104,2104.309913664781,2049.6722238761536,2058.0196487049716,5,3818,21.0,0.875,1404-07-30,False,False
2025-10-22 10:00:00,2719.0,2729.0,2710.0,2728.0,46731198,683,2025-10-22,0.7588568026198274,2063.3316463233105,2070.920214349509,2056.5019350997322,2070.161357546889,5,3819,1.0,0.041666666666666664,1404-07-30,False,False
2025-10-22 11:00:00,2728.0,2766.0,2722.0,2746.0,48335643,788,2025-10-22,0.7588568026198274,2070.161357546889,2098.9979160464422,2065.60821673117,2083.820779994046,5,3820,1.0,0.041666666666666664,1404-07-30,False,False
2025-10-22 12:00:00,2749.0,2775.0,2740.0,2772.0,34632615,553,2025-10-22,0.7588568026198274,2086.0973504019053,2105.827627270021,2079.267639178327,2103.551056862161,5,3821,1.0,0.041666666666666664,1404-07-30,False,False
2025-10-25 09:00:00,2657.0,2657.0,2657.0,2657.0,47346272,1217,2025-10-25,0.7588568026198274,2016.2825245608813,2016.2825245608813,2016.2825245608813,2016.2825245608813,5,3822,69.0,2.875,1404-08-03,False,False
2025-10-25 10:00:00,2657.0,2657.0,2657.0,2657.0,15852580,625,2025-10-25,0.7588568026198274,2016.2825245608813,2016.2825245608813,2016.2825245608813,2016.2825245608813,5,3823,1.0,0.041666666666666664,1404-08-03,False,False
2025-10-25 11:00:00,2657.0,2657.0,2657.0,2657.0,30037226,677,2025-10-25,0.7588568026198274,2016.2825245608813,2016.2825245608813,2016.2825245608813,2016.2825245608813,5,3824,1.0,0.041666666666666664,1404-08-03,False,False
2025-10-25 12:00:00,2657.0,2669.0,2657.0,2659.0,68266173,898,2025-10-25,0.7588568026198274,2016.2825245608813,2025.3888061923192,2016.2825245608813,2017.8002381661208,5,3825,1.0,0.041666666666666664,1404-08-03,False,False
2025-11-05 09:00:00,2989.0,3046.0,2973.0,3021.0,86080162,1700,2025-11-05,0.7588568026198274,2268.222983030664,2311.477820779994,2256.0812741887466,2292.5064007144983,13,3834,261.0,10.875,1404-08-14,False,False
2025-11-05 10:00:00,3018.0,3021.0,3000.0,3001.0,19679570,756,2025-11-05,0.7588568026198274,2290.229830306639,2292.5064007144983,2276.570407859482,2277.329264662102,13,3835,1.0,0.041666666666666664,1404-08-14,False,False
2025-11-05 11:00:00,3003.0,3064.0,2997.0,3050.0,35434608,867,2025-11-05,0.7588568026198274,2278.8469782673415,2325.137243227151,2274.2938374516225,2314.5132479904732,13,3836,1.0,0.041666666666666664,1404-08-14,False,False
2025-11-05 12:00:00,3050.0,3087.0,3050.0,3078.0,37023881,730,2025-11-05,0.7588568026198274,2314.5132479904732,2342.590949687407,2314.5132479904732,2335.7612384638287,13,3837,1.0,0.041666666666666664,1404-08-14,False,False
2025-11-08 09:00:00,3110.0,3112.0,3070.0,3109.0,99846667,1363,2025-11-08,0.7588568026198274,2360.044656147663,2361.5623697529027,2329.69038404287,2359.2857993450434,13,3838,69.0,2.875,1404-08-17,False,False
2025-11-08 10:00:00,3109.0,3110.0,3037.0,3100.0,65356580,1085,2025-11-08,0.7588568026198274,2359.2857993450434,2360.044656147663,2304.648109556416,2352.4560881214647,13,3839,1.0,0.041666666666666664,1404-08-17,False,False
2025-11-08 11:00:00,3099.0,3101.0,3046.0,3050.0,44899923,791,2025-11-08,0.7588568026198274,2351.697231318845,2353.2149449240846,2311.477820779994,2314.5132479904732,13,3840,1.0,0.041666666666666664,1404-08-17,False,False
2025-11-08 12:00:00,3050.0,3063.0,3039.0,3047.0,27392571,554,2025-11-08,0.7588568026198274,2314.5132479904732,2324.378386424531,2306.165823161655,2312.236677582614,13,3841,1.0,0.041666666666666664,1404-08-17,False,False
2025-11-09 10:00:00,3002.0,3002.0,3002.0,3002.0,14576472,363,2025-11-09,0.7588568026198274,2278.0881214647216,2278.0881214647216,2278.0881214647216,2278.0881214647216,13,3842,22.0,0.9166666666666666,1404-08-18,False,False
2025-11-09 11:00:00,3002.0,3002.0,3002.0,3002.0,53014265,764,2025-11-09,0.7588568026198274,2278.0881214647216,2278.0881214647216,2278.0881214647216,2278.0881214647216,13,3843,1.0,0.041666666666666664,1404-08-18,False,False
2025-11-09 12:00:00,3002.0,3002.0,3002.0,3002.0,5685412,220,2025-11-09,0.7588568026198274,2278.0881214647216,2278.0881214647216,2278.0881214647216,2278.0881214647216,13,3844,1.0,0.041666666666666664,1404-08-18,False,False
2025-11-09 17:00:00,3002.0,3002.0,3002.0,3002.0,10051613,52,2025-11-09,0.7588568026198274,2278.0881214647216,2278.0881214647216,2278.0881214647216,2278.0881214647216,13,3845,5.0,0.20833333333333334,1404-08-18,False,False
2025-11-10 09:00:00,3000.0,3092.0,2981.0,3067.0,163516953,2045,2025-11-10,0.7588568026198274,2276.570407859482,2346.385233700506,2262.1521286097054,2327.4138136350107,13,3846,16.0,0.6666666666666666,1404-08-19,False,False
2025-11-10 10:00:00,3067.0,3067.0,3010.0,3036.0,75909632,1213,2025-11-10,0.7588568026198274,2327.4138136350107,2327.4138136350107,2284.1589758856803,2303.889252753796,13,3847,1.0,0.041666666666666664,1404-08-19,False,False
2025-11-10 11:00:00,3035.0,3054.0,3011.0,3049.0,59561100,980,2025-11-10,0.7588568026198274,2303.130395951176,2317.548675200953,2284.9178326883,2313.754391187854,13,3848,1.0,0.041666666666666664,1404-08-19,False,False
2025-11-10 12:00:00,3049.0,3089.0,3047.0,3088.0,43923597,682,2025-11-10,0.7588568026198274,2313.754391187854,2344.1086632926467,2312.236677582614,2343.349806490027,13,3849,1.0,0.041666666666666664,1404-08-19,False,False
2025-11-10 18:00:00,3039.0,3039.0,3029.0,3029.0,15000,2,2025-11-10,0.7588568026198274,2306.165823161655,2306.165823161655,2298.577255135457,2298.577255135457,13,3850,6.0,0.25,1404-08-19,False,False
2025-11-11 09:00:00,3101.0,3143.0,3058.0,3115.0,101751593,1486,2025-11-11,0.7588568026198274,2353.2149449240846,2385.0869306341174,2320.584102411432,2363.8389401607624,13,3851,15.0,0.625,1404-08-20,False,False
2025-11-11 10:00:00,3114.0,3139.0,3073.0,3113.0,43395892,813,2025-11-11,0.7588568026198274,2363.0800833581425,2382.051503423638,2331.9669544507296,2362.3212265555226,13,3852,1.0,0.041666666666666664,1404-08-20,False,False
2025-11-11 11:00:00,3114.0,3135.0,3052.0,3076.0,40832450,808,2025-11-11,0.7588568026198274,2363.0800833581425,2379.0160762131586,2316.030961595713,2334.243524858589,13,3853,1.0,0.041666666666666664,1404-08-20,False,False
2025-11-11 12:00:00,3076.0,3079.0,3052.0,3066.0,31156026,618,2025-11-11,0.7588568026198274,2334.243524858589,2336.5200952664486,2316.030961595713,2326.654956832391,13,3854,1.0,0.041666666666666664,1404-08-20,False,False
2025-11-12 09:00:00,3082.0,3109.0,3032.0,3075.0,61136469,1339,2025-11-12,0.7588568026198274,2338.796665674308,2359.2857993450434,2300.8538255433164,2333.484668055969,13,3855,21.0,0.875,1404-08-21,False,False
2025-11-12 10:00:00,3073.0,3097.0,3060.0,3085.0,39841690,782,2025-11-12,0.7588568026198274,2331.9669544507296,2350.1795177136055,2322.101816016672,2341.0732360821676,13,3856,1.0,0.041666666666666664,1404-08-21,False,False
2025-11-12 11:00:00,3083.0,3093.0,3076.0,3076.0,9230809,330,2025-11-12,0.7588568026198274,2339.5555224769278,2347.144090503126,2334.243524858589,2334.243524858589,13,3857,1.0,0.041666666666666664,1404-08-21,False,False
2025-11-15 10:00:00,3040.0,3070.0,3018.0,3069.0,45508931,944,2025-11-15,0.7588568026198274,2306.924679964275,2329.69038404287,2290.229830306639,2328.93152724025,13,3858,71.0,2.9583333333333335,1404-08-24,False,False
2025-11-15 11:00:00,3069.0,3088.0,3032.0,3033.0,58313925,879,2025-11-15,0.7588568026198274,2328.93152724025,2343.349806490027,2300.8538255433164,2301.6126823459363,13,3859,1.0,0.041666666666666664,1404-08-24,False,False
2025-11-15 12:00:00,3033.0,3053.0,3030.0,3038.0,32909231,521,2025-11-15,0.7588568026198274,2301.6126823459363,2316.789818398333,2299.336111938077,2305.4069663590353,13,3860,1.0,0.041666666666666664,1404-08-24,False,False
2025-11-16 09:00:00,3050.0,3059.0,3006.0,3056.0,44343787,983,2025-11-16,0.7588568026198274,2314.5132479904732,2321.342959214052,2281.123548675201,2319.066388806192,13,3861,21.0,0.875,1404-08-25,False,False
2025-11-16 10:00:00,3055.0,3079.0,3023.0,3079.0,40475903,1236,2025-11-16,0.7588568026198274,2318.3075320035728,2336.5200952664486,2294.024114319738,2336.5200952664486,13,3862,1.0,0.041666666666666664,1404-08-25,False,False
2025-11-16 11:00:00,3078.0,3100.0,3055.0,3090.0,45829742,962,2025-11-16,0.7588568026198274,2335.7612384638287,2352.4560881214647,2318.3075320035728,2344.8675200952666,13,3863,1.0,0.041666666666666664,1404-08-25,False,False
2025-11-16 12:00:00,3089.0,3093.0,3080.0,3090.0,35015665,570,2025-11-16,0.7588568026198274,2344.1086632926467,2347.144090503126,2337.278952069068,2344.8675200952666,13,3864,1.0,0.041666666666666664,1404-08-25,False,False
2025-11-16 14:00:00,3074.0,3079.0,3074.0,3079.0,10000,2,2025-11-16,0.7588568026198274,2332.725811253349,2336.5200952664486,2332.725811253349,2336.5200952664486,13,3865,2.0,0.08333333333333333,1404-08-25,False,False
2025-11-16 17:00:00,3088.0,3088.0,3088.0,3088.0,657,1,2025-11-16,0.7588568026198274,2343.349806490027,2343.349806490027,2343.349806490027,2343.349806490027,13,3866,3.0,0.125,1404-08-25,False,False
2025-11-16 18:00:00,3079.0,3079.0,3079.0,3079.0,3749,1,2025-11-16,0.7588568026198274,2336.5200952664486,2336.5200952664486,2336.5200952664486,2336.5200952664486,13,3867,1.0,0.041666666666666664,1404-08-25,False,False
2025-11-17 09:00:00,3105.0,3135.0,3074.0,3095.0,99800745,1337,2025-11-17,0.7588568026198274,2356.250372134564,2379.0160762131586,2332.725811253349,2348.6618041083657,13,3868,15.0,0.625,1404-08-26,False,False
2025-11-17 10:00:00,3096.0,3096.0,3078.0,3083.0,65774179,1049,2025-11-17,0.7588568026198274,2349.4206609109856,2349.4206609109856,2335.7612384638287,2339.5555224769278,13,3869,1.0,0.041666666666666664,1404-08-26,False,False
2025-11-17 11:00:00,3084.0,3084.0,3029.0,3042.0,51551183,1308,2025-11-17,0.7588568026198274,2340.3143792795477,2340.3143792795477,2298.577255135457,2308.442393569515,13,3870,1.0,0.041666666666666664,1404-08-26,False,False
2025-11-17 12:00:00,3042.0,3043.0,3021.0,3039.0,38823243,801,2025-11-17,0.7588568026198274,2308.442393569515,2309.201250372135,2292.5064007144983,2306.165823161655,13,3871,1.0,0.041666666666666664,1404-08-26,False,False
2025-11-18 09:00:00,3043.0,3094.0,3015.0,3067.0,70873675,1178,2025-11-18,0.7588568026198274,2309.201250372135,2347.902947305746,2287.9532598987794,2327.4138136350107,13,3872,21.0,0.875,1404-08-27,False,False
2025-11-18 10:00:00,3068.0,3070.0,3033.0,3058.0,25660145,642,2025-11-18,0.7588568026198274,2328.17267043763,2329.69038404287,2301.6126823459363,2320.584102411432,13,3873,1.0,0.041666666666666664,1404-08-27,False,False
2025-11-18 11:00:00,3060.0,3060.0,3036.0,3036.0,21056766,655,2025-11-18,0.7588568026198274,2322.101816016672,2322.101816016672,2303.889252753796,2303.889252753796,13,3874,1.0,0.041666666666666664,1404-08-27,False,False
2025-11-18 12:00:00,3035.0,3051.0,3030.0,3045.0,23132675,475,2025-11-18,0.7588568026198274,2303.130395951176,2315.272104793093,2299.336111938077,2310.718963977374,13,3875,1.0,0.041666666666666664,1404-08-27,False,False
2025-11-19 09:00:00,3080.0,3093.0,3043.0,3072.0,44083154,940,2025-11-19,0.7588568026198274,2337.278952069068,2347.144090503126,2309.201250372135,2331.2080976481097,13,3876,21.0,0.875,1404-08-28,False,False
2025-11-19 10:00:00,3070.0,3070.0,3048.0,3050.0,26915258,664,2025-11-19,0.7588568026198274,2329.69038404287,2329.69038404287,2312.995534385234,2314.5132479904732,13,3877,1.0,0.041666666666666664,1404-08-28,False,False
2025-11-19 11:00:00,3049.0,3052.0,3038.0,3039.0,34399141,690,2025-11-19,0.7588568026198274,2313.754391187854,2316.030961595713,2305.4069663590353,2306.165823161655,13,3878,1.0,0.041666666666666664,1404-08-28,False,False
2025-11-19 12:00:00,3040.0,3095.0,3037.0,3070.0,30185053,514,2025-11-19,0.7588568026198274,2306.924679964275,2348.6618041083657,2304.648109556416,2329.69038404287,13,3879,1.0,0.041666666666666664,1404-08-28,False,False
2025-11-22 09:00:00,3080.0,3148.0,3074.0,3130.0,67312106,1074,2025-11-22,0.7588568026198274,2337.278952069068,2388.8812146472164,2332.725811253349,2375.2217922000596,13,3880,69.0,2.875,1404-09-01,False,False
2025-11-22 10:00:00,3135.0,3148.0,3117.0,3120.0,45967067,967,2025-11-22,0.7588568026198274,2379.0160762131586,2388.8812146472164,2365.3566537660017,2367.6332241738614,13,3881,1.0,0.041666666666666664,1404-09-01,False,False
2025-11-22 11:00:00,3120.0,3122.0,3089.0,3090.0,22650162,623,2025-11-22,0.7588568026198274,2367.6332241738614,2369.150937779101,2344.1086632926467,2344.8675200952666,13,3882,1.0,0.041666666666666664,1404-09-01,False,False
2025-11-22 12:00:00,3094.0,3105.0,3086.0,3086.0,18203778,453,2025-11-22,0.7588568026198274,2347.902947305746,2356.250372134564,2341.832092884787,2341.832092884787,13,3883,1.0,0.041666666666666664,1404-09-01,False,False
2025-11-23 09:00:00,3150.0,3203.0,3113.0,3203.0,104436058,1216,2025-11-23,0.7588568026198274,2390.3989282524562,2430.618338791307,2362.3212265555226,2430.618338791307,13,3884,21.0,0.875,1404-09-02,False,False
2025-11-23 10:00:00,3203.0,3203.0,3203.0,3203.0,81284844,725,2025-11-23,0.7588568026198274,2430.618338791307,2430.618338791307,2430.618338791307,2430.618338791307,13,3885,1.0,0.041666666666666664,1404-09-02,False,False
2025-11-23 11:00:00,3203.0,3203.0,3203.0,3203.0,39811680,456,2025-11-23,0.7588568026198274,2430.618338791307,2430.618338791307,2430.618338791307,2430.618338791307,13,3886,1.0,0.041666666666666664,1404-09-02,False,False
2025-11-23 12:00:00,3203.0,3203.0,3203.0,3203.0,22735283,262,2025-11-23,0.7588568026198274,2430.618338791307,2430.618338791307,2430.618338791307,2430.618338791307,13,3887,1.0,0.041666666666666664,1404-09-02,False,False
2025-11-25 10:00:00,3292.0,3292.0,3292.0,3292.0,59755325,538,2025-11-25,0.7588568026198274,2498.1565942244715,2498.1565942244715,2498.1565942244715,2498.1565942244715,13,3888,46.0,1.9166666666666667,1404-09-04,False,False
2025-11-25 11:00:00,3292.0,3292.0,3254.0,3272.0,93654514,1017,2025-11-25,0.7588568026198274,2498.1565942244715,2498.1565942244715,2469.3200357249184,2482.9794581720753,13,3889,1.0,0.041666666666666664,1404-09-04,False,False
2025-11-25 12:00:00,3272.0,3292.0,3259.0,3292.0,103547593,1038,2025-11-25,0.7588568026198274,2482.9794581720753,2498.1565942244715,2473.1143197380175,2498.1565942244715,13,3890,1.0,0.041666666666666664,1404-09-04,False,False
2025-11-26 09:00:00,3289.0,3289.0,3201.0,3225.0,97295908,1842,2025-11-26,0.7588568026198274,2495.8800238166123,2495.8800238166123,2429.100625186067,2447.313188448943,13,3891,21.0,0.875,1404-09-05,False,False
2025-11-26 10:00:00,3225.0,3267.0,3210.0,3211.0,44231425,950,2025-11-26,0.7588568026198274,2447.313188448943,2479.1851741589758,2435.930336409646,2436.6891932122658,13,3892,1.0,0.041666666666666664,1404-09-05,False,False
2025-11-26 11:00:00,3211.0,3215.0,3191.0,3192.0,61109345,1268,2025-11-26,0.7588568026198274,2436.6891932122658,2439.724620422745,2421.512057159869,2422.270913962489,13,3893,1.0,0.041666666666666664,1404-09-05,False,False
2025-11-26 12:00:00,3192.0,3242.0,3191.0,3215.0,34053406,782,2025-11-26,0.7588568026198274,2422.270913962489,2460.2137540934805,2421.512057159869,2439.724620422745,13,3894,1.0,0.041666666666666664,1404-09-05,False,False
2025-11-26 14:00:00,3227.0,3265.0,3203.0,3265.0,12732881,136,2025-11-26,0.7588568026198274,2448.830902054183,2477.6674605537364,2430.618338791307,2477.6674605537364,13,3895,2.0,0.08333333333333333,1404-09-05,False,False
2025-11-29 09:00:00,3170.0,3261.0,3169.0,3181.0,81284326,1373,2025-11-29,0.7588568026198274,2405.576064304853,2474.632033343257,2404.817207502233,2413.923489133671,13,3896,67.0,2.7916666666666665,1404-09-08,False,False
2025-11-29 10:00:00,3184.0,3199.0,3150.0,3171.0,37717040,944,2025-11-29,0.7588568026198274,2416.20005954153,2427.582911580828,2390.3989282524562,2406.3349211074724,13,3897,1.0,0.041666666666666664,1404-09-08,False,False
2025-11-29 11:00:00,3171.0,3185.0,3151.0,3179.0,33456134,668,2025-11-29,0.7588568026198274,2406.3349211074724,2416.95891634415,2391.157785055076,2412.405775528431,13,3898,1.0,0.041666666666666664,1404-09-08,False,False
2025-11-29 12:00:00,3175.0,3190.0,3170.0,3171.0,44539428,600,2025-11-29,0.7588568026198274,2409.370348317952,2420.753200357249,2405.576064304853,2406.3349211074724,13,3899,1.0,0.041666666666666664,1404-09-08,False,False
2025-11-30 09:00:00,3197.0,3197.0,3102.0,3160.0,59471883,1302,2025-11-30,0.7588568026198274,2426.065197975588,2426.065197975588,2353.9738017267046,2397.9874962786544,13,3900,21.0,0.875,1404-09-09,False,False
2025-11-30 10:00:00,3160.0,3185.0,3149.0,3166.0,34798923,785,2025-11-30,0.7588568026198274,2397.9874962786544,2416.95891634415,2389.6400714498363,2402.5406370943733,13,3901,1.0,0.041666666666666664,1404-09-09,False,False
2025-11-30 11:00:00,3166.0,3207.0,3149.0,3191.0,36539713,872,2025-11-30,0.7588568026198274,2402.5406370943733,2433.653766001786,2389.6400714498363,2421.512057159869,13,3902,1.0,0.041666666666666664,1404-09-09,False,False
2025-11-30 12:00:00,3191.0,3219.0,3177.0,3213.0,36605415,643,2025-11-30,0.7588568026198274,2421.512057159869,2442.760047633224,2410.8880619231913,2438.206906817505,13,3903,1.0,0.041666666666666664,1404-09-09,False,False
2025-12-01 09:00:00,3240.0,3266.0,3214.0,3240.0,107161933,1583,2025-12-01,0.7588568026198274,2458.6960404882407,2478.4263173563563,2438.965763620125,2458.6960404882407,13,3904,21.0,0.875,1404-09-10,False,False
2025-12-01 10:00:00,3239.0,3247.0,3209.0,3234.0,37863990,757,2025-12-01,0.7588568026198274,2457.9371836856208,2464.0080381065795,2435.171479607026,2454.1428996725217,13,3905,1.0,0.041666666666666664,1404-09-10,False,False
2025-12-01 11:00:00,3235.0,3237.0,3212.0,3215.0,37144595,723,2025-12-01,0.7588568026198274,2454.9017564751416,2456.419470080381,2437.4480500148857,2439.724620422745,13,3906,1.0,0.041666666666666664,1404-09-10,False,False
2025-12-01 12:00:00,3215.0,3253.0,3210.0,3246.0,38267262,640,2025-12-01,0.7588568026198274,2439.724620422745,2468.5611789222985,2435.930336409646,2463.2491813039596,13,3907,1.0,0.041666666666666664,1404-09-10,False,False
2025-12-02 09:00:00,3266.0,3267.0,3233.0,3234.0,61453415,1115,2025-12-02,0.7588568026198274,2478.4263173563563,2479.1851741589758,2453.384042869902,2454.1428996725217,13,3908,21.0,0.875,1404-09-11,False,False
2025-12-02 10:00:00,3234.0,3277.0,3231.0,3240.0,45585727,1041,2025-12-02,0.7588568026198274,2454.1428996725217,2486.7737421851743,2451.866329264662,2458.6960404882407,13,3909,1.0,0.041666666666666664,1404-09-11,False,False
2025-12-02 11:00:00,3240.0,3270.0,3237.0,3243.0,32229880,711,2025-12-02,0.7588568026198274,2458.6960404882407,2481.4617445668355,2456.419470080381,2460.9726108961,13,3910,1.0,0.041666666666666664,1404-09-11,False,False
2025-12-02 12:00:00,3242.0,3243.0,3227.0,3229.0,32796184,699,2025-12-02,0.7588568026198274,2460.2137540934805,2460.9726108961,2448.830902054183,2450.3486156594226,13,3911,1.0,0.041666666666666664,1404-09-11,False,False
2025-12-03 09:00:00,3264.0,3342.0,3264.0,3295.0,77790843,1416,2025-12-03,0.7588568026198274,2476.9086037511165,2536.099434355463,2476.9086037511165,2500.433164632331,13,3912,21.0,0.875,1404-09-12,False,False
2025-12-03 10:00:00,3295.0,3303.0,3292.0,3302.0,43930288,781,2025-12-03,0.7588568026198274,2500.433164632331,2506.5040190532895,2498.1565942244715,2505.74516225067,13,3913,1.0,0.041666666666666664,1404-09-12,False,False
2025-12-03 11:00:00,3300.0,3338.0,3299.0,3330.0,68629783,923,2025-12-03,0.7588568026198274,2504.2274486454303,2533.064007144984,2503.4685918428104,2526.993152724025,13,3914,1.0,0.041666666666666664,1404-09-12,False,False
2025-12-03 12:00:00,3332.0,3334.0,3314.0,3317.0,43351749,640,2025-12-03,0.7588568026198274,2528.510866329265,2530.0285799345043,2514.851443882108,2517.1280142899673,13,3915,1.0,0.041666666666666664,1404-09-12,False,False
2025-12-06 09:00:00,3389.0,3410.0,3321.0,3397.0,91266983,1538,2025-12-06,0.7588568026198274,2571.765704078595,2587.7016969336114,2520.1634415004464,2577.8365584995536,13,3916,69.0,2.875,1404-09-15,False,False
2025-12-06 10:00:00,3396.0,3398.0,3334.0,3340.0,68155448,1121,2025-12-06,0.7588568026198274,2577.0777016969337,2578.5954153021735,2530.0285799345043,2534.581720750223,13,3917,1.0,0.041666666666666664,1404-09-15,False,False
2025-12-06 11:00:00,3341.0,3380.0,3341.0,3368.0,58667907,948,2025-12-06,0.7588568026198274,2535.340577552843,2564.9359928550166,2535.340577552843,2555.8297112235787,13,3918,1.0,0.041666666666666664,1404-09-15,False,False
2025-12-06 12:00:00,3359.0,3372.0,3337.0,3355.0,43683981,698,2025-12-06,0.7588568026198274,2549.0,2558.865138434058,2532.305150342364,2545.964572789521,13,3919,1.0,0.041666666666666664,1404-09-15,False,False
2025-12-07 09:00:00,3400.0,3400.0,3294.0,3345.0,114499253,1952,2025-12-07,0.7588568026198274,2580.113128907413,2580.113128907413,2499.6743078297113,2538.3760047633223,13,3920,21.0,0.875,1404-09-16,False,False
2025-12-07 10:00:00,3348.0,3348.0,3288.0,3288.0,66426425,1356,2025-12-07,0.7588568026198274,2540.652575171182,2540.652575171182,2495.1211670139924,2495.1211670139924,13,3921,1.0,0.041666666666666664,1404-09-16,False,False
2025-12-07 11:00:00,3289.0,3307.0,3270.0,3298.0,103249704,1675,2025-12-07,0.7588568026198274,2495.8800238166123,2509.539446263769,2481.4617445668355,2502.7097350401905,13,3922,1.0,0.041666666666666664,1404-09-16,False,False
2025-12-07 12:00:00,3298.0,3305.0,3270.0,3270.0,38831035,683,2025-12-07,0.7588568026198274,2502.7097350401905,2508.0217326585293,2481.4617445668355,2481.4617445668355,13,3923,1.0,0.041666666666666664,1404-09-16,False,False
2025-12-08 09:00:00,3289.0,3328.0,3264.0,3313.0,70994179,1372,2025-12-08,0.7588568026198274,2495.8800238166123,2525.4754391187853,2476.9086037511165,2514.092587079488,13,3924,21.0,0.875,1404-09-17,False,False
2025-12-08 10:00:00,3314.0,3314.0,3290.0,3304.0,48020520,872,2025-12-08,0.7588568026198274,2514.851443882108,2514.851443882108,2496.638880619232,2507.2628758559094,13,3925,1.0,0.041666666666666664,1404-09-17,False,False
2025-12-08 11:00:00,3304.0,3392.0,3297.0,3375.0,77639591,1328,2025-12-08,0.7588568026198274,2507.2628758559094,2574.0422744864545,2501.9508782375706,2561.1417088419175,13,3926,1.0,0.041666666666666664,1404-09-17,False,False
2025-12-08 12:00:00,3376.0,3409.0,3371.0,3380.0,61676754,801,2025-12-08,0.7588568026198274,2561.900565644537,2586.9428401309915,2558.106281631438,2564.9359928550166,13,3927,1.0,0.041666666666666664,1404-09-17,False,False
2025-12-09 09:00:00,3385.0,3437.0,3357.0,3390.0,112775920,1369,2025-12-09,0.7588568026198274,2568.7302768681157,2608.1908306043465,2547.4822863947606,2572.5245608812147,13,3928,21.0,0.875,1404-09-18,False,False
2025-12-09 10:00:00,3390.0,3411.0,3386.0,3409.0,57867511,800,2025-12-09,0.7588568026198274,2572.5245608812147,2588.4605537362313,2569.4891336707356,2586.9428401309915,13,3929,1.0,0.041666666666666664,1404-09-18,False,False
2025-12-09 11:00:00,3410.0,3414.0,3390.0,3400.0,45201135,718,2025-12-09,0.7588568026198274,2587.7016969336114,2590.7371241440906,2572.5245608812147,2580.113128907413,13,3930,1.0,0.041666666666666664,1404-09-18,False,False
2025-12-09 12:00:00,3395.0,3402.0,3372.0,3395.0,39566893,518,2025-12-09,0.7588568026198274,2576.3188448943138,2581.6308425126526,2558.865138434058,2576.3188448943138,13,3931,1.0,0.041666666666666664,1404-09-18,False,False
2025-12-10 09:00:00,3411.0,3496.0,3411.0,3496.0,87856098,1318,2025-12-10,0.7588568026198274,2588.4605537362313,2652.963381958916,2588.4605537362313,2652.963381958916,13,3932,21.0,0.875,1404-09-19,False,False
2025-12-10 10:00:00,3496.0,3496.0,3496.0,3496.0,22118950,501,2025-12-10,0.7588568026198274,2652.963381958916,2652.963381958916,2652.963381958916,2652.963381958916,13,3933,1.0,0.041666666666666664,1404-09-19,False,False
2025-12-10 11:00:00,3496.0,3496.0,3496.0,3496.0,20332944,445,2025-12-10,0.7588568026198274,2652.963381958916,2652.963381958916,2652.963381958916,2652.963381958916,13,3934,1.0,0.041666666666666664,1404-09-19,False,False
2025-12-10 12:00:00,3496.0,3496.0,3496.0,3496.0,13533585,260,2025-12-10,0.7588568026198274,2652.963381958916,2652.963381958916,2652.963381958916,2652.963381958916,13,3935,1.0,0.041666666666666664,1404-09-19,False,False
2025-12-13 09:00:00,3589.0,3594.0,3550.0,3594.0,144080185,1831,2025-12-13,0.7588568026198274,2723.5370646025603,2727.3313486156594,2693.9416493003873,2727.3313486156594,13,3936,69.0,2.875,1404-09-22,False,False
2025-12-13 10:00:00,3594.0,3594.0,3593.0,3594.0,72944919,1001,2025-12-13,0.7588568026198274,2727.3313486156594,2727.3313486156594,2726.5724918130395,2727.3313486156594,13,3937,1.0,0.041666666666666664,1404-09-22,False,False
2025-12-13 11:00:00,3594.0,3594.0,3592.0,3593.0,41558660,816,2025-12-13,0.7588568026198274,2727.3313486156594,2727.3313486156594,2725.81363501042,2726.5724918130395,13,3938,1.0,0.041666666666666664,1404-09-22,False,False
2025-12-13 12:00:00,3594.0,3594.0,3593.0,3594.0,36560803,539,2025-12-13,0.7588568026198274,2727.3313486156594,2727.3313486156594,2726.5724918130395,2727.3313486156594,13,3939,1.0,0.041666666666666664,1404-09-22,False,False
2025-12-14 09:00:00,3650.0,3666.0,3511.0,3650.0,79926209,1834,2025-12-14,0.7588568026198274,2769.82732956237,2781.969038404287,2664.346233998214,2769.82732956237,13,3940,21.0,0.875,1404-09-23,False,False
2025-12-14 10:00:00,3650.0,3700.0,3640.0,3700.0,122877449,1674,2025-12-14,0.7588568026198274,2769.82732956237,2807.7701696933614,2762.2387615361718,2807.7701696933614,13,3941,1.0,0.041666666666666664,1404-09-23,False,False
2025-12-14 11:00:00,3700.0,3700.0,3690.0,3700.0,61371016,982,2025-12-14,0.7588568026198274,2807.7701696933614,2807.7701696933614,2800.181601667163,2807.7701696933614,13,3942,1.0,0.041666666666666664,1404-09-23,False,False
2025-12-14 12:00:00,3700.0,3700.0,3685.0,3698.0,37777327,602,2025-12-14,0.7588568026198274,2807.7701696933614,2807.7701696933614,2796.3873176540637,2806.2524560881216,13,3943,1.0,0.041666666666666664,1404-09-23,False,False
2025-12-15 09:00:00,3705.0,3779.0,3705.0,3778.0,95477903,1678,2025-12-15,0.7588568026198274,2811.5644537064604,2867.7198571003278,2811.5644537064604,2866.961000297708,13,3944,21.0,0.875,1404-09-24,False,False
2025-12-15 10:00:00,3778.0,3779.0,3776.0,3779.0,62360853,927,2025-12-15,0.7588568026198274,2866.961000297708,2867.7198571003278,2865.443286692468,2867.7198571003278,13,3945,1.0,0.041666666666666664,1404-09-24,False,False
2025-12-15 11:00:00,3779.0,3779.0,3779.0,3779.0,65920171,628,2025-12-15,0.7588568026198274,2867.7198571003278,2867.7198571003278,2867.7198571003278,2867.7198571003278,13,3946,1.0,0.041666666666666664,1404-09-24,False,False
2025-12-15 12:00:00,3779.0,3779.0,3779.0,3779.0,32190125,315,2025-12-15,0.7588568026198274,2867.7198571003278,2867.7198571003278,2867.7198571003278,2867.7198571003278,13,3947,1.0,0.041666666666666664,1404-09-24,False,False
2025-12-16 09:00:00,3835.0,3887.0,3814.0,3884.0,132090166,1604,2025-12-16,0.7588568026198274,2910.215838047038,2949.676391783269,2894.2798451920216,2947.3998213754094,13,3948,21.0,0.875,1404-09-25,False,False
2025-12-16 10:00:00,3883.0,3883.0,3721.0,3803.0,94770713,1845,2025-12-16,0.7588568026198274,2946.6409645727895,2946.6409645727895,2823.7061625483775,2885.9324203632036,13,3949,1.0,0.041666666666666664,1404-09-25,False,False
2025-12-16 11:00:00,3804.0,3804.0,3700.0,3710.0,55152462,1334,2025-12-16,0.7588568026198274,2886.691277165823,2886.691277165823,2807.7701696933614,2815.3587377195595,13,3950,1.0,0.041666666666666664,1404-09-25,False,False
2025-12-16 12:00:00,3710.0,3722.0,3683.0,3720.0,33842761,833,2025-12-16,0.7588568026198274,2815.3587377195595,2824.4650193509974,2794.869604048824,2822.9473057457576,13,3951,1.0,0.041666666666666664,1404-09-25,False,False
2025-12-17 09:00:00,3720.0,3826.0,3720.0,3817.0,76780316,1541,2025-12-17,0.7588568026198274,2822.9473057457576,2903.3861268234596,2822.9473057457576,2896.556415599881,13,3952,21.0,0.875,1404-09-26,False,False
2025-12-17 10:00:00,3818.0,3818.0,3760.0,3789.0,62309737,1055,2025-12-17,0.7588568026198274,2897.315272402501,2897.315272402501,2853.301577850551,2875.308425126526,13,3953,1.0,0.041666666666666664,1404-09-26,False,False
2025-12-17 11:00:00,3792.0,3792.0,3768.0,3770.0,31245370,860,2025-12-17,0.7588568026198274,2877.584995534385,2877.584995534385,2859.3724322715093,2860.890145876749,13,3954,1.0,0.041666666666666664,1404-09-26,False,False
2025-12-17 12:00:00,3769.0,3797.0,3765.0,3784.0,39634255,691,2025-12-17,0.7588568026198274,2860.131289074129,2881.3792795474847,2857.09586186365,2871.514141113427,13,3955,1.0,0.041666666666666664,1404-09-26,False,False
2025-12-20 09:00:00,3876.0,3896.0,3844.0,3896.0,74131338,1551,2025-12-20,0.7588568026198274,2941.3289669544506,2956.5061030068473,2917.0455492706164,2956.5061030068473,13,3956,69.0,2.875,1404-09-29,False,False
2025-12-20 10:00:00,3896.0,3896.0,3876.0,3885.0,63904356,1065,2025-12-20,0.7588568026198274,2956.5061030068473,2956.5061030068473,2941.3289669544506,2948.1586781780293,13,3957,1.0,0.041666666666666664,1404-09-29,False,False
2025-12-20 11:00:00,3886.0,3896.0,3869.0,3896.0,71771701,1081,2025-12-20,0.7588568026198274,2948.917534980649,2956.5061030068473,2936.016969336112,2956.5061030068473,13,3958,1.0,0.041666666666666664,1404-09-29,False,False
2025-12-20 12:00:00,3895.0,3896.0,3894.0,3896.0,30658733,405,2025-12-20,0.7588568026198274,2955.7472462042274,2956.5061030068473,2954.9883894016075,2956.5061030068473,13,3959,1.0,0.041666666666666664,1404-09-29,False,False
2025-12-21 09:00:00,3923.0,3944.0,3825.0,3909.0,101370183,1929,2025-12-21,0.7588568026198274,2976.995236677583,2992.931229532599,2902.6272700208397,2966.371241440905,13,3960,21.0,0.875,1404-09-30,False,False
2025-12-21 10:00:00,3908.0,3937.0,3849.0,3853.0,110163824,1531,2025-12-21,0.7588568026198274,2965.612384638285,2987.61923191426,2920.8398332837155,2923.8752604941947,13,3961,1.0,0.041666666666666664,1404-09-30,False,False
2025-12-21 11:00:00,3854.0,3888.0,3828.0,3864.0,48367490,1317,2025-12-21,0.7588568026198274,2924.6341172968146,2950.4352485858885,2904.903840428699,2932.2226853230127,13,3962,1.0,0.041666666666666664,1404-09-30,False,False
2025-12-21 12:00:00,3861.0,3890.0,3841.0,3874.0,31040081,655,2025-12-21,0.7588568026198274,2929.9461149151534,2951.9529621911283,2914.7689788627567,2939.8112533492113,13,3963,1.0,0.041666666666666664,1404-09-30,False,False
2025-12-22 09:00:00,3874.0,3910.0,3805.0,3890.0,74637687,1783,2025-12-22,0.7588568026198274,2939.8112533492113,2967.130098243525,2887.450133968443,2951.9529621911283,13,3964,21.0,0.875,1404-10-01,False,False
2025-12-22 10:00:00,3889.0,3903.0,3808.0,3808.0,71665907,1815,2025-12-22,0.7588568026198274,2951.1941053885084,2961.818100625186,2889.7267043763027,2889.7267043763027,13,3965,1.0,0.041666666666666664,1404-10-01,False,False
2025-12-22 11:00:00,3808.0,3841.0,3782.0,3792.0,61282042,1764,2025-12-22,0.7588568026198274,2889.7267043763027,2914.7689788627567,2869.996427508187,2877.584995534385,13,3966,1.0,0.041666666666666664,1404-10-01,False,False
2025-12-22 12:00:00,3791.0,3827.0,3788.0,3825.0,33713320,857,2025-12-22,0.7588568026198274,2876.8261387317657,2904.1449836260795,2874.549568323906,2902.6272700208397,13,3967,1.0,0.041666666666666664,1404-10-01,False,False
2025-12-23 09:00:00,3834.0,3865.0,3808.0,3864.0,55775253,1517,2025-12-23,0.7588568026198274,2909.456981244418,2932.9815421256326,2889.7267043763027,2932.2226853230127,13,3968,21.0,0.875,1404-10-02,False,False
2025-12-23 10:00:00,3865.0,3894.0,3836.0,3891.0,43315874,1012,2025-12-23,0.7588568026198274,2932.9815421256326,2954.9883894016075,2910.9746948496577,2952.7118189937482,13,3969,1.0,0.041666666666666664,1404-10-02,False,False
2025-12-23 11:00:00,3891.0,3925.0,3865.0,3880.0,45969995,1018,2025-12-23,0.7588568026198274,2952.7118189937482,2978.512950282822,2932.9815421256326,2944.36439416493,13,3970,1.0,0.041666666666666664,1404-10-02,False,False
2025-12-23 12:00:00,3886.0,3898.0,3880.0,3887.0,43628497,703,2025-12-23,0.7588568026198274,2948.917534980649,2958.023816612087,2944.36439416493,2949.676391783269,13,3971,1.0,0.041666666666666664,1404-10-02,False,False
2025-12-24 09:00:00,3940.0,3984.0,3935.0,3958.0,112145220,1941,2025-12-24,0.7588568026198274,2989.89580232212,3023.2855016373924,2986.101518309021,3003.5552247692767,13,3972,21.0,0.875,1404-10-03,False,False
2025-12-24 10:00:00,3958.0,3981.0,3949.0,3976.0,55227464,1104,2025-12-24,0.7588568026198274,3003.5552247692767,3021.0089312295327,2996.725513545698,3017.2146472164336,13,3973,1.0,0.041666666666666664,1404-10-03,False,False
2025-12-24 11:00:00,3976.0,3984.0,3958.0,3983.0,71941938,1320,2025-12-24,0.7588568026198274,3017.2146472164336,3023.2855016373924,3003.5552247692767,3022.5266448347725,13,3974,1.0,0.041666666666666664,1404-10-03,False,False
2025-12-24 12:00:00,3983.0,3984.0,3982.0,3984.0,62924355,642,2025-12-24,0.7588568026198274,3022.5266448347725,3023.2855016373924,3021.7677880321526,3023.2855016373924,13,3975,1.0,0.041666666666666664,1404-10-03,False,False
2025-12-27 09:00:00,4095.0,4095.0,4011.0,4070.0,119213696,2065,2025-12-27,0.7588568026198274,3107.518606728193,3107.518606728193,3043.7746353081275,3088.547186662697,13,3976,69.0,2.875,1404-10-06,False,False
2025-12-27 10:00:00,4070.0,4078.0,3970.0,3982.0,78598967,1772,2025-12-27,0.7588568026198274,3088.547186662697,3094.618041083656,3012.6615064007146,3021.7677880321526,13,3977,1.0,0.041666666666666664,1404-10-06,False,False
2025-12-27 11:00:00,3982.0,4057.0,3982.0,3990.0,85016395,1429,2025-12-27,0.7588568026198274,3021.7677880321526,3078.6820482286394,3021.7677880321526,3027.8386424531113,13,3978,1.0,0.041666666666666664,1404-10-06,False,False
2025-12-27 12:00:00,3990.0,4024.0,3976.0,4016.0,64427518,944,2025-12-27,0.7588568026198274,3027.8386424531113,3053.6397737421853,3017.2146472164336,3047.5689193212265,13,3979,1.0,0.041666666666666664,1404-10-06,False,False
2025-12-30 09:00:00,4011.0,4020.0,4011.0,4011.0,113573006,1948,2025-12-30,0.7588568026198274,3043.7746353081275,3050.604346531706,3043.7746353081275,3043.7746353081275,15,3982,69.0,2.875,1404-10-09,False,False
2025-12-30 10:00:00,4011.0,4011.0,4011.0,4011.0,16160625,594,2025-12-30,0.7588568026198274,3043.7746353081275,3043.7746353081275,3043.7746353081275,3043.7746353081275,15,3983,1.0,0.041666666666666664,1404-10-09,False,False
2025-12-30 11:00:00,4011.0,4011.0,4011.0,4011.0,7421040,318,2025-12-30,0.7588568026198274,3043.7746353081275,3043.7746353081275,3043.7746353081275,3043.7746353081275,15,3984,1.0,0.041666666666666664,1404-10-09,False,False
2025-12-30 12:00:00,4011.0,4011.0,4011.0,4011.0,13031979,191,2025-12-30,0.7588568026198274,3043.7746353081275,3043.7746353081275,3043.7746353081275,3043.7746353081275,15,3985,1.0,0.041666666666666664,1404-10-09,False,False
2025-12-31 09:00:00,3960.0,4060.0,3959.0,4058.0,127662816,2097,2025-12-31,0.7588568026198274,3005.0729383745165,3080.958618636499,3004.3140815718966,3079.4409050312593,15,3986,21.0,0.875,1404-10-10,False,False
2025-12-31 10:00:00,4059.0,4130.0,4050.0,4125.0,100020606,1525,2025-12-31,0.7588568026198274,3080.199761833879,3134.078594819887,3073.370050610301,3130.2843108067877,15,3987,1.0,0.041666666666666664,1404-10-10,False,False
2025-12-31 11:00:00,4125.0,4128.0,4075.0,4111.0,58720715,1265,2025-12-31,0.7588568026198274,3130.2843108067877,3132.5608812146475,3092.3414706757962,3119.6603155701105,15,3988,1.0,0.041666666666666664,1404-10-10,False,False
2025-12-31 12:00:00,4112.0,4131.0,4110.0,4131.0,50900867,1022,2025-12-31,0.7588568026198274,3120.41917237273,3134.8374516225067,3118.9014587674906,3134.8374516225067,15,3989,1.0,0.041666666666666664,1404-10-10,False,False
2026-01-04 09:00:00,4061.0,4170.0,3934.0,3996.0,168163606,2607,2026-01-04,0.7588568026198274,3081.717475439119,3164.43286692468,2985.342661506401,3032.3917832688303,15,3990,93.0,3.875,1404-10-14,False,False
2026-01-04 10:00:00,3996.0,4069.0,3981.0,4021.0,55156330,1343,2026-01-04,0.7588568026198274,3032.3917832688303,3087.7883298600773,3021.0089312295327,3051.3632033343256,15,3991,1.0,0.041666666666666664,1404-10-14,False,False
2026-01-04 11:00:00,4026.0,4033.0,3959.0,4000.0,55572773,1200,2026-01-04,0.7588568026198274,3055.157487347425,3060.4694849657635,3004.3140815718966,3035.4272104793095,15,3992,1.0,0.041666666666666664,1404-10-14,False,False
2026-01-04 12:00:00,3998.0,4015.0,3982.0,4010.0,33855614,658,2026-01-04,0.7588568026198274,3033.9094968740696,3046.8100625186066,3021.7677880321526,3043.0157785055076,15,3993,1.0,0.041666666666666664,1404-10-14,False,False
2026-01-05 09:00:00,4108.0,4108.0,4051.0,4108.0,92897173,950,2026-01-05,0.7588568026198274,3117.3837451622508,3117.3837451622508,3074.1289074129204,3117.3837451622508,15,3994,21.0,0.875,1404-10-15,False,False
2026-01-05 10:00:00,4108.0,4108.0,4108.0,4108.0,73177030,655,2026-01-05,0.7588568026198274,3117.3837451622508,3117.3837451622508,3117.3837451622508,3117.3837451622508,15,3995,1.0,0.041666666666666664,1404-10-15,False,False
2026-01-05 11:00:00,4108.0,4108.0,4108.0,4108.0,15715711,299,2026-01-05,0.7588568026198274,3117.3837451622508,3117.3837451622508,3117.3837451622508,3117.3837451622508,15,3996,1.0,0.041666666666666664,1404-10-15,False,False
2026-01-05 12:00:00,4108.0,4108.0,4108.0,4108.0,16127434,244,2026-01-05,0.7588568026198274,3117.3837451622508,3117.3837451622508,3117.3837451622508,3117.3837451622508,15,3997,1.0,0.041666666666666664,1404-10-15,False,False
2026-01-06 09:00:00,4231.0,4231.0,4231.0,4231.0,60831889,700,2026-01-06,0.7588568026198274,3210.7231318844897,3210.7231318844897,3210.7231318844897,3210.7231318844897,15,3998,21.0,0.875,1404-10-16,False,False
2026-01-06 10:00:00,4231.0,4231.0,4231.0,4231.0,95229478,724,2026-01-06,0.7588568026198274,3210.7231318844897,3210.7231318844897,3210.7231318844897,3210.7231318844897,15,3999,1.0,0.041666666666666664,1404-10-16,False,False
2026-01-06 11:00:00,4231.0,4231.0,4231.0,4231.0,11364941,259,2026-01-06,0.7588568026198274,3210.7231318844897,3210.7231318844897,3210.7231318844897,3210.7231318844897,15,4000,1.0,0.041666666666666664,1404-10-16,False,False
2026-01-06 12:00:00,4231.0,4231.0,4231.0,4231.0,5939561,160,2026-01-06,0.7588568026198274,3210.7231318844897,3210.7231318844897,3210.7231318844897,3210.7231318844897,15,4001,1.0,0.041666666666666664,1404-10-16,False,False
2026-01-07 09:00:00,4357.0,4357.0,4248.0,4357.0,230348116,2725,2026-01-07,0.7588568026198274,3306.339089014588,3306.339089014588,3223.6236975290267,3306.339089014588,15,4002,21.0,0.875,1404-10-17,False,False
2026-01-07 10:00:00,4357.0,4357.0,4356.0,4357.0,57526894,883,2026-01-07,0.7588568026198274,3306.339089014588,3306.339089014588,3305.580232211968,3306.339089014588,15,4003,1.0,0.041666666666666664,1404-10-17,False,False
2026-01-07 11:00:00,4357.0,4357.0,4355.0,4357.0,58418542,884,2026-01-07,0.7588568026198274,3306.339089014588,3306.339089014588,3304.821375409348,3306.339089014588,15,4004,1.0,0.041666666666666664,1404-10-17,False,False
2026-01-07 12:00:00,4357.0,4357.0,4357.0,4357.0,34539200,552,2026-01-07,0.7588568026198274,3306.339089014588,3306.339089014588,3306.339089014588,3306.339089014588,15,4005,1.0,0.041666666666666664,1404-10-17,False,False
2026-01-10 09:00:00,4225.0,4409.0,4225.0,4399.0,139327623,2149,2026-01-10,0.7588568026198274,3206.1699910687707,3345.7996427508187,3206.1699910687707,3338.2110747246206,15,4006,69.0,2.875,1404-10-20,False,False
2026-01-10 10:00:00,4400.0,4400.0,4225.0,4226.0,95520067,1696,2026-01-10,0.7588568026198274,3338.9699315272405,3338.9699315272405,3206.1699910687707,3206.92884787139,15,4007,1.0,0.041666666666666664,1404-10-20,False,False
2026-01-10 11:00:00,4226.0,4355.0,4225.0,4225.0,102451773,1622,2026-01-10,0.7588568026198274,3206.92884787139,3304.821375409348,3206.1699910687707,3206.1699910687707,15,4008,1.0,0.041666666666666664,1404-10-20,False,False
2026-01-10 12:00:00,4225.0,4225.0,4225.0,4225.0,18577362,390,2026-01-10,0.7588568026198274,3206.1699910687707,3206.1699910687707,3206.1699910687707,3206.1699910687707,15,4009,1.0,0.041666666666666664,1404-10-20,False,False
2026-01-10 14:00:00,4322.0,4322.0,4322.0,4322.0,2068680,6,2026-01-10,0.7588568026198274,3279.779100922894,3279.779100922894,3279.779100922894,3279.779100922894,15,4010,2.0,0.08333333333333333,1404-10-20,False,False
2026-01-11 09:00:00,4254.0,4402.0,4254.0,4340.0,137622795,2201,2026-01-11,0.7588568026198274,3228.1768383447456,3340.48764513248,3228.1768383447456,3293.438523370051,15,4011,19.0,0.7916666666666666,1404-10-21,False,False
2026-01-11 10:00:00,4340.0,4342.0,4296.0,4300.0,70979001,1478,2026-01-11,0.7588568026198274,3293.438523370051,3294.9562369752903,3260.0488240547784,3263.0842512652575,15,4012,1.0,0.041666666666666664,1404-10-21,False,False
2026-01-11 11:00:00,4300.0,4345.0,4298.0,4312.0,89387268,1405,2026-01-11,0.7588568026198274,3263.0842512652575,3297.23280738315,3261.566537660018,3272.1905328966955,15,4013,1.0,0.041666666666666664,1404-10-21,False,False
2026-01-11 12:00:00,4310.0,4390.0,4310.0,4378.0,49578401,804,2026-01-11,0.7588568026198274,3270.672819291456,3331.381363501042,3270.672819291456,3322.275081869604,15,4014,1.0,0.041666666666666664,1404-10-21,False,False
2026-01-12 09:00:00,4430.0,4479.0,4430.0,4447.0,133889581,2103,2026-01-12,0.7588568026198274,3361.7356356058353,3398.919618934207,3361.7356356058353,3374.6362012503723,15,4015,21.0,0.875,1404-10-22,False,False
2026-01-12 10:00:00,4447.0,4450.0,4381.0,4399.0,69075611,1627,2026-01-12,0.7588568026198274,3374.6362012503723,3376.9127716582316,3324.5516522774637,3338.2110747246206,15,4016,1.0,0.041666666666666664,1404-10-22,False,False
2026-01-12 11:00:00,4400.0,4438.0,4393.0,4408.0,47994801,1205,2026-01-12,0.7588568026198274,3338.9699315272405,3367.8064900267937,3333.6579339089017,3345.040785948199,15,4017,1.0,0.041666666666666664,1404-10-22,False,False
2026-01-12 12:00:00,4424.0,4438.0,4392.0,4430.0,48174562,878,2026-01-12,0.7588568026198274,3357.1824947901164,3367.8064900267937,3332.8990771062818,3361.7356356058353,15,4018,1.0,0.041666666666666664,1404-10-22,False,False
2026-01-13 09:00:00,4490.0,4490.0,4309.0,4309.0,110403235,2478,2026-01-13,0.7588568026198274,3407.267043763025,3407.267043763025,3269.913962488836,3269.913962488836,15,4019,21.0,0.875,1404-10-23,False,False
2026-01-13 10:00:00,4309.0,4309.0,4309.0,4309.0,38342282,1063,2026-01-13,0.7588568026198274,3269.913962488836,3269.913962488836,3269.913962488836,3269.913962488836,15,4020,1.0,0.041666666666666664,1404-10-23,False,False
2026-01-13 11:00:00,4309.0,4309.0,4309.0,4309.0,7089744,473,2026-01-13,0.7588568026198274,3269.913962488836,3269.913962488836,3269.913962488836,3269.913962488836,15,4021,1.0,0.041666666666666664,1404-10-23,False,False
2026-01-13 12:00:00,4309.0,4309.0,4309.0,4309.0,9202587,291,2026-01-13,0.7588568026198274,3269.913962488836,3269.913962488836,3269.913962488836,3269.913962488836,15,4022,1.0,0.041666666666666664,1404-10-23,False,False
2026-01-13 14:00:00,4438.0,4442.0,4310.0,4310.0,7270500,88,2026-01-13,0.7588568026198274,3367.8064900267937,3370.8419172372733,3270.672819291456,3270.672819291456,15,4023,2.0,0.08333333333333333,1404-10-23,False,False
2026-01-14 09:00:00,4213.0,4213.0,4213.0,4213.0,32321396,729,2026-01-14,0.7588568026198274,3197.063709437333,3197.063709437333,3197.063709437333,3197.063709437333,15,4024,19.0,0.7916666666666666,1404-10-24,False,False
2026-01-14 10:00:00,4213.0,4213.0,4213.0,4213.0,9521599,390,2026-01-14,0.7588568026198274,3197.063709437333,3197.063709437333,3197.063709437333,3197.063709437333,15,4025,1.0,0.041666666666666664,1404-10-24,False,False
2026-01-14 11:00:00,4213.0,4213.0,4213.0,4213.0,3971046,331,2026-01-14,0.7588568026198274,3197.063709437333,3197.063709437333,3197.063709437333,3197.063709437333,15,4026,1.0,0.041666666666666664,1404-10-24,False,False
2026-01-14 12:00:00,4213.0,4213.0,4213.0,4213.0,6675216,207,2026-01-14,0.7588568026198274,3197.063709437333,3197.063709437333,3197.063709437333,3197.063709437333,15,4027,1.0,0.041666666666666664,1404-10-24,False,False
2026-01-18 09:00:00,4122.0,4327.0,4122.0,4137.0,110610298,2437,2026-01-18,0.7588568026198274,3128.0077403989285,3283.573384935993,3128.0077403989285,3139.3905924382257,15,4028,93.0,3.875,1404-10-28,False,False
2026-01-18 10:00:00,4137.0,4182.0,4135.0,4151.0,68742887,1503,2026-01-18,0.7588568026198274,3139.3905924382257,3173.539148556118,3137.8728788329863,3150.0145876749034,15,4029,1.0,0.041666666666666664,1404-10-28,False,False
2026-01-18 11:00:00,4151.0,4160.0,4124.0,4147.0,56193801,1453,2026-01-18,0.7588568026198274,3150.0145876749034,3156.8442988984816,3129.525454004168,3146.9791604644242,15,4030,1.0,0.041666666666666664,1404-10-28,False,False
2026-01-18 12:00:00,4145.0,4184.0,4140.0,4172.0,44932076,1021,2026-01-18,0.7588568026198274,3145.4614468591844,3175.0568621613575,3141.6671628460854,3165.9505805299195,15,4031,1.0,0.041666666666666664,1404-10-28,False,False
2026-01-18 15:00:00,4125.0,4145.0,4125.0,4131.0,30320213,273,2026-01-18,0.7588568026198274,3130.2843108067877,3145.4614468591844,3130.2843108067877,3134.8374516225067,15,4032,3.0,0.125,1404-10-28,False,False
2026-01-18 16:00:00,4131.0,4131.0,4125.0,4125.0,14744955,132,2026-01-18,0.7588568026198274,3134.8374516225067,3134.8374516225067,3130.2843108067877,3130.2843108067877,15,4033,1.0,0.041666666666666664,1404-10-28,False,False
2026-01-19 09:00:00,4215.0,4253.0,4070.0,4074.0,117251309,2612,2026-01-19,0.7588568026198274,3198.581423042572,3227.4179815421257,3088.547186662697,3091.582613873177,15,4034,17.0,0.7083333333333334,1404-10-29,False,False
2026-01-19 10:00:00,4072.0,4090.0,4058.0,4058.0,96327883,1898,2026-01-19,0.7588568026198274,3090.064900267937,3103.724322715094,3079.4409050312593,3079.4409050312593,15,4035,1.0,0.041666666666666664,1404-10-29,False,False
2026-01-19 11:00:00,4058.0,4058.0,4058.0,4058.0,20429474,887,2026-01-19,0.7588568026198274,3079.4409050312593,3079.4409050312593,3079.4409050312593,3079.4409050312593,15,4036,1.0,0.041666666666666664,1404-10-29,False,False
2026-01-19 12:00:00,4058.0,4059.0,4058.0,4058.0,39087224,793,2026-01-19,0.7588568026198274,3079.4409050312593,3080.199761833879,3079.4409050312593,3079.4409050312593,15,4037,1.0,0.041666666666666664,1404-10-29,False,False
2026-01-19 17:00:00,4101.0,4101.0,4058.0,4058.0,61630337,203,2026-01-19,0.7588568026198274,3112.071747543912,3112.071747543912,3079.4409050312593,3079.4409050312593,15,4038,5.0,0.20833333333333334,1404-10-29,False,False
2026-01-20 09:00:00,3982.0,4058.0,3967.0,4017.0,113796909,2102,2026-01-20,0.7588568026198274,3021.7677880321526,3079.4409050312593,3010.384935992855,3048.3277761238464,15,4039,16.0,0.6666666666666666,1404-10-30,False,False
2026-01-20 10:00:00,4017.0,4051.0,4016.0,4040.0,58604987,1207,2026-01-20,0.7588568026198274,3048.3277761238464,3074.1289074129204,3047.5689193212265,3065.7814825841024,15,4040,1.0,0.041666666666666664,1404-10-30,False,False
2026-01-20 11:00:00,4041.0,4055.0,4016.0,4018.0,69521018,1241,2026-01-20,0.7588568026198274,3066.5403393867223,3077.1643346234,3047.5689193212265,3049.0866329264663,15,4041,1.0,0.041666666666666664,1404-10-30,False,False
2026-01-20 12:00:00,4018.0,4018.0,3967.0,3968.0,60406745,867,2026-01-20,0.7588568026198274,3049.0866329264663,3049.0866329264663,3010.384935992855,3011.143792795475,15,4042,1.0,0.041666666666666664,1404-10-30,False,False
2026-01-20 14:00:00,3968.0,3968.0,3968.0,3968.0,15059,1,2026-01-20,0.7588568026198274,3011.143792795475,3011.143792795475,3011.143792795475,3011.143792795475,15,4043,2.0,0.08333333333333333,1404-10-30,False,False
2026-01-20 15:00:00,3967.0,3967.0,3967.0,3967.0,4339390,23,2026-01-20,0.7588568026198274,3010.384935992855,3010.384935992855,3010.384935992855,3010.384935992855,15,4044,1.0,0.041666666666666664,1404-10-30,False,False
2026-01-20 16:00:00,3967.0,3967.0,3967.0,3967.0,46742508,238,2026-01-20,0.7588568026198274,3010.384935992855,3010.384935992855,3010.384935992855,3010.384935992855,15,4045,1.0,0.041666666666666664,1404-10-30,False,False
2026-01-21 09:00:00,3987.0,3992.0,3926.0,3927.0,80475736,2006,2026-01-21,0.7588568026198274,3025.5620720452516,3029.3563560583507,2979.271807085442,2980.030663888062,15,4046,17.0,0.7083333333333334,1404-11-01,False,False
2026-01-21 10:00:00,3926.0,3927.0,3875.0,3875.0,71833305,1965,2026-01-21,0.7588568026198274,2979.271807085442,2980.030663888062,2940.570110151831,2940.570110151831,15,4047,1.0,0.041666666666666664,1404-11-01,False,False
2026-01-21 11:00:00,3876.0,3877.0,3873.0,3876.0,74227663,1920,2026-01-21,0.7588568026198274,2941.3289669544506,2942.0878237570705,2939.0523965465914,2941.3289669544506,15,4048,1.0,0.041666666666666664,1404-11-01,False,False
2026-01-21 12:00:00,3875.0,3908.0,3873.0,3905.0,52820852,964,2026-01-21,0.7588568026198274,2940.570110151831,2965.612384638285,2939.0523965465914,2963.335814230426,15,4049,1.0,0.041666666666666664,1404-11-01,False,False
2026-01-21 15:00:00,3921.0,3921.0,3921.0,3921.0,10000,1,2026-01-21,0.7588568026198274,2975.477523072343,2975.477523072343,2975.477523072343,2975.477523072343,15,4050,3.0,0.125,1404-11-01,False,False
2026-01-24 09:00:00,3790.0,3830.0,3790.0,3790.0,44217896,1197,2026-01-24,0.7588568026198274,2876.067281929146,2906.4215540339387,2876.067281929146,2876.067281929146,15,4051,66.0,2.75,1404-11-04,False,False
2026-01-24 10:00:00,3790.0,3790.0,3790.0,3790.0,6123709,434,2026-01-24,0.7588568026198274,2876.067281929146,2876.067281929146,2876.067281929146,2876.067281929146,15,4052,1.0,0.041666666666666664,1404-11-04,False,False
2026-01-24 11:00:00,3790.0,3790.0,3790.0,3790.0,4558217,293,2026-01-24,0.7588568026198274,2876.067281929146,2876.067281929146,2876.067281929146,2876.067281929146,15,4053,1.0,0.041666666666666664,1404-11-04,False,False
2026-01-24 12:00:00,3790.0,3790.0,3790.0,3790.0,2187959,169,2026-01-24,0.7588568026198274,2876.067281929146,2876.067281929146,2876.067281929146,2876.067281929146,15,4054,1.0,0.041666666666666664,1404-11-04,False,False
2026-01-25 09:00:00,3677.0,3677.0,3677.0,3677.0,31666524,794,2026-01-25,0.7588568026198274,2790.316463233105,2790.316463233105,2790.316463233105,2790.316463233105,15,4055,21.0,0.875,1404-11-05,False,False
2026-01-25 10:00:00,3677.0,3677.0,3677.0,3677.0,6734099,332,2026-01-25,0.7588568026198274,2790.316463233105,2790.316463233105,2790.316463233105,2790.316463233105,15,4056,1.0,0.041666666666666664,1404-11-05,False,False
2026-01-25 11:00:00,3677.0,3677.0,3677.0,3677.0,14838445,331,2026-01-25,0.7588568026198274,2790.316463233105,2790.316463233105,2790.316463233105,2790.316463233105,15,4057,1.0,0.041666666666666664,1404-11-05,False,False
2026-01-25 12:00:00,3677.0,3677.0,3677.0,3677.0,3733236,165,2026-01-25,0.7588568026198274,2790.316463233105,2790.316463233105,2790.316463233105,2790.316463233105,15,4058,1.0,0.041666666666666664,1404-11-05,False,False
2026-01-26 09:00:00,3567.0,3567.0,3567.0,3567.0,19345656,554,2026-01-26,0.7588568026198274,2706.8422149449243,2706.8422149449243,2706.8422149449243,2706.8422149449243,15,4059,21.0,0.875,1404-11-06,False,False
2026-01-26 10:00:00,3567.0,3567.0,3567.0,3567.0,1867219,193,2026-01-26,0.7588568026198274,2706.8422149449243,2706.8422149449243,2706.8422149449243,2706.8422149449243,15,4060,1.0,0.041666666666666664,1404-11-06,False,False
2026-01-26 11:00:00,3567.0,3567.0,3567.0,3567.0,1567662,145,2026-01-26,0.7588568026198274,2706.8422149449243,2706.8422149449243,2706.8422149449243,2706.8422149449243,15,4061,1.0,0.041666666666666664,1404-11-06,False,False
2026-01-26 12:00:00,3567.0,3567.0,3567.0,3567.0,1014108,86,2026-01-26,0.7588568026198274,2706.8422149449243,2706.8422149449243,2706.8422149449243,2706.8422149449243,15,4062,1.0,0.041666666666666664,1404-11-06,False,False
2026-01-27 09:00:00,3460.0,3460.0,3460.0,3460.0,38691778,798,2026-01-27,0.7588568026198274,2625.6445370646024,2625.6445370646024,2625.6445370646024,2625.6445370646024,15,4063,21.0,0.875,1404-11-07,False,False
2026-01-27 10:00:00,3460.0,3460.0,3460.0,3460.0,13822393,372,2026-01-27,0.7588568026198274,2625.6445370646024,2625.6445370646024,2625.6445370646024,2625.6445370646024,15,4064,1.0,0.041666666666666664,1404-11-07,False,False
2026-01-27 11:00:00,3460.0,3460.0,3460.0,3460.0,3589239,227,2026-01-27,0.7588568026198274,2625.6445370646024,2625.6445370646024,2625.6445370646024,2625.6445370646024,15,4065,1.0,0.041666666666666664,1404-11-07,False,False
2026-01-27 12:00:00,3460.0,3460.0,3460.0,3460.0,2446860,145,2026-01-27,0.7588568026198274,2625.6445370646024,2625.6445370646024,2625.6445370646024,2625.6445370646024,15,4066,1.0,0.041666666666666664,1404-11-07,False,False
2026-01-28 09:00:00,3357.0,3395.0,3357.0,3357.0,155253924,2640,2026-01-28,0.7588568026198274,2547.4822863947606,2576.3188448943138,2547.4822863947606,2547.4822863947606,15,4067,21.0,0.875,1404-11-08,False,False
2026-01-28 10:00:00,3357.0,3370.0,3357.0,3369.0,86533666,1811,2026-01-28,0.7588568026198274,2547.4822863947606,2557.347424828818,2547.4822863947606,2556.5885680261986,15,4068,1.0,0.041666666666666664,1404-11-08,False,False
2026-01-28 11:00:00,3368.0,3414.0,3357.0,3358.0,62330495,1639,2026-01-28,0.7588568026198274,2555.8297112235787,2590.7371241440906,2547.4822863947606,2548.24114319738,15,4069,1.0,0.041666666666666664,1404-11-08,False,False
2026-01-28 12:00:00,3357.0,3362.0,3357.0,3362.0,47398592,923,2026-01-28,0.7588568026198274,2547.4822863947606,2551.2765704078597,2547.4822863947606,2551.2765704078597,15,4070,1.0,0.041666666666666664,1404-11-08,False,False
2026-01-31 09:00:00,3320.0,3429.0,3261.0,3261.0,133073544,2295,2026-01-31,0.7588568026198274,2519.404584697827,2602.119976183388,2474.632033343257,2474.632033343257,15,4071,69.0,2.875,1404-11-11,False,False
2026-01-31 10:00:00,3261.0,3262.0,3261.0,3261.0,42681875,713,2026-01-31,0.7588568026198274,2474.632033343257,2475.3908901458767,2474.632033343257,2474.632033343257,15,4072,1.0,0.041666666666666664,1404-11-11,False,False
2026-01-31 11:00:00,3261.0,3261.0,3261.0,3261.0,7048774,320,2026-01-31,0.7588568026198274,2474.632033343257,2474.632033343257,2474.632033343257,2474.632033343257,15,4073,1.0,0.041666666666666664,1404-11-11,False,False
2026-01-31 12:00:00,3261.0,3261.0,3261.0,3261.0,16076804,347,2026-01-31,0.7588568026198274,2474.632033343257,2474.632033343257,2474.632033343257,2474.632033343257,15,4074,1.0,0.041666666666666664,1404-11-11,False,False
2026-02-01 09:00:00,3260.0,3370.0,3260.0,3330.0,69910538,1686,2026-02-01,0.7588568026198274,2473.8731765406374,2557.347424828818,2473.8731765406374,2526.993152724025,15,4075,21.0,0.875,1404-11-12,False,False
2026-02-01 10:00:00,3327.0,3382.0,3302.0,3382.0,46402302,1095,2026-02-01,0.7588568026198274,2524.7165823161654,2566.453706460256,2505.74516225067,2566.453706460256,15,4076,1.0,0.041666666666666664,1404-11-12,False,False
2026-02-01 11:00:00,3382.0,3382.0,3376.0,3382.0,46910079,708,2026-02-01,0.7588568026198274,2566.453706460256,2566.453706460256,2561.900565644537,2566.453706460256,15,4077,1.0,0.041666666666666664,1404-11-12,False,False
2026-02-01 12:00:00,3382.0,3382.0,3382.0,3382.0,10695333,204,2026-02-01,0.7588568026198274,2566.453706460256,2566.453706460256,2566.453706460256,2566.453706460256,15,4078,1.0,0.041666666666666664,1404-11-12,False,False
2026-02-02 09:00:00,3430.0,3444.0,3370.0,3444.0,87016354,1328,2026-02-02,0.7588568026198274,2602.8788329860076,2613.5028282226854,2557.347424828818,2613.5028282226854,15,4079,21.0,0.875,1404-11-13,False,False
2026-02-02 10:00:00,3444.0,3444.0,3444.0,3444.0,29029309,466,2026-02-02,0.7588568026198274,2613.5028282226854,2613.5028282226854,2613.5028282226854,2613.5028282226854,15,4080,1.0,0.041666666666666664,1404-11-13,False,False
2026-02-02 11:00:00,3444.0,3444.0,3444.0,3444.0,11216301,248,2026-02-02,0.7588568026198274,2613.5028282226854,2613.5028282226854,2613.5028282226854,2613.5028282226854,15,4081,1.0,0.041666666666666664,1404-11-13,False,False
2026-02-02 12:00:00,3444.0,3444.0,3444.0,3444.0,12538426,156,2026-02-02,0.7588568026198274,2613.5028282226854,2613.5028282226854,2613.5028282226854,2613.5028282226854,15,4082,1.0,0.041666666666666664,1404-11-13,False,False
2026-02-03 09:00:00,3470.0,3500.0,3376.0,3386.0,83927265,1596,2026-02-03,0.7588568026198274,2633.233105090801,2655.998809169396,2561.900565644537,2569.4891336707356,15,4083,21.0,0.875,1404-11-14,False,False
2026-02-03 10:00:00,3390.0,3464.0,3380.0,3411.0,38818039,950,2026-02-03,0.7588568026198274,2572.5245608812147,2628.679964275082,2564.9359928550166,2588.4605537362313,15,4084,1.0,0.041666666666666664,1404-11-14,False,False
2026-02-03 11:00:00,3411.0,3430.0,3397.0,3397.0,30157979,764,2026-02-03,0.7588568026198274,2588.4605537362313,2602.8788329860076,2577.8365584995536,2577.8365584995536,15,4085,1.0,0.041666666666666664,1404-11-14,False,False
2026-02-03 12:00:00,3398.0,3484.0,3395.0,3477.0,30577133,558,2026-02-03,0.7588568026198274,2578.5954153021735,2643.8571003274783,2576.3188448943138,2638.54510270914,15,4086,1.0,0.041666666666666664,1404-11-14,False,False
2026-02-03 14:00:00,3467.0,3467.0,3467.0,3467.0,2068680,11,2026-02-03,0.7588568026198274,2630.9565346829413,2630.9565346829413,2630.9565346829413,2630.9565346829413,15,4087,2.0,0.08333333333333333,1404-11-14,False,False
2026-02-09 11:00:00,3334.0,3334.0,3334.0,3334.0,1114968,40,2026-02-09,0.7588568026198274,2530.0285799345043,2530.0285799345043,2530.0285799345043,2530.0285799345043,15,4088,141.0,5.875,1404-11-20,False,False
2026-02-09 12:00:00,3334.0,3350.0,3334.0,3334.0,60937592,1031,2026-02-09,0.7588568026198274,2530.0285799345043,2542.170288776422,2530.0285799345043,2530.0285799345043,15,4089,1.0,0.041666666666666664,1404-11-20,False,False
2026-02-10 09:00:00,3310.0,3434.0,3310.0,3434.0,96375059,1433,2026-02-10,0.7588568026198274,2511.8160166716284,2605.9142601964872,2511.8160166716284,2605.9142601964872,15,4090,21.0,0.875,1404-11-21,False,False
2026-02-10 10:00:00,3434.0,3434.0,3434.0,3434.0,24951936,564,2026-02-10,0.7588568026198274,2605.9142601964872,2605.9142601964872,2605.9142601964872,2605.9142601964872,15,4091,1.0,0.041666666666666664,1404-11-21,False,False
2026-02-10 11:00:00,3434.0,3434.0,3434.0,3434.0,20019911,398,2026-02-10,0.7588568026198274,2605.9142601964872,2605.9142601964872,2605.9142601964872,2605.9142601964872,15,4092,1.0,0.041666666666666664,1404-11-21,False,False
2026-02-10 12:00:00,3434.0,3434.0,3434.0,3434.0,15032135,253,2026-02-10,0.7588568026198274,2605.9142601964872,2605.9142601964872,2605.9142601964872,2605.9142601964872,15,4093,1.0,0.041666666666666664,1404-11-21,False,False
2026-02-14 09:00:00,3530.0,3530.0,3473.0,3487.0,83142555,1532,2026-02-14,0.7588568026198274,2678.7645132479906,2678.7645132479906,2635.5096754986603,2646.133670735338,15,4094,93.0,3.875,1404-11-25,False,False
2026-02-14 10:00:00,3487.0,3529.0,3430.0,3440.0,73233935,1201,2026-02-14,0.7588568026198274,2646.133670735338,2678.0056564453707,2602.8788329860076,2610.467401012206,15,4095,1.0,0.041666666666666664,1404-11-25,False,False
2026-02-14 11:00:00,3440.0,3470.0,3411.0,3465.0,63976072,1057,2026-02-14,0.7588568026198274,2610.467401012206,2633.233105090801,2588.4605537362313,2629.438821077702,15,4096,1.0,0.041666666666666664,1404-11-25,False,False
2026-02-14 12:00:00,3469.0,3478.0,3414.0,3453.0,38961313,606,2026-02-14,0.7588568026198274,2632.474248288181,2639.3039595117593,2590.7371241440906,2620.332539446264,15,4097,1.0,0.041666666666666664,1404-11-25,False,False
2026-02-14 15:00:00,3421.0,3421.0,3421.0,3421.0,661264,3,2026-02-14,0.7588568026198274,2596.0491217624294,2596.0491217624294,2596.0491217624294,2596.0491217624294,15,4098,3.0,0.125,1404-11-25,False,False
2026-02-15 09:00:00,3408.0,3440.0,3391.0,3395.0,76129310,1364,2026-02-15,0.7588568026198274,2586.1839833283716,2610.467401012206,2573.2834176838346,2576.3188448943138,15,4099,18.0,0.75,1404-11-26,False,False
2026-02-15 10:00:00,3395.0,3395.0,3391.0,3391.0,21789245,632,2026-02-15,0.7588568026198274,2576.3188448943138,2576.3188448943138,2573.2834176838346,2573.2834176838346,15,4100,1.0,0.041666666666666664,1404-11-26,False,False
2026-02-15 11:00:00,3391.0,3391.0,3391.0,3391.0,11319236,261,2026-02-15,0.7588568026198274,2573.2834176838346,2573.2834176838346,2573.2834176838346,2573.2834176838346,15,4101,1.0,0.041666666666666664,1404-11-26,False,False
2026-02-15 12:00:00,3391.0,3391.0,3391.0,3391.0,7012685,178,2026-02-15,0.7588568026198274,2573.2834176838346,2573.2834176838346,2573.2834176838346,2573.2834176838346,15,4102,1.0,0.041666666666666664,1404-11-26,False,False
2026-02-16 09:00:00,3292.0,3440.0,3292.0,3433.0,51073716,1038,2026-02-16,0.7588568026198274,2498.1565942244715,2610.467401012206,2498.1565942244715,2605.1554033938673,15,4103,21.0,0.875,1404-11-27,False,False
2026-02-16 10:00:00,3433.0,3433.0,3381.0,3390.0,28147481,674,2026-02-16,0.7588568026198274,2605.1554033938673,2605.1554033938673,2565.6948496576365,2572.5245608812147,15,4104,1.0,0.041666666666666664,1404-11-27,False,False
2026-02-16 11:00:00,3392.0,3410.0,3389.0,3400.0,30034521,605,2026-02-16,0.7588568026198274,2574.0422744864545,2587.7016969336114,2571.765704078595,2580.113128907413,15,4105,1.0,0.041666666666666664,1404-11-27,False,False
2026-02-16 12:00:00,3400.0,3420.0,3400.0,3417.0,16934582,394,2026-02-16,0.7588568026198274,2580.113128907413,2595.2902649598095,2580.113128907413,2593.0136945519503,15,4106,1.0,0.041666666666666664,1404-11-27,False,False
2026-02-17 09:00:00,3419.0,3451.0,3365.0,3403.0,41511277,706,2026-02-17,0.7588568026198274,2594.5314081571896,2618.8148258410242,2553.553140815719,2582.3896993152725,15,4107,21.0,0.875,1404-11-28,False,False
2026-02-17 10:00:00,3403.0,3426.0,3379.0,3417.0,22931066,464,2026-02-17,0.7588568026198274,2582.3896993152725,2599.8434057755285,2564.1771360523967,2593.0136945519503,15,4108,1.0,0.041666666666666664,1404-11-28,False,False
2026-02-17 11:00:00,3416.0,3470.0,3390.0,3445.0,32023186,617,2026-02-17,0.7588568026198274,2592.2548377493304,2633.233105090801,2572.5245608812147,2614.2616850253053,15,4109,1.0,0.041666666666666664,1404-11-28,False,False
2026-02-17 12:00:00,3446.0,3478.0,3446.0,3478.0,35678575,645,2026-02-17,0.7588568026198274,2615.020541827925,2639.3039595117593,2615.020541827925,2639.3039595117593,15,4110,1.0,0.041666666666666664,1404-11-28,False,False
2026-02-18 09:00:00,3482.0,3492.0,3423.0,3423.0,32641800,795,2026-02-18,0.7588568026198274,2642.339386722239,2649.927954748437,2597.5668353676692,2597.5668353676692,15,4111,21.0,0.875,1404-11-29,False,False
2026-02-18 10:00:00,3424.0,3438.0,3349.0,3350.0,38717553,779,2026-02-18,0.7588568026198274,2598.3256921702887,2608.9496874069664,2541.411431973802,2542.170288776422,15,4112,1.0,0.041666666666666664,1404-11-29,False,False
2026-02-18 11:00:00,3350.0,3371.0,3347.0,3370.0,29197832,591,2026-02-18,0.7588568026198274,2542.170288776422,2558.106281631438,2539.893718368562,2557.347424828818,15,4113,1.0,0.041666666666666664,1404-11-29,False,False
2026-02-18 12:00:00,3371.0,3374.0,3360.0,3370.0,15608793,366,2026-02-18,0.7588568026198274,2558.106281631438,2560.3828520392976,2549.75885680262,2557.347424828818,15,4114,1.0,0.041666666666666664,1404-11-29,False,False
2026-02-21 09:00:00,3293.0,3293.0,3293.0,3293.0,29268154,590,2026-02-21,0.7588568026198274,2498.9154510270914,2498.9154510270914,2498.9154510270914,2498.9154510270914,15,4115,69.0,2.875,1404-12-02,False,False
2026-02-21 10:00:00,3293.0,3293.0,3293.0,3293.0,7701803,282,2026-02-21,0.7588568026198274,2498.9154510270914,2498.9154510270914,2498.9154510270914,2498.9154510270914,15,4116,1.0,0.041666666666666664,1404-12-02,False,False
2026-02-21 11:00:00,3293.0,3293.0,3293.0,3293.0,4799542,246,2026-02-21,0.7588568026198274,2498.9154510270914,2498.9154510270914,2498.9154510270914,2498.9154510270914,15,4117,1.0,0.041666666666666664,1404-12-02,False,False
2026-02-21 12:00:00,3293.0,3293.0,3293.0,3293.0,2871106,149,2026-02-21,0.7588568026198274,2498.9154510270914,2498.9154510270914,2498.9154510270914,2498.9154510270914,15,4118,1.0,0.041666666666666664,1404-12-02,False,False
2026-02-22 09:00:00,3195.0,3283.0,3195.0,3195.0,78655455,1461,2026-02-22,0.7588568026198274,2424.5474843703482,2491.3268830008933,2424.5474843703482,2424.5474843703482,15,4119,21.0,0.875,1404-12-03,False,False
2026-02-22 10:00:00,3195.0,3245.0,3195.0,3243.0,51152358,1005,2026-02-22,0.7588568026198274,2424.5474843703482,2462.4903245013397,2424.5474843703482,2460.9726108961,15,4120,1.0,0.041666666666666664,1404-12-03,False,False
2026-02-22 11:00:00,3243.0,3263.0,3210.0,3229.0,39120814,650,2026-02-22,0.7588568026198274,2460.9726108961,2476.1497469484966,2435.930336409646,2450.3486156594226,15,4121,1.0,0.041666666666666664,1404-12-03,False,False
2026-02-22 12:00:00,3229.0,3304.0,3211.0,3290.0,37475735,600,2026-02-22,0.7588568026198274,2450.3486156594226,2507.2628758559094,2436.6891932122658,2496.638880619232,15,4122,1.0,0.041666666666666664,1404-12-03,False,False
2026-02-23 09:00:00,3270.0,3282.0,3240.0,3254.0,50029645,955,2026-02-23,0.7588568026198274,2481.4617445668355,2490.5680261982734,2458.6960404882407,2469.3200357249184,15,4123,21.0,0.875,1404-12-04,False,False
2026-02-23 10:00:00,3254.0,3305.0,3244.0,3300.0,29089465,655,2026-02-23,0.7588568026198274,2469.3200357249184,2508.0217326585293,2461.73146769872,2504.2274486454303,15,4124,1.0,0.041666666666666664,1404-12-04,False,False
2026-02-23 11:00:00,3300.0,3310.0,3297.0,3309.0,31361985,725,2026-02-23,0.7588568026198274,2504.2274486454303,2511.8160166716284,2501.9508782375706,2511.0571598690085,15,4125,1.0,0.041666666666666664,1404-12-04,False,False
2026-02-23 12:00:00,3309.0,3310.0,3308.0,3310.0,24526353,355,2026-02-23,0.7588568026198274,2511.0571598690085,2511.8160166716284,2510.298303066389,2511.8160166716284,15,4126,1.0,0.041666666666666664,1404-12-04,False,False
2026-02-24 09:00:00,3298.0,3300.0,3216.0,3285.0,40342378,882,2026-02-24,0.7588568026198274,2502.7097350401905,2504.2274486454303,2440.483477225365,2492.8445966061327,15,4127,21.0,0.875,1404-12-05,False,False
2026-02-24 10:00:00,3284.0,3295.0,3261.0,3294.0,30953382,539,2026-02-24,0.7588568026198274,2492.085739803513,2500.433164632331,2474.632033343257,2499.6743078297113,15,4128,1.0,0.041666666666666664,1404-12-05,False,False
2026-02-24 11:00:00,3286.0,3298.0,3281.0,3297.0,25095377,473,2026-02-24,0.7588568026198274,2493.6034534087526,2502.7097350401905,2489.8091693956535,2501.9508782375706,15,4129,1.0,0.041666666666666664,1404-12-05,False,False
2026-02-24 12:00:00,3291.0,3297.0,3281.0,3281.0,21344524,392,2026-02-24,0.7588568026198274,2497.3977374218516,2501.9508782375706,2489.8091693956535,2489.8091693956535,15,4130,1.0,0.041666666666666664,1404-12-05,False,False
2026-02-24 13:00:00,3234.0,3234.0,3234.0,3234.0,5000,1,2026-02-24,0.7588568026198274,2454.1428996725217,2454.1428996725217,2454.1428996725217,2454.1428996725217,15,4131,1.0,0.041666666666666664,1404-12-05,False,False
2026-02-25 09:00:00,3254.0,3367.0,3254.0,3367.0,81155725,1039,2026-02-25,0.7588568026198274,2469.3200357249184,2555.0708544209588,2469.3200357249184,2555.0708544209588,15,4132,20.0,0.8333333333333334,1404-12-06,False,False
2026-02-25 10:00:00,3366.0,3367.0,3300.0,3358.0,26105462,621,2026-02-25,0.7588568026198274,2554.311997618339,2555.0708544209588,2504.2274486454303,2548.24114319738,15,4133,1.0,0.041666666666666664,1404-12-06,False,False
2026-02-25 11:00:00,3357.0,3367.0,3351.0,3365.0,33671786,647,2026-02-25,0.7588568026198274,2547.4822863947606,2555.0708544209588,2542.9291455790412,2553.553140815719,15,4134,1.0,0.041666666666666664,1404-12-06,False,False
2026-02-25 12:00:00,3364.0,3367.0,3349.0,3367.0,33586951,485,2026-02-25,0.7588568026198274,2552.794284013099,2555.0708544209588,2541.411431973802,2555.0708544209588,15,4135,1.0,0.041666666666666664,1404-12-06,False,False
2026-08-08 12:00:00,2305.0,2374.0,2305.0,2360.0,81151686,276,2026-08-08,1.0,2305.0,2374.0,2305.0,2360.0,15,4136,3936.0,164.0,1405-05-17,True,True
2026-08-09 09:00:00,2401.0,2401.0,2263.0,2263.0,405736133,3470,2026-08-09,1.0,2401.0,2401.0,2263.0,2263.0,15,4137,21.0,0.875,1405-05-18,False,False
2026-08-09 10:00:00,2263.0,2329.0,2263.0,2317.0,353296982,2927,2026-08-09,1.0,2263.0,2329.0,2263.0,2317.0,15,4138,1.0,0.041666666666666664,1405-05-18,False,False
2026-08-09 11:00:00,2317.0,2317.0,2275.0,2280.0,227246595,2452,2026-08-09,1.0,2317.0,2317.0,2275.0,2280.0,15,4139,1.0,0.041666666666666664,1405-05-18,False,False
2026-08-09 12:00:00,2279.0,2313.0,2275.0,2291.0,128614596,1268,2026-08-09,1.0,2279.0,2313.0,2275.0,2291.0,15,4140,1.0,0.041666666666666664,1405-05-18,False,False
2026-08-10 09:00:00,2296.0,2370.0,2271.0,2294.0,378381499,3096,2026-08-10,1.0,2296.0,2370.0,2271.0,2294.0,15,4141,21.0,0.875,1405-05-19,False,False
2026-08-10 10:00:00,2294.0,2342.0,2293.0,2326.0,301203959,2419,2026-08-10,1.0,2294.0,2342.0,2293.0,2326.0,15,4142,1.0,0.041666666666666664,1405-05-19,False,False
2026-08-10 11:00:00,2325.0,2357.0,2309.0,2351.0,251613163,2183,2026-08-10,1.0,2325.0,2357.0,2309.0,2351.0,15,4143,1.0,0.041666666666666664,1405-05-19,False,False
2026-08-10 12:00:00,2351.0,2363.0,2336.0,2354.0,222990177,1351,2026-08-10,1.0,2351.0,2363.0,2336.0,2354.0,15,4144,1.0,0.041666666666666664,1405-05-19,False,False
2026-08-10 17:00:00,2367.0,2370.0,2299.0,2346.0,1010000,32,2026-08-10,1.0,2367.0,2370.0,2299.0,2346.0,15,4145,5.0,0.20833333333333334,1405-05-19,False,False
2026-08-11 09:00:00,2350.0,2375.0,2264.0,2279.0,382170490,2978,2026-08-11,1.0,2350.0,2375.0,2264.0,2279.0,15,4146,16.0,0.6666666666666666,1405-05-20,False,False
2026-08-11 10:00:00,2279.0,2300.0,2277.0,2285.0,205812574,2032,2026-08-11,1.0,2279.0,2300.0,2277.0,2285.0,15,4147,1.0,0.041666666666666664,1405-05-20,False,False
2026-08-11 11:00:00,2284.0,2303.0,2269.0,2285.0,157242488,1754,2026-08-11,1.0,2284.0,2303.0,2269.0,2285.0,15,4148,1.0,0.041666666666666664,1405-05-20,False,False
2026-08-11 12:00:00,2286.0,2286.0,2265.0,2278.0,136070859,1291,2026-08-11,1.0,2286.0,2286.0,2265.0,2278.0,15,4149,1.0,0.041666666666666664,1405-05-20,False,False
2026-08-15 09:00:00,2265.0,2283.0,2218.0,2218.0,168828461,1930,2026-08-15,1.0,2265.0,2283.0,2218.0,2218.0,15,4150,93.0,3.875,1405-05-24,False,False
2026-08-15 10:00:00,2218.0,2236.0,2218.0,2218.0,209650515,2184,2026-08-15,1.0,2218.0,2236.0,2218.0,2218.0,15,4151,1.0,0.041666666666666664,1405-05-24,False,False
2026-08-15 11:00:00,2218.0,2235.0,2218.0,2218.0,111022301,1430,2026-08-15,1.0,2218.0,2235.0,2218.0,2218.0,15,4152,1.0,0.041666666666666664,1405-05-24,False,False
2026-08-15 12:00:00,2218.0,2220.0,2218.0,2218.0,57357860,646,2026-08-15,1.0,2218.0,2220.0,2218.0,2218.0,15,4153,1.0,0.041666666666666664,1405-05-24,False,False
2026-08-16 09:00:00,2188.0,2285.0,2183.0,2279.0,374663235,2896,2026-08-16,1.0,2188.0,2285.0,2183.0,2279.0,15,4154,21.0,0.875,1405-05-25,False,False
2026-08-16 10:00:00,2279.0,2285.0,2275.0,2285.0,169140615,1284,2026-08-16,1.0,2279.0,2285.0,2275.0,2285.0,15,4155,1.0,0.041666666666666664,1405-05-25,False,False
2026-08-16 11:00:00,2285.0,2285.0,2285.0,2285.0,44500258,352,2026-08-16,1.0,2285.0,2285.0,2285.0,2285.0,15,4156,1.0,0.041666666666666664,1405-05-25,False,False
2026-08-17 10:00:00,2342.0,2342.0,2342.0,2342.0,72248210,474,2026-08-17,1.0,2342.0,2342.0,2342.0,2342.0,15,4157,23.0,0.9583333333333334,1405-05-26,False,False
2026-08-17 11:00:00,2342.0,2342.0,2342.0,2342.0,21656138,315,2026-08-17,1.0,2342.0,2342.0,2342.0,2342.0,15,4158,1.0,0.041666666666666664,1405-05-26,False,False
2026-08-17 12:00:00,2342.0,2342.0,2342.0,2342.0,22590012,193,2026-08-17,1.0,2342.0,2342.0,2342.0,2342.0,15,4159,1.0,0.041666666666666664,1405-05-26,False,False
2026-08-18 09:00:00,2412.0,2412.0,2370.0,2412.0,471566501,2309,2026-08-18,1.0,2412.0,2412.0,2370.0,2412.0,15,4160,21.0,0.875,1405-05-27,False,False
2026-08-18 10:00:00,2412.0,2412.0,2412.0,2412.0,25482427,433,2026-08-18,1.0,2412.0,2412.0,2412.0,2412.0,15,4161,1.0,0.041666666666666664,1405-05-27,False,False
2026-08-18 11:00:00,2412.0,2412.0,2380.0,2394.0,285465523,1648,2026-08-18,1.0,2412.0,2412.0,2380.0,2394.0,15,4162,1.0,0.041666666666666664,1405-05-27,False,False
2026-08-18 12:00:00,2393.0,2412.0,2386.0,2412.0,149243666,1061,2026-08-18,1.0,2393.0,2412.0,2386.0,2412.0,15,4163,1.0,0.041666666666666664,1405-05-27,False,False
2026-08-19 09:00:00,2398.0,2477.0,2371.0,2440.0,282412002,2574,2026-08-19,1.0,2398.0,2477.0,2371.0,2440.0,15,4164,21.0,0.875,1405-05-28,False,False
2026-08-19 10:00:00,2440.0,2483.0,2440.0,2471.0,292384932,2141,2026-08-19,1.0,2440.0,2483.0,2440.0,2471.0,15,4165,1.0,0.041666666666666664,1405-05-28,False,False
2026-08-19 11:00:00,2473.0,2478.0,2433.0,2458.0,127706923,1661,2026-08-19,1.0,2473.0,2478.0,2433.0,2458.0,15,4166,1.0,0.041666666666666664,1405-05-28,False,False
2026-08-19 12:00:00,2458.0,2476.0,2449.0,2455.0,89715971,950,2026-08-19,1.0,2458.0,2476.0,2449.0,2455.0,15,4167,1.0,0.041666666666666664,1405-05-28,False,False
2026-08-22 09:00:00,2533.0,2533.0,2500.0,2533.0,422573072,2377,2026-08-22,1.0,2533.0,2533.0,2500.0,2533.0,15,4168,69.0,2.875,1405-05-31,False,False
2026-08-22 10:00:00,2533.0,2533.0,2533.0,2533.0,65416770,634,2026-08-22,1.0,2533.0,2533.0,2533.0,2533.0,15,4169,1.0,0.041666666666666664,1405-05-31,False,False
2026-08-22 11:00:00,2533.0,2533.0,2533.0,2533.0,28234162,339,2026-08-22,1.0,2533.0,2533.0,2533.0,2533.0,15,4170,1.0,0.041666666666666664,1405-05-31,False,False
2026-08-22 12:00:00,2533.0,2533.0,2533.0,2533.0,13504927,171,2026-08-22,1.0,2533.0,2533.0,2533.0,2533.0,15,4171,1.0,0.041666666666666664,1405-05-31,False,False
2026-08-23 09:00:00,2608.0,2608.0,2608.0,2608.0,80321364,704,2026-08-23,1.0,2608.0,2608.0,2608.0,2608.0,15,4172,21.0,0.875,1405-06-01,False,False
2026-08-23 10:00:00,2608.0,2608.0,2541.0,2582.0,248794602,1546,2026-08-23,1.0,2608.0,2608.0,2541.0,2582.0,15,4173,1.0,0.041666666666666664,1405-06-01,False,False
2026-08-23 11:00:00,2582.0,2608.0,2540.0,2608.0,359555316,2369,2026-08-23,1.0,2582.0,2608.0,2540.0,2608.0,15,4174,1.0,0.041666666666666664,1405-06-01,False,False
2026-08-23 12:00:00,2607.0,2608.0,2582.0,2608.0,138650293,885,2026-08-23,1.0,2607.0,2608.0,2582.0,2608.0,15,4175,1.0,0.041666666666666664,1405-06-01,False,False
2026-08-24 09:00:00,2601.0,2670.0,2535.0,2666.0,314807579,2788,2026-08-24,1.0,2601.0,2670.0,2535.0,2666.0,15,4176,21.0,0.875,1405-06-02,False,False
2026-08-24 10:00:00,2666.0,2668.0,2560.0,2610.0,192112100,1977,2026-08-24,1.0,2666.0,2668.0,2560.0,2610.0,15,4177,1.0,0.041666666666666664,1405-06-02,False,False
2026-08-24 11:00:00,2610.0,2637.0,2556.0,2556.0,183666191,1809,2026-08-24,1.0,2610.0,2637.0,2556.0,2556.0,15,4178,1.0,0.041666666666666664,1405-06-02,False,False
2026-08-24 12:00:00,2557.0,2572.0,2527.0,2554.0,142156439,1292,2026-08-24,1.0,2557.0,2572.0,2527.0,2554.0,15,4179,1.0,0.041666666666666664,1405-06-02,False,False
2026-08-25 09:00:00,2590.0,2652.0,2563.0,2645.0,326240050,2787,2026-08-25,1.0,2590.0,2652.0,2563.0,2645.0,15,4180,21.0,0.875,1405-06-03,False,False
2026-08-25 10:00:00,2645.0,2645.0,2599.0,2616.0,221952824,1863,2026-08-25,1.0,2645.0,2645.0,2599.0,2616.0,15,4181,1.0,0.041666666666666664,1405-06-03,False,False
2026-08-25 11:00:00,2617.0,2661.0,2610.0,2644.0,200184665,1726,2026-08-25,1.0,2617.0,2661.0,2610.0,2644.0,15,4182,1.0,0.041666666666666664,1405-06-03,False,False
2026-08-25 12:00:00,2646.0,2670.0,2625.0,2631.0,121200527,1018,2026-08-25,1.0,2646.0,2670.0,2625.0,2631.0,15,4183,1.0,0.041666666666666664,1405-06-03,False,False
2026-08-26 09:00:00,2677.0,2698.0,2677.0,2698.0,212300453,1357,2026-08-26,1.0,2677.0,2698.0,2677.0,2698.0,15,4184,21.0,0.875,1405-06-04,False,False
2026-08-26 10:00:00,2698.0,2698.0,2698.0,2698.0,122629361,726,2026-08-26,1.0,2698.0,2698.0,2698.0,2698.0,15,4185,1.0,0.041666666666666664,1405-06-04,False,False
2026-08-26 11:00:00,2698.0,2698.0,2698.0,2698.0,26743515,418,2026-08-26,1.0,2698.0,2698.0,2698.0,2698.0,15,4186,1.0,0.041666666666666664,1405-06-04,False,False
2026-08-26 12:00:00,2698.0,2698.0,2698.0,2698.0,23232957,270,2026-08-26,1.0,2698.0,2698.0,2698.0,2698.0,15,4187,1.0,0.041666666666666664,1405-06-04,False,False
2026-08-29 09:00:00,2777.0,2777.0,2740.0,2777.0,218352026,1674,2026-08-29,1.0,2777.0,2777.0,2740.0,2777.0,15,4188,69.0,2.875,1405-06-07,False,False
2026-08-29 10:00:00,2777.0,2777.0,2777.0,2777.0,36020475,543,2026-08-29,1.0,2777.0,2777.0,2777.0,2777.0,15,4189,1.0,0.041666666666666664,1405-06-07,False,False
2026-08-29 11:00:00,2777.0,2777.0,2777.0,2777.0,19371316,472,2026-08-29,1.0,2777.0,2777.0,2777.0,2777.0,15,4190,1.0,0.041666666666666664,1405-06-07,False,False
2026-08-29 12:00:00,2777.0,2777.0,2777.0,2777.0,17284656,265,2026-08-29,1.0,2777.0,2777.0,2777.0,2777.0,15,4191,1.0,0.041666666666666664,1405-06-07,False,False
2026-08-31 09:00:00,2728.0,2849.0,2703.0,2809.0,294414178,2855,2026-08-31,1.0,2728.0,2849.0,2703.0,2809.0,15,4192,45.0,1.875,1405-06-09,False,False
2026-08-31 10:00:00,2810.0,2810.0,2736.0,2757.0,147892332,2111,2026-08-31,1.0,2810.0,2810.0,2736.0,2757.0,15,4193,1.0,0.041666666666666664,1405-06-09,False,False
2026-08-31 11:00:00,2757.0,2779.0,2739.0,2748.0,115241577,1983,2026-08-31,1.0,2757.0,2779.0,2739.0,2748.0,15,4194,1.0,0.041666666666666664,1405-06-09,False,False
2026-08-31 12:00:00,2748.0,2749.0,2729.0,2732.0,102203239,1209,2026-08-31,1.0,2748.0,2749.0,2729.0,2732.0,15,4195,1.0,0.041666666666666664,1405-06-09,False,False
2026-08-31 15:00:00,2740.0,2759.0,2740.0,2759.0,42028977,233,2026-08-31,1.0,2740.0,2759.0,2740.0,2759.0,15,4196,3.0,0.125,1405-06-09,False,False
2026-09-01 09:00:00,2820.0,2855.0,2815.0,2820.0,129085870,1228,2026-09-01,1.0,2820.0,2855.0,2815.0,2820.0,15,4197,18.0,0.75,1405-06-10,False,False
2026-09-01 10:00:00,2821.0,2850.0,2744.0,2746.0,85966623,1011,2026-09-01,1.0,2821.0,2850.0,2744.0,2746.0,15,4198,1.0,0.041666666666666664,1405-06-10,False,False
2026-09-01 11:00:00,2746.0,2759.0,2689.0,2689.0,287680980,2598,2026-09-01,1.0,2746.0,2759.0,2689.0,2689.0,15,4199,1.0,0.041666666666666664,1405-06-10,False,False
2026-09-01 12:00:00,2689.0,2689.0,2689.0,2689.0,36959267,793,2026-09-01,1.0,2689.0,2689.0,2689.0,2689.0,15,4200,1.0,0.041666666666666664,1405-06-10,False,False
2026-09-01 13:00:00,2689.0,2701.0,2689.0,2701.0,210000,8,2026-09-01,1.0,2689.0,2701.0,2689.0,2701.0,15,4201,1.0,0.041666666666666664,1405-06-10,False,False
2026-09-01 14:00:00,2701.0,2704.0,2690.0,2701.0,288302,7,2026-09-01,1.0,2701.0,2704.0,2690.0,2701.0,15,4202,1.0,0.041666666666666664,1405-06-10,False,False
2026-09-02 09:00:00,2669.0,2669.0,2669.0,2669.0,170098421,2001,2026-09-02,1.0,2669.0,2669.0,2669.0,2669.0,15,4203,19.0,0.7916666666666666,1405-06-11,False,False
2026-09-02 10:00:00,2669.0,2669.0,2669.0,2669.0,56111166,915,2026-09-02,1.0,2669.0,2669.0,2669.0,2669.0,15,4204,1.0,0.041666666666666664,1405-06-11,False,False
2026-09-02 11:00:00,2669.0,2669.0,2669.0,2669.0,53976880,942,2026-09-02,1.0,2669.0,2669.0,2669.0,2669.0,15,4205,1.0,0.041666666666666664,1405-06-11,False,False
2026-09-02 12:00:00,2669.0,2669.0,2669.0,2669.0,31747281,538,2026-09-02,1.0,2669.0,2669.0,2669.0,2669.0,15,4206,1.0,0.041666666666666664,1405-06-11,False,False
2026-09-05 09:00:00,2691.0,2741.0,2589.0,2619.0,307788445,2961,2026-09-05,1.0,2691.0,2741.0,2589.0,2619.0,15,4207,69.0,2.875,1405-06-14,False,False
2026-09-05 10:00:00,2620.0,2653.0,2613.0,2640.0,198992417,1870,2026-09-05,1.0,2620.0,2653.0,2613.0,2640.0,15,4208,1.0,0.041666666666666664,1405-06-14,False,False
2026-09-05 11:00:00,2636.0,2642.0,2597.0,2625.0,155189285,1670,2026-09-05,1.0,2636.0,2642.0,2597.0,2625.0,15,4209,1.0,0.041666666666666664,1405-06-14,False,False
2026-09-05 12:00:00,2624.0,2660.0,2624.0,2635.0,87111322,1017,2026-09-05,1.0,2624.0,2660.0,2624.0,2635.0,15,4210,1.0,0.041666666666666664,1405-06-14,False,False
2026-09-06 09:00:00,2634.0,2688.0,2573.0,2643.0,234054823,2623,2026-09-06,1.0,2634.0,2688.0,2573.0,2643.0,15,4211,21.0,0.875,1405-06-15,False,False
2026-09-06 10:00:00,2643.0,2660.0,2626.0,2653.0,151420942,1785,2026-09-06,1.0,2643.0,2660.0,2626.0,2653.0,15,4212,1.0,0.041666666666666664,1405-06-15,False,False
2026-09-06 11:00:00,2654.0,2693.0,2646.0,2682.0,189736364,1829,2026-09-06,1.0,2654.0,2693.0,2646.0,2682.0,15,4213,1.0,0.041666666666666664,1405-06-15,False,False
2026-09-06 12:00:00,2683.0,2683.0,2659.0,2666.0,81558767,901,2026-09-06,1.0,2683.0,2683.0,2659.0,2666.0,15,4214,1.0,0.041666666666666664,1405-06-15,False,False
2026-09-07 09:00:00,2722.0,2722.0,2700.0,2722.0,84412421,809,2026-09-07,1.0,2722.0,2722.0,2700.0,2722.0,15,4215,21.0,0.875,1405-06-16,False,False
2026-09-07 10:00:00,2722.0,2722.0,2722.0,2722.0,32062124,394,2026-09-07,1.0,2722.0,2722.0,2722.0,2722.0,15,4216,1.0,0.041666666666666664,1405-06-16,False,False
2026-09-07 11:00:00,2722.0,2722.0,2722.0,2722.0,13031673,269,2026-09-07,1.0,2722.0,2722.0,2722.0,2722.0,15,4217,1.0,0.041666666666666664,1405-06-16,False,False
2026-09-07 12:00:00,2722.0,2722.0,2722.0,2722.0,11111647,128,2026-09-07,1.0,2722.0,2722.0,2722.0,2722.0,15,4218,1.0,0.041666666666666664,1405-06-16,False,False
2026-09-08 09:00:00,2803.0,2803.0,2803.0,2803.0,108572112,902,2026-09-08,1.0,2803.0,2803.0,2803.0,2803.0,15,4219,21.0,0.875,1405-06-17,False,False
2026-09-08 10:00:00,2803.0,2803.0,2803.0,2803.0,24811248,371,2026-09-08,1.0,2803.0,2803.0,2803.0,2803.0,15,4220,1.0,0.041666666666666664,1405-06-17,False,False
2026-09-08 11:00:00,2803.0,2803.0,2803.0,2803.0,17610597,356,2026-09-08,1.0,2803.0,2803.0,2803.0,2803.0,15,4221,1.0,0.041666666666666664,1405-06-17,False,False
2026-09-08 12:00:00,2803.0,2803.0,2803.0,2803.0,84380789,303,2026-09-08,1.0,2803.0,2803.0,2803.0,2803.0,15,4222,1.0,0.041666666666666664,1405-06-17,False,False
2026-09-09 09:00:00,2880.0,2887.0,2821.0,2887.0,201598097,1444,2026-09-09,1.0,2880.0,2887.0,2821.0,2887.0,15,4223,21.0,0.875,1405-06-18,False,False
2026-09-09 10:00:00,2887.0,2887.0,2887.0,2887.0,70276997,975,2026-09-09,1.0,2887.0,2887.0,2887.0,2887.0,15,4224,1.0,0.041666666666666664,1405-06-18,False,False
2026-09-09 11:00:00,2887.0,2887.0,2887.0,2887.0,135999848,742,2026-09-09,1.0,2887.0,2887.0,2887.0,2887.0,15,4225,1.0,0.041666666666666664,1405-06-18,False,False
2026-09-09 12:00:00,2887.0,2887.0,2887.0,2887.0,26287127,295,2026-09-09,1.0,2887.0,2887.0,2887.0,2887.0,15,4226,1.0,0.041666666666666664,1405-06-18,False,False
2026-09-12 09:00:00,2967.0,2967.0,2967.0,2967.0,104816110,831,2026-09-12,1.0,2967.0,2967.0,2967.0,2967.0,15,4227,69.0,2.875,1405-06-21,False,False
2026-09-12 10:00:00,2967.0,2967.0,2967.0,2967.0,46386517,410,2026-09-12,1.0,2967.0,2967.0,2967.0,2967.0,15,4228,1.0,0.041666666666666664,1405-06-21,False,False
2026-09-12 11:00:00,2967.0,2967.0,2967.0,2967.0,61017257,345,2026-09-12,1.0,2967.0,2967.0,2967.0,2967.0,15,4229,1.0,0.041666666666666664,1405-06-21,False,False
2026-09-12 12:00:00,2967.0,2967.0,2967.0,2967.0,29278955,238,2026-09-12,1.0,2967.0,2967.0,2967.0,2967.0,15,4230,1.0,0.041666666666666664,1405-06-21,False,False
2026-09-13 09:00:00,3056.0,3056.0,3056.0,3056.0,161662486,828,2026-09-13,1.0,3056.0,3056.0,3056.0,3056.0,15,4231,21.0,0.875,1405-06-22,False,False
2026-09-13 10:00:00,3056.0,3056.0,3009.0,3056.0,354334781,1282,2026-09-13,1.0,3056.0,3056.0,3009.0,3056.0,15,4232,1.0,0.041666666666666664,1405-06-22,False,False
2026-09-13 11:00:00,3056.0,3056.0,3056.0,3056.0,77897795,663,2026-09-13,1.0,3056.0,3056.0,3056.0,3056.0,15,4233,1.0,0.041666666666666664,1405-06-22,False,False
2026-09-13 12:00:00,3056.0,3056.0,3056.0,3056.0,117953420,457,2026-09-13,1.0,3056.0,3056.0,3056.0,3056.0,15,4234,1.0,0.041666666666666664,1405-06-22,False,False
2026-09-14 09:00:00,3146.0,3146.0,3092.0,3146.0,368746577,1722,2026-09-14,1.0,3146.0,3146.0,3092.0,3146.0,15,4235,21.0,0.875,1405-06-23,False,False
2026-09-14 10:00:00,3146.0,3146.0,3145.0,3146.0,162284947,970,2026-09-14,1.0,3146.0,3146.0,3145.0,3146.0,15,4236,1.0,0.041666666666666664,1405-06-23,False,False
2026-09-14 11:00:00,3146.0,3146.0,3146.0,3146.0,30310386,469,2026-09-14,1.0,3146.0,3146.0,3146.0,3146.0,15,4237,1.0,0.041666666666666664,1405-06-23,False,False
2026-09-14 12:00:00,3146.0,3146.0,3125.0,3128.0,197961054,670,2026-09-14,1.0,3146.0,3146.0,3125.0,3128.0,15,4238,1.0,0.041666666666666664,1405-06-23,False,False
2026-09-15 09:00:00,3144.0,3239.0,3087.0,3239.0,300868603,2001,2026-09-15,1.0,3144.0,3239.0,3087.0,3239.0,15,4239,21.0,0.875,1405-06-24,False,False
2026-09-15 10:00:00,3239.0,3239.0,3239.0,3239.0,158073060,784,2026-09-15,1.0,3239.0,3239.0,3239.0,3239.0,15,4240,1.0,0.041666666666666664,1405-06-24,False,False
2026-09-15 11:00:00,3239.0,3239.0,3239.0,3239.0,202427712,707,2026-09-15,1.0,3239.0,3239.0,3239.0,3239.0,15,4241,1.0,0.041666666666666664,1405-06-24,False,False
2026-09-15 12:00:00,3239.0,3239.0,3239.0,3239.0,49990076,235,2026-09-15,1.0,3239.0,3239.0,3239.0,3239.0,15,4242,1.0,0.041666666666666664,1405-06-24,False,False
2026-09-15 13:00:00,3239.0,3239.0,3239.0,3239.0,438075,1,2026-09-15,1.0,3239.0,3239.0,3239.0,3239.0,15,4243,1.0,0.041666666666666664,1405-06-24,False,False
2026-09-16 09:00:00,3319.0,3319.0,3319.0,3319.0,235252518,1285,2026-09-16,1.0,3319.0,3319.0,3319.0,3319.0,15,4244,20.0,0.8333333333333334,1405-06-25,False,False
2026-09-16 10:00:00,3319.0,3319.0,3253.0,3319.0,406959975,2257,2026-09-16,1.0,3319.0,3319.0,3253.0,3319.0,15,4245,1.0,0.041666666666666664,1405-06-25,False,False
2026-09-16 11:00:00,3319.0,3319.0,3305.0,3319.0,259495326,1412,2026-09-16,1.0,3319.0,3319.0,3305.0,3319.0,15,4246,1.0,0.041666666666666664,1405-06-25,False,False
2026-09-16 12:00:00,3319.0,3319.0,3319.0,3319.0,36126460,331,2026-09-16,1.0,3319.0,3319.0,3319.0,3319.0,15,4247,1.0,0.041666666666666664,1405-06-25,False,False
2026-09-19 09:00:00,3410.0,3410.0,3220.0,3300.0,273132491,3277,2026-09-19,1.0,3410.0,3410.0,3220.0,3300.0,15,4248,69.0,2.875,1405-06-28,False,False
2026-09-19 10:00:00,3300.0,3310.0,3220.0,3230.0,210695695,2814,2026-09-19,1.0,3300.0,3310.0,3220.0,3230.0,15,4249,1.0,0.041666666666666664,1405-06-28,False,False
2026-09-19 11:00:00,3220.0,3280.0,3220.0,3220.0,149661824,2270,2026-09-19,1.0,3220.0,3280.0,3220.0,3220.0,15,4250,1.0,0.041666666666666664,1405-06-28,False,False
2026-09-19 12:00:00,3220.0,3280.0,3220.0,3280.0,79014553,1241,2026-09-19,1.0,3220.0,3280.0,3220.0,3280.0,15,4251,1.0,0.041666666666666664,1405-06-28,False,False
2026-09-20 09:00:00,3210.0,3250.0,3210.0,3210.0,52521447,1287,2026-09-20,1.0,3210.0,3250.0,3210.0,3210.0,15,4252,21.0,0.875,1405-06-29,False,False
2026-09-20 10:00:00,3210.0,3240.0,3210.0,3230.0,120145203,1710,2026-09-20,1.0,3210.0,3240.0,3210.0,3230.0,15,4253,1.0,0.041666666666666664,1405-06-29,False,False
2026-09-20 11:00:00,3220.0,3250.0,3210.0,3240.0,213670505,2478,2026-09-20,1.0,3220.0,3250.0,3210.0,3240.0,15,4254,1.0,0.041666666666666664,1405-06-29,False,False
2026-09-20 12:00:00,3240.0,3280.0,3210.0,3220.0,125511985,1344,2026-09-20,1.0,3240.0,3280.0,3210.0,3220.0,15,4255,1.0,0.041666666666666664,1405-06-29,False,False
2026-09-21 09:00:00,3280.0,3300.0,3200.0,3280.0,221564650,2800,2026-09-21,1.0,3280.0,3300.0,3200.0,3280.0,15,4256,21.0,0.875,1405-06-30,False,False
2026-09-21 10:00:00,3290.0,3300.0,3280.0,3290.0,183506407,2116,2026-09-21,1.0,3290.0,3300.0,3280.0,3290.0,15,4257,1.0,0.041666666666666664,1405-06-30,False,False
2026-09-21 11:00:00,3290.0,3300.0,3280.0,3300.0,77200444,1113,2026-09-21,1.0,3290.0,3300.0,3280.0,3300.0,15,4258,1.0,0.041666666666666664,1405-06-30,False,False
2026-09-21 12:00:00,3300.0,3300.0,3300.0,3300.0,17800028,306,2026-09-21,1.0,3300.0,3300.0,3300.0,3300.0,15,4259,1.0,0.041666666666666664,1405-06-30,False,False
2026-09-22 09:00:00,3380.0,3380.0,3210.0,3250.0,212853495,2794,2026-09-22,1.0,3380.0,3380.0,3210.0,3250.0,15,4260,21.0,0.875,1405-06-31,False,False
2026-09-22 10:00:00,3240.0,3270.0,3200.0,3220.0,193520950,2458,2026-09-22,1.0,3240.0,3270.0,3200.0,3220.0,15,4261,1.0,0.041666666666666664,1405-06-31,False,False
2026-09-22 11:00:00,3220.0,3220.0,3200.0,3210.0,123603145,1757,2026-09-22,1.0,3220.0,3220.0,3200.0,3210.0,15,4262,1.0,0.041666666666666664,1405-06-31,False,False
2026-09-22 12:00:00,3200.0,3240.0,3200.0,3230.0,67824084,1069,2026-09-22,1.0,3200.0,3240.0,3200.0,3230.0,15,4263,1.0,0.041666666666666664,1405-06-31,False,False
2026-09-23 09:00:00,3350.0,3350.0,3280.0,3350.0,186105511,2229,2026-09-23,1.0,3350.0,3350.0,3280.0,3350.0,15,4264,21.0,0.875,1405-07-01,False,False
2026-09-23 10:00:00,3350.0,3350.0,3350.0,3350.0,85068967,1149,2026-09-23,1.0,3350.0,3350.0,3350.0,3350.0,15,4265,1.0,0.041666666666666664,1405-07-01,False,False
2026-09-23 11:00:00,3350.0,3350.0,3350.0,3350.0,54525834,740,2026-09-23,1.0,3350.0,3350.0,3350.0,3350.0,15,4266,1.0,0.041666666666666664,1405-07-01,False,False
2026-09-23 12:00:00,3350.0,3350.0,3350.0,3350.0,43598805,607,2026-09-23,1.0,3350.0,3350.0,3350.0,3350.0,15,4267,1.0,0.041666666666666664,1405-07-01,False,False
2026-09-26 09:00:00,3390.0,3390.0,3250.0,3250.0,166192888,2600,2026-09-26,1.0,3390.0,3390.0,3250.0,3250.0,15,4268,69.0,2.875,1405-07-04,False,False
2026-09-26 10:00:00,3260.0,3280.0,3250.0,3250.0,80544291,1528,2026-09-26,1.0,3260.0,3280.0,3250.0,3250.0,15,4269,1.0,0.041666666666666664,1405-07-04,False,False
2026-09-26 11:00:00,3250.0,3310.0,3250.0,3270.0,72117318,1284,2026-09-26,1.0,3250.0,3310.0,3250.0,3270.0,15,4270,1.0,0.041666666666666664,1405-07-04,False,False
2026-09-26 12:00:00,3270.0,3280.0,3250.0,3250.0,59297648,949,2026-09-26,1.0,3270.0,3280.0,3250.0,3250.0,15,4271,1.0,0.041666666666666664,1405-07-04,False,False
2026-09-27 09:00:00,3220.0,3350.0,3220.0,3330.0,136629097,2157,2026-09-27,1.0,3220.0,3350.0,3220.0,3330.0,15,4272,21.0,0.875,1405-07-05,False,False
2026-09-27 10:00:00,3320.0,3350.0,3290.0,3340.0,100674496,1537,2026-09-27,1.0,3320.0,3350.0,3290.0,3340.0,15,4273,1.0,0.041666666666666664,1405-07-05,False,False
2026-09-27 11:00:00,3350.0,3350.0,3340.0,3350.0,100117147,1160,2026-09-27,1.0,3350.0,3350.0,3340.0,3350.0,15,4274,1.0,0.041666666666666664,1405-07-05,False,False
2026-09-27 12:00:00,3350.0,3350.0,3350.0,3350.0,22642603,338,2026-09-27,1.0,3350.0,3350.0,3350.0,3350.0,15,4275,1.0,0.041666666666666664,1405-07-05,False,False
2026-09-28 09:00:00,3410.0,3420.0,3380.0,3420.0,160428445,1928,2026-09-28,1.0,3410.0,3420.0,3380.0,3420.0,15,4276,21.0,0.875,1405-07-06,False,False
2026-09-28 10:00:00,3420.0,3420.0,3420.0,3420.0,86506571,999,2026-09-28,1.0,3420.0,3420.0,3420.0,3420.0,15,4277,1.0,0.041666666666666664,1405-07-06,False,False
2026-09-28 11:00:00,3420.0,3420.0,3420.0,3420.0,75403682,797,2026-09-28,1.0,3420.0,3420.0,3420.0,3420.0,15,4278,1.0,0.041666666666666664,1405-07-06,False,False
2026-09-28 12:00:00,3420.0,3420.0,3420.0,3420.0,49170832,480,2026-09-28,1.0,3420.0,3420.0,3420.0,3420.0,15,4279,1.0,0.041666666666666664,1405-07-06,False,False
2026-09-29 09:00:00,3520.0,3520.0,3460.0,3520.0,169746137,1940,2026-09-29,1.0,3520.0,3520.0,3460.0,3520.0,15,4280,21.0,0.875,1405-07-07,False,False
2026-09-29 10:00:00,3520.0,3520.0,3520.0,3520.0,15783560,432,2026-09-29,1.0,3520.0,3520.0,3520.0,3520.0,15,4281,1.0,0.041666666666666664,1405-07-07,False,False
2026-09-29 11:00:00,3520.0,3520.0,3520.0,3520.0,47901748,605,2026-09-29,1.0,3520.0,3520.0,3520.0,3520.0,15,4282,1.0,0.041666666666666664,1405-07-07,False,False
2026-09-29 12:00:00,3520.0,3520.0,3520.0,3520.0,9748881,255,2026-09-29,1.0,3520.0,3520.0,3520.0,3520.0,15,4283,1.0,0.041666666666666664,1405-07-07,False,False
2026-09-30 09:00:00,3620.0,3620.0,3620.0,3620.0,100634860,1307,2026-09-30,1.0,3620.0,3620.0,3620.0,3620.0,15,4284,21.0,0.875,1405-07-08,False,False
2026-09-30 10:00:00,3620.0,3620.0,3620.0,3620.0,48630042,667,2026-09-30,1.0,3620.0,3620.0,3620.0,3620.0,15,4285,1.0,0.041666666666666664,1405-07-08,False,False
2026-09-30 11:00:00,3620.0,3620.0,3620.0,3620.0,50048665,635,2026-09-30,1.0,3620.0,3620.0,3620.0,3620.0,15,4286,1.0,0.041666666666666664,1405-07-08,False,False
2026-09-30 12:00:00,3620.0,3620.0,3620.0,3620.0,17881235,309,2026-09-30,1.0,3620.0,3620.0,3620.0,3620.0,15,4287,1.0,0.041666666666666664,1405-07-08,False,False
