date,open,high,low,official_close,last_trade,previous_official_close,volume,value,trade_count,instrument_id
2021-09-26,10750.0,10750.0,10350.0,10500.0,10450.0,10550.0,48809259,512583511180,10829,46348559193224090
2021-09-28,10600.0,10600.0,10350.0,10440.0,10490.0,10500.0,43601832,455163241800,10422,46348559193224090
2021-09-29,10410.0,10660.0,10380.0,10480.0,10560.0,10440.0,61996626,649826970080,10047,46348559193224090
2021-10-02,10590.0,11000.0,10590.0,10900.0,10870.0,10480.0,127159011,1386646483970,15429,46348559193224090
2021-10-03,10870.0,11020.0,10700.0,10860.0,10890.0,10900.0,64915676,705010036710,9427,46348559193224090
2021-10-04,10890.0,10960.0,10720.0,10830.0,10790.0,10860.0,40935944,443535511980,7689,46348559193224090
2021-10-06,10820.0,10840.0,10600.0,10670.0,10620.0,10830.0,71842154,766722013190,11121,46348559193224090
2021-10-09,10620.0,10720.0,10260.0,10380.0,10350.0,10670.0,60522468,627965516340,9303,46348559193224090
2021-10-10,10230.0,10410.0,10140.0,10280.0,10310.0,10380.0,44285258,455139478460,7323,46348559193224090
2021-10-11,10300.0,10400.0,10210.0,10310.0,10210.0,10280.0,48597848,501169565310,7594,46348559193224090
2021-10-12,10150.0,10250.0,9990.0,10070.0,10080.0,10310.0,67893378,683649281270,10131,46348559193224090
2021-10-13,10020.0,10200.0,9970.0,10050.0,10180.0,10070.0,66932409,672671751620,9869,46348559193224090
2021-10-16,10400.0,10550.0,10400.0,10550.0,10550.0,10050.0,94628320,998100464110,5615,46348559193224090
2021-10-17,10710.0,10950.0,10500.0,10600.0,10540.0,10550.0,100696047,1067060764300,11633,46348559193224090
2021-10-18,10500.0,10760.0,10400.0,10630.0,10690.0,10600.0,80021213,850987891140,8684,46348559193224090
2021-10-19,10800.0,10870.0,10620.0,10770.0,10630.0,10630.0,52028961,560191947270,7694,46348559193224090
2021-10-20,10620.0,10660.0,10430.0,10550.0,10470.0,10770.0,53755334,567244587130,6227,46348559193224090
2021-10-23,11070.0,11070.0,10800.0,10990.0,10930.0,10550.0,279919222,3075311302770,25408,46348559193224090
2021-10-25,10990.0,11160.0,10820.0,10960.0,10870.0,10990.0,90378714,990474088320,11675,46348559193224090
2021-10-26,10800.0,11180.0,10770.0,11050.0,11070.0,10960.0,89600552,990346036780,10262,46348559193224090
2021-10-27,11070.0,11600.0,11040.0,11480.0,11600.0,11050.0,178922727,2053247627470,19469,46348559193224090
2021-10-30,11700.0,11730.0,11130.0,11310.0,11700.0,11480.0,95982108,1086001186690,13625,46348559193224090
2021-10-31,11320.0,11440.0,10770.0,10980.0,10920.0,11310.0,140709717,1545396383920,14748,46348559193224090
2021-11-01,11200.0,11520.0,11200.0,11400.0,11380.0,10980.0,91477408,1042798253560,11467,46348559193224090
2021-11-02,11680.0,11840.0,11510.0,11670.0,11800.0,11400.0,80821341,942911578100,9937,46348559193224090
2021-11-03,11810.0,12110.0,11750.0,11930.0,12040.0,11670.0,91949372,1096950339960,12940,46348559193224090
2021-11-06,12050.0,12480.0,12030.0,12290.0,12130.0,11930.0,150487290,1849620869080,21413,46348559193224090
2021-11-07,12050.0,12320.0,11680.0,11940.0,11700.0,12290.0,154811384,1848999019230,20929,46348559193224090
2021-11-08,11710.0,12150.0,11620.0,11940.0,12000.0,11940.0,80923031,966600408080,11648,46348559193224090
2021-11-09,12030.0,12200.0,11880.0,12010.0,11940.0,11940.0,67165074,806501814590,10873,46348559193224090
2021-11-10,11940.0,12080.0,11800.0,11970.0,12010.0,12010.0,75246306,901008061090,10570,46348559193224090
2021-11-13,11800.0,11950.0,11510.0,11750.0,11690.0,11970.0,61711653,724840198640,9829,46348559193224090
2021-11-14,11750.0,11930.0,11600.0,11740.0,11650.0,11750.0,60503628,710444880000,9077,46348559193224090
2021-11-15,11650.0,11660.0,11160.0,11280.0,11250.0,11740.0,71773060,809287914550,10567,46348559193224090
2021-11-16,11060.0,11390.0,11060.0,11220.0,11150.0,11280.0,46062879,516800766400,7117,46348559193224090
2021-11-17,11150.0,11340.0,11050.0,11160.0,11200.0,11220.0,53548043,597674516320,8786,46348559193224090
2021-11-20,11020.0,11190.0,10610.0,10690.0,10690.0,11160.0,134548898,1438134421010,17586,46348559193224090
2021-11-21,10700.0,11170.0,10570.0,10880.0,11040.0,10690.0,93324728,1015589013680,13456,46348559193224090
2021-11-22,11180.0,11290.0,10950.0,11130.0,11080.0,10880.0,64860126,722011790110,10572,46348559193224090
2021-11-23,11120.0,11130.0,10800.0,10910.0,10820.0,11130.0,39776506,433959061350,8463,46348559193224090
2021-11-24,10800.0,10940.0,10690.0,10770.0,10740.0,10910.0,51873959,558423537610,7960,46348559193224090
2021-11-27,10350.0,10550.0,10240.0,10280.0,10240.0,10770.0,116006291,1192050965120,16071,46348559193224090
2021-11-28,10110.0,10450.0,10110.0,10300.0,10200.0,10280.0,73268483,754752495350,9904,46348559193224090
2021-11-29,10300.0,10400.0,10120.0,10220.0,10160.0,10300.0,57199650,584363887680,8523,46348559193224090
2021-11-30,10250.0,10250.0,10020.0,10100.0,10020.0,10220.0,56379579,569508052650,9364,46348559193224090
2021-12-01,10080.0,10190.0,9980.0,10070.0,10130.0,10100.0,63712750,641740004640,9695,46348559193224090
2021-12-04,10400.0,10420.0,9990.0,10100.0,10230.0,10070.0,61827229,624409014300,9648,46348559193224090
2021-12-05,10270.0,10470.0,10210.0,10320.0,10300.0,10100.0,64240048,663247544490,8119,46348559193224090
2021-12-06,10350.0,10380.0,10160.0,10270.0,10190.0,10320.0,38216266,392663069250,5740,46348559193224090
2021-12-07,10170.0,10370.0,10130.0,10260.0,10280.0,10270.0,36566182,375099099720,5121,46348559193224090
2021-12-08,10260.0,10650.0,10260.0,10460.0,10480.0,10260.0,50875004,532025543280,7184,46348559193224090
2021-12-11,10540.0,10600.0,10320.0,10410.0,10350.0,10460.0,38903883,405066125380,5344,46348559193224090
2021-12-12,10300.0,10300.0,10050.0,10120.0,10120.0,10410.0,50932531,515191744430,5566,46348559193224090
2021-12-13,10090.0,10190.0,9620.0,9790.0,9620.0,10120.0,133774229,1309343954410,15950,46348559193224090
2021-12-14,9670.0,10020.0,9630.0,9850.0,9900.0,9790.0,66947017,659248406760,7942,46348559193224090
2021-12-15,9850.0,10100.0,9770.0,9870.0,9840.0,9850.0,41755901,412129633110,8472,46348559193224090
2021-12-18,9910.0,10070.0,9880.0,9950.0,9930.0,9870.0,42451768,422256697210,6070,46348559193224090
2021-12-19,9910.0,9990.0,9590.0,9700.0,9680.0,9950.0,43384852,420690620270,6730,46348559193224090
2021-12-20,9920.0,10060.0,9830.0,9950.0,9960.0,9700.0,63269962,629590672430,6417,46348559193224090
2021-12-21,9960.0,10230.0,9960.0,10120.0,10170.0,9950.0,68536996,693792806600,5995,46348559193224090
2021-12-22,10300.0,10620.0,10210.0,10550.0,10620.0,10120.0,114037521,1202956716160,9305,46348559193224090
2021-12-25,10800.0,11060.0,10580.0,10810.0,10630.0,10550.0,95133663,1028243353060,13112,46348559193224090
2021-12-26,10590.0,10950.0,10450.0,10710.0,10910.0,10810.0,71882370,769932276850,8826,46348559193224090
2021-12-27,11000.0,11240.0,10870.0,11100.0,10960.0,10710.0,105818947,1174308082290,11795,46348559193224090
2021-12-28,11090.0,11090.0,10820.0,10960.0,10970.0,11100.0,58207314,637999439450,7189,46348559193224090
2021-12-29,10940.0,11070.0,10680.0,10820.0,10680.0,10960.0,79734418,863067247710,7422,46348559193224090
2022-01-01,10680.0,10680.0,10450.0,10530.0,10480.0,10820.0,54312297,572053019020,6498,46348559193224090
2022-01-02,10540.0,10680.0,10480.0,10570.0,10680.0,10530.0,35831288,378578998570,5119,46348559193224090
2022-01-03,10690.0,10720.0,10490.0,10570.0,10510.0,10570.0,29918409,316164450650,4132,46348559193224090
2022-01-04,10440.0,10500.0,10360.0,10390.0,10380.0,10570.0,39916173,414731151650,4486,46348559193224090
2022-01-05,10390.0,10490.0,10330.0,10400.0,10430.0,10390.0,26713888,277921735720,3902,46348559193224090
2022-01-08,10400.0,10560.0,10240.0,10360.0,10410.0,10400.0,41338897,428292717090,5721,46348559193224090
2022-01-09,10230.0,10300.0,9970.0,10060.0,10070.0,10360.0,60495870,608531465420,7467,46348559193224090
2022-01-10,10020.0,10180.0,9960.0,10030.0,10060.0,10060.0,49246139,493990561670,5983,46348559193224090
2022-01-11,10180.0,10270.0,10040.0,10100.0,10050.0,10030.0,27833048,281137128560,4386,46348559193224090
2022-01-12,10020.0,10180.0,10010.0,10100.0,10040.0,10100.0,30675607,309719350490,4504,46348559193224090
2022-01-15,10100.0,10200.0,9970.0,10050.0,10000.0,10100.0,58314729,586069962480,5826,46348559193224090
2022-01-16,10060.0,10100.0,9890.0,9990.0,10030.0,10050.0,39831559,398099911880,5531,46348559193224090
2022-01-17,10010.0,10100.0,9820.0,9930.0,9940.0,9990.0,42529152,422461546920,6437,46348559193224090
2022-01-18,9820.0,9830.0,9440.0,9580.0,9540.0,9930.0,83956395,804643408120,9512,46348559193224090
2022-01-19,9620.0,9760.0,9580.0,9620.0,9620.0,9580.0,47305116,454972319400,6183,46348559193224090
2022-01-22,9900.0,10100.0,9840.0,9970.0,9900.0,9620.0,58374900,581773143490,8085,46348559193224090
2022-01-23,9900.0,9900.0,9550.0,9700.0,9650.0,9970.0,50232031,487277613430,5841,46348559193224090
2022-01-24,9600.0,9760.0,9430.0,9560.0,9480.0,9700.0,48904568,467430062850,6079,46348559193224090
2022-01-25,9430.0,9650.0,9100.0,9480.0,9640.0,9560.0,309472216,2935041304130,12985,46348559193224090
2022-01-26,9920.0,9950.0,9720.0,9920.0,9950.0,9480.0,86080853,854013361560,8962,46348559193224090
2022-01-29,10240.0,10410.0,10100.0,10390.0,10410.0,9920.0,90300564,937936824500,6831,46348559193224090
2022-01-30,10610.0,10800.0,10520.0,10660.0,10710.0,10390.0,167499431,1785569560790,13047,46348559193224090
2022-01-31,10710.0,10900.0,10680.0,10740.0,10760.0,10660.0,68680765,737877658830,8425,46348559193224090
2022-02-01,10850.0,10850.0,10740.0,10760.0,10750.0,10740.0,126077575,1356344340400,6991,46348559193224090
2022-02-02,10760.0,10830.0,10760.0,10790.0,10820.0,10760.0,95405420,1028977288330,6633,46348559193224090
2022-02-05,10800.0,10840.0,10790.0,10810.0,10830.0,10790.0,110739404,1196976783620,6628,46348559193224090
2022-02-06,10810.0,10820.0,10310.0,10670.0,10550.0,10810.0,370043527,3949281623610,14669,46348559193224090
2022-02-07,10340.0,10540.0,10340.0,10440.0,10440.0,10670.0,49945065,521430293760,3981,46348559193224090
2022-02-08,10440.0,10500.0,10210.0,10390.0,10280.0,10440.0,63260500,657432709470,4967,46348559193224090
2022-02-09,10310.0,10490.0,10080.0,10330.0,10480.0,10390.0,61317877,633146443170,8068,46348559193224090
2022-02-12,10410.0,10500.0,10140.0,10260.0,10210.0,10330.0,34530073,354383023030,4678,46348559193224090
2022-02-13,10140.0,10260.0,10100.0,10220.0,10210.0,10260.0,56030732,572751114150,3761,46348559193224090
2022-02-14,10380.0,10580.0,10300.0,10480.0,10560.0,10220.0,64920148,680100878470,6077,46348559193224090
2022-02-16,10540.0,10610.0,10470.0,10490.0,10490.0,10480.0,53472515,560893826600,4437,46348559193224090
2022-02-19,10490.0,10500.0,10470.0,10490.0,10490.0,10490.0,93975742,985779027570,5003,46348559193224090
2022-02-20,10500.0,10510.0,10470.0,10490.0,10500.0,10490.0,68904742,722905289170,4368,46348559193224090
2022-02-21,10490.0,10490.0,10260.0,10360.0,10300.0,10490.0,40848872,423369359080,6366,46348559193224090
2022-02-22,10410.0,10460.0,10330.0,10400.0,10450.0,10360.0,63647744,661966522200,5350,46348559193224090
2022-02-23,10400.0,10470.0,10390.0,10400.0,10410.0,10400.0,43979966,457519403850,3814,46348559193224090
2022-02-26,10400.0,10410.0,10070.0,10240.0,10130.0,10400.0,43711296,447416954160,5928,46348559193224090
2022-02-27,10100.0,10190.0,10000.0,10050.0,10080.0,10240.0,32296255,324651256690,5692,46348559193224090
2022-02-28,10010.0,10210.0,10010.0,10110.0,10100.0,10050.0,38119433,385260930410,5355,46348559193224090
2022-03-02,10160.0,10180.0,10020.0,10070.0,10040.0,10110.0,25550776,257174086580,4557,46348559193224090
2022-03-05,10100.0,10360.0,10070.0,10170.0,10330.0,10070.0,66073828,672276197350,7225,46348559193224090
2022-03-06,10350.0,10670.0,10320.0,10590.0,10670.0,10170.0,168635516,1786604993480,12189,46348559193224090
2022-03-07,10710.0,10960.0,10560.0,10740.0,10650.0,10590.0,73826403,792671971160,8636,46348559193224090
2022-03-08,10620.0,10650.0,10420.0,10530.0,10550.0,10740.0,50706125,533906737770,5465,46348559193224090
2022-03-09,10470.0,10790.0,10470.0,10590.0,10550.0,10530.0,62395650,661008588490,5895,46348559193224090
2022-03-12,10540.0,10610.0,10360.0,10470.0,10440.0,10590.0,56776747,594572532040,5778,46348559193224090
2022-03-13,10340.0,10630.0,10310.0,10510.0,10470.0,10470.0,48103494,505428624450,4904,46348559193224090
2022-03-14,10460.0,10580.0,10460.0,10520.0,10520.0,10510.0,37398632,393552927480,3885,46348559193224090
2022-03-15,10520.0,10590.0,10450.0,10520.0,10520.0,10520.0,42623906,448239269510,3934,46348559193224090
2022-03-16,10520.0,10750.0,10500.0,10670.0,10700.0,10520.0,31151156,332493105390,4262,46348559193224090
2022-03-19,10780.0,11060.0,10770.0,10940.0,11020.0,10670.0,54184282,592879371170,6637,46348559193224090
2022-03-26,11400.0,11480.0,11100.0,11440.0,11480.0,10940.0,125349807,1433610233860,8955,46348559193224090
2022-03-27,11570.0,11850.0,11460.0,11670.0,11720.0,11440.0,85471309,997204363580,10221,46348559193224090
2022-03-28,11750.0,11940.0,11620.0,11750.0,11790.0,11670.0,59376845,697502208570,8237,46348559193224090
2022-03-29,11850.0,11850.0,11410.0,11510.0,11420.0,11750.0,71795937,826642407970,8666,46348559193224090
2022-03-30,11420.0,11700.0,11310.0,11610.0,11680.0,11510.0,35378688,410813406180,5410,46348559193224090
2022-04-03,11780.0,12190.0,11650.0,12160.0,12190.0,11610.0,146890520,1786374089940,9301,46348559193224090
2022-04-04,12670.0,12670.0,12020.0,12360.0,12150.0,12160.0,229946162,2841988819840,18851,46348559193224090
2022-04-05,12200.0,12420.0,12010.0,12300.0,12280.0,12360.0,103074692,1268017210000,11113,46348559193224090
2022-04-06,12280.0,12370.0,11940.0,12060.0,11960.0,12300.0,71742464,865448665660,9884,46348559193224090
2022-04-09,11850.0,12100.0,11670.0,11980.0,12000.0,12060.0,49277413,590238726840,6963,46348559193224090
2022-04-10,12060.0,12330.0,12060.0,12220.0,12160.0,11980.0,61678908,753425183250,6930,46348559193224090
2022-04-11,12230.0,12330.0,12210.0,12260.0,12330.0,12220.0,53011076,650129511990,6513,46348559193224090
2022-04-12,11800.0,11930.0,11650.0,11680.0,11650.0,12260.0,178129847,2079809754780,14148,46348559193224090
2022-04-13,11570.0,11970.0,11570.0,11860.0,11950.0,11680.0,57938049,686884180610,6783,46348559193224090
2022-04-16,11900.0,12080.0,11870.0,11990.0,12010.0,11860.0,59035946,707921181350,6469,46348559193224090
2022-04-17,12000.0,12070.0,11800.0,11990.0,12050.0,11990.0,77393649,927699208860,8126,46348559193224090
2022-04-20,12110.0,12140.0,12000.0,12080.0,12130.0,11990.0,37106890,448167793640,3902,46348559193224090
2022-04-24,12240.0,12240.0,11790.0,11910.0,12000.0,12080.0,50561981,602160681570,7452,46348559193224090
2022-04-25,11840.0,12200.0,11820.0,12050.0,12100.0,11910.0,81443515,981254892590,7174,46348559193224090
2022-04-26,12060.0,12200.0,12010.0,12090.0,12090.0,12050.0,63858219,772071684210,8023,46348559193224090
2022-04-27,12100.0,12150.0,11980.0,12080.0,12100.0,12090.0,77016131,930332329500,8354,46348559193224090
2022-04-30,12070.0,12070.0,11900.0,11960.0,11930.0,12080.0,54328105,649714786520,7700,46348559193224090
2022-05-01,11900.0,11990.0,11790.0,11880.0,11900.0,11960.0,51692308,613960835590,6607,46348559193224090
2022-05-02,11810.0,11880.0,11740.0,11770.0,11790.0,11880.0,59839168,704561265630,7545,46348559193224090
2022-05-07,11780.0,11970.0,11750.0,11820.0,11850.0,11770.0,67222216,794385268610,8397,46348559193224090
2022-05-08,11820.0,12180.0,11820.0,12050.0,12170.0,11820.0,74499497,897416123440,9796,46348559193224090
2022-05-09,12180.0,12180.0,11780.0,11940.0,11940.0,12050.0,90397371,1079179711070,9046,46348559193224090
2022-05-10,11940.0,11970.0,11820.0,11890.0,11830.0,11940.0,39754507,472764804680,5574,46348559193224090
2022-05-11,11890.0,12240.0,11850.0,12120.0,12090.0,11890.0,73623774,892010616450,7609,46348559193224090
2022-05-14,12220.0,12470.0,12050.0,12160.0,12130.0,12120.0,76201024,926593642590,9297,46348559193224090
2022-05-15,12190.0,12240.0,11910.0,12090.0,12180.0,12160.0,53947704,652464801480,7845,46348559193224090
2022-05-16,12100.0,12620.0,12090.0,12320.0,12500.0,12090.0,135088447,1664959495750,15602,46348559193224090
2022-05-17,12700.0,12890.0,12550.0,12770.0,12590.0,12320.0,151834110,1938810881620,16825,46348559193224090
2022-05-18,12630.0,12830.0,12510.0,12690.0,12750.0,12770.0,73293898,930343913810,9650,46348559193224090
2022-05-21,12590.0,12660.0,12250.0,12550.0,12540.0,12690.0,61424001,770988228260,7022,46348559193224090
2022-05-22,12560.0,12600.0,12400.0,12540.0,12560.0,12550.0,90110710,1129884635110,7097,46348559193224090
2022-05-23,12550.0,12580.0,12270.0,12400.0,12330.0,12540.0,100386697,1245281441210,8431,46348559193224090
2022-05-24,12390.0,12390.0,12180.0,12260.0,12290.0,12400.0,81883317,1004115118710,6780,46348559193224090
2022-05-25,12260.0,12280.0,11950.0,12110.0,12120.0,12260.0,83136147,1006676062960,10114,46348559193224090
2022-05-28,12120.0,12250.0,11750.0,11960.0,11980.0,12110.0,67288466,804835573370,8097,46348559193224090
2022-05-29,11820.0,11890.0,11580.0,11730.0,11780.0,11960.0,59616472,699489000490,6863,46348559193224090
2022-05-30,11800.0,11930.0,11680.0,11750.0,11760.0,11730.0,56275815,661385948440,6326,46348559193224090
2022-05-31,11770.0,11900.0,11600.0,11750.0,11700.0,11750.0,28475982,334700160320,5298,46348559193224090
2022-06-06,11480.0,11480.0,11020.0,11280.0,11480.0,11750.0,62333539,702837327640,6488,46348559193224090
2022-06-07,11340.0,11340.0,11150.0,11280.0,11270.0,11280.0,79572207,897226190540,7000,46348559193224090
2022-06-08,11360.0,11360.0,11250.0,11290.0,11310.0,11280.0,50448912,569448226590,4284,46348559193224090
2022-06-11,11260.0,11340.0,11150.0,11290.0,11310.0,11290.0,60888112,687301209400,6432,46348559193224090
2022-06-12,11300.0,11700.0,11200.0,11460.0,11540.0,11290.0,71378541,817716551880,7088,46348559193224090
2022-06-13,11600.0,12100.0,11600.0,11820.0,11660.0,11460.0,106858966,1263478092340,10013,46348559193224090
2022-06-14,11750.0,11910.0,11640.0,11820.0,11820.0,11820.0,66911238,790861577530,5887,46348559193224090
2022-06-15,11730.0,11990.0,11580.0,11710.0,11820.0,11820.0,38764404,454047359480,5093,46348559193224090
2022-06-18,11650.0,11750.0,11550.0,11610.0,11700.0,11710.0,60658889,704542762480,5815,46348559193224090
2022-06-19,11660.0,11740.0,11560.0,11610.0,11610.0,11610.0,45368856,526781701680,4662,46348559193224090
2022-06-20,11590.0,11740.0,11580.0,11620.0,11610.0,11610.0,49782910,578398022780,4561,46348559193224090
2022-06-21,11580.0,11610.0,11460.0,11550.0,11480.0,11620.0,42656631,492497000270,4072,46348559193224090
2022-06-22,11460.0,11550.0,11310.0,11440.0,11470.0,11550.0,43038062,492403236100,4235,46348559193224090
2022-06-25,11320.0,11320.0,11070.0,11150.0,11080.0,11440.0,80665442,899157015470,8481,46348559193224090
2022-06-26,11110.0,11120.0,10750.0,10890.0,10790.0,11150.0,76316596,831277934730,6732,46348559193224090
2022-06-27,10800.0,10950.0,10780.0,10890.0,10900.0,10890.0,84656585,921595286720,6689,46348559193224090
2022-06-28,10910.0,11050.0,10880.0,10930.0,10920.0,10890.0,44829513,490102602240,5085,46348559193224090
2022-06-29,10920.0,10970.0,10900.0,10940.0,10930.0,10930.0,36334015,397507695690,3670,46348559193224090
2022-07-02,10900.0,10930.0,10660.0,10830.0,10710.0,10940.0,40088493,433993062960,5029,46348559193224090
2022-07-03,10820.0,10840.0,10630.0,10800.0,10840.0,10830.0,29044751,313663612400,3937,46348559193224090
2022-07-04,10830.0,10900.0,10760.0,10800.0,10790.0,10800.0,27861189,300999911850,3696,46348559193224090
2022-07-05,10830.0,11100.0,10790.0,10980.0,10990.0,10800.0,60218627,661146645770,6538,46348559193224090
2022-07-06,10960.0,11220.0,10930.0,11040.0,10930.0,10980.0,86387594,953796275290,6988,46348559193224090
2022-07-09,10990.0,11300.0,10950.0,11100.0,10990.0,11040.0,68566315,760908375230,5962,46348559193224090
2022-07-11,11280.0,11660.0,11210.0,11400.0,11300.0,11100.0,113911578,1298308235010,13596,46348559193224090
2022-07-12,11300.0,11460.0,11200.0,11370.0,11370.0,11400.0,74778647,850160009150,6903,46348559193224090
2022-07-13,11400.0,11500.0,11200.0,11310.0,11370.0,11370.0,45327426,512431333470,5997,46348559193224090
2022-07-16,11370.0,11370.0,10910.0,11080.0,11030.0,11310.0,48110092,533033432680,6433,46348559193224090
2022-07-17,11090.0,11090.0,10910.0,10990.0,10990.0,11080.0,49798334,547339174940,6205,46348559193224090
2022-07-24,10990.0,10990.0,10710.0,10930.0,10830.0,10990.0,27535444,300910282970,1413,46348559193224090
2022-07-25,10890.0,10930.0,10500.0,10690.0,10540.0,10930.0,68029792,727470113390,7488,46348559193224090
2022-07-26,10600.0,10760.0,10600.0,10690.0,10680.0,10690.0,45920539,490729649870,4829,46348559193224090
2022-07-27,10700.0,11090.0,10680.0,10930.0,10930.0,10690.0,44930484,490874652810,5716,46348559193224090
2022-07-30,10980.0,11170.0,10840.0,11040.0,10890.0,10930.0,48954520,540332728400,6181,46348559193224090
2022-07-31,10830.0,11370.0,10690.0,11170.0,11350.0,11040.0,148767350,1661850318610,13410,46348559193224090
2022-08-09,5470.0,5500.0,5390.0,5460.0,5500.0,5240.0,126831611,692060828940,6913,46348559193224090
2022-08-10,5590.0,5600.0,5480.0,5520.0,5520.0,5460.0,98255194,542781015750,8348,46348559193224090
2022-08-13,5520.0,5850.0,5500.0,5780.0,5810.0,5520.0,149535604,864611493990,9910,46348559193224090
2022-08-14,5850.0,5850.0,5650.0,5740.0,5720.0,5780.0,61677930,354087102070,5739,46348559193224090
2022-08-15,5720.0,5750.0,5600.0,5670.0,5690.0,5740.0,69689904,395085094000,5627,46348559193224090
2022-08-16,5730.0,5730.0,5510.0,5600.0,5590.0,5670.0,54168816,303613535090,5039,46348559193224090
2022-08-17,5600.0,5650.0,5500.0,5560.0,5540.0,5600.0,76206181,423917045370,5200,46348559193224090
2022-08-21,5420.0,5450.0,5400.0,5420.0,5430.0,5560.0,64793800,351314262970,2068,46348559193224090
2022-08-22,5420.0,5420.0,5240.0,5310.0,5290.0,5420.0,117052411,621874298380,8497,46348559193224090
2022-08-23,5230.0,5340.0,5220.0,5270.0,5280.0,5310.0,62393229,329122689880,6703,46348559193224090
2022-08-24,5330.0,5370.0,5280.0,5330.0,5330.0,5270.0,68699416,365888068740,5303,46348559193224090
2022-08-27,5380.0,5380.0,5300.0,5330.0,5320.0,5330.0,51647450,275201828410,5280,46348559193224090
2022-08-28,5350.0,5350.0,5240.0,5270.0,5260.0,5330.0,49398850,260408946750,4191,46348559193224090
2022-08-29,5270.0,5280.0,5200.0,5230.0,5210.0,5270.0,50011302,261650169900,5179,46348559193224090
2022-08-30,5200.0,5280.0,5130.0,5170.0,5130.0,5230.0,45326522,234455073430,5325,46348559193224090
2022-08-31,5160.0,5190.0,5120.0,5140.0,5120.0,5170.0,36092715,185444802610,3911,46348559193224090
2022-09-03,5120.0,5170.0,5020.0,5090.0,5080.0,5140.0,65174611,331643846300,5148,46348559193224090
2022-09-04,5100.0,5180.0,5070.0,5090.0,5090.0,5090.0,42292675,215396544090,3891,46348559193224090
2022-09-05,5150.0,5150.0,5050.0,5080.0,5060.0,5090.0,48675596,247383720220,4011,46348559193224090
2022-09-06,5080.0,5100.0,5020.0,5060.0,5070.0,5080.0,34701518,175608551800,3234,46348559193224090
2022-09-07,5080.0,5090.0,5020.0,5060.0,5040.0,5060.0,42583792,215291219330,3401,46348559193224090
2022-09-10,5050.0,5070.0,4990.0,5030.0,5040.0,5060.0,50441468,253873785990,3581,46348559193224090
2022-09-11,5040.0,5060.0,5020.0,5030.0,5030.0,5030.0,37750629,189855163190,3062,46348559193224090
2022-09-12,5100.0,5170.0,5050.0,5100.0,5130.0,5030.0,53997996,275376150730,5170,46348559193224090
2022-09-13,5160.0,5230.0,5120.0,5180.0,5220.0,5100.0,77278407,400648290970,4958,46348559193224090
2022-09-14,5250.0,5250.0,5120.0,5170.0,5150.0,5180.0,45054451,232827879720,3908,46348559193224090
2022-09-18,5170.0,5190.0,5080.0,5110.0,5110.0,5170.0,34970851,178779610790,3165,46348559193224090
2022-09-19,5110.0,5120.0,5080.0,5100.0,5090.0,5110.0,41222453,210164540620,2704,46348559193224090
2022-09-20,5100.0,5110.0,5060.0,5080.0,5070.0,5100.0,29849060,151667409260,2366,46348559193224090
2022-09-21,5050.0,5080.0,4990.0,5020.0,4990.0,5080.0,49116423,246375980990,4401,46348559193224090
2022-09-24,4990.0,4990.0,4860.0,4910.0,4880.0,5020.0,47330516,232389135810,4780,46348559193224090
2022-09-26,4880.0,5020.0,4870.0,4950.0,4920.0,4910.0,49543805,245442683220,4308,46348559193224090
2022-09-28,4990.0,5110.0,4950.0,5040.0,5020.0,4950.0,44592048,224675735280,3552,46348559193224090
2022-10-01,5060.0,5060.0,4900.0,4930.0,4900.0,5040.0,42451061,209322592000,3400,46348559193224090
2022-10-02,4920.0,4970.0,4870.0,4930.0,4940.0,4930.0,35283387,173876232690,2643,46348559193224090
2022-10-03,4930.0,4980.0,4900.0,4930.0,4910.0,4930.0,26126619,128730444420,2143,46348559193224090
2022-10-04,4910.0,4960.0,4900.0,4920.0,4920.0,4930.0,22066425,108470642630,2104,46348559193224090
2022-10-08,4920.0,4980.0,4899.0,4914.0,4902.0,4920.0,28772541,141391370083,2848,46348559193224090
2022-10-09,4914.0,4920.0,4880.0,4909.0,4901.0,4914.0,55112475,270569610422,2578,46348559193224090
2022-10-10,4909.0,4920.0,4879.0,4897.0,4910.0,4909.0,33137450,162276887259,2719,46348559193224090
2022-10-11,4921.0,5060.0,4904.0,4979.0,5015.0,4897.0,37174234,185088976799,2794,46348559193224090
2022-10-12,5055.0,5090.0,5018.0,5058.0,5065.0,4979.0,32782519,165804890175,2532,46348559193224090
2022-10-15,5070.0,5080.0,4940.0,5030.0,5040.0,5058.0,29365546,147769564460,2299,46348559193224090
2022-10-16,5040.0,5040.0,4930.0,4990.0,5010.0,5030.0,37568225,187280095670,2303,46348559193224090
2022-10-17,5000.0,5000.0,4910.0,4980.0,5000.0,4990.0,29816705,148598209630,2078,46348559193224090
2022-10-18,5000.0,5010.0,4910.0,4950.0,4930.0,4980.0,28056860,138832419600,2405,46348559193224090
2022-10-19,4940.0,4960.0,4880.0,4910.0,4890.0,4950.0,21968294,107777591770,2687,46348559193224090
2022-10-22,4901.0,4910.0,4859.0,4884.0,4874.0,4910.0,46946435,229284145937,3411,46348559193224090
2022-10-23,4854.0,4855.0,4643.0,4732.0,4699.0,4884.0,78221679,370118817921,6549,46348559193224090
2022-10-24,4640.0,4640.0,4416.0,4474.0,4471.0,4732.0,313694377,1403405133900,17347,46348559193224090
2022-10-25,4474.0,4493.0,4378.0,4432.0,4388.0,4474.0,129681942,574775783609,8398,46348559193224090
2022-10-26,4424.0,4444.0,4214.0,4311.0,4285.0,4432.0,154912131,667857561633,8843,46348559193224090
2022-10-29,4370.0,4404.0,4319.0,4361.0,4342.0,4311.0,173822689,758034735976,6457,46348559193224090
2022-10-30,4394.0,4550.0,4365.0,4487.0,4550.0,4361.0,191063150,857329089916,6832,46348559193224090
2022-10-31,4550.0,4590.0,4517.0,4549.0,4580.0,4487.0,117473603,534376504795,5381,46348559193224090
2022-11-01,4580.0,4645.0,4560.0,4611.0,4582.0,4549.0,91024869,419710974654,4478,46348559193224090
2022-11-02,4611.0,4669.0,4522.0,4610.0,4666.0,4611.0,113926621,525215981446,4848,46348559193224090
2022-11-05,4660.0,4932.0,4660.0,4914.0,4932.0,4610.0,252089157,1238879152487,7470,46348559193224090
2022-11-06,4944.0,5050.0,4850.0,4949.0,4985.0,4914.0,153882871,761510439861,8739,46348559193224090
2022-11-07,4985.0,5249.0,4950.0,5128.0,5214.0,4949.0,186032836,954036565584,10364,46348559193224090
2022-11-08,5221.0,5347.0,5034.0,5166.0,5156.0,5128.0,179079767,925203619945,10808,46348559193224090
2022-11-09,5149.0,5260.0,5021.0,5157.0,5160.0,5166.0,132021163,680771015779,7188,46348559193224090
2022-11-12,5160.0,5340.0,5100.0,5210.0,5110.0,5157.0,108555719,565638299160,7146,46348559193224090
2022-11-13,5110.0,5160.0,5020.0,5080.0,5080.0,5210.0,90819243,461236437200,6412,46348559193224090
2022-11-14,5080.0,5110.0,4920.0,5030.0,5080.0,5080.0,82687906,416324833280,4976,46348559193224090
2022-11-15,5030.0,5100.0,5000.0,5040.0,5070.0,5030.0,72657034,366174324130,3830,46348559193224090
2022-11-16,5080.0,5110.0,5010.0,5060.0,5040.0,5040.0,48226617,243801306180,3079,46348559193224090
2022-11-19,5040.0,5040.0,4820.0,4900.0,4920.0,5060.0,106945198,523601572860,5745,46348559193224090
2022-11-20,4860.0,5050.0,4850.0,4980.0,4960.0,4900.0,50420114,251140080480,3135,46348559193224090
2022-11-21,4990.0,5010.0,4920.0,4980.0,4950.0,4980.0,62515328,311526832330,3290,46348559193224090
2022-11-22,4950.0,4990.0,4910.0,4950.0,4930.0,4980.0,31997103,158310638970,2560,46348559193224090
2022-11-23,4950.0,4970.0,4900.0,4930.0,4920.0,4950.0,46624018,230020810690,3450,46348559193224090
2022-11-26,4990.0,5000.0,4880.0,4912.0,4900.0,4930.0,40813436,200478624168,3099,46348559193224090
2022-11-27,4900.0,4970.0,4871.0,4918.0,4950.0,4912.0,63563986,312633356598,3372,46348559193224090
2022-11-28,4930.0,4945.0,4910.0,4922.0,4921.0,4918.0,66075060,325225129077,3900,46348559193224090
2022-12-03,4969.0,5040.0,4949.0,4984.0,4990.0,4922.0,38451481,191634806729,2198,46348559193224090
2022-12-04,4950.0,5020.0,4933.0,4987.0,4981.0,4984.0,74246594,370304089737,4110,46348559193224090
2022-12-05,5000.0,5000.0,4929.0,4959.0,4988.0,4987.0,74759233,370762515248,3729,46348559193224090
2022-12-06,4962.0,4963.0,4921.0,4940.0,4922.0,4959.0,53175287,262695442028,3228,46348559193224090
2022-12-07,4915.0,4920.0,4815.0,4865.0,4817.0,4940.0,52737862,256559863198,5099,46348559193224090
2022-12-10,4819.0,4819.0,4706.0,4756.0,4740.0,4865.0,72699016,345762181236,4638,46348559193224090
2022-12-11,4759.0,4880.0,4759.0,4795.0,4806.0,4756.0,70375438,337452117742,4971,46348559193224090
2022-12-12,4800.0,5030.0,4800.0,4965.0,5020.0,4795.0,94668209,469991376180,5576,46348559193224090
2022-12-13,5051.0,5312.0,5051.0,5287.0,5312.0,4965.0,348239330,1841278845326,11985,46348559193224090
2022-12-14,5380.0,5647.0,5360.0,5467.0,5438.0,5287.0,206867820,1130962784485,10860,46348559193224090
2022-12-17,5450.0,5460.0,5320.0,5390.0,5410.0,5467.0,97960083,528401436320,6174,46348559193224090
2022-12-18,5470.0,5720.0,5470.0,5620.0,5630.0,5390.0,167058795,939687870320,7676,46348559193224090
2022-12-19,5700.0,5740.0,5500.0,5630.0,5580.0,5620.0,139743574,786143009800,6804,46348559193224090
2022-12-20,5630.0,5650.0,5490.0,5550.0,5530.0,5630.0,79175063,439309298680,4437,46348559193224090
2022-12-21,5490.0,5610.0,5450.0,5530.0,5540.0,5550.0,65637455,362671842750,4222,46348559193224090
2022-12-24,5600.0,5910.0,5570.0,5830.0,5910.0,5530.0,193191975,1127137514960,10551,46348559193224090
2022-12-25,6000.0,6050.0,5830.0,5930.0,5880.0,5830.0,140889964,835853304270,9149,46348559193224090
2022-12-26,5890.0,5940.0,5760.0,5880.0,5880.0,5930.0,120347075,708241517020,8243,46348559193224090
2022-12-28,6100.0,6290.0,6100.0,6280.0,6290.0,5880.0,411315121,2584212227560,12332,46348559193224090
2022-12-31,5870.0,6250.0,5850.0,5970.0,5910.0,6280.0,347343782,2074518348440,18877,46348559193224090
2023-01-01,5870.0,6090.0,5700.0,5840.0,5920.0,5970.0,211337374,1234269617780,11497,46348559193224090
2023-01-02,6000.0,6030.0,5940.0,5980.0,5960.0,5840.0,127510359,762209973230,7775,46348559193224090
2023-01-03,6020.0,6050.0,5850.0,5940.0,5900.0,5980.0,150830117,896675120360,8137,46348559193224090
2023-01-04,5930.0,5930.0,5760.0,5800.0,5880.0,5940.0,86151879,499673095060,6707,46348559193224090
2023-01-07,5880.0,5990.0,5800.0,5900.0,5930.0,5800.0,104310491,615325795490,7624,46348559193224090
2023-01-08,6050.0,6220.0,5960.0,6080.0,6010.0,5900.0,212355054,1291643168700,11173,46348559193224090
2023-01-09,6050.0,6290.0,6010.0,6130.0,6210.0,6080.0,176884698,1085120802290,9445,46348559193224090
2023-01-10,6410.0,6550.0,6380.0,6500.0,6460.0,6130.0,414261588,2692696671570,18219,46348559193224090
2023-01-11,6480.0,6530.0,6300.0,6420.0,6350.0,6500.0,135329474,869126197930,10207,46348559193224090
2023-01-14,6240.0,6470.0,6060.0,6300.0,6430.0,6420.0,161647166,1018707640060,9167,46348559193224090
2023-01-16,6430.0,6560.0,6380.0,6460.0,6470.0,6300.0,117797090,761003309590,8144,46348559193224090
2023-01-17,6510.0,6560.0,6360.0,6440.0,6390.0,6460.0,147135689,946843758930,9549,46348559193224090
2023-01-18,6410.0,6460.0,6350.0,6400.0,6380.0,6440.0,99567404,637187728960,7617,46348559193224090
2023-01-21,6190.0,6310.0,6100.0,6140.0,6130.0,6400.0,257670035,1583039003060,14448,46348559193224090
2023-01-22,6130.0,6290.0,6110.0,6180.0,6240.0,6140.0,131724234,814437533830,7806,46348559193224090
2023-01-23,6240.0,6380.0,6110.0,6230.0,6260.0,6180.0,136778785,852041899700,7263,46348559193224090
2023-01-24,6220.0,6270.0,6140.0,6210.0,6210.0,6230.0,73351074,455517365500,5084,46348559193224090
2023-01-25,6200.0,6200.0,6030.0,6080.0,6100.0,6210.0,118382059,719736194500,6761,46348559193224090
2023-01-28,6140.0,6180.0,6020.0,6080.0,6030.0,6080.0,125951557,765625435350,6878,46348559193224090
2023-01-29,6010.0,6020.0,5790.0,5870.0,5970.0,6080.0,189522032,1112787029200,9240,46348559193224090
2023-01-30,5800.0,6010.0,5680.0,5870.0,5970.0,5870.0,138509344,813328770150,7765,46348559193224090
2023-01-31,5970.0,6100.0,5910.0,5990.0,5990.0,5870.0,90202536,540280991020,5095,46348559193224090
2023-02-01,6000.0,6030.0,5960.0,5990.0,5980.0,5990.0,98408845,589616040120,4478,46348559193224090
2023-02-05,5980.0,6000.0,5890.0,5950.0,5950.0,5990.0,157450063,936777854100,5581,46348559193224090
2023-02-06,5950.0,6080.0,5940.0,6000.0,6050.0,5950.0,91392166,547903510110,4885,46348559193224090
2023-02-07,6050.0,6270.0,6050.0,6180.0,6250.0,6000.0,104857562,648202833750,5796,46348559193224090
2023-02-08,6220.0,6380.0,6200.0,6270.0,6210.0,6180.0,102835863,644619084580,5958,46348559193224090
2023-02-12,6220.0,6300.0,6200.0,6260.0,6280.0,6270.0,85916203,537581611410,4999,46348559193224090
2023-02-13,6290.0,6410.0,6260.0,6320.0,6290.0,6260.0,105500295,666607514800,5363,46348559193224090
2023-02-14,6310.0,6350.0,6240.0,6300.0,6260.0,6320.0,101760189,640598665600,5002,46348559193224090
2023-02-15,6260.0,6330.0,6210.0,6270.0,6270.0,6300.0,71012495,445507459850,4058,46348559193224090
2023-02-19,6300.0,6580.0,6290.0,6420.0,6550.0,6270.0,207471282,1331841386560,10562,46348559193224090
2023-02-20,6830.0,6860.0,6700.0,6860.0,6860.0,6420.0,365385476,2505567764270,8715,46348559193224090
2023-02-21,7340.0,7340.0,7280.0,7340.0,7340.0,6860.0,749737326,5502494011290,19217,46348559193224090
2023-02-22,7380.0,7700.0,7250.0,7440.0,7640.0,7340.0,436560018,3247614786220,24118,46348559193224090
2023-02-25,7960.0,7960.0,7960.0,7960.0,7960.0,7440.0,265914635,2116680494600,6964,46348559193224090
2023-02-26,8510.0,8510.0,8220.0,8480.0,8510.0,7960.0,861116981,7304527404450,36474,46348559193224090
2023-02-27,8370.0,8750.0,8070.0,8450.0,8450.0,8480.0,524418093,4432543800570,29988,46348559193224090
2023-02-28,8550.0,8700.0,8270.0,8570.0,8480.0,8450.0,275533774,2360615169270,17938,46348559193224090
2023-03-01,8490.0,8560.0,8200.0,8350.0,8220.0,8570.0,379717791,3171957615060,18891,46348559193224090
2023-03-04,8210.0,8230.0,8020.0,8110.0,8050.0,8350.0,213687956,1733561550510,14240,46348559193224090
2023-03-05,8050.0,8350.0,8000.0,8080.0,8070.0,8110.0,147265490,1190305085530,10816,46348559193224090
2023-03-06,8070.0,8070.0,7760.0,7940.0,7960.0,8080.0,206946906,1643957876640,11062,46348559193224090
2023-03-07,8010.0,8490.0,8010.0,8440.0,8490.0,7940.0,549719790,4636956055790,20825,46348559193224090
2023-03-11,8440.0,8490.0,8100.0,8260.0,8120.0,8440.0,294411392,2430862780590,20572,46348559193224090
2023-03-12,8000.0,8060.0,7780.0,7920.0,7900.0,8260.0,219466342,1738974076590,13905,46348559193224090
2023-03-13,7920.0,8100.0,7880.0,7940.0,7930.0,7920.0,235952241,1874264149280,15895,46348559193224090
2023-03-19,5770.0,6060.0,5770.0,5890.0,6000.0,5260.0,891831928,5248841901830,25825,46348559193224090
2023-03-25,6150.0,6300.0,5910.0,6230.0,6300.0,5890.0,456619517,2845098629170,25586,46348559193224090
2023-03-26,6380.0,6570.0,6110.0,6320.0,6180.0,6230.0,362716933,2293861386440,29399,46348559193224090
2023-03-28,6430.0,6460.0,6210.0,6310.0,6320.0,6340.0,319285689,2013357236110,25730,46348559193224090
2023-03-29,6330.0,6400.0,6250.0,6310.0,6320.0,6310.0,261767907,1651511976380,21753,46348559193224090
2023-04-03,6240.0,6300.0,6000.0,6210.0,6300.0,6310.0,324399386,2013119001210,24873,46348559193224090
2023-04-04,6300.0,6410.0,6160.0,6270.0,6180.0,6210.0,268808210,1685141103880,20456,46348559193224090
2023-04-05,6230.0,6280.0,6100.0,6210.0,6230.0,6270.0,336729315,2089704801620,20790,46348559193224090
2023-04-08,6220.0,6630.0,6180.0,6450.0,6430.0,6210.0,542465282,3499509067480,29235,46348559193224090
2023-04-09,6570.0,6570.0,6350.0,6420.0,6370.0,6450.0,316354456,2029892784170,21988,46348559193224090
2023-04-10,6400.0,6490.0,6110.0,6260.0,6170.0,6420.0,349421340,2187607400190,25972,46348559193224090
2023-04-11,6220.0,6320.0,6130.0,6200.0,6230.0,6260.0,222345202,1377931966390,14217,46348559193224090
2023-04-15,6300.0,6410.0,6260.0,6330.0,6290.0,6200.0,349695944,2213780467540,22662,46348559193224090
2023-04-16,6400.0,6420.0,6250.0,6320.0,6290.0,6330.0,306540311,1935944442670,18765,46348559193224090
2023-04-17,6330.0,6460.0,6270.0,6340.0,6320.0,6320.0,350123370,2219063608240,19831,46348559193224090
2023-04-18,6310.0,6500.0,6260.0,6370.0,6300.0,6340.0,403022157,2566986246960,24710,46348559193224090
2023-04-19,6370.0,6410.0,6230.0,6310.0,6300.0,6370.0,250828258,1583916262900,16527,46348559193224090
2023-04-24,6310.0,6340.0,6210.0,6280.0,6320.0,6310.0,240649139,1510387193840,14505,46348559193224090
2023-04-25,6240.0,6490.0,6240.0,6390.0,6340.0,6280.0,332099309,2123572147670,16769,46348559193224090
2023-04-26,6330.0,6500.0,6250.0,6400.0,6490.0,6390.0,349071534,2233264838470,17351,46348559193224090
2023-04-29,6670.0,6840.0,6670.0,6840.0,6840.0,6400.0,1025644709,7012763736540,28194,46348559193224090
2023-04-30,7060.0,7290.0,6880.0,7050.0,7110.0,6840.0,634600863,4477107510650,30140,46348559193224090
2023-05-01,7150.0,7170.0,6890.0,7070.0,7120.0,7050.0,431638871,3050000331340,22946,46348559193224090
2023-05-02,7180.0,7370.0,7120.0,7280.0,7350.0,7070.0,371862610,2705467767180,18811,46348559193224090
2023-05-03,7340.0,7340.0,7140.0,7240.0,7210.0,7280.0,317542345,2298557054950,18767,46348559193224090
2023-05-06,7260.0,7360.0,7090.0,7230.0,7240.0,7240.0,308938513,2234693932710,19750,46348559193224090
2023-05-07,7230.0,7250.0,6730.0,6880.0,6730.0,7230.0,580962258,3997894227690,30154,46348559193224090
2023-05-08,6540.0,6870.0,6400.0,6480.0,6400.0,6880.0,428610795,2776594816510,20532,46348559193224090
2023-05-09,6170.0,6800.0,6170.0,6580.0,6730.0,6480.0,287446777,1890052079370,20856,46348559193224090
2023-05-10,6820.0,6820.0,6420.0,6560.0,6620.0,6580.0,319702220,2096274772860,16084,46348559193224090
2023-05-13,6560.0,6610.0,6200.0,6420.0,6520.0,6560.0,423664181,2717886991480,19008,46348559193224090
2023-05-14,6460.0,6790.0,6460.0,6670.0,6700.0,6420.0,228292468,1523085572110,13592,46348559193224090
2023-05-15,6750.0,6760.0,6590.0,6680.0,6730.0,6670.0,188982290,1261697714760,10152,46348559193224090
2023-05-20,6500.0,6520.0,6380.0,6440.0,6470.0,6680.0,197492942,1272714440960,11166,46348559193224090
2023-05-21,6380.0,6570.0,6320.0,6440.0,6530.0,6440.0,295904651,1905657025340,12351,46348559193224090
2023-05-22,6530.0,6580.0,6360.0,6410.0,6380.0,6440.0,192852613,1235376975570,12317,46348559193224090
2023-05-23,6440.0,6450.0,6310.0,6370.0,6340.0,6410.0,181098784,1152876798980,11495,46348559193224090
2023-05-24,6450.0,6460.0,6320.0,6360.0,6330.0,6370.0,145969153,927961435990,9183,46348559193224090
2023-05-27,6300.0,6370.0,6170.0,6250.0,6300.0,6360.0,181880942,1137412879310,11296,46348559193224090
2023-05-28,6220.0,6250.0,6070.0,6130.0,6210.0,6250.0,170660998,1045888233340,10058,46348559193224090
2023-05-29,6210.0,6230.0,6110.0,6140.0,6120.0,6130.0,122716152,752948297630,7651,46348559193224090
2023-05-30,6200.0,6210.0,6120.0,6140.0,6150.0,6140.0,147161500,903794608510,7310,46348559193224090
2023-05-31,6150.0,6150.0,6020.0,6100.0,6140.0,6140.0,132886502,811105276080,6705,46348559193224090
2023-06-03,6140.0,6160.0,6090.0,6120.0,6100.0,6100.0,67822579,414735237480,5756,46348559193224090
2023-06-06,6150.0,6150.0,6100.0,6130.0,6130.0,6120.0,114689026,702581765230,6008,46348559193224090
2023-06-07,6130.0,6200.0,6090.0,6130.0,6140.0,6130.0,121742996,746408573560,6172,46348559193224090
2023-06-10,6060.0,6100.0,5820.0,5890.0,5870.0,6130.0,208352537,1228038798250,10322,46348559193224090
2023-06-11,5860.0,5860.0,5740.0,5820.0,5810.0,5890.0,134906296,785385098990,9300,46348559193224090
2023-06-12,5700.0,5700.0,5460.0,5520.0,5510.0,5820.0,253173030,1397220009370,15366,46348559193224090
2023-06-13,5500.0,5700.0,5500.0,5590.0,5630.0,5520.0,95755494,535405416970,6673,46348559193224090
2023-06-14,5730.0,5910.0,5680.0,5820.0,5800.0,5590.0,62838935,365445544530,6240,46348559193224090
2023-06-17,5820.0,5910.0,5750.0,5810.0,5750.0,5820.0,63127519,366496391920,5687,46348559193224090
2023-06-18,5790.0,5820.0,5590.0,5770.0,5780.0,5810.0,121290120,700113177290,5627,46348559193224090
2023-06-19,5820.0,5820.0,5680.0,5710.0,5690.0,5770.0,99238817,566527478590,5748,46348559193224090
2023-06-20,5710.0,5770.0,5640.0,5680.0,5700.0,5710.0,46171020,262440230040,4077,46348559193224090
2023-06-21,5700.0,5750.0,5570.0,5660.0,5640.0,5680.0,74345505,420564575410,6119,46348559193224090
2023-06-24,5600.0,5660.0,5540.0,5580.0,5620.0,5660.0,82124904,458262281810,7530,46348559193224090
2023-06-25,5620.0,5780.0,5580.0,5650.0,5600.0,5580.0,66455705,375208908800,5943,46348559193224090
2023-06-26,5600.0,5730.0,5560.0,5690.0,5690.0,5650.0,90734114,516200388690,5471,46348559193224090
2023-06-27,5700.0,5750.0,5570.0,5620.0,5620.0,5690.0,58122823,326438966470,4637,46348559193224090
2023-06-28,5620.0,5640.0,5540.0,5580.0,5570.0,5620.0,43415863,242127726360,4089,46348559193224090
2023-07-01,5560.0,5580.0,5490.0,5520.0,5500.0,5580.0,53327532,294346431610,6061,46348559193224090
2023-07-02,5500.0,5660.0,5490.0,5580.0,5600.0,5520.0,47231036,263771620220,4386,46348559193224090
2023-07-03,5640.0,5880.0,5590.0,5740.0,5830.0,5580.0,105465938,605475180490,6428,46348559193224090
2023-07-04,5870.0,6030.0,5840.0,5930.0,5900.0,5740.0,130524700,773796643330,8122,46348559193224090
2023-07-05,5870.0,5980.0,5850.0,5910.0,5890.0,5930.0,66622061,393681573340,4641,46348559193224090
2023-07-08,5900.0,5930.0,5760.0,5830.0,5770.0,5910.0,65120779,379839246810,5495,46348559193224090
2023-07-09,5770.0,5850.0,5730.0,5800.0,5800.0,5830.0,71151549,412802169770,4266,46348559193224090
2023-07-10,5800.0,5880.0,5750.0,5770.0,5750.0,5800.0,75699210,437017503480,4154,46348559193224090
2023-07-11,5720.0,5780.0,5570.0,5670.0,5580.0,5770.0,149920504,850373519530,6515,46348559193224090
2023-07-12,5570.0,5600.0,5370.0,5470.0,5520.0,5670.0,106044406,580084861150,7687,46348559193224090
2023-07-15,5530.0,5600.0,5470.0,5530.0,5510.0,5470.0,75064706,414984014580,5105,46348559193224090
2023-07-16,5520.0,5520.0,5270.0,5340.0,5340.0,5530.0,99060289,529456947970,6711,46348559193224090
2023-07-17,5280.0,5340.0,5000.0,5140.0,5260.0,5340.0,176626718,907932231800,9791,46348559193224090
2023-07-18,5260.0,5490.0,5260.0,5460.0,5490.0,5140.0,224243595,1223447932340,9760,46348559193224090
2023-07-24,5010.0,5050.0,4990.0,5020.0,5050.0,4960.0,57109828,286859922500,3685,46348559193224090
2023-07-25,5070.0,5140.0,4980.0,5030.0,5010.0,5020.0,71003596,357380335300,6135,46348559193224090
2023-07-26,5000.0,5030.0,4920.0,5000.0,5000.0,5030.0,55747071,278767916960,4389,46348559193224090
2023-07-29,5000.0,5030.0,4970.0,4990.0,4990.0,5000.0,65750231,328165918750,4100,46348559193224090
2023-07-30,4990.0,5020.0,4900.0,4940.0,4920.0,4990.0,131186888,648448927660,5611,46348559193224090
2023-07-31,4900.0,5040.0,4890.0,4970.0,4960.0,4940.0,65185000,323903370810,3457,46348559193224090
2023-08-01,5040.0,5160.0,4960.0,5010.0,5160.0,4970.0,113361598,568271495760,5019,46348559193224090
2023-08-05,5140.0,5360.0,5140.0,5300.0,5360.0,5010.0,137682646,729924724230,7365,46348559193224090
2023-08-06,5380.0,5400.0,5250.0,5340.0,5390.0,5300.0,86390288,461207779340,4993,46348559193224090
2023-08-07,5430.0,5430.0,5310.0,5370.0,5350.0,5340.0,84210683,451874959030,3384,46348559193224090
2023-08-08,5340.0,5390.0,5220.0,5350.0,5340.0,5370.0,85572351,458090474400,3271,46348559193224090
2023-08-09,5350.0,5400.0,5270.0,5320.0,5320.0,5350.0,58903565,313332478140,3338,46348559193224090
2023-08-12,5200.0,5310.0,5110.0,5160.0,5130.0,5320.0,107356345,554045895380,4451,46348559193224090
2023-08-13,5120.0,5220.0,5100.0,5170.0,5180.0,5160.0,58579340,303011290920,3139,46348559193224090
2023-08-14,5180.0,5250.0,5120.0,5170.0,5160.0,5170.0,69543411,359684109890,3425,46348559193224090
2023-08-15,5120.0,5180.0,5080.0,5120.0,5100.0,5170.0,64986507,332716507350,2926,46348559193224090
2023-08-16,5090.0,5140.0,5080.0,5110.0,5100.0,5120.0,62458561,318954306680,3092,46348559193224090
2023-08-19,5070.0,5110.0,5010.0,5050.0,5050.0,5110.0,75146488,379251242390,4036,46348559193224090
2023-08-20,5050.0,5080.0,5040.0,5050.0,5050.0,5050.0,73867748,373197419020,3473,46348559193224090
2023-08-21,5060.0,5110.0,5040.0,5060.0,5070.0,5050.0,52038276,263109900620,2807,46348559193224090
2023-08-22,5070.0,5070.0,4970.0,5000.0,4990.0,5060.0,77110559,385567565300,3725,46348559193224090
2023-08-23,4960.0,5050.0,4950.0,5000.0,5040.0,5000.0,69737133,348934801190,3823,46348559193224090
2023-08-26,5110.0,5310.0,5050.0,5220.0,5260.0,5000.0,153494477,801176126890,5931,46348559193224090
2023-08-27,5340.0,5580.0,5270.0,5500.0,5520.0,5220.0,233151626,1282123166740,9017,46348559193224090
2023-08-28,5590.0,5690.0,5480.0,5580.0,5550.0,5500.0,166512551,929474239300,7310,46348559193224090
2023-08-29,5630.0,5730.0,5520.0,5610.0,5530.0,5580.0,131877599,739763385740,5665,46348559193224090
2023-08-30,5510.0,5730.0,5510.0,5620.0,5610.0,5610.0,125955299,708472236280,5462,46348559193224090
2023-09-02,5660.0,5720.0,5490.0,5590.0,5590.0,5620.0,134370385,750707152930,5570,46348559193224090
2023-09-03,5590.0,5660.0,5520.0,5600.0,5600.0,5590.0,64217517,359584676330,3701,46348559193224090
2023-09-04,5550.0,5740.0,5530.0,5670.0,5660.0,5600.0,100566866,569980974380,4414,46348559193224090
2023-09-05,5690.0,5800.0,5590.0,5680.0,5620.0,5670.0,120871716,686716882640,5165,46348559193224090
2023-09-09,5590.0,5760.0,5550.0,5610.0,5550.0,5680.0,78512848,440403930660,4207,46348559193224090
2023-09-10,5520.0,5600.0,5470.0,5570.0,5550.0,5610.0,110475841,615543299200,3824,46348559193224090
2023-09-11,5530.0,5600.0,5500.0,5550.0,5590.0,5570.0,74309985,412089056980,3419,46348559193224090
2023-09-12,5600.0,5600.0,5530.0,5560.0,5550.0,5550.0,72110806,400713351140,2838,46348559193224090
2023-09-13,5560.0,5600.0,5530.0,5560.0,5560.0,5560.0,103681013,576948771280,5175,46348559193224090
2023-09-17,5560.0,5660.0,5530.0,5570.0,5560.0,5560.0,83045619,462779827120,4871,46348559193224090
2023-09-18,5550.0,5610.0,5530.0,5570.0,5560.0,5570.0,151092451,841007473450,4354,46348559193224090
2023-09-19,5570.0,5620.0,5550.0,5600.0,5610.0,5570.0,124079974,694572642810,3278,46348559193224090
2023-09-20,5610.0,5650.0,5530.0,5590.0,5600.0,5600.0,127810415,714668257920,3542,46348559193224090
2023-09-23,5550.0,5610.0,5550.0,5590.0,5580.0,5590.0,68876272,384804733880,3201,46348559193224090
2023-09-25,5580.0,5610.0,5490.0,5540.0,5540.0,5590.0,112842856,625239052600,4224,46348559193224090
2023-09-26,5560.0,5560.0,5500.0,5520.0,5510.0,5540.0,82486265,455205434330,4196,46348559193224090
2023-09-27,5500.0,5540.0,5460.0,5500.0,5510.0,5520.0,89692328,493620180690,3700,46348559193224090
2023-09-30,5510.0,5550.0,5340.0,5410.0,5350.0,5500.0,105515003,570334130350,6119,46348559193224090
2023-10-01,5410.0,5430.0,5280.0,5310.0,5300.0,5410.0,107429619,570268323740,4875,46348559193224090
2023-10-02,5280.0,5350.0,5250.0,5300.0,5300.0,5310.0,108710565,576615417190,4104,46348559193224090
2023-10-04,5310.0,5360.0,5290.0,5300.0,5310.0,5300.0,86346374,457959894210,3694,46348559193224090
2023-10-07,5300.0,5350.0,5260.0,5290.0,5290.0,5300.0,101466441,536383135250,3916,46348559193224090
2023-10-08,5260.0,5270.0,5080.0,5130.0,5150.0,5290.0,135307065,694376466380,6297,46348559193224090
2023-10-09,5080.0,5400.0,5080.0,5230.0,5180.0,5130.0,68912694,360610966990,4532,46348559193224090
2023-10-10,5230.0,5290.0,5190.0,5240.0,5260.0,5230.0,58044386,304420550580,3111,46348559193224090
2023-10-11,5300.0,5300.0,5190.0,5220.0,5230.0,5240.0,48623209,254034855800,3041,46348559193224090
2023-10-14,5220.0,5230.0,5050.0,5140.0,5150.0,5220.0,69556400,357513300850,3455,46348559193224090
2023-10-15,5120.0,5250.0,5110.0,5180.0,5240.0,5140.0,72600489,376248755790,3218,46348559193224090
2023-10-16,5200.0,5290.0,5200.0,5240.0,5280.0,5180.0,48551498,254318726760,3016,46348559193224090
2023-10-18,5240.0,5280.0,5190.0,5230.0,5260.0,5240.0,88764855,463799376820,2908,46348559193224090
2023-10-21,5210.0,5240.0,5180.0,5210.0,5190.0,5230.0,88739679,462595759440,3320,46348559193224090
2023-10-22,5300.0,5440.0,5300.0,5370.0,5380.0,5210.0,95757133,514261021560,5329,46348559193224090
2023-10-23,5380.0,5460.0,5350.0,5390.0,5390.0,5370.0,85893078,463064870970,4015,46348559193224090
2023-10-24,5360.0,5400.0,5280.0,5320.0,5300.0,5390.0,97500089,519055203910,3586,46348559193224090
2023-10-25,5330.0,5390.0,5320.0,5350.0,5350.0,5320.0,61496230,329141791540,2980,46348559193224090
2023-10-28,5330.0,5330.0,5160.0,5200.0,5160.0,5350.0,122006100,634709280980,5596,46348559193224090
2023-10-29,5170.0,5270.0,5160.0,5230.0,5260.0,5200.0,57169267,298969240230,3255,46348559193224090
2023-10-30,5250.0,5400.0,5250.0,5350.0,5390.0,5230.0,60200487,322140648670,3317,46348559193224090
2023-10-31,5400.0,5420.0,5330.0,5360.0,5370.0,5350.0,85290364,457528960280,3689,46348559193224090
2023-11-01,5330.0,5410.0,5220.0,5350.0,5390.0,5360.0,80699528,431903022110,3521,46348559193224090
2023-11-04,5440.0,5630.0,5440.0,5510.0,5500.0,5350.0,117686304,648678032760,4911,46348559193224090
2023-11-05,5580.0,5600.0,5510.0,5530.0,5550.0,5510.0,86997345,481131304090,3855,46348559193224090
2023-11-06,5570.0,5580.0,5500.0,5540.0,5540.0,5530.0,71995985,398758116190,3821,46348559193224090
2023-11-07,5520.0,5820.0,5520.0,5660.0,5720.0,5540.0,117065433,662535144710,5807,46348559193224090
2023-11-08,5780.0,5780.0,5600.0,5660.0,5630.0,5660.0,102966683,582585749420,4525,46348559193224090
2023-11-11,5600.0,5690.0,5600.0,5640.0,5640.0,5660.0,52665345,297273997000,3387,46348559193224090
2023-11-12,5620.0,5650.0,5570.0,5620.0,5600.0,5640.0,65526288,368392376120,3061,46348559193224090
2023-11-13,5660.0,5660.0,5560.0,5600.0,5580.0,5620.0,93677090,524151242290,3756,46348559193224090
2023-11-14,5600.0,5610.0,5500.0,5540.0,5540.0,5600.0,51152018,283574463940,2790,46348559193224090
2023-11-15,5530.0,5540.0,5420.0,5490.0,5490.0,5540.0,62185182,341105648300,3588,46348559193224090
2023-11-18,5440.0,5490.0,5370.0,5410.0,5420.0,5490.0,55412956,300027017790,3714,46348559193224090
2023-11-19,5400.0,5420.0,5350.0,5380.0,5380.0,5410.0,103415167,556748833810,3661,46348559193224090
2023-11-20,5350.0,5400.0,5310.0,5350.0,5310.0,5380.0,62435692,334029511660,3173,46348559193224090
2023-11-21,5350.0,5360.0,5300.0,5330.0,5310.0,5350.0,62888319,335285989050,3521,46348559193224090
2023-11-22,5300.0,5390.0,5290.0,5340.0,5320.0,5330.0,88214879,470867411890,3378,46348559193224090
2023-11-25,5320.0,5360.0,5290.0,5320.0,5300.0,5340.0,60727272,323305470280,3511,46348559193224090
2023-11-26,5320.0,5350.0,5290.0,5310.0,5320.0,5320.0,43468629,230714850580,3112,46348559193224090
2023-11-27,5350.0,5360.0,5290.0,5310.0,5310.0,5310.0,55531768,294804347440,3188,46348559193224090
2023-11-28,5310.0,5370.0,5280.0,5320.0,5360.0,5310.0,58268193,310101486940,3183,46348559193224090
2023-11-29,5400.0,5570.0,5380.0,5480.0,5500.0,5320.0,163757573,897344085390,6352,46348559193224090
2023-12-02,5560.0,5700.0,5540.0,5610.0,5560.0,5480.0,188412697,1057221262910,7381,46348559193224090
2023-12-03,5600.0,6000.0,5540.0,5910.0,6000.0,5610.0,560194269,3308544093640,16579,46348559193224090
2023-12-04,6320.0,6320.0,6150.0,6260.0,6240.0,5910.0,653013205,4086786702170,24614,46348559193224090
2023-12-05,6240.0,6350.0,6140.0,6230.0,6200.0,6260.0,257715593,1605023947130,12522,46348559193224090
2023-12-06,6190.0,6230.0,6120.0,6170.0,6150.0,6230.0,102142632,629741503270,5891,46348559193224090
2023-12-09,6140.0,6190.0,6030.0,6090.0,6030.0,6170.0,180278913,1097368512390,7530,46348559193224090
2023-12-10,6050.0,6170.0,6010.0,6100.0,6090.0,6090.0,104171513,635303843850,5341,46348559193224090
2023-12-11,6100.0,6150.0,6070.0,6090.0,6080.0,6100.0,110779742,674740233810,4487,46348559193224090
2023-12-12,6070.0,6100.0,6040.0,6080.0,6070.0,6090.0,118383637,719296475570,4391,46348559193224090
2023-12-13,6060.0,6100.0,6030.0,6070.0,6070.0,6080.0,73469939,445641488610,3286,46348559193224090
2023-12-16,6100.0,6190.0,6070.0,6140.0,6150.0,6070.0,87352283,535942341330,4729,46348559193224090
2023-12-18,6170.0,6410.0,6170.0,6310.0,6310.0,6140.0,190143256,1200106530850,9752,46348559193224090
2023-12-19,6350.0,6580.0,6280.0,6390.0,6350.0,6310.0,202528370,1294093914360,7525,46348559193224090
2023-12-20,6350.0,6480.0,6300.0,6370.0,6340.0,6390.0,153877890,980725153050,5259,46348559193224090
2023-12-23,6370.0,6380.0,6300.0,6350.0,6340.0,6370.0,148221279,941287376220,4916,46348559193224090
2023-12-24,6340.0,6370.0,6250.0,6300.0,6280.0,6350.0,140109578,883284123080,5589,46348559193224090
2023-12-25,6290.0,6350.0,6200.0,6270.0,6240.0,6300.0,105551246,662003973830,4492,46348559193224090
2023-12-26,6230.0,6270.0,6170.0,6210.0,6200.0,6270.0,76730771,476493645930,3980,46348559193224090
2023-12-27,6270.0,6270.0,6190.0,6220.0,6220.0,6210.0,123557080,768386352510,4970,46348559193224090
2023-12-30,6280.0,6330.0,6250.0,6280.0,6280.0,6220.0,65778615,413007029830,3774,46348559193224090
2023-12-31,6300.0,6300.0,6180.0,6230.0,6190.0,6280.0,80066614,498910921170,3884,46348559193224090
2024-01-01,6230.0,6230.0,6150.0,6200.0,6180.0,6230.0,67436187,417831898480,3320,46348559193224090
2024-01-02,6180.0,6220.0,6100.0,6160.0,6150.0,6200.0,72415054,446092828520,3753,46348559193224090
2024-01-03,6180.0,6230.0,6100.0,6160.0,6190.0,6160.0,82800015,510237384690,3654,46348559193224090
2024-01-06,6180.0,6230.0,6140.0,6180.0,6200.0,6160.0,66717283,412010001770,3445,46348559193224090
2024-01-07,6130.0,6220.0,6130.0,6200.0,6200.0,6180.0,45124110,279873553090,3056,46348559193224090
2024-01-08,6190.0,6220.0,6160.0,6190.0,6170.0,6200.0,77523673,479904849470,3612,46348559193224090
2024-01-09,6170.0,6300.0,6150.0,6230.0,6200.0,6190.0,85498692,532235215560,3976,46348559193224090
2024-01-10,6240.0,6290.0,6240.0,6260.0,6260.0,6230.0,76889340,481666026740,3570,46348559193224090
2024-01-13,6260.0,6380.0,6230.0,6310.0,6280.0,6260.0,116692973,736421610760,5231,46348559193224090
2024-01-14,6310.0,6380.0,6300.0,6340.0,6360.0,6310.0,109819493,695842408130,5116,46348559193224090
2024-01-15,6340.0,6360.0,6270.0,6320.0,6300.0,6340.0,94699573,598168081220,3483,46348559193224090
2024-01-16,6270.0,6330.0,6210.0,6270.0,6260.0,6320.0,116133373,728649735130,3743,46348559193224090
2024-01-17,6250.0,6280.0,6210.0,6240.0,6250.0,6270.0,50417391,314644339790,2739,46348559193224090
2024-01-20,6250.0,6310.0,6180.0,6240.0,6190.0,6240.0,101403368,632437891640,4387,46348559193224090
2024-01-21,6170.0,6250.0,6130.0,6230.0,6250.0,6240.0,135632320,844313812030,4969,46348559193224090
2024-01-22,6250.0,6260.0,6170.0,6220.0,6200.0,6230.0,123935142,770439114340,4412,46348559193224090
2024-01-23,6190.0,6230.0,6080.0,6150.0,6190.0,6220.0,142462396,876521206620,5373,46348559193224090
2024-01-24,6150.0,6230.0,6150.0,6180.0,6200.0,6150.0,44754505,276792968980,2855,46348559193224090
2024-01-27,6220.0,6250.0,6150.0,6190.0,6210.0,6180.0,77880140,482056297820,3453,46348559193224090
2024-01-28,6200.0,6230.0,6160.0,6190.0,6200.0,6190.0,101305577,627040536870,4424,46348559193224090
2024-01-29,6190.0,6190.0,6120.0,6150.0,6160.0,6190.0,79686813,489988050450,3980,46348559193224090
2024-01-30,6110.0,6180.0,6110.0,6140.0,6120.0,6150.0,85702902,526567574850,6275,46348559193224090
2024-01-31,6140.0,6150.0,6080.0,6110.0,6110.0,6140.0,81097347,495797020190,3966,46348559193224090
2024-02-03,6100.0,6170.0,6080.0,6120.0,6100.0,6110.0,112289458,687313926660,4916,46348559193224090
2024-02-04,6130.0,6170.0,5990.0,6050.0,6000.0,6120.0,86951296,525813035240,6068,46348559193224090
2024-02-05,6020.0,6080.0,5970.0,6000.0,6020.0,6050.0,104949166,630079381730,5836,46348559193224090
2024-02-06,5970.0,6030.0,5940.0,5990.0,6000.0,6000.0,88840127,532025403110,4258,46348559193224090
2024-02-13,6040.0,6040.0,5970.0,6000.0,6000.0,5990.0,88077560,528729083590,3353,46348559193224090
2024-02-14,6010.0,6020.0,5940.0,5970.0,5940.0,6000.0,81472457,486126085530,4777,46348559193224090
2024-02-17,5990.0,5990.0,5830.0,5880.0,5880.0,5970.0,132344831,777774071690,6377,46348559193224090
2024-02-18,5880.0,5960.0,5820.0,5910.0,5910.0,5880.0,80442772,475446797670,4599,46348559193224090
2024-02-19,5920.0,5980.0,5890.0,5930.0,5920.0,5910.0,134372791,797003921280,7361,46348559193224090
2024-02-28,4460.0,4500.0,4421.0,4466.0,4454.0,4393.0,69702325,311274776162,3862,46348559193224090
2024-03-02,4460.0,4778.0,4450.0,4667.0,4778.0,4466.0,280794749,1310384875267,10217,46348559193224090
2024-03-03,4890.0,4983.0,4811.0,4890.0,4849.0,4667.0,224987668,1100158892268,10818,46348559193224090
2024-03-04,4860.0,4900.0,4774.0,4820.0,4776.0,4890.0,150857921,727076382641,7126,46348559193224090
2024-03-05,4732.0,5039.0,4732.0,4947.0,4903.0,4820.0,180765641,894183344684,7396,46348559193224090
2024-03-06,4950.0,5009.0,4850.0,4895.0,4890.0,4947.0,127890770,626042756975,6493,46348559193224090
2024-03-09,4959.0,4962.0,4819.0,4858.0,4820.0,4895.0,111423540,541245005191,6113,46348559193224090
2024-03-10,4811.0,4899.0,4778.0,4820.0,4800.0,4858.0,182483986,879555043282,6715,46348559193224090
2024-03-11,4800.0,4850.0,4755.0,4790.0,4800.0,4820.0,174553063,836030111581,7108,46348559193224090
2024-03-12,4777.0,4849.0,4750.0,4794.0,4756.0,4790.0,74826050,358730776952,5158,46348559193224090
2024-03-13,4753.0,4810.0,4679.0,4734.0,4689.0,4794.0,96253614,455656272064,5467,46348559193224090
2024-03-16,4750.0,4750.0,4633.0,4683.0,4720.0,4734.0,91663566,429215977284,5175,46348559193224090
2024-03-17,4719.0,4900.0,4719.0,4826.0,4888.0,4683.0,80105704,386562063770,4347,46348559193224090
2024-03-18,4890.0,5039.0,4870.0,4976.0,5035.0,4826.0,183573778,913387725068,8412,46348559193224090
2024-03-24,5100.0,5220.0,5100.0,5168.0,5199.0,4976.0,141665658,732116540730,9020,46348559193224090
2024-03-25,5288.0,5288.0,5109.0,5166.0,5119.0,5168.0,119670589,618173307489,9449,46348559193224090
2024-03-26,5150.0,5150.0,5095.0,5110.0,5138.0,5166.0,78201793,399635600296,5777,46348559193224090
2024-03-27,5139.0,5151.0,5099.0,5110.0,5111.0,5110.0,85790293,438397952560,6114,46348559193224090
2024-03-30,5120.0,5120.0,5060.0,5090.0,5110.0,5110.0,71784993,365440037590,4739,46348559193224090
2024-04-02,5060.0,5130.0,4950.0,5050.0,5090.0,5090.0,156509693,790540057970,7199,46348559193224090
2024-04-03,5050.0,5130.0,5040.0,5080.0,5070.0,5050.0,66251986,336417595660,4811,46348559193224090
2024-04-06,5080.0,5190.0,4980.0,5070.0,5030.0,5080.0,220590452,1118587672520,8864,46348559193224090
2024-04-07,5040.0,5140.0,5030.0,5070.0,5080.0,5070.0,119916819,608031056590,4917,46348559193224090
2024-04-08,5070.0,5130.0,5060.0,5090.0,5090.0,5070.0,109694903,558698658650,5019,46348559193224090
2024-04-09,5090.0,5230.0,5090.0,5160.0,5220.0,5090.0,162454953,837639193230,6120,46348559193224090
2024-04-13,5160.0,5160.0,4960.0,5030.0,4980.0,5160.0,249799475,1255962291820,9784,46348559193224090
2024-04-14,4980.0,4980.0,4980.0,4980.0,4980.0,5030.0,45335842,225772493160,1614,46348559193224090
2024-04-15,4960.0,5020.0,4960.0,5000.0,5020.0,4980.0,88091704,440489462620,2347,46348559193224090
2024-04-16,5020.0,5050.0,4950.0,5020.0,5050.0,5000.0,216367168,1086985724930,6226,46348559193224090
2024-04-17,5070.0,5070.0,5070.0,5070.0,5070.0,5020.0,52609609,266730717630,1158,46348559193224090
2024-04-20,5350.0,5420.0,5250.0,5410.0,5420.0,5070.0,305940802,1655859090710,7878,46348559193224090
2024-04-21,5610.0,5670.0,5450.0,5580.0,5530.0,5410.0,347115433,1936554021470,15208,46348559193224090
2024-04-22,5540.0,5630.0,5470.0,5550.0,5490.0,5580.0,207769889,1152280583050,9772,46348559193224090
2024-04-23,5510.0,5550.0,5370.0,5430.0,5450.0,5550.0,145152634,787485384200,8224,46348559193224090
2024-04-24,5440.0,5490.0,5330.0,5410.0,5450.0,5430.0,146650782,793777016330,6936,46348559193224090
2024-04-27,5450.0,5490.0,5360.0,5410.0,5400.0,5410.0,114478780,619337851850,5510,46348559193224090
2024-04-28,5370.0,5450.0,5270.0,5330.0,5310.0,5410.0,128506701,684554751930,6843,46348559193224090
2024-04-29,5340.0,5350.0,5230.0,5270.0,5240.0,5330.0,105735482,557669665370,6119,46348559193224090
2024-04-30,5250.0,5270.0,5170.0,5210.0,5190.0,5270.0,115886933,603473603250,5503,46348559193224090
2024-05-01,5210.0,5230.0,5150.0,5190.0,5210.0,5210.0,70192844,364071286170,4566,46348559193224090
2024-05-05,5210.0,5220.0,5150.0,5170.0,5150.0,5190.0,61442257,317942866860,4357,46348559193224090
2024-05-06,5130.0,5130.0,5060.0,5090.0,5080.0,5170.0,87871170,447413489830,5280,46348559193224090
2024-05-07,5090.0,5130.0,5070.0,5090.0,5100.0,5090.0,61780593,314458405140,3832,46348559193224090
2024-05-08,5100.0,5110.0,5010.0,5050.0,5050.0,5090.0,71733163,362367617590,4850,46348559193224090
2024-05-11,5060.0,5080.0,4990.0,5010.0,5010.0,5050.0,105190601,527346192760,5300,46348559193224090
2024-05-12,5000.0,5110.0,4950.0,5010.0,4980.0,5010.0,114511404,573423039170,7046,46348559193224090
2024-05-13,4950.0,4990.0,4910.0,4940.0,4970.0,5010.0,161323152,796864854000,7197,46348559193224090
2024-05-14,4940.0,5110.0,4940.0,5010.0,4980.0,4940.0,111614869,559701296780,5004,46348559193224090
2024-05-15,5010.0,5100.0,4910.0,5010.0,5070.0,5010.0,106080462,531930776860,4725,46348559193224090
2024-05-18,5080.0,5110.0,4980.0,5020.0,4980.0,5010.0,95827819,481171789860,4798,46348559193224090
2024-05-19,4980.0,4980.0,4760.0,4840.0,4830.0,5020.0,261324436,1264448082360,10184,46348559193224090
2024-05-21,4840.0,4930.0,4810.0,4890.0,4920.0,4840.0,97794909,477990184410,4548,46348559193224090
2024-05-25,4900.0,4900.0,4793.0,4802.0,4796.0,4890.0,125824414,604180197415,7119,46348559193224090
2024-05-26,4794.0,4800.0,4706.0,4713.0,4706.0,4802.0,160502143,756405348427,5954,46348559193224090
2024-05-27,4687.0,4700.0,4619.0,4633.0,4698.0,4713.0,188228947,871981848575,6803,46348559193224090
2024-05-28,4723.0,4725.0,4698.0,4724.0,4725.0,4633.0,36172895,170886365043,1278,46348559193224090
2024-05-29,4818.0,4818.0,4818.0,4803.0,4818.0,4724.0,20617493,99335081274,706,46348559193224090
2024-06-01,4899.0,4899.0,4850.0,4894.0,4899.0,4803.0,147554564,722200916882,5565,46348559193224090
2024-06-02,4955.0,4955.0,4846.0,4889.0,4900.0,4894.0,63522526,310591044662,3405,46348559193224090
2024-06-05,4887.0,4940.0,4844.0,4874.0,4889.0,4889.0,63531980,309669020719,3205,46348559193224090
2024-06-08,4889.0,4890.0,4777.0,4779.0,4777.0,4874.0,80125306,382950141459,3295,46348559193224090
2024-06-09,4763.0,4874.0,4741.0,4824.0,4872.0,4779.0,85180576,410940861464,4350,46348559193224090
2024-06-10,4920.0,4920.0,4862.0,4919.0,4920.0,4824.0,90678531,446009397576,3088,46348559193224090
2024-06-11,4921.0,4985.0,4870.0,4906.0,4920.0,4919.0,81983014,402213337484,3388,46348559193224090
2024-06-12,4925.0,4980.0,4832.0,4878.0,4907.0,4906.0,103122327,503007695975,5049,46348559193224090
2024-06-15,4898.0,4898.0,4781.0,4796.0,4781.0,4878.0,71583842,343297864709,3938,46348559193224090
2024-06-16,4724.0,4740.0,4701.0,4702.0,4701.0,4796.0,141285927,664325523028,4127,46348559193224090
2024-06-18,4702.0,4702.0,4608.0,4623.0,4611.0,4702.0,109536357,506429794982,5307,46348559193224090
2024-06-19,4600.0,4715.0,4600.0,4698.0,4714.0,4623.0,86552563,406615862522,3618,46348559193224090
2024-06-22,4788.0,4788.0,4689.0,4712.0,4715.0,4698.0,76046689,358297938879,3713,46348559193224090
2024-06-23,4750.0,4755.0,4712.0,4724.0,4717.0,4712.0,52474243,247890644290,2785,46348559193224090
2024-06-24,4760.0,4818.0,4738.0,4781.0,4818.0,4724.0,112051212,535694559028,4428,46348559193224090
2024-06-26,4876.0,4876.0,4850.0,4875.0,4876.0,4781.0,98586455,480639579232,2578,46348559193224090
2024-06-29,4940.0,4940.0,4823.0,4876.0,4833.0,4875.0,93372361,455316244691,4712,46348559193224090
2024-06-30,4864.0,4920.0,4750.0,4820.0,4833.0,4876.0,168110820,810246055623,5040,46348559193224090
2024-07-01,4850.0,4890.0,4800.0,4831.0,4845.0,4820.0,71069254,343358310915,2967,46348559193224090
2024-07-02,4820.0,4919.0,4820.0,4894.0,4901.0,4831.0,94028165,460138722361,3299,46348559193224090
2024-07-03,4913.0,5060.0,4900.0,4981.0,5040.0,4894.0,154247179,768245149969,6158,46348559193224090
2024-07-06,5279.0,5279.0,5279.0,5279.0,5279.0,4981.0,133074866,702502217614,1816,46348559193224090
2024-07-07,5529.0,5529.0,5281.0,5351.0,5296.0,5279.0,342928008,1835103237202,9493,46348559193224090
2024-07-08,5338.0,5400.0,5236.0,5305.0,5355.0,5351.0,235859639,1251246968558,7761,46348559193224090
2024-07-09,5340.0,5360.0,5258.0,5285.0,5264.0,5305.0,112303564,593553336790,3866,46348559193224090
2024-07-10,5264.0,5300.0,5198.0,5245.0,5299.0,5285.0,179660233,942389073284,6349,46348559193224090
2024-07-13,5280.0,5280.0,5190.0,5220.0,5190.0,5245.0,148804815,777335152960,4484,46348559193224090
2024-07-14,5260.0,5260.0,5160.0,5200.0,5190.0,5220.0,145796778,757708602780,5240,46348559193224090
2024-07-22,4767.0,4828.0,4670.0,4738.0,4774.0,4800.0,143171023,678344836591,5613,46348559193224090
2024-07-23,4775.0,4810.0,4666.0,4711.0,4670.0,4738.0,134981576,635928867496,6836,46348559193224090
2024-07-24,4706.0,4736.0,4643.0,4680.0,4661.0,4711.0,172523541,807393132925,7774,46348559193224090
2024-07-27,4658.0,4679.0,4536.0,4589.0,4572.0,4680.0,91193323,418499908645,6502,46348559193224090
2024-07-29,4593.0,4593.0,4467.0,4511.0,4476.0,4589.0,177022978,798551904153,6710,46348559193224090
2024-07-30,4510.0,4530.0,4454.0,4479.0,4480.0,4511.0,138228953,619193415443,5613,46348559193224090
2024-07-31,4277.0,4450.0,4261.0,4321.0,4380.0,4479.0,216601625,935952777893,7167,46348559193224090
2024-08-03,4275.0,4318.0,4104.0,4175.0,4104.0,4321.0,235772723,984283327968,7872,46348559193224090
2024-08-04,4134.0,4200.0,4134.0,4164.0,4190.0,4175.0,77910790,324392277245,3728,46348559193224090
2024-08-05,4179.0,4200.0,4154.0,4175.0,4154.0,4164.0,141494820,590798859994,3582,46348559193224090
2024-08-06,4170.0,4195.0,4153.0,4169.0,4176.0,4175.0,120207555,501121402802,3991,46348559193224090
2024-08-10,4171.0,4200.0,4149.0,4167.0,4151.0,4169.0,57100806,237945571749,2937,46348559193224090
2024-08-11,4183.0,4199.0,4154.0,4165.0,4188.0,4167.0,76157804,317164457911,2778,46348559193224090
2024-08-12,4175.0,4175.0,4124.0,4142.0,4125.0,4165.0,153179931,634456882416,5184,46348559193224090
2024-08-13,4101.0,4142.0,4101.0,4106.0,4102.0,4142.0,157604551,647105686265,3747,46348559193224090
2024-08-14,4147.0,4147.0,4147.0,4147.0,4147.0,4106.0,75055280,311254246160,1466,46348559193224090
2024-08-17,4229.0,4229.0,4229.0,4229.0,4229.0,4147.0,90397997,382293129313,1259,46348559193224090
2024-08-18,4313.0,4313.0,4313.0,4313.0,4313.0,4229.0,93710901,404175116013,1257,46348559193224090
2024-08-19,4399.0,4399.0,4289.0,4360.0,4300.0,4313.0,226562176,987717256069,5477,46348559193224090
2024-08-20,4365.0,4390.0,4285.0,4333.0,4325.0,4360.0,69819162,302535009048,2389,46348559193224090
2024-08-21,4359.0,4417.0,4315.0,4346.0,4347.0,4333.0,124274324,540089366988,3625,46348559193224090
2024-08-24,4394.0,4432.0,4390.0,4415.0,4432.0,4346.0,104951259,463359298138,3463,46348559193224090
2024-08-26,4490.0,4500.0,4418.0,4446.0,4419.0,4415.0,145344773,646165928487,5295,46348559193224090
2024-08-27,4430.0,4520.0,4410.0,4456.0,4440.0,4446.0,96985528,432185406719,3960,46348559193224090
2024-08-28,4526.0,4526.0,4445.0,4471.0,4474.0,4456.0,89548041,400363256352,3937,46348559193224090
2024-08-31,4525.0,4560.0,4511.0,4555.0,4560.0,4471.0,282592096,1287282708007,4002,46348559193224090
2024-09-01,4622.0,4625.0,4512.0,4566.0,4542.0,4555.0,161547591,737602957839,6639,46348559193224090
2024-09-03,4593.0,4593.0,4475.0,4493.0,4475.0,4566.0,123127204,553181289200,5222,46348559193224090
2024-09-07,4464.0,4540.0,4359.0,4386.0,4359.0,4493.0,193315269,847914735858,6439,46348559193224090
2024-09-08,4380.0,4389.0,4255.0,4301.0,4320.0,4386.0,218225663,938593805323,7740,46348559193224090
2024-09-09,4340.0,4399.0,4295.0,4333.0,4299.0,4301.0,124215646,538196098304,4895,46348559193224090
2024-09-10,4339.0,4350.0,4252.0,4282.0,4255.0,4333.0,166555374,713203782816,5510,46348559193224090
2024-09-11,4290.0,4293.0,4205.0,4242.0,4209.0,4282.0,144843351,614373813989,6697,46348559193224090
2024-09-14,4239.0,4250.0,4144.0,4179.0,4145.0,4242.0,161737152,675855020135,7078,46348559193224090
2024-09-15,4155.0,4179.0,4104.0,4136.0,4140.0,4179.0,146800569,607117948299,5573,46348559193224090
2024-09-16,4140.0,4170.0,4108.0,4133.0,4136.0,4136.0,196144834,810690520990,6242,46348559193224090
2024-09-17,4133.0,4227.0,4126.0,4172.0,4221.0,4133.0,259353622,1081895982060,7310,46348559193224090
2024-09-18,4196.0,4238.0,4156.0,4177.0,4204.0,4172.0,236510473,987823628483,8062,46348559193224090
2024-09-22,4214.0,4214.0,4160.0,4176.0,4161.0,4177.0,133591017,557830517628,4491,46348559193224090
2024-09-23,4165.0,4280.0,4155.0,4215.0,4248.0,4176.0,248234773,1046205936007,6400,46348559193224090
2024-09-24,4279.0,4341.0,4240.0,4332.0,4341.0,4215.0,544049813,2356580479222,10332,46348559193224090
2024-09-25,4369.0,4394.0,4271.0,4312.0,4271.0,4332.0,265796396,1146148445381,7047,46348559193224090
2024-09-28,4269.0,4269.0,4269.0,4269.0,4269.0,4312.0,49766299,212452330431,1699,46348559193224090
2024-09-29,4227.0,4244.0,4227.0,4227.0,4227.0,4269.0,330772454,1398204953412,6061,46348559193224090
2024-09-30,4192.0,4246.0,4185.0,4193.0,4185.0,4227.0,193504237,811354000208,6476,46348559193224090
2024-10-01,4161.0,4162.0,4152.0,4154.0,4152.0,4193.0,116152307,482503699857,2984,46348559193224090
2024-10-02,4113.0,4123.0,4113.0,4113.0,4113.0,4154.0,201080066,827044924799,4981,46348559193224090
2024-10-05,4072.0,4090.0,4072.0,4072.0,4072.0,4113.0,258973062,1054628712858,6267,46348559193224090
2024-10-06,4044.0,4045.0,4032.0,4035.0,4032.0,4072.0,60681888,244870441615,2501,46348559193224090
2024-10-07,3995.0,4070.0,3995.0,4019.0,4042.0,4035.0,276540748,1111427402081,7761,46348559193224090
2024-10-08,4053.0,4059.0,4048.0,4059.0,4058.0,4019.0,167321519,679076256675,4571,46348559193224090
2024-10-12,4145.0,4180.0,4100.0,4170.0,4180.0,4059.0,163448790,681502975384,3525,46348559193224090
2024-10-13,4268.0,4279.0,4132.0,4197.0,4217.0,4170.0,210944204,885238459713,8733,46348559193224090
2024-10-14,4190.0,4217.0,4072.0,4115.0,4072.0,4197.0,163994110,674778363554,6262,46348559193224090
2024-10-15,4021.0,4111.0,3995.0,4029.0,4011.0,4115.0,143640256,578713164434,5836,46348559193224090
2024-10-16,4075.0,4100.0,4034.0,4062.0,4045.0,4029.0,86993787,353400462078,3521,46348559193224090
2024-10-19,4046.0,4087.0,3941.0,3951.0,3941.0,4062.0,152650185,603194043139,6803,46348559193224090
2024-10-20,3911.0,3911.0,3833.0,3838.0,3855.0,3951.0,234217009,898873297310,6835,46348559193224090
2024-10-21,3801.0,3900.0,3790.0,3849.0,3840.0,3838.0,143653320,552889992744,4952,46348559193224090
2024-10-22,3880.0,3953.0,3821.0,3856.0,3849.0,3849.0,168350739,649106338004,4692,46348559193224090
2024-10-23,3790.0,3849.0,3771.0,3791.0,3800.0,3856.0,134750554,510886916128,5094,46348559193224090
2024-10-26,3904.0,3904.0,3904.0,3891.0,3904.0,3791.0,28041699,109474792896,685,46348559193224090
2024-10-27,4007.0,4007.0,4007.0,4007.0,4007.0,3891.0,107441980,430520013860,976,46348559193224090
2024-10-28,4127.0,4127.0,4127.0,4127.0,4127.0,4007.0,114909885,474233095395,1644,46348559193224090
2024-10-29,4127.0,4172.0,4029.0,4125.0,4045.0,4127.0,430816001,1777297376155,9865,46348559193224090
2024-10-30,4100.0,4248.0,4055.0,4199.0,4248.0,4125.0,310944379,1305748794736,8123,46348559193224090
2024-11-02,4225.0,4324.0,4201.0,4292.0,4230.0,4199.0,289025822,1240418176572,6567,46348559193224090
2024-11-03,4200.0,4200.0,4164.0,4166.0,4164.0,4292.0,212142328,883831267936,7711,46348559193224090
2024-11-04,4114.0,4195.0,4086.0,4144.0,4170.0,4166.0,102547957,424933408509,3868,46348559193224090
2024-11-05,4195.0,4260.0,4152.0,4204.0,4220.0,4144.0,75549465,317619025131,2961,46348559193224090
2024-11-06,4173.0,4275.0,4104.0,4178.0,4224.0,4204.0,184882653,772436478828,5385,46348559193224090
2024-11-09,4220.0,4303.0,4220.0,4300.0,4303.0,4178.0,153332821,659303749349,2262,46348559193224090
2024-11-11,4525.0,4528.0,4427.0,4476.0,4449.0,4300.0,540351588,2418492237969,12560,46348559193224090
2024-11-12,4481.0,4529.0,4423.0,4471.0,4446.0,4476.0,282506106,1263177164076,8087,46348559193224090
2024-11-13,4456.0,4542.0,4424.0,4507.0,4541.0,4471.0,206241045,929587030135,6637,46348559193224090
2024-11-16,4599.0,4642.0,4596.0,4639.0,4642.0,4507.0,154385692,716207172210,2899,46348559193224090
2024-11-17,4770.0,4774.0,4596.0,4681.0,4629.0,4639.0,337643393,1580531254027,10050,46348559193224090
2024-11-18,4675.0,4821.0,4646.0,4799.0,4821.0,4681.0,464719408,2230157203194,10056,46348559193224090
2024-11-19,4870.0,4888.0,4669.0,4759.0,4679.0,4799.0,274540205,1306672296804,9928,46348559193224090
2024-11-20,4713.0,4750.0,4630.0,4674.0,4669.0,4759.0,251427364,1175101961308,8159,46348559193224090
2024-11-23,4648.0,4750.0,4621.0,4704.0,4716.0,4674.0,162874404,766153051981,6731,46348559193224090
2024-11-24,4749.0,4845.0,4720.0,4831.0,4845.0,4704.0,288283205,1392567765371,6058,46348559193224090
2024-11-25,4940.0,4975.0,4881.0,4969.0,4975.0,4831.0,211755059,1052253303962,4239,46348559193224090
2024-11-26,5118.0,5118.0,4905.0,5052.0,4926.0,4969.0,728121631,3678415761052,15502,46348559193224090
2024-11-27,5025.0,5127.0,4960.0,5056.0,5119.0,5052.0,334904157,1693284883743,9851,46348559193224090
2024-11-30,5080.0,5200.0,4910.0,5000.0,4940.0,5056.0,366711772,1835262630720,10628,46348559193224090
2024-12-01,4970.0,5030.0,4880.0,4920.0,4900.0,5000.0,245884422,1209067983490,5581,46348559193224090
2024-12-02,5060.0,5060.0,5020.0,5060.0,5060.0,4920.0,176818973,894452694940,3200,46348559193224090
2024-12-03,5210.0,5210.0,5080.0,5180.0,5140.0,5060.0,502169638,2601606953280,10661,46348559193224090
2024-12-04,5160.0,5240.0,5110.0,5180.0,5150.0,5180.0,295065814,1527690010020,8491,46348559193224090
2024-12-07,5150.0,5170.0,5030.0,5040.0,5040.0,5180.0,460636872,2323128535770,9153,46348559193224090
2024-12-08,5000.0,5060.0,4900.0,4960.0,5040.0,5040.0,275695761,1367565687140,7441,46348559193224090
2024-12-09,5050.0,5100.0,5010.0,5100.0,5100.0,4960.0,246791361,1257888974110,4008,46348559193224090
2024-12-10,5250.0,5250.0,5090.0,5170.0,5110.0,5100.0,300049729,1552258068410,8695,46348559193224090
2024-12-11,5170.0,5320.0,5100.0,5250.0,5320.0,5170.0,487774081,2559374636970,9969,46348559193224090
2024-12-14,5400.0,5400.0,5400.0,5400.0,5400.0,5250.0,81875874,442129719600,1968,46348559193224090
2024-12-15,5560.0,5560.0,5560.0,5560.0,5560.0,5400.0,300210105,1669168183800,3354,46348559193224090
2024-12-16,5720.0,5720.0,5640.0,5710.0,5710.0,5560.0,1137332540,6499460751180,17917,46348559193224090
2024-12-17,5710.0,5870.0,5540.0,5650.0,5550.0,5710.0,829363375,4686074518510,18884,46348559193224090
2024-12-18,5590.0,5810.0,5490.0,5720.0,5790.0,5650.0,673823446,3856071921540,16422,46348559193224090
2024-12-21,5890.0,5890.0,5820.0,5890.0,5890.0,5720.0,237235861,1397273445910,5525,46348559193224090
2024-12-22,6050.0,6060.0,5860.0,6000.0,5950.0,5890.0,498989988,2992260487020,16841,46348559193224090
2024-12-23,5950.0,6180.0,5900.0,6100.0,6180.0,6000.0,345580700,2107712502510,12073,46348559193224090
2024-12-24,6280.0,6280.0,6140.0,6260.0,6280.0,6100.0,396486641,2480277977640,13701,46348559193224090
2024-12-25,6350.0,6360.0,6080.0,6120.0,6090.0,6260.0,469959809,2877266873440,20244,46348559193224090
2024-12-28,6090.0,6100.0,5940.0,5960.0,5940.0,6120.0,340480735,2029780951990,11704,46348559193224090
2024-12-29,5830.0,5950.0,5790.0,5800.0,5790.0,5960.0,546547092,3170454417570,14201,46348559193224090
2024-12-30,5710.0,5760.0,5630.0,5650.0,5630.0,5800.0,389949856,2205111376200,14047,46348559193224090
2024-12-31,5680.0,5810.0,5650.0,5780.0,5790.0,5650.0,299910843,1732170602180,11033,46348559193224090
2025-01-01,5870.0,5920.0,5780.0,5850.0,5900.0,5780.0,182687907,1069343055640,9984,46348559193224090
2025-01-04,6020.0,6020.0,6020.0,6020.0,6020.0,5850.0,207642993,1250010817860,3907,46348559193224090
2025-01-05,6130.0,6180.0,5950.0,6050.0,5990.0,6020.0,382460143,2314086580310,14441,46348559193224090
2025-01-06,6010.0,6060.0,5950.0,5990.0,5980.0,6050.0,233682750,1399155415880,8785,46348559193224090
2025-01-07,6010.0,6160.0,6010.0,6100.0,6150.0,5990.0,319395217,1947840975790,11014,46348559193224090
2025-01-08,6160.0,6190.0,6020.0,6090.0,6070.0,6100.0,216741850,1319717126040,10326,46348559193224090
2025-01-11,6070.0,6120.0,5910.0,5940.0,5910.0,6090.0,359801372,2135673088040,14067,46348559193224090
2025-01-12,5910.0,5910.0,5770.0,5790.0,5770.0,5940.0,338538547,1961555465720,12248,46348559193224090
2025-01-13,5750.0,5960.0,5750.0,5860.0,5850.0,5790.0,274647887,1608829958210,10415,46348559193224090
2025-01-15,5900.0,5980.0,5750.0,5830.0,5790.0,5860.0,177394846,1034211539250,8218,46348559193224090
2025-01-18,5800.0,5830.0,5660.0,5690.0,5670.0,5830.0,250028468,1421637670700,9125,46348559193224090
2025-01-19,5670.0,5770.0,5610.0,5670.0,5690.0,5690.0,137314779,778586674340,6550,46348559193224090
2025-01-20,5630.0,5650.0,5500.0,5520.0,5500.0,5670.0,399145970,2205206368180,10367,46348559193224090
2025-01-21,5530.0,5650.0,5430.0,5530.0,5610.0,5520.0,189657707,1049246500100,7862,46348559193224090
2025-01-22,5690.0,5690.0,5690.0,5690.0,5690.0,5530.0,168292860,957586373400,3576,46348559193224090
2025-01-25,5860.0,5860.0,5780.0,5850.0,5860.0,5690.0,622506316,3643852416080,17093,46348559193224090
2025-01-26,5910.0,5920.0,5690.0,5770.0,5720.0,5850.0,338184233,1950400472720,10921,46348559193224090
2025-01-27,5750.0,5760.0,5630.0,5660.0,5640.0,5770.0,227957397,1291131158690,8733,46348559193224090
2025-01-29,5660.0,5720.0,5590.0,5630.0,5620.0,5660.0,107427281,605035098620,5771,46348559193224090
2025-02-01,5690.0,5690.0,5470.0,5540.0,5590.0,5630.0,249544346,1381732267530,9513,46348559193224090
2025-02-02,5590.0,5650.0,5500.0,5550.0,5550.0,5540.0,201544001,1119216051800,7061,46348559193224090
2025-02-03,5600.0,5670.0,5520.0,5560.0,5570.0,5550.0,174287088,968699035490,6023,46348559193224090
2025-02-04,5600.0,5650.0,5560.0,5600.0,5580.0,5560.0,154238307,863340434060,6218,46348559193224090
2025-02-05,5580.0,5700.0,5490.0,5600.0,5670.0,5600.0,279099354,1563250350240,8670,46348559193224090
2025-02-09,5560.0,5760.0,5560.0,5710.0,5640.0,5600.0,521750179,2980855567750,15667,46348559193224090
2025-02-11,5680.0,5810.0,5540.0,5610.0,5540.0,5710.0,444920016,2495513189350,13501,46348559193224090
2025-02-15,5550.0,5550.0,5450.0,5460.0,5450.0,5610.0,267672236,1461007036080,6418,46348559193224090
2025-02-16,5380.0,5410.0,5300.0,5320.0,5390.0,5460.0,357058647,1899905668950,12684,46348559193224090
2025-02-17,5400.0,5460.0,5330.0,5400.0,5360.0,5320.0,146176556,789926444300,6655,46348559193224090
2025-02-18,5390.0,5500.0,5360.0,5420.0,5400.0,5400.0,118322454,640876726090,6176,46348559193224090
2025-02-19,5440.0,5480.0,5370.0,5410.0,5430.0,5420.0,163059347,882695249930,5708,46348559193224090
2025-02-22,5480.0,5480.0,5310.0,5360.0,5310.0,5410.0,249200179,1335379309640,8098,46348559193224090
2025-02-23,5470.0,5520.0,5380.0,5480.0,5520.0,5360.0,255458459,1401028288690,8495,46348559193224090
2025-02-24,5570.0,5640.0,5560.0,5640.0,5640.0,5480.0,316409369,1783741186780,5825,46348559193224090
2025-02-25,5800.0,5800.0,5670.0,5780.0,5710.0,5640.0,553712902,3198357581850,14063,46348559193224090
2025-02-26,5770.0,5870.0,5660.0,5760.0,5740.0,5780.0,274452321,1581299872460,9840,46348559193224090
2025-03-01,5740.0,5890.0,5710.0,5790.0,5710.0,5760.0,202739707,1172883256720,8086,46348559193224090
2025-03-02,5780.0,5880.0,5740.0,5820.0,5810.0,5790.0,221316885,1288587756850,8635,46348559193224090
2025-03-03,5650.0,5650.0,5650.0,5650.0,5650.0,5820.0,247134703,1396311071950,4609,46348559193224090
2025-03-04,5570.0,5690.0,5500.0,5570.0,5510.0,5650.0,398476783,2220136804400,13107,46348559193224090
2025-03-05,5460.0,5600.0,5410.0,5530.0,5560.0,5570.0,281756060,1557581806610,10082,46348559193224090
2025-03-12,3982.0,3982.0,3875.0,3922.0,3880.0,3982.0,239818558,940512933940,5849,46348559193224090
2025-03-15,3970.0,4039.0,3960.0,4037.0,4039.0,3922.0,636287455,2568900505259,12360,46348559193224090
2025-03-16,4080.0,4080.0,3985.0,4025.0,4015.0,4037.0,322477158,1297882423939,10655,46348559193224090
2025-03-17,4015.0,4060.0,3931.0,3973.0,3934.0,4025.0,251768905,1000239970239,9365,46348559193224090
2025-03-18,3854.0,3950.0,3854.0,3866.0,3950.0,3973.0,553385492,2139247730368,12628,46348559193224090
2025-03-29,3981.0,3981.0,3981.0,3981.0,3981.0,3866.0,93506575,372249675075,1617,46348559193224090
2025-03-30,4010.0,4100.0,3995.0,4086.0,4100.0,3981.0,218633472,893437486133,5299,46348559193224090
2025-04-05,4100.0,4145.0,3997.0,4035.0,4006.0,4086.0,299347780,1207884220402,11243,46348559193224090
2025-04-06,4024.0,4024.0,3914.0,3952.0,3942.0,4035.0,298463781,1179602447310,9393,46348559193224090
2025-04-07,3943.0,3943.0,3835.0,3878.0,3920.0,3952.0,296110035,1148335863803,8808,46348559193224090
2025-04-08,3994.0,3994.0,3994.0,3994.0,3994.0,3878.0,200844649,802173528106,1983,46348559193224090
2025-04-09,4110.0,4110.0,3983.0,4048.0,4010.0,3994.0,375992788,1521873428004,8318,46348559193224090
2025-04-12,4070.0,4080.0,4018.0,4048.0,4040.0,4048.0,284291026,1150787248025,8342,46348559193224090
2025-04-13,4169.0,4169.0,4169.0,4169.0,4169.0,4048.0,436808306,1821053827714,4864,46348559193224090
2025-04-14,4294.0,4294.0,4200.0,4272.0,4259.0,4169.0,933921715,3989498745366,20726,46348559193224090
2025-04-15,4246.0,4246.0,4144.0,4152.0,4144.0,4272.0,717006083,2977239770021,13913,46348559193224090
2025-04-16,4138.0,4198.0,4093.0,4131.0,4112.0,4152.0,429406051,1773892327972,12310,46348559193224090
2025-04-19,4170.0,4253.0,4150.0,4225.0,4240.0,4131.0,663964759,2805083820785,16102,46348559193224090
2025-04-20,4351.0,4351.0,4351.0,4351.0,4351.0,4225.0,1385511893,6028362246443,13661,46348559193224090
2025-04-21,4479.0,4481.0,4280.0,4438.0,4320.0,4351.0,2509813619,11138041580712,52958,46348559193224090
2025-04-22,4340.0,4360.0,4305.0,4310.0,4305.0,4438.0,1133517816,4885073044542,26178,46348559193224090
2025-04-23,4330.0,4439.0,4200.0,4389.0,4439.0,4310.0,2141175113,9397860283503,36567,46348559193224090
2025-04-26,4520.0,4520.0,4300.0,4435.0,4413.0,4389.0,1229973497,5455517828619,27072,46348559193224090
2025-04-27,4302.0,4330.0,4302.0,4303.0,4302.0,4435.0,829568733,3570018125531,18190,46348559193224090
2025-04-28,4289.0,4391.0,4174.0,4205.0,4208.0,4303.0,1200910375,5049521874592,28551,46348559193224090
2025-04-29,4227.0,4324.0,4175.0,4254.0,4270.0,4205.0,571367300,2430352934280,14925,46348559193224090
2025-04-30,4250.0,4313.0,4224.0,4271.0,4277.0,4254.0,559218234,2388555317182,16006,46348559193224090
2025-05-03,4143.0,4144.0,4143.0,4143.0,4143.0,4271.0,504357359,2089554113099,9256,46348559193224090
2025-05-04,4019.0,4098.0,4019.0,4034.0,4034.0,4143.0,610745794,2463887457014,20474,46348559193224090
2025-05-05,4050.0,4118.0,3959.0,4019.0,3981.0,4034.0,456434400,1834531170688,16551,46348559193224090
2025-05-06,4035.0,4085.0,3930.0,3989.0,4018.0,4019.0,571569344,2279819063508,17138,46348559193224090
2025-05-07,4098.0,4108.0,4027.0,4081.0,4059.0,3989.0,755752116,3083940271614,17264,46348559193224090
2025-05-10,3965.0,4035.0,3959.0,3960.0,3959.0,4081.0,460638534,1824184437410,12311,46348559193224090
2025-05-11,3900.0,3969.0,3867.0,3905.0,3889.0,3960.0,399515837,1560245505065,14154,46348559193224090
2025-05-12,4022.0,4022.0,4018.0,4022.0,4022.0,3905.0,1282682469,5158929784181,13886,46348559193224090
2025-05-13,4070.0,4133.0,3964.0,4055.0,4063.0,4022.0,637495318,2585128337973,16508,46348559193224090
2025-05-14,4055.0,4093.0,3984.0,4045.0,4070.0,4055.0,624907638,2527950164584,15681,46348559193224090
2025-05-17,4000.0,4030.0,3924.0,3949.0,3933.0,4045.0,982120475,3878288173846,25888,46348559193224090
2025-05-18,3949.0,4000.0,3933.0,3964.0,3970.0,3949.0,492666837,1953170861052,14293,46348559193224090
2025-05-19,3962.0,3980.0,3873.0,3906.0,3880.0,3964.0,377752537,1475541956752,15171,46348559193224090
2025-05-20,3873.0,3910.0,3789.0,3819.0,3789.0,3906.0,706489656,2698399382999,22458,46348559193224090
2025-05-21,3708.0,3779.0,3708.0,3733.0,3769.0,3819.0,489686303,1828185860440,15817,46348559193224090
2025-05-24,3770.0,3844.0,3685.0,3826.0,3844.0,3733.0,898279970,3437109934719,13518,46348559193224090
2025-05-25,3844.0,3892.0,3798.0,3838.0,3810.0,3826.0,602017691,2310659698921,16728,46348559193224090
2025-05-26,3930.0,3943.0,3831.0,3878.0,3904.0,3838.0,553223232,2145322590013,12926,46348559193224090
2025-05-27,3919.0,3939.0,3847.0,3874.0,3849.0,3878.0,429619055,1664384709035,13625,46348559193224090
2025-05-28,3870.0,3873.0,3812.0,3833.0,3830.0,3874.0,355861133,1363847368342,11390,46348559193224090
2025-05-31,3900.0,3902.0,3786.0,3839.0,3793.0,3833.0,376636414,1445841088087,12036,46348559193224090
2025-06-01,3829.0,3829.0,3728.0,3758.0,3764.0,3839.0,379638187,1426647063265,12537,46348559193224090
2025-06-02,3759.0,3815.0,3728.0,3752.0,3730.0,3758.0,285253540,1070277549343,11696,46348559193224090
2025-06-03,3739.0,3750.0,3641.0,3671.0,3643.0,3752.0,442898219,1625725433044,16624,46348559193224090
2025-06-07,3623.0,3656.0,3561.0,3572.0,3561.0,3671.0,547285520,1955138599101,13087,46348559193224090
2025-06-08,3540.0,3654.0,3533.0,3576.0,3560.0,3572.0,326248760,1166551449390,11716,46348559193224090
2025-06-09,3575.0,3610.0,3469.0,3481.0,3471.0,3576.0,640103196,2228042526116,17285,46348559193224090
2025-06-10,3480.0,3540.0,3450.0,3484.0,3514.0,3481.0,299150378,1042154635690,9805,46348559193224090
2025-06-11,3530.0,3538.0,3483.0,3498.0,3500.0,3484.0,223819973,782987358378,7826,46348559193224090
2025-06-28,3394.0,3394.0,3394.0,3394.0,3394.0,3498.0,51891266,176118956804,774,46348559193224090
2025-06-29,3293.0,3293.0,3293.0,3293.0,3293.0,3394.0,55343968,182247686624,1156,46348559193224090
2025-06-30,3195.0,3195.0,3195.0,3195.0,3195.0,3293.0,1374004811,4389945371145,9549,46348559193224090
2025-07-01,3100.0,3100.0,3100.0,3100.0,3100.0,3195.0,1775304991,5503445472100,15736,46348559193224090
2025-07-02,3007.0,3164.0,3007.0,3070.0,3133.0,3100.0,902488855,2770870206978,17386,46348559193224090
2025-07-07,3162.0,3162.0,3059.0,3126.0,3070.0,3070.0,551505681,1724057889809,12305,46348559193224090
2025-07-08,3099.0,3099.0,3033.0,3035.0,3033.0,3126.0,328355325,996665279392,5071,46348559193224090
2025-07-09,2958.0,3048.0,2948.0,2997.0,3030.0,3035.0,488692789,1464792205107,9650,46348559193224090
2025-07-12,3086.0,3086.0,3047.0,3081.0,3086.0,2997.0,430154343,1325277087007,7749,46348559193224090
2025-07-15,3151.0,3173.0,3133.0,3145.0,3137.0,3081.0,302744835,952054559446,5064,46348559193224090
2025-07-16,3161.0,3197.0,3158.0,3167.0,3165.0,3145.0,329128355,1042398374830,6655,46348559193224090
2025-07-19,3192.0,3192.0,3168.0,3173.0,3170.0,3167.0,432007684,1370745680723,6674,46348559193224090
2025-07-20,3204.0,3237.0,3189.0,3206.0,3202.0,3173.0,967631733,3102293331638,10625,46348559193224090
2025-07-21,3229.0,3230.0,3192.0,3203.0,3197.0,3206.0,505986911,1620645105765,9010,46348559193224090
2025-07-22,3176.0,3205.0,3132.0,3153.0,3133.0,3203.0,2352029765,7416784182766,27029,46348559193224090
2025-07-23,3153.0,3169.0,3128.0,3143.0,3139.0,3153.0,2008068299,6311171161878,17325,46348559193224090
2025-07-26,3143.0,3144.0,3113.0,3129.0,3114.0,3143.0,1128627528,3531837076902,11349,46348559193224090
2025-07-27,3113.0,3160.0,3083.0,3109.0,3091.0,3129.0,1220679235,3795489150325,13156,46348559193224090
2025-07-28,3106.0,3106.0,3016.0,3047.0,3016.0,3109.0,772717044,2354106029314,9392,46348559193224090
2025-07-29,0.0,2969.0,2956.0,2956.0,2956.0,3047.0,103977646,307359980880,2841,46348559193224090
2025-07-30,2868.0,2883.0,2868.0,2868.0,2868.0,2956.0,608833714,1746212385046,9187,46348559193224090
2025-08-02,2870.0,2899.0,2840.0,2860.0,2899.0,2868.0,856391638,2448939908203,11827,46348559193224090
2025-08-06,2435.0,2436.0,2424.0,2430.0,2425.0,2580.0,315771032,767179854617,5469,46348559193224090
2025-08-09,2450.0,2479.0,2390.0,2420.0,2396.0,2430.0,462592592,1119417936936,10637,46348559193224090
2025-08-10,2420.0,2424.0,2359.0,2386.0,2382.0,2420.0,581203228,1386545751615,8075,46348559193224090
2025-08-11,2380.0,2386.0,2315.0,2329.0,2315.0,2386.0,476630183,1110141222164,7625,46348559193224090
2025-08-12,2317.0,2319.0,2260.0,2278.0,2260.0,2329.0,431334834,982470235171,6666,46348559193224090
2025-08-13,2210.0,2220.0,2210.0,2210.0,2210.0,2278.0,89712378,198274418621,2599,46348559193224090
2025-08-16,2201.0,2216.0,2144.0,2175.0,2216.0,2210.0,474299120,1031705287283,9368,46348559193224090
2025-08-17,2230.0,2240.0,2200.0,2236.0,2240.0,2175.0,267715643,598504875302,3337,46348559193224090
2025-08-18,2300.0,2300.0,2198.0,2246.0,2214.0,2236.0,308408580,692643583865,8548,46348559193224090
2025-08-19,2188.0,2240.0,2179.0,2192.0,2179.0,2246.0,340440168,746241383750,7106,46348559193224090
2025-08-20,2200.0,2200.0,2128.0,2146.0,2130.0,2192.0,269346030,578124635504,5987,46348559193224090
2025-08-23,2137.0,2167.0,2103.0,2126.0,2131.0,2146.0,223907782,476009817741,5339,46348559193224090
2025-08-25,2104.0,2130.0,2063.0,2070.0,2063.0,2126.0,137605834,284873833081,4548,46348559193224090
2025-08-26,2010.0,2119.0,2010.0,2064.0,2107.0,2070.0,230162024,474974280744,5921,46348559193224090
2025-08-27,2050.0,2125.0,2050.0,2119.0,2105.0,2064.0,301137789,638247482966,5203,46348559193224090
2025-08-30,2090.0,2182.0,2090.0,2167.0,2182.0,2119.0,320769866,694948754154,4739,46348559193224090
2025-08-31,2220.0,2232.0,2203.0,2231.0,2232.0,2167.0,266441546,594299242682,2425,46348559193224090
2025-09-02,2297.0,2297.0,2297.0,2297.0,2297.0,2231.0,210229890,482898057330,1717,46348559193224090
2025-09-03,2365.0,2365.0,2350.0,2365.0,2365.0,2297.0,1063556441,2515148246673,9958,46348559193224090
2025-09-06,2389.0,2392.0,2299.0,2341.0,2317.0,2365.0,627957719,1469992947874,11476,46348559193224090
2025-09-07,2300.0,2410.0,2288.0,2371.0,2366.0,2341.0,356894368,846040620810,6892,46348559193224090
2025-09-08,2420.0,2442.0,2400.0,2440.0,2442.0,2371.0,545926913,1332166533342,6032,46348559193224090
2025-09-09,2490.0,2490.0,2393.0,2417.0,2393.0,2440.0,456539640,1103403765666,8720,46348559193224090
2025-09-13,2416.0,2445.0,2384.0,2399.0,2385.0,2417.0,207390461,497544510669,4887,46348559193224090
2025-09-14,2390.0,2470.0,2375.0,2460.0,2470.0,2399.0,607206778,1493964192872,6698,46348559193224090
2025-09-15,2510.0,2510.0,2387.0,2424.0,2394.0,2460.0,462860699,1121898422094,8896,46348559193224090
2025-09-16,2352.0,2360.0,2352.0,2352.0,2352.0,2424.0,376157690,884748487872,3698,46348559193224090
2025-09-17,2309.0,2330.0,2282.0,2292.0,2287.0,2352.0,412987132,946445871624,6858,46348559193224090
2025-09-20,2224.0,2224.0,2224.0,2224.0,2224.0,2292.0,288434115,641477471760,2654,46348559193224090
2025-09-21,2158.0,2183.0,2158.0,2166.0,2170.0,2224.0,506113439,1096379702070,8502,46348559193224090
2025-09-22,2220.0,2230.0,2174.0,2228.0,2230.0,2166.0,495472183,1103979107845,6890,46348559193224090
2025-09-23,2254.0,2254.0,2168.0,2204.0,2185.0,2228.0,286495757,631374938627,5645,46348559193224090
2025-09-24,2192.0,2192.0,2155.0,2169.0,2190.0,2204.0,401786824,871365891326,7100,46348559193224090
2025-09-27,2180.0,2234.0,2180.0,2232.0,2234.0,2169.0,494355894,1103279964355,3951,46348559193224090
2025-09-28,2298.0,2298.0,2298.0,2298.0,2298.0,2232.0,141319666,324752592468,1372,46348559193224090
2025-09-29,2366.0,2366.0,2366.0,2366.0,2366.0,2298.0,587015555,1388878803130,3875,46348559193224090
2025-09-30,2436.0,2436.0,2370.0,2423.0,2408.0,2366.0,1534295911,3717103989262,17297,46348559193224090
2025-10-01,2402.0,2466.0,2356.0,2403.0,2408.0,2423.0,635330990,1526697470602,10710,46348559193224090
2025-10-04,2475.0,2475.0,2475.0,2475.0,2475.0,2403.0,186724370,462142815750,1786,46348559193224090
2025-10-05,2549.0,2549.0,2531.0,2549.0,2549.0,2475.0,1220875392,3111544308841,11186,46348559193224090
2025-10-06,2625.0,2625.0,2592.0,2624.0,2625.0,2549.0,2299625920,6034956806498,18824,46348559193224090
2025-10-07,2640.0,2702.0,2625.0,2690.0,2702.0,2624.0,648476853,1744371760195,6318,46348559193224090
2025-10-08,2750.0,2758.0,2625.0,2696.0,2677.0,2690.0,1264243317,3408204962331,18428,46348559193224090
2025-10-11,2696.0,2776.0,2640.0,2730.0,2729.0,2696.0,914191915,2495939151778,14319,46348559193224090
2025-10-12,2764.0,2811.0,2740.0,2807.0,2811.0,2730.0,847435114,2378865580858,9384,46348559193224090
2025-10-13,2855.0,2881.0,2772.0,2824.0,2810.0,2807.0,1143847647,3230262244481,16164,46348559193224090
2025-10-14,2819.0,2829.0,2740.0,2767.0,2740.0,2824.0,825145383,2283395679286,13884,46348559193224090
2025-10-15,2727.0,2747.0,2689.0,2710.0,2735.0,2767.0,483086062,1309240388759,8217,46348559193224090
2025-10-18,2791.0,2791.0,2754.0,2791.0,2791.0,2710.0,454281655,1267860369456,4224,46348559193224090
2025-10-19,2861.0,2874.0,2709.0,2816.0,2740.0,2791.0,843674097,2375422858927,14187,46348559193224090
2025-10-20,2738.0,2797.0,2732.0,2754.0,2732.0,2816.0,456646606,1257583586728,9083,46348559193224090
2025-10-21,2690.0,2796.0,2673.0,2712.0,2742.0,2754.0,418482212,1134926906653,8035,46348559193224090
2025-10-22,2759.0,2775.0,2701.0,2739.0,2772.0,2712.0,394567877,1080821715278,6860,46348559193224090
2025-10-25,2657.0,2669.0,2657.0,2657.0,2659.0,2739.0,999654976,2656275352619,10931,46348559193224090
2025-10-26,2640.0,2730.0,2640.0,2679.0,2685.0,2657.0,504729901,1352384878559,8369,46348559193224090
2025-10-27,2735.0,2759.0,2685.0,2743.0,2759.0,2679.0,537206167,1473760023542,7622,46348559193224090
2025-10-28,2825.0,2825.0,2748.0,2810.0,2825.0,2743.0,748362633,2102531173236,9451,46348559193224090
2025-10-29,2894.0,2894.0,2894.0,2894.0,2894.0,2810.0,461319897,1335059781918,4258,46348559193224090
2025-11-01,2980.0,2980.0,2950.0,2978.0,2980.0,2894.0,2613563964,7782715704886,22964,46348559193224090
2025-11-02,2990.0,3067.0,2975.0,3046.0,3067.0,2978.0,1490354001,4539394221174,18562,46348559193224090
2025-11-03,3120.0,3137.0,3068.0,3131.0,3133.0,3046.0,1251287042,3918242453432,17127,46348559193224090
2025-11-04,3117.0,3120.0,3038.0,3055.0,3038.0,3131.0,1234808338,3772894149478,17911,46348559193224090
2025-11-05,2989.0,3087.0,2973.0,3022.0,3078.0,3055.0,601905813,1818847646278,12440,46348559193224090
2025-11-08,3110.0,3112.0,3037.0,3094.0,3047.0,3022.0,782444663,2421004302277,11180,46348559193224090
2025-11-09,3002.0,3002.0,3002.0,3002.0,3002.0,3094.0,837412963,2513913714926,6630,46348559193224090
2025-11-10,3000.0,3092.0,2981.0,3052.0,3088.0,3002.0,1152098918,3515773471091,15520,46348559193224090
2025-11-11,3101.0,3143.0,3052.0,3109.0,3066.0,3052.0,666998063,2073585019170,10825,46348559193224090
2025-11-12,3082.0,3109.0,3032.0,3068.0,3076.0,3109.0,371877013,1140904652788,7584,46348559193224090
2025-11-15,3040.0,3088.0,3018.0,3048.0,3038.0,3068.0,398490241,1214789998653,6998,46348559193224090
2025-11-16,3050.0,3100.0,3006.0,3063.0,3090.0,3048.0,422694649,1294601803284,8912,46348559193224090
2025-11-17,3105.0,3135.0,3021.0,3076.0,3039.0,3063.0,674770932,2075369214339,12308,46348559193224090
2025-11-18,3043.0,3094.0,3015.0,3048.0,3045.0,3076.0,408740848,1245704061688,7489,46348559193224090
2025-11-19,3080.0,3095.0,3037.0,3061.0,3070.0,3048.0,392426863,1201111166486,7247,46348559193224090
2025-11-22,3080.0,3148.0,3074.0,3110.0,3086.0,3061.0,406478294,1264241085098,7984,46348559193224090
2025-11-23,3150.0,3203.0,3113.0,3197.0,3203.0,3110.0,897811176,2870503906102,7874,46348559193224090
2025-11-25,3292.0,3292.0,3253.0,3289.0,3292.0,3197.0,1557878042,5124593053015,13039,46348559193224090
2025-11-26,3289.0,3289.0,3191.0,3219.0,3215.0,3289.0,813378391,2618489995806,16047,46348559193224090
2025-11-29,3170.0,3261.0,3150.0,3197.0,3171.0,3219.0,520814102,1664964421044,9623,46348559193224090
2025-11-30,3197.0,3219.0,3102.0,3171.0,3213.0,3197.0,807447342,2560308504781,15593,46348559193224090
2025-12-01,3240.0,3266.0,3209.0,3247.0,3246.0,3171.0,723304384,2348752501868,11321,46348559193224090
2025-12-02,3266.0,3277.0,3227.0,3245.0,3229.0,3247.0,447553530,1452344550773,9195,46348559193224090
2025-12-03,3264.0,3342.0,3264.0,3315.0,3317.0,3245.0,659091131,2185205926791,10390,46348559193224090
2025-12-06,3389.0,3410.0,3321.0,3371.0,3355.0,3315.0,741051545,2497738095248,12157,46348559193224090
2025-12-07,3400.0,3400.0,3270.0,3310.0,3270.0,3371.0,1093456567,3619489575374,19000,46348559193224090
2025-12-08,3289.0,3409.0,3264.0,3343.0,3380.0,3310.0,755900834,2527009799128,13103,46348559193224090
2025-12-09,3385.0,3437.0,3357.0,3395.0,3395.0,3343.0,689523242,2340836153093,9211,46348559193224090
2025-12-10,3411.0,3496.0,3411.0,3490.0,3496.0,3395.0,817209723,2852359853494,7893,46348559193224090
2025-12-13,3589.0,3594.0,3550.0,3593.0,3594.0,3490.0,1416566101,5089653844899,14716,46348559193224090
2025-12-14,3650.0,3700.0,3511.0,3669.0,3698.0,3593.0,1015222956,3724423872942,15398,46348559193224090
2025-12-15,3705.0,3779.0,3705.0,3774.0,3779.0,3669.0,811060641,3061300294980,10807,46348559193224090
2025-12-16,3835.0,3887.0,3683.0,3822.0,3720.0,3774.0,1103531167,4218130176787,18263,46348559193224090
2025-12-17,3720.0,3826.0,3720.0,3783.0,3784.0,3822.0,584627147,2211625559935,10882,46348559193224090
2025-12-20,3876.0,3896.0,3844.0,3890.0,3896.0,3783.0,771884534,3002981479977,12001,46348559193224090
2025-12-21,3923.0,3944.0,3825.0,3885.0,3874.0,3890.0,905067519,3515745115182,16609,46348559193224090
2025-12-22,3874.0,3915.0,3781.0,3839.0,3825.0,3885.0,813877549,3124493479642,18174,46348559193224090
2025-12-23,3834.0,3925.0,3807.0,3868.0,3887.0,3839.0,468088800,1810567280299,10627,46348559193224090
2025-12-24,3940.0,3984.0,3935.0,3976.0,3984.0,3868.0,1007102689,4004145494478,16191,46348559193224090
2025-12-27,4095.0,4095.0,3970.0,4041.0,4016.0,3976.0,1190602987,4811371538079,21846,46348559193224090
2025-12-28,4049.0,4162.0,4010.0,4145.0,4162.0,4041.0,1607209950,6661290075234,22051,46348559193224090
2025-12-29,4225.0,4269.0,4021.0,4135.0,4114.0,4145.0,1321597918,5464586013505,25717,46348559193224090
2025-12-30,4011.0,4020.0,4011.0,4011.0,4011.0,4135.0,1661625018,6664856615209,16494,46348559193224090
2025-12-31,3960.0,4131.0,3959.0,4055.0,4131.0,4011.0,1131445398,4588185228072,18242,46348559193224090
2026-01-04,4061.0,4170.0,3934.0,3989.0,4010.0,4055.0,1240606287,4948211025846,20672,46348559193224090
2026-01-05,4108.0,4108.0,4051.0,4108.0,4108.0,3989.0,658684785,2705816315325,5761,46348559193224090
2026-01-06,4231.0,4231.0,4231.0,4231.0,4231.0,4108.0,513677949,2173371402219,4055,46348559193224090
2026-01-07,4357.0,4357.0,4248.0,4355.0,4357.0,4231.0,2554475478,11124866889902,26777,46348559193224090
2026-01-10,4225.0,4409.0,4225.0,4274.0,4225.0,4355.0,1699472042,7263013864952,23058,46348559193224090
2026-01-11,4254.0,4402.0,4254.0,4349.0,4378.0,4274.0,1133217155,4928861028271,18619,46348559193224090
2026-01-12,4430.0,4479.0,4381.0,4442.0,4430.0,4349.0,1023316822,4545160807544,18959,46348559193224090
2026-01-13,4490.0,4490.0,4309.0,4343.0,4309.0,4442.0,645498283,2803341071995,14056,46348559193224090
2026-01-14,4213.0,4213.0,4213.0,4213.0,4213.0,4343.0,455394053,1918575145289,4855,46348559193224090
2026-01-18,4122.0,4327.0,4122.0,4183.0,4172.0,4213.0,1004425857,4201035870682,22565,46348559193224090
2026-01-19,4215.0,4253.0,4058.0,4089.0,4058.0,4183.0,1736189974,7098681262628,27243,46348559193224090
2026-01-20,3982.0,4058.0,3967.0,3992.0,3968.0,4089.0,1183367126,4723886052868,20006,46348559193224090
2026-01-21,3987.0,3992.0,3873.0,3907.0,3905.0,3992.0,1036820265,4050657384322,23685,46348559193224090
2026-01-24,3790.0,3830.0,3790.0,3790.0,3790.0,3907.0,381282881,1445196740270,5622,46348559193224090
2026-01-25,3677.0,3677.0,3677.0,3677.0,3677.0,3790.0,656915730,2415479139210,5858,46348559193224090
2026-01-26,3567.0,3567.0,3567.0,3567.0,3567.0,3677.0,88185323,314557047141,1585,46348559193224090
2026-01-27,3460.0,3460.0,3460.0,3460.0,3460.0,3567.0,202740299,701481434540,2748,46348559193224090
2026-01-28,3357.0,3414.0,3357.0,3361.0,3362.0,3460.0,1938034526,6513455316768,29976,46348559193224090
2026-01-31,3320.0,3429.0,3261.0,3284.0,3261.0,3361.0,859114669,2820955714042,11933,46348559193224090
2026-02-01,3260.0,3382.0,3260.0,3344.0,3382.0,3284.0,518211091,1732743495598,9654,46348559193224090
2026-02-02,3430.0,3444.0,3370.0,3441.0,3444.0,3344.0,590310629,2031372695795,7937,46348559193224090
2026-02-03,3470.0,3501.0,3376.0,3437.0,3477.0,3441.0,581832880,2000036026400,10926,46348559193224090
2026-02-09,3334.0,3350.0,3334.0,3334.0,3334.0,3437.0,407933909,1360204699434,4993,46348559193224090
2026-02-10,3310.0,3434.0,3310.0,3428.0,3434.0,3334.0,680775202,2333701653793,7249,46348559193224090
2026-02-14,3530.0,3530.0,3411.0,3495.0,3453.0,3428.0,934198655,3265371559700,12332,46348559193224090
2026-02-15,3408.0,3440.0,3391.0,3392.0,3391.0,3495.0,361589013,1226475559436,6148,46348559193224090
2026-02-16,3292.0,3440.0,3292.0,3377.0,3417.0,3392.0,301518611,1018254937359,6005,46348559193224090
2026-02-17,3419.0,3478.0,3365.0,3438.0,3478.0,3377.0,297042819,1021150060449,5804,46348559193224090
2026-02-18,3482.0,3492.0,3347.0,3394.0,3370.0,3438.0,309278432,1049748491746,5860,46348559193224090
2026-02-21,3293.0,3293.0,3293.0,3293.0,3293.0,3394.0,153745215,506282992995,2193,46348559193224090
2026-02-22,3195.0,3304.0,3195.0,3214.0,3290.0,3293.0,770927930,2477768884014,11608,46348559193224090
2026-02-23,3270.0,3310.0,3240.0,3282.0,3310.0,3214.0,336687235,1105008006034,6090,46348559193224090
2026-02-24,3298.0,3300.0,3216.0,3269.0,3281.0,3282.0,281883619,921388471289,4939,46348559193224090
2026-02-25,3254.0,3367.0,3254.0,3359.0,3367.0,3269.0,452674550,1520373836259,6785,46348559193224090
2026-08-08,2305.0,2374.0,2305.0,2332.0,2360.0,2549.0,8751481850,20408390792461,26111,46348559193224090
2026-08-09,2401.0,2401.0,2263.0,2316.0,2291.0,2332.0,12950170918,29986921413871,91574,46348559193224090
2026-08-10,2296.0,2370.0,2271.0,2333.0,2354.0,2316.0,5342065284,12461036364198,42860,46348559193224090
2026-08-11,2350.0,2375.0,2264.0,2286.0,2278.0,2333.0,5873194745,13424763944578,46698,46348559193224090
2026-08-15,2265.0,2283.0,2218.0,2219.0,2218.0,2286.0,5101242061,11321168664031,29033,46348559193224090
2026-08-16,2188.0,2285.0,2182.0,2274.0,2285.0,2219.0,3610329576,8209431045219,21901,46348559193224090
2026-08-17,2342.0,2342.0,2342.0,2342.0,2342.0,2274.0,1116423209,2614663155478,3392,46348559193224090
2026-08-18,2412.0,2412.0,2370.0,2411.0,2412.0,2342.0,9902592486,23871580880027,44433,46348559193224090
2026-08-19,2398.0,2483.0,2370.0,2460.0,2455.0,2411.0,3512085050,8639110908204,28860,46348559193224090
2026-08-22,2533.0,2533.0,2497.0,2533.0,2533.0,2460.0,2975001335,7535291710467,14682,46348559193224090
2026-08-23,2608.0,2608.0,2540.0,2601.0,2608.0,2533.0,5282932229,13740663451477,29571,46348559193224090
2026-08-24,2601.0,2670.0,2527.0,2599.0,2554.0,2601.0,3458572867,8987210691722,35247,46348559193224090
2026-08-25,2590.0,2670.0,2563.0,2620.0,2631.0,2599.0,3470385961,9093449124179,29272,46348559193224090
2026-08-26,2677.0,2698.0,2677.0,2697.0,2698.0,2620.0,1903641165,5134335773252,8454,46348559193224090
2026-08-29,2777.0,2777.0,2740.0,2776.0,2777.0,2697.0,1658402344,4604490012429,10123,46348559193224090
2026-08-31,2728.0,2849.0,2703.0,2772.0,2732.0,2776.0,3114358037,8633967345265,34381,46348559193224090
2026-09-01,2820.0,2855.0,2689.0,2751.0,2689.0,2772.0,3782729420,10406558173572,34384,46348559193224090
2026-09-02,2669.0,2669.0,2669.0,2669.0,2669.0,2751.0,1667707089,4451110220541,11486,46348559193224090
2026-09-05,2691.0,2741.0,2589.0,2634.0,2635.0,2669.0,3663448383,9651299241659,32679,46348559193224090
2026-09-06,2634.0,2693.0,2573.0,2643.0,2666.0,2634.0,2251157499,5949207736691,24734,46348559193224090
2026-09-07,2722.0,2722.0,2700.0,2722.0,2722.0,2643.0,839991791,2286178973142,4259,46348559193224090
2026-09-08,2803.0,2803.0,2803.0,2803.0,2803.0,2722.0,1268276652,3554979455556,4568,46348559193224090
2026-09-09,2880.0,2887.0,2820.0,2881.0,2887.0,2803.0,3464453616,9982417051844,15381,46348559193224090
2026-09-12,2967.0,2967.0,2967.0,2967.0,2967.0,2881.0,1459893147,4331502967149,4834,46348559193224090
2026-09-13,3056.0,3056.0,3008.0,3055.0,3056.0,2967.0,6569385965,20070908586827,21728,46348559193224090
2026-09-14,3146.0,3146.0,3090.0,3145.0,3128.0,3055.0,7686967037,24178475931629,29950,46348559193224090
2026-09-15,3144.0,3239.0,3087.0,3223.0,3239.0,3145.0,5883974736,18965562492498,25653,46348559193224090
2026-09-16,3319.0,3319.0,3251.0,3317.0,3319.0,3223.0,9069143306,30079743590364,36087,46348559193224090
2026-09-19,3410.0,3410.0,3220.0,3300.0,3280.0,3317.0,6500953527,21452682420710,78299,46348559193224090
2026-09-20,3210.0,3280.0,3210.0,3210.0,3220.0,3300.0,5563296448,17883948678370,56546,46348559193224090
2026-09-21,3280.0,3300.0,3200.0,3290.0,3300.0,3210.0,3581143472,11785928323720,38289,46348559193224090
2026-09-22,3380.0,3380.0,3200.0,3260.0,3230.0,3290.0,3705610251,12095800625600,45559,46348559193224090
2026-09-23,3350.0,3350.0,3280.0,3350.0,3350.0,3260.0,2210827100,7398241941410,21174,46348559193224090
2026-09-26,3390.0,3390.0,3250.0,3260.0,3250.0,3350.0,2512505604,8195077042750,31636,46348559193224090
