date,open,high,low,adjClose,value,volume,count,yesterday,close,jdate
2007-03-11,3.0,3.0,3.0,3.0,889437216900,468077431,7736,3.0,3.0,1385-12-20
2007-03-12,3.0,3.0,3.0,3.0,193879458000,100041000,9214,3.0,3.0,1385-12-21
2007-03-13,3.0,3.0,3.0,3.0,249241504527,126270939,5862,3.0,3.0,1385-12-22
2007-03-14,3.0,3.0,3.0,3.0,51666379451,26705128,1901,3.0,3.0,1385-12-23
2007-03-17,3.0,3.0,3.0,3.0,28239006789,14877283,1514,3.0,3.0,1385-12-26
2007-03-19,3.0,3.0,3.0,3.0,23432044982,12428574,1402,3.0,3.0,1385-12-28
2007-03-25,3.0,3.0,3.0,3.0,7938296594,4151051,480,3.0,3.0,1386-01-05
2007-03-26,3.0,3.0,3.0,3.0,5010080922,2604320,397,3.0,3.0,1386-01-06
2007-03-27,3.0,3.0,3.0,3.0,3349931251,1737471,231,3.0,3.0,1386-01-07
2007-03-28,3.0,3.0,3.0,3.0,2819018765,1466522,221,3.0,3.0,1386-01-08
2007-03-31,3.0,3.0,3.0,3.0,1544256723,818231,209,3.0,3.0,1386-01-11
2007-04-03,3.0,3.0,3.0,3.0,5089821352,2705358,313,3.0,3.0,1386-01-14
2007-04-04,3.0,3.0,3.0,3.0,3083948625,1649990,220,3.0,3.0,1386-01-15
2007-04-07,3.0,3.0,3.0,3.0,9390429030,5050280,473,3.0,3.0,1386-01-18
2007-04-08,3.0,3.0,3.0,3.0,5626657331,3002511,433,3.0,3.0,1386-01-19
2007-04-09,3.0,3.0,3.0,3.0,1307934968,692951,165,3.0,3.0,1386-01-20
2007-04-10,3.0,3.0,3.0,3.0,2477218529,1315311,310,3.0,3.0,1386-01-21
2007-04-11,3.0,3.0,3.0,3.0,3292833272,1767488,413,3.0,3.0,1386-01-22
2007-04-14,3.0,3.0,3.0,3.0,3648614835,1975101,463,3.0,3.0,1386-01-25
2007-04-15,3.0,3.0,3.0,3.0,5293662864,2879638,600,3.0,3.0,1386-01-26
2007-04-16,3.0,3.0,3.0,3.0,3473179839,1890750,457,3.0,3.0,1386-01-27
2007-04-17,3.0,3.0,3.0,3.0,2532449179,1368173,344,3.0,3.0,1386-01-28
2007-04-18,3.0,3.0,3.0,3.0,5705405876,3024167,500,3.0,3.0,1386-01-29
2007-04-21,3.0,3.0,3.0,3.0,10421277946,5473667,691,3.0,3.0,1386-02-01
2007-04-22,3.0,3.0,3.0,3.0,3405672640,1773788,360,3.0,3.0,1386-02-02
2007-04-23,3.0,3.0,3.0,3.0,1569866424,826566,237,3.0,3.0,1386-02-03
2007-04-24,3.0,3.0,2.0,3.0,3641241626070,3831874711,264,3.0,3.0,1386-02-04
2007-04-25,3.0,3.0,3.0,3.0,3392879779,1796465,426,3.0,3.0,1386-02-05
2007-04-28,3.0,3.0,3.0,3.0,4038766394,2176594,467,3.0,3.0,1386-02-08
2007-04-29,3.0,3.0,3.0,3.0,6713269926,3633565,750,3.0,3.0,1386-02-09
2007-04-30,3.0,3.0,3.0,3.0,10593596444,5581299,838,3.0,3.0,1386-02-10
2007-05-01,3.0,3.0,3.0,3.0,2613975235,1387680,207,3.0,3.0,1386-02-11
2007-05-02,3.0,3.0,3.0,3.0,2830592959,1524106,354,3.0,3.0,1386-02-12
2007-05-05,3.0,3.0,3.0,3.0,4653287427,2523017,479,3.0,3.0,1386-02-15
2007-05-06,3.0,3.0,3.0,3.0,6994053939,3807216,626,3.0,3.0,1386-02-16
2007-05-07,3.0,3.0,3.0,3.0,5157963190,2824699,483,3.0,3.0,1386-02-17
2007-05-08,3.0,3.0,3.0,3.0,5933952440,3256904,394,3.0,3.0,1386-02-18
2007-05-09,3.0,3.0,3.0,3.0,5525634547,3031843,403,3.0,3.0,1386-02-19
2007-05-12,3.0,3.0,3.0,3.0,2489582384,1340525,303,3.0,3.0,1386-02-22
2007-05-13,3.0,3.0,3.0,3.0,6803190106,3617528,665,3.0,3.0,1386-02-23
2007-05-14,3.0,3.0,3.0,3.0,2843868527,1521600,322,3.0,3.0,1386-02-24
2007-05-15,3.0,3.0,3.0,3.0,1343546511,722100,194,3.0,3.0,1386-02-25
2007-05-16,3.0,3.0,3.0,3.0,2368141606,1270938,266,3.0,3.0,1386-02-26
2007-05-19,3.0,3.0,3.0,3.0,2145560723,1165541,257,3.0,3.0,1386-02-29
2007-05-20,3.0,3.0,3.0,3.0,2066324045,1125563,260,3.0,3.0,1386-02-30
2007-05-21,3.0,3.0,3.0,3.0,1869165969,1015994,273,3.0,3.0,1386-02-31
2007-05-22,3.0,3.0,3.0,3.0,1587771846,862753,189,3.0,3.0,1386-03-01
2007-05-23,3.0,3.0,3.0,3.0,1017647066,555716,123,3.0,3.0,1386-03-02
2007-05-26,3.0,3.0,3.0,3.0,1819739565,995859,258,3.0,3.0,1386-03-05
2007-05-27,3.0,3.0,3.0,3.0,1232478002,677604,175,3.0,3.0,1386-03-06
2007-05-28,3.0,3.0,3.0,3.0,4885670697,2681100,312,3.0,3.0,1386-03-07
2007-05-29,3.0,3.0,3.0,3.0,3436495236,1881316,182,3.0,3.0,1386-03-08
2007-05-30,3.0,3.0,3.0,3.0,1498893842,814969,204,3.0,3.0,1386-03-09
2007-06-02,3.0,3.0,3.0,3.0,5903314799,3142342,628,3.0,3.0,1386-03-12
2007-06-03,3.0,3.0,3.0,3.0,6644893791,3517679,457,3.0,3.0,1386-03-13
2007-06-06,3.0,3.0,3.0,3.0,3200694642,1686185,384,3.0,3.0,1386-03-16
2007-06-09,3.0,3.0,3.0,3.0,3475993043,1842850,285,3.0,3.0,1386-03-19
2007-06-10,3.0,3.0,3.0,3.0,752248837,394471,99,3.0,3.0,1386-03-20
2007-06-11,3.0,3.0,2.0,3.0,893785181478,940111218,178,3.0,3.0,1386-03-21
2007-06-12,3.0,3.0,3.0,3.0,216131410,113158,39,3.0,3.0,1386-03-22
2007-06-13,3.0,3.0,3.0,3.0,25017527620,13098182,1510,3.0,3.0,1386-03-23
2007-06-16,3.0,3.0,3.0,3.0,29286925488,15034356,1898,3.0,3.0,1386-03-26
2007-06-17,3.0,3.0,3.0,3.0,31093916244,15656554,2085,3.0,3.0,1386-03-27
2007-06-19,3.0,3.0,3.0,3.0,23809248413,11863183,2574,3.0,3.0,1386-03-29
2007-06-20,3.0,3.0,3.0,3.0,11205015358,5676578,1103,3.0,3.0,1386-03-30
2007-06-23,3.0,3.0,3.0,3.0,20160850793,9940077,1623,3.0,3.0,1386-04-02
2007-06-24,3.0,3.0,3.0,3.0,16194664330,7875528,1583,3.0,3.0,1386-04-03
2007-06-25,3.0,4.0,3.0,4.0,22867336715,10909057,1818,3.0,4.0,1386-04-04
2007-06-26,4.0,4.0,3.0,4.0,20129780241,9614186,1892,4.0,4.0,1386-04-05
2007-06-27,3.0,3.0,3.0,3.0,10145410287,4943752,883,4.0,3.0,1386-04-06
2007-06-30,4.0,4.0,3.0,4.0,22200446843,10566520,2214,3.0,4.0,1386-04-09
2007-07-01,4.0,4.0,4.0,4.0,24596470666,11482272,1778,4.0,4.0,1386-04-10
2007-07-02,4.0,4.0,4.0,4.0,32493053036,14878790,2494,4.0,4.0,1386-04-11
2007-07-03,4.0,4.0,2.0,4.0,981070450100,571322642,1214,4.0,4.0,1386-04-12
2007-07-04,4.0,4.0,4.0,4.0,16814821740,7638788,1526,4.0,4.0,1386-04-13
2007-07-07,4.0,4.0,4.0,4.0,10056265516,4510681,991,4.0,4.0,1386-04-16
2007-07-08,4.0,4.0,4.0,4.0,15160636801,6707990,1311,4.0,4.0,1386-04-17
2007-07-09,4.0,4.0,4.0,4.0,23374166886,10145458,1090,4.0,4.0,1386-04-18
2007-07-10,4.0,4.0,4.0,4.0,44882797405,19111410,814,4.0,4.0,1386-04-19
2007-07-11,4.0,4.0,4.0,4.0,32801833890,13701685,701,4.0,4.0,1386-04-20
2007-07-14,4.0,4.0,4.0,4.0,101037157516,41484855,2611,4.0,4.0,1386-04-23
2007-07-15,4.0,4.0,4.0,4.0,2249683461,942473,121,4.0,4.0,1386-04-24
2007-07-16,4.0,4.0,4.0,4.0,55551799076,23338850,1586,4.0,4.0,1386-04-25
2007-07-17,4.0,4.0,4.0,4.0,41409372184,17354847,1497,4.0,4.0,1386-04-26
2007-07-25,4.0,4.0,4.0,4.0,73538904099,30786113,2496,4.0,4.0,1386-05-03
2007-07-29,4.0,4.0,4.0,4.0,15492784900,6362540,612,4.0,4.0,1386-05-07
2007-07-30,4.0,4.0,4.0,4.0,15681545412,6315564,1091,4.0,4.0,1386-05-08
2007-07-31,4.0,4.0,4.0,4.0,21752452512,8591016,1567,4.0,4.0,1386-05-09
2007-08-01,4.0,4.0,4.0,4.0,44144709618,17097099,2606,4.0,4.0,1386-05-10
2007-08-04,4.0,4.0,4.0,4.0,121823899879,46268455,4074,4.0,4.0,1386-05-13
2007-08-05,4.0,4.0,4.0,4.0,53325588071,19910250,3487,4.0,4.0,1386-05-14
2007-08-06,5.0,5.0,5.0,5.0,16522440740,6049960,575,4.0,5.0,1386-05-15
2007-08-07,5.0,5.0,5.0,5.0,834899490,300000,61,5.0,5.0,1386-05-16
2007-08-08,5.0,5.0,5.0,5.0,565039284,202814,47,5.0,5.0,1386-05-17
2007-08-12,5.0,5.0,5.0,5.0,2103194232,754374,257,5.0,5.0,1386-05-21
2007-08-13,5.0,5.0,5.0,5.0,9454918102,3384008,758,5.0,5.0,1386-05-22
2007-08-14,5.0,5.0,5.0,5.0,1229442010,435355,100,5.0,5.0,1386-05-23
2007-08-15,5.0,5.0,5.0,5.0,1851516562,654709,280,5.0,5.0,1386-05-24
2007-08-18,5.0,5.0,5.0,5.0,84277058183,29760995,2983,5.0,5.0,1386-05-27
2007-08-19,5.0,5.0,5.0,5.0,5885518656,2038628,455,5.0,5.0,1386-05-28
2007-08-20,5.0,5.0,5.0,5.0,4439879570,1528358,605,5.0,5.0,1386-05-29
2007-08-21,5.0,5.0,5.0,5.0,3514710100,1203668,303,5.0,5.0,1386-05-30
2007-08-22,5.0,5.0,5.0,5.0,1081350876,368936,155,5.0,5.0,1386-05-31
2007-08-25,5.0,5.0,5.0,5.0,1508465702,514133,182,5.0,5.0,1386-06-03
2007-08-26,5.0,5.0,5.0,5.0,8616036748,2931622,581,5.0,5.0,1386-06-04
2007-08-27,5.0,5.0,5.0,5.0,2810592974,947604,251,5.0,5.0,1386-06-05
2007-08-28,5.0,5.0,5.0,5.0,10388033340,3491776,661,5.0,5.0,1386-06-06
2007-09-01,5.0,5.0,5.0,5.0,6387814815,2124315,445,5.0,5.0,1386-06-10
2007-09-02,5.0,5.0,5.0,5.0,416063597,137451,35,5.0,5.0,1386-06-11
2007-09-03,5.0,5.0,5.0,5.0,1215399286,401387,106,5.0,5.0,1386-06-12
2007-09-04,5.0,5.0,5.0,5.0,494736934,163172,57,5.0,5.0,1386-06-13
2007-09-05,5.0,5.0,5.0,5.0,2647501264,872611,373,5.0,5.0,1386-06-14
2007-09-08,5.0,5.0,5.0,5.0,315132368,103594,32,5.0,5.0,1386-06-17
2007-09-09,5.0,5.0,5.0,5.0,902544111,296597,86,5.0,5.0,1386-06-18
2007-09-10,5.0,5.0,5.0,5.0,1251408952,410837,246,5.0,5.0,1386-06-19
2007-09-11,5.0,5.0,5.0,5.0,315890970,103571,98,5.0,5.0,1386-06-20
2007-09-12,5.0,5.0,5.0,5.0,526989507,172727,85,5.0,5.0,1386-06-21
2007-09-15,5.0,5.0,5.0,5.0,1387682593,454531,146,5.0,5.0,1386-06-24
2007-09-16,5.0,5.0,5.0,5.0,1733260377,566981,234,5.0,5.0,1386-06-25
2007-09-17,5.0,5.0,5.0,5.0,45361556697,14809519,2349,5.0,5.0,1386-06-26
2007-09-18,5.0,5.0,5.0,5.0,15865096424,5078456,1045,5.0,5.0,1386-06-27
2007-09-19,5.0,5.0,5.0,5.0,170855810,53830,24,5.0,5.0,1386-06-28
2007-09-22,5.0,5.0,5.0,5.0,792282550,249538,89,5.0,5.0,1386-06-31
2007-09-23,5.0,5.0,5.0,5.0,2541631230,800010,238,5.0,5.0,1386-07-01
2007-09-24,5.0,5.0,5.0,5.0,1592531280,500010,201,5.0,5.0,1386-07-02
2007-09-30,5.0,5.0,5.0,5.0,24769730,7765,4,5.0,5.0,1386-07-08
2007-10-01,5.0,5.0,5.0,5.0,42493370,13321,13,5.0,5.0,1386-07-09
2007-10-02,5.0,5.0,5.0,5.0,171021670,53612,37,5.0,5.0,1386-07-10
2007-10-06,5.0,5.0,5.0,5.0,1566904879,491039,178,5.0,5.0,1386-07-14
2007-10-07,5.0,5.0,5.0,5.0,723752776,226456,117,5.0,5.0,1386-07-15
2007-10-08,5.0,5.0,5.0,5.0,302987504,94743,46,5.0,5.0,1386-07-16
2007-10-09,5.0,5.0,4.0,5.0,325053942005,136089385,41,5.0,5.0,1386-07-17
2007-10-10,5.0,5.0,5.0,5.0,1441631420,450510,173,5.0,5.0,1386-07-18
2007-10-14,5.0,5.0,5.0,5.0,13098265772,4088098,1127,5.0,5.0,1386-07-22
2007-10-15,5.0,5.0,5.0,5.0,13216888025,4073001,1188,5.0,5.0,1386-07-23
2007-10-16,6.0,6.0,5.0,5.0,193478764,58862,54,5.0,5.0,1386-07-24
2007-10-17,6.0,6.0,6.0,6.0,32952723984,10022118,3082,5.0,6.0,1386-07-25
2007-10-20,6.0,6.0,6.0,6.0,34051736859,10155603,2916,6.0,6.0,1386-07-28
2007-10-21,6.0,6.0,6.0,6.0,69337422000,20274100,4553,6.0,6.0,1386-07-29
2007-10-22,6.0,6.0,6.0,6.0,96779446688,27746401,4953,6.0,6.0,1386-07-30
2007-10-23,6.0,6.0,6.0,6.0,68603606453,19286929,3863,6.0,6.0,1386-08-01
2007-11-03,7.0,7.0,6.0,7.0,206146111822,52229357,5208,6.0,7.0,1386-08-12
2007-11-04,6.0,7.0,6.0,7.0,45016810108,11595337,1163,7.0,7.0,1386-08-13
2007-11-05,6.0,7.0,6.0,7.0,244841095,64347,13,7.0,7.0,1386-08-14
2007-11-11,6.0,6.0,6.0,6.0,1536189060,403835,37,7.0,6.0,1386-08-20
2007-11-12,6.0,6.0,6.0,6.0,34661582130,9123870,568,6.0,6.0,1386-08-21
2007-11-13,6.0,6.0,6.0,6.0,86535252579,23189941,2013,6.0,6.0,1386-08-22
2007-11-14,6.0,6.0,6.0,6.0,23410691427,6401611,266,6.0,6.0,1386-08-23
2007-11-17,6.0,6.0,6.0,6.0,7074174964,1973821,110,6.0,6.0,1386-08-26
2007-11-18,6.0,6.0,6.0,6.0,12888940582,3618456,143,6.0,6.0,1386-08-27
2007-11-19,6.0,6.0,6.0,6.0,23365099446,6634043,196,6.0,6.0,1386-08-28
2007-11-20,6.0,6.0,6.0,6.0,234561737992,67946383,4722,6.0,6.0,1386-08-29
2007-11-21,6.0,6.0,6.0,6.0,69346194088,20011097,2333,6.0,6.0,1386-08-30
2007-11-24,6.0,6.0,6.0,6.0,21692544948,6366536,660,6.0,6.0,1386-09-03
2007-11-25,6.0,6.0,6.0,6.0,3289907253,985297,148,6.0,6.0,1386-09-04
2007-11-26,6.0,6.0,6.0,6.0,20943338220,6291180,242,6.0,6.0,1386-09-05
2007-11-27,5.0,6.0,5.0,6.0,1823208376,558752,78,6.0,6.0,1386-09-06
2007-11-28,5.0,5.0,5.0,5.0,13590826105,4172805,185,6.0,5.0,1386-09-07
2007-12-01,5.0,5.0,5.0,5.0,5938508260,1847700,108,5.0,5.0,1386-09-10
2007-12-02,5.0,5.0,5.0,5.0,145047260,45398,26,5.0,5.0,1386-09-11
2007-12-03,5.0,5.0,5.0,5.0,859219190,268926,46,5.0,5.0,1386-09-12
2007-12-04,5.0,5.0,5.0,5.0,387228544,121312,28,5.0,5.0,1386-09-13
2007-12-05,5.0,6.0,5.0,5.0,190593654461,59414283,4076,5.0,5.0,1386-09-14
2007-12-08,5.0,5.0,5.0,5.0,33213168190,10352089,1088,5.0,5.0,1386-09-17
2007-12-09,5.0,5.0,5.0,5.0,11852522097,3643781,386,5.0,5.0,1386-09-18
2007-12-10,6.0,6.0,5.0,5.0,4873786463,1478249,175,5.0,5.0,1386-09-19
2007-12-11,6.0,6.0,5.0,6.0,70643721718,21450406,1762,5.0,6.0,1386-09-20
2007-12-12,6.0,6.0,5.0,5.0,25977439448,8018532,618,6.0,5.0,1386-09-21
2007-12-15,5.0,6.0,5.0,6.0,20144389766,6133987,525,5.0,6.0,1386-09-24
2007-12-16,5.0,6.0,5.0,5.0,3186269110,985383,100,6.0,5.0,1386-09-25
2007-12-17,5.0,5.0,5.0,5.0,86808680,27043,19,5.0,5.0,1386-09-26
2007-12-18,5.0,5.0,5.0,5.0,161200420,50218,20,5.0,5.0,1386-09-27
2007-12-19,5.0,5.0,5.0,5.0,94682195,29505,21,5.0,5.0,1386-09-28
2007-12-22,5.0,5.0,5.0,5.0,66199111,20629,11,5.0,5.0,1386-10-01
2007-12-23,5.0,5.0,5.0,5.0,27742455,8645,7,5.0,5.0,1386-10-02
2007-12-24,5.0,5.0,5.0,5.0,68150183,21237,13,5.0,5.0,1386-10-03
2007-12-25,5.0,5.0,5.0,5.0,206063366,64214,16,5.0,5.0,1386-10-04
2007-12-26,5.0,5.0,5.0,5.0,38089234,11873,12,5.0,5.0,1386-10-05
2007-12-30,5.0,5.0,5.0,5.0,342515592,106769,13,5.0,5.0,1386-10-09
2007-12-31,5.0,5.0,5.0,5.0,54849321,17103,11,5.0,5.0,1386-10-10
2008-01-01,5.0,5.0,5.0,5.0,56342263731,17834519,1580,5.0,5.0,1386-10-11
2008-01-02,5.0,5.0,5.0,5.0,8373991750,2604903,296,5.0,5.0,1386-10-12
2008-01-05,5.0,5.0,5.0,5.0,11502564200,3544704,184,5.0,5.0,1386-10-15
2008-01-06,5.0,5.0,5.0,5.0,18925936397,5879043,797,5.0,5.0,1386-10-16
2008-01-08,5.0,5.0,5.0,5.0,9746560701,3011602,444,5.0,5.0,1386-10-18
2008-01-09,6.0,6.0,6.0,6.0,23348231725,7094585,357,5.0,6.0,1386-10-19
2008-01-12,6.0,6.0,6.0,6.0,33831056967,10086053,722,6.0,6.0,1386-10-22
2008-01-13,6.0,6.0,6.0,6.0,14444624920,4222340,334,6.0,6.0,1386-10-23
2008-01-14,6.0,6.0,6.0,6.0,574942896,165881,36,6.0,6.0,1386-10-24
2008-01-15,6.0,6.0,6.0,6.0,243367025,70155,48,6.0,6.0,1386-10-25
2008-01-16,6.0,6.0,6.0,6.0,56137264420,16177886,1206,6.0,6.0,1386-10-26
2008-01-29,6.0,6.0,6.0,6.0,64221862000,18953509,1952,6.0,6.0,1386-11-09
2008-01-30,6.0,6.0,6.0,6.0,34325904174,10039542,1253,6.0,6.0,1386-11-10
2008-02-02,6.0,6.0,6.0,6.0,25078076153,7196993,657,6.0,6.0,1386-11-13
2008-02-03,6.0,6.0,6.0,6.0,23025903860,6742578,285,6.0,6.0,1386-11-14
2008-02-04,6.0,6.0,6.0,6.0,26931918832,7953856,794,6.0,6.0,1386-11-15
2008-02-05,6.0,6.0,6.0,6.0,12111946431,3625941,531,6.0,6.0,1386-11-16
2008-02-06,6.0,6.0,6.0,6.0,7514001918,2264332,308,6.0,6.0,1386-11-17
2008-02-09,5.0,6.0,5.0,6.0,14218169116,4335975,304,6.0,6.0,1386-11-20
2008-02-10,5.0,5.0,5.0,5.0,30722630160,9496801,753,6.0,5.0,1386-11-21
2008-02-12,5.0,5.0,5.0,5.0,13824764411,4342051,455,5.0,5.0,1386-11-23
2008-02-13,5.0,5.0,5.0,5.0,21369820970,6550495,697,5.0,5.0,1386-11-24
2008-02-16,6.0,6.0,5.0,6.0,37734069042,11377498,885,5.0,6.0,1386-11-27
2008-02-17,5.0,6.0,5.0,5.0,23979556327,7375763,506,6.0,5.0,1386-11-28
2008-02-18,5.0,5.0,5.0,5.0,14357996775,4456566,459,5.0,5.0,1386-11-29
2008-02-19,5.0,5.0,5.0,5.0,5879344280,1833134,353,5.0,5.0,1386-11-30
2008-02-20,5.0,5.0,5.0,5.0,9388606200,2958556,459,5.0,5.0,1386-12-01
2008-02-23,5.0,5.0,5.0,5.0,11082399016,3453290,465,5.0,5.0,1386-12-04
2008-02-24,5.0,5.0,5.0,5.0,14477972771,4474937,571,5.0,5.0,1386-12-05
2008-02-25,5.0,6.0,5.0,5.0,11797329521,3590181,328,5.0,5.0,1386-12-06
2008-02-26,6.0,6.0,5.0,5.0,16879349612,5147494,515,5.0,5.0,1386-12-07
2008-02-27,5.0,5.0,5.0,5.0,14671607655,4565319,322,5.0,5.0,1386-12-08
2008-03-01,5.0,5.0,5.0,5.0,9391662203,2964381,394,5.0,5.0,1386-12-11
2008-03-02,5.0,5.0,5.0,5.0,7793790576,2481991,287,5.0,5.0,1386-12-12
2008-03-03,5.0,5.0,5.0,5.0,7395524833,2291031,282,5.0,5.0,1386-12-13
2008-03-04,5.0,5.0,5.0,5.0,5149867629,1615229,189,5.0,5.0,1386-12-14
2008-03-05,5.0,5.0,5.0,5.0,21189095915,6526657,431,5.0,5.0,1386-12-15
2008-03-09,5.0,5.0,5.0,5.0,4038283824,1250563,209,5.0,5.0,1386-12-19
2008-03-10,5.0,5.0,5.0,5.0,54754351288,16893228,427,5.0,5.0,1386-12-20
2008-03-11,5.0,5.0,5.0,5.0,41352313412,12822170,317,5.0,5.0,1386-12-21
2008-03-12,5.0,5.0,5.0,5.0,56305023296,17516628,291,5.0,5.0,1386-12-22
2008-03-15,5.0,5.0,5.0,5.0,238655312389,74366965,345,5.0,5.0,1386-12-25
2008-03-16,5.0,5.0,5.0,5.0,10342433049,3239976,269,5.0,5.0,1386-12-26
2008-03-17,5.0,5.0,5.0,5.0,7845285377,2452700,302,5.0,5.0,1386-12-27
2008-03-18,5.0,5.0,5.0,5.0,7690921574,2403116,329,5.0,5.0,1386-12-28
2008-03-24,5.0,5.0,5.0,5.0,804269977,253387,68,5.0,5.0,1387-01-05
2008-03-26,5.0,5.0,5.0,5.0,2477201734,784073,128,5.0,5.0,1387-01-07
2008-03-29,5.0,5.0,5.0,5.0,931390021,293925,62,5.0,5.0,1387-01-10
2008-03-30,5.0,5.0,5.0,5.0,4219431335,1331628,201,5.0,5.0,1387-01-11
2008-04-02,5.0,5.0,5.0,5.0,9121025201,2808164,149,5.0,5.0,1387-01-14
2008-04-05,5.0,5.0,5.0,5.0,1963991032,602282,81,5.0,5.0,1387-01-17
2008-04-06,5.0,7.0,5.0,5.0,3091065472350,793080010,341,5.0,5.0,1387-01-18
2008-04-07,6.0,6.0,5.0,5.0,3515898823,1065747,199,5.0,5.0,1387-01-19
2008-04-08,6.0,7.0,6.0,6.0,3095404712670,794351877,570,5.0,6.0,1387-01-20
2008-04-09,6.0,7.0,5.0,6.0,3159108697135,813342697,1717,6.0,6.0,1387-01-21
2008-04-12,6.0,6.0,5.0,6.0,17316658733,5278603,389,6.0,6.0,1387-01-24
2008-04-13,5.0,5.0,5.0,5.0,5142224537,1593180,223,6.0,5.0,1387-01-25
2008-04-14,5.0,6.0,5.0,5.0,6195124821,1901010,350,5.0,5.0,1387-01-26
2008-04-15,6.0,6.0,5.0,6.0,12729273960,3824045,318,5.0,6.0,1387-01-27
2008-04-16,6.0,7.0,6.0,6.0,3178045594286,791147440,233,6.0,6.0,1387-01-28
2008-04-19,6.0,6.0,6.0,6.0,9902966408,2959373,290,6.0,6.0,1387-01-31
2008-04-20,6.0,6.0,5.0,6.0,10992944652,3312603,369,6.0,6.0,1387-02-01
2008-04-21,5.0,6.0,5.0,6.0,2666816132,815990,144,6.0,6.0,1387-02-02
2008-04-22,5.0,6.0,5.0,6.0,3769061481,1151419,199,6.0,6.0,1387-02-03
2008-04-23,5.0,6.0,5.0,6.0,4321974235,1314209,217,6.0,6.0,1387-02-04
2008-04-26,6.0,6.0,5.0,6.0,3262670630,995760,186,6.0,6.0,1387-02-07
2008-04-27,5.0,6.0,5.0,6.0,5195886633,1593493,263,6.0,6.0,1387-02-08
2008-04-28,5.0,6.0,5.0,6.0,21226122882,6431403,593,6.0,6.0,1387-02-09
2008-04-29,6.0,6.0,6.0,6.0,29291415153,8835772,298,6.0,6.0,1387-02-10
2008-04-30,6.0,6.0,5.0,6.0,31440502276,9486806,635,6.0,6.0,1387-02-11
2008-05-03,6.0,6.0,5.0,6.0,11846990993,3639167,288,6.0,6.0,1387-02-14
2008-05-04,5.0,5.0,5.0,5.0,2922412739,904584,205,6.0,5.0,1387-02-15
2008-05-05,5.0,6.0,5.0,5.0,1288587827,393833,105,5.0,5.0,1387-02-16
2008-05-06,6.0,6.0,5.0,5.0,3354924633,1012875,152,5.0,5.0,1387-02-17
2008-05-07,6.0,6.0,6.0,6.0,4126210458,1248203,217,5.0,6.0,1387-02-18
2008-05-10,6.0,6.0,6.0,6.0,9155286523,2771880,312,6.0,6.0,1387-02-21
2008-05-11,6.0,6.0,6.0,6.0,28124027318,8481101,615,6.0,6.0,1387-02-22
2008-05-12,6.0,6.0,6.0,6.0,11778670068,3452581,437,6.0,6.0,1387-02-23
2008-05-13,6.0,6.0,6.0,6.0,3926810038,1131972,112,6.0,6.0,1387-02-24
2008-05-14,6.0,6.0,6.0,6.0,7329537337,2101961,239,6.0,6.0,1387-02-25
2008-05-17,6.0,6.0,6.0,6.0,10790826340,3063835,316,6.0,6.0,1387-02-28
2008-05-18,6.0,6.0,6.0,6.0,9824027224,2749518,292,6.0,6.0,1387-02-29
2008-05-19,6.0,6.0,6.0,6.0,40954054452,11598838,1338,6.0,6.0,1387-02-30
2008-05-20,6.0,6.0,5.0,6.0,72748793754,22545629,777,6.0,6.0,1387-02-31
2008-05-25,6.0,6.0,6.0,6.0,44644943191,11919131,1294,6.0,6.0,1387-03-05
2008-05-26,6.0,6.0,5.0,6.0,56699300506,15674277,779,6.0,6.0,1387-03-06
2008-05-27,7.0,7.0,7.0,7.0,87893523973,22158272,1747,6.0,7.0,1387-03-07
2008-05-28,7.0,7.0,7.0,7.0,51959092358,12735139,861,7.0,7.0,1387-03-08
2008-05-31,7.0,7.0,7.0,7.0,111932317795,26644580,1768,7.0,7.0,1387-03-11
2008-06-01,7.0,7.0,7.0,7.0,8134035249,1984729,345,7.0,7.0,1387-03-12
2008-06-02,7.0,7.0,7.0,7.0,36715909118,8997842,1212,7.0,7.0,1387-03-13
2008-06-08,7.0,7.0,7.0,7.0,15947188733,3823992,618,7.0,7.0,1387-03-19
2008-06-09,7.0,7.0,7.0,7.0,21900950384,5143483,395,7.0,7.0,1387-03-20
2008-06-10,7.0,7.0,7.0,7.0,7881858284,1806937,249,7.0,7.0,1387-03-21
2008-06-11,7.0,7.0,7.0,7.0,5058892940,1150010,197,7.0,7.0,1387-03-22
2008-06-14,7.0,7.0,7.0,7.0,4928835324,1114617,181,7.0,7.0,1387-03-25
2008-06-15,7.0,7.0,7.0,7.0,5335243410,1200010,210,7.0,7.0,1387-03-26
2008-06-16,7.0,7.0,7.0,7.0,23472794490,5250010,1041,7.0,7.0,1387-03-27
2008-06-17,8.0,8.0,8.0,8.0,24240795860,5290440,1087,7.0,8.0,1387-03-28
2008-06-18,8.0,8.0,5.0,8.0,216010784502,46248116,3834,8.0,8.0,1387-03-29
2008-06-21,8.0,8.0,8.0,8.0,54443204400,11257900,1360,8.0,8.0,1387-04-01
2008-06-22,8.0,8.0,5.0,8.0,441942929443,95807319,5395,8.0,8.0,1387-04-02
2008-07-05,10.0,10.0,8.0,10.0,1037336243253,216134721,4944,8.0,10.0,1387-04-15
2008-07-06,10.0,10.0,10.0,10.0,142595974979,23503417,2089,10.0,10.0,1387-04-16
2008-07-07,10.0,10.0,10.0,10.0,232232070176,37929471,3413,10.0,10.0,1387-04-17
2008-07-08,10.0,10.0,10.0,10.0,5445031174,916826,142,10.0,10.0,1387-04-18
2008-07-09,10.0,10.0,5.0,10.0,60229426659,18731695,541,10.0,10.0,1387-04-19
2008-07-12,10.0,10.0,10.0,10.0,22261023,3767,10,10.0,10.0,1387-04-22
2008-07-13,10.0,10.0,10.0,10.0,569446211,96369,53,10.0,10.0,1387-04-23
2008-07-14,10.0,10.0,10.0,10.0,938116716,158841,66,10.0,10.0,1387-04-24
2008-07-15,10.0,10.0,10.0,10.0,252077537166,42717766,2677,10.0,10.0,1387-04-25
2008-07-19,10.0,10.0,10.0,10.0,146582834347,25187039,2944,10.0,10.0,1387-04-29
2008-07-20,10.0,10.0,9.0,10.0,29044689088,5115982,509,10.0,10.0,1387-04-30
2008-07-21,9.0,10.0,9.0,10.0,619199710,111910,48,10.0,10.0,1387-04-31
2008-07-22,9.0,10.0,9.0,10.0,1143351270,206754,44,10.0,10.0,1387-05-01
2008-07-23,9.0,9.0,9.0,9.0,17336240885,3137781,186,10.0,9.0,1387-05-02
2008-07-26,9.0,9.0,9.0,9.0,1884721985,346265,41,9.0,9.0,1387-05-05
2008-08-02,9.0,9.0,9.0,9.0,55656708,10242,8,9.0,9.0,1387-05-12
2008-08-03,9.0,9.0,9.0,9.0,37159372,6838,19,9.0,9.0,1387-05-13
2008-08-04,9.0,9.0,9.0,9.0,8370040,1540,8,9.0,9.0,1387-05-14
2008-08-05,9.0,9.0,9.0,9.0,32768700,6030,5,9.0,9.0,1387-05-15
2008-08-06,9.0,9.0,9.0,9.0,659194,121,3,9.0,9.0,1387-05-16
2008-08-09,9.0,9.0,9.0,9.0,37550620,6910,6,9.0,9.0,1387-05-19
2008-08-10,9.0,9.0,9.0,9.0,1021093702,187908,22,9.0,9.0,1387-05-20
2008-08-11,9.0,9.0,9.0,9.0,60263810,11098,11,9.0,9.0,1387-05-21
2008-08-12,9.0,9.0,9.0,9.0,10030880,1847,3,9.0,9.0,1387-05-22
2008-08-13,9.0,9.0,9.0,9.0,6896100,1270,2,9.0,9.0,1387-05-23
2008-08-16,9.0,9.0,5.0,9.0,163714998289,51175707,620,9.0,9.0,1387-05-26
2008-08-18,9.0,9.0,9.0,9.0,16489970,3227,4,9.0,9.0,1387-05-28
2008-08-19,8.0,8.0,8.0,8.0,45703540,9220,3,9.0,8.0,1387-05-29
2008-08-20,8.0,8.0,8.0,8.0,66162222,13758,5,8.0,8.0,1387-05-30
2008-08-23,8.0,8.0,8.0,8.0,139181705,29835,22,8.0,8.0,1387-06-02
2008-08-24,8.0,8.0,8.0,8.0,16958304,3636,4,8.0,8.0,1387-06-03
2008-08-25,8.0,8.0,8.0,8.0,284504850,62874,12,8.0,8.0,1387-06-04
2008-08-26,7.0,7.0,7.0,7.0,54168306580,12339022,396,8.0,7.0,1387-06-05
2008-08-27,7.0,7.0,7.0,7.0,17055617434,4004606,118,7.0,7.0,1387-06-06
2008-08-30,7.0,7.0,7.0,7.0,4255331682,1018509,61,7.0,7.0,1387-06-09
2008-08-31,7.0,7.0,5.0,7.0,48295194541,15099302,259,7.0,7.0,1387-06-10
2008-09-01,7.0,7.0,7.0,7.0,8599642988,2068216,70,7.0,7.0,1387-06-11
2008-09-02,7.0,7.0,7.0,7.0,34551568438,8392414,325,7.0,7.0,1387-06-12
2008-09-03,7.0,7.0,7.0,7.0,131707131077,32810518,3206,7.0,7.0,1387-06-13
2008-09-06,7.0,7.0,7.0,7.0,28131887545,7179745,646,7.0,7.0,1387-06-16
2008-09-07,6.0,6.0,6.0,6.0,72163079688,18985288,901,7.0,6.0,1387-06-17
2008-09-08,6.0,6.0,6.0,6.0,28276934120,7663666,537,6.0,6.0,1387-06-18
2008-09-13,5.0,6.0,5.0,6.0,13446772346,4206058,108,6.0,6.0,1387-06-23
2008-10-26,4.0,4.0,4.0,4.0,42174254218,18805891,1536,6.0,4.0,1387-08-05
2008-10-27,4.0,4.0,4.0,4.0,5269750213,2283436,282,4.0,4.0,1387-08-06
2008-10-28,4.0,4.0,4.0,4.0,1197087272,513331,70,4.0,4.0,1387-08-07
2008-10-29,4.0,4.0,4.0,4.0,811759974,347203,59,4.0,4.0,1387-08-08
2008-11-01,4.0,4.0,4.0,4.0,2175560506,928933,98,4.0,4.0,1387-08-11
2008-11-02,4.0,4.0,4.0,4.0,1335323860,567740,56,4.0,4.0,1387-08-12
2008-11-03,4.0,4.0,4.0,4.0,2762665262,1171614,127,4.0,4.0,1387-08-13
2008-11-04,4.0,4.0,4.0,4.0,58222565889,24550601,1669,4.0,4.0,1387-08-14
2008-11-05,4.0,4.0,4.0,4.0,19179322420,7856015,672,4.0,4.0,1387-08-15
2008-11-08,4.0,4.0,4.0,4.0,42311029326,17691718,1351,4.0,4.0,1387-08-18
2008-11-09,4.0,4.0,4.0,4.0,35017472448,15080798,941,4.0,4.0,1387-08-19
2008-11-10,4.0,5.0,4.0,4.0,101055942264,32677258,861,4.0,4.0,1387-08-20
2008-11-11,4.0,4.0,4.0,4.0,9293751985,4106443,287,4.0,4.0,1387-08-21
2008-11-12,4.0,4.0,4.0,4.0,3341235818,1424695,105,4.0,4.0,1387-08-22
2008-11-15,4.0,4.0,4.0,4.0,15193600748,6432097,522,4.0,4.0,1387-08-25
2008-11-16,4.0,5.0,4.0,4.0,153507167384,49061554,883,4.0,4.0,1387-08-26
2008-11-17,4.0,4.0,4.0,4.0,23719370613,9742739,799,4.0,4.0,1387-08-27
2008-11-18,4.0,4.0,4.0,4.0,1716417034,724838,78,4.0,4.0,1387-08-28
2008-11-19,4.0,4.0,4.0,4.0,798047012,338012,45,4.0,4.0,1387-08-29
2008-11-22,4.0,4.0,4.0,4.0,2697872287,1144621,67,4.0,4.0,1387-09-02
2008-11-23,4.0,5.0,4.0,4.0,79311762191,24826947,332,4.0,4.0,1387-09-03
2008-11-24,4.0,4.0,4.0,4.0,161470898,68916,21,4.0,4.0,1387-09-04
2008-11-25,4.0,4.0,4.0,4.0,156104378,66654,17,4.0,4.0,1387-09-05
2008-11-26,4.0,4.0,4.0,4.0,295781378,126348,20,4.0,4.0,1387-09-06
2008-11-29,4.0,5.0,4.0,4.0,122693235343,38410161,295,4.0,4.0,1387-09-09
2008-11-30,4.0,4.0,4.0,4.0,233924100,100010,15,4.0,4.0,1387-09-10
2008-12-01,4.0,4.0,4.0,4.0,300845198,128676,13,4.0,4.0,1387-09-11
2008-12-02,4.0,4.0,4.0,4.0,66728361,28553,9,4.0,4.0,1387-09-12
2008-12-03,4.0,4.0,4.0,4.0,53619084,23652,46,4.0,4.0,1387-09-13
2008-12-06,4.0,4.0,4.0,4.0,21932826,9974,4,4.0,4.0,1387-09-16
2008-12-07,4.0,4.0,4.0,4.0,12804000,6000,2,4.0,4.0,1387-09-17
2008-12-08,3.0,3.0,3.0,3.0,101225070,48901,7,4.0,3.0,1387-09-18
2008-12-10,3.0,3.0,3.0,3.0,12728693928,6338991,209,3.0,3.0,1387-09-20
2008-12-13,3.0,3.0,3.0,3.0,45545413681,23379522,1174,3.0,3.0,1387-09-23
2008-12-14,3.0,3.0,3.0,3.0,14057709080,7434850,485,3.0,3.0,1387-09-24
2008-12-15,3.0,3.0,3.0,3.0,5564589662,2980938,253,3.0,3.0,1387-09-25
2008-12-16,3.0,3.0,3.0,3.0,3086551489,1611583,192,3.0,3.0,1387-09-26
2008-12-20,3.0,3.0,3.0,3.0,3473120143,1797719,162,3.0,3.0,1387-09-30
2008-12-21,3.0,3.0,3.0,3.0,3349022816,1710452,146,3.0,3.0,1387-10-01
2008-12-22,3.0,3.0,3.0,3.0,252032993,127741,14,3.0,3.0,1387-10-02
2008-12-23,3.0,3.0,3.0,3.0,561664194,284531,23,3.0,3.0,1387-10-03
2008-12-24,3.0,3.0,3.0,3.0,1550515629,784277,65,3.0,3.0,1387-10-04
2008-12-27,3.0,3.0,3.0,3.0,48017639841,24240389,725,3.0,3.0,1387-10-07
2008-12-28,3.0,3.0,3.0,3.0,1823457641,929314,173,3.0,3.0,1387-10-08
2008-12-29,3.0,3.0,3.0,3.0,8620089852,4468611,303,3.0,3.0,1387-10-09
2008-12-30,3.0,3.0,3.0,3.0,6065420507,3167280,205,3.0,3.0,1387-10-10
2008-12-31,3.0,3.0,3.0,3.0,7050767538,3703804,170,3.0,3.0,1387-10-11
2009-01-03,3.0,3.0,3.0,3.0,7048410617,3585874,264,3.0,3.0,1387-10-14
2009-01-04,3.0,3.0,3.0,3.0,2298669391,1149500,152,3.0,3.0,1387-10-15
2009-01-05,3.0,3.0,3.0,3.0,1708573559,850604,107,3.0,3.0,1387-10-16
2009-01-10,3.0,3.0,3.0,3.0,7627872422,3871454,129,3.0,3.0,1387-10-21
2009-01-11,3.0,3.0,3.0,3.0,3027983197,1561626,110,3.0,3.0,1387-10-22
2009-01-12,3.0,3.0,3.0,3.0,1018692520,530360,85,3.0,3.0,1387-10-23
2009-01-13,3.0,3.0,3.0,3.0,2029288887,1062679,144,3.0,3.0,1387-10-24
2009-01-14,3.0,3.0,3.0,3.0,2711075048,1384200,127,3.0,3.0,1387-10-25
2009-01-17,3.0,3.0,3.0,3.0,3868350987,1947009,100,3.0,3.0,1387-10-28
2009-01-18,3.0,3.0,3.0,3.0,1610759752,810076,82,3.0,3.0,1387-10-29
2009-01-19,3.0,3.0,3.0,3.0,1541413641,763741,64,3.0,3.0,1387-10-30
2009-01-20,3.0,3.0,3.0,3.0,749587650,369255,24,3.0,3.0,1387-11-01
2009-01-21,3.0,3.0,3.0,3.0,520517122,256034,23,3.0,3.0,1387-11-02
2009-01-24,3.0,3.0,3.0,3.0,97594245937,48081745,459,3.0,3.0,1387-11-05
2009-01-25,3.0,3.0,3.0,3.0,4939792470,2462301,178,3.0,3.0,1387-11-06
2009-01-26,3.0,3.0,3.0,3.0,4827553590,2426369,138,3.0,3.0,1387-11-07
2009-01-27,3.0,3.0,3.0,3.0,3190351147,1567840,187,3.0,3.0,1387-11-08
2009-01-28,3.0,3.0,3.0,3.0,1542033814,750261,100,3.0,3.0,1387-11-09
2009-01-31,3.0,3.0,3.0,3.0,8008952346,3959110,104,3.0,3.0,1387-11-12
2009-02-01,3.0,3.0,3.0,3.0,4620334828,2295002,95,3.0,3.0,1387-11-13
2009-02-02,3.0,3.0,3.0,3.0,4004265104,2003361,101,3.0,3.0,1387-11-14
2009-02-03,3.0,3.0,3.0,3.0,1175025575,592113,94,3.0,3.0,1387-11-15
2009-02-04,3.0,3.0,3.0,3.0,2084891837,1056928,134,3.0,3.0,1387-11-16
2009-02-07,3.0,3.0,3.0,3.0,1395825557,706712,102,3.0,3.0,1387-11-19
2009-02-08,3.0,3.0,3.0,3.0,7592513953,3910587,231,3.0,3.0,1387-11-20
2009-02-09,3.0,3.0,3.0,3.0,1045685869,547101,92,3.0,3.0,1387-11-21
2009-02-11,3.0,3.0,3.0,3.0,699613749,366283,56,3.0,3.0,1387-11-23
2009-02-14,3.0,3.0,3.0,3.0,1953550870,1024897,97,3.0,3.0,1387-11-26
2009-02-15,3.0,3.0,3.0,3.0,806299171,426530,41,3.0,3.0,1387-11-27
2009-02-17,3.0,3.0,3.0,3.0,3774651716,2001406,143,3.0,3.0,1387-11-29
2009-02-18,3.0,3.0,3.0,3.0,943596423,504867,65,3.0,3.0,1387-11-30
2009-02-21,3.0,3.0,3.0,3.0,432708960,232140,35,3.0,3.0,1387-12-03
2009-02-22,3.0,3.0,3.0,3.0,9701801770,5210335,226,3.0,3.0,1387-12-04
2009-02-23,3.0,3.0,3.0,3.0,1580379448,870253,63,3.0,3.0,1387-12-05
2009-02-25,3.0,3.0,3.0,3.0,74872701,41389,10,3.0,3.0,1387-12-07
2009-02-28,3.0,3.0,3.0,3.0,179291799,99111,17,3.0,3.0,1387-12-10
2009-03-01,3.0,3.0,3.0,3.0,1129634784,624798,50,3.0,3.0,1387-12-11
2009-03-02,3.0,3.0,3.0,3.0,316823160,175720,22,3.0,3.0,1387-12-12
2009-03-03,3.0,3.0,3.0,3.0,69603247,38647,11,3.0,3.0,1387-12-13
2009-03-04,3.0,3.0,3.0,3.0,6401288897,3554297,123,3.0,3.0,1387-12-14
2009-03-07,3.0,3.0,3.0,3.0,6302238096,3558576,129,3.0,3.0,1387-12-17
2009-03-08,3.0,3.0,3.0,3.0,6546964630,3757233,210,3.0,3.0,1387-12-18
2009-03-09,3.0,3.0,3.0,3.0,1464462336,847381,132,3.0,3.0,1387-12-19
2009-03-10,3.0,3.0,3.0,3.0,2720521432,1506646,133,3.0,3.0,1387-12-20
2009-03-11,3.0,3.0,3.0,3.0,806446253,449321,103,3.0,3.0,1387-12-21
2009-03-14,3.0,3.0,3.0,3.0,1656369412,907624,102,3.0,3.0,1387-12-24
2009-03-16,3.0,3.0,3.0,3.0,409087237,223189,50,3.0,3.0,1387-12-26
2009-03-17,3.0,3.0,3.0,3.0,1021964715,556929,43,3.0,3.0,1387-12-27
2009-03-18,3.0,3.0,3.0,3.0,1774016019,1011596,114,3.0,3.0,1387-12-28
2009-03-25,3.0,3.0,3.0,3.0,430073634,243715,17,3.0,3.0,1388-01-05
2009-03-28,3.0,3.0,3.0,3.0,214068792,118532,20,3.0,3.0,1388-01-08
2009-03-29,3.0,3.0,3.0,3.0,533513136,295248,24,3.0,3.0,1388-01-09
2009-03-30,3.0,3.0,3.0,3.0,511008129,282481,23,3.0,3.0,1388-01-10
2009-03-31,3.0,3.0,3.0,3.0,2237348686,1235850,125,3.0,3.0,1388-01-11
2009-04-04,3.0,3.0,3.0,3.0,311822546,171143,18,3.0,3.0,1388-01-15
2009-04-05,3.0,3.0,3.0,3.0,154289605,84635,12,3.0,3.0,1388-01-16
2009-04-06,3.0,3.0,3.0,3.0,959969376,526299,47,3.0,3.0,1388-01-17
2009-04-07,3.0,3.0,3.0,3.0,1018545148,557191,68,3.0,3.0,1388-01-18
2009-04-08,3.0,3.0,3.0,3.0,484062306,264082,22,3.0,3.0,1388-01-19
2009-04-11,3.0,3.0,3.0,3.0,56319820,30692,7,3.0,3.0,1388-01-22
2009-04-12,3.0,3.0,3.0,3.0,1673688820,912092,44,3.0,3.0,1388-01-23
2009-04-13,3.0,3.0,3.0,3.0,4782894059,2601161,369,3.0,3.0,1388-01-24
2009-04-14,3.0,3.0,3.0,3.0,1173881862,652863,80,3.0,3.0,1388-01-25
2009-04-15,3.0,3.0,3.0,3.0,816215076,455277,74,3.0,3.0,1388-01-26
2009-04-18,3.0,3.0,3.0,3.0,16281050563,9219676,186,3.0,3.0,1388-01-29
2009-04-19,3.0,3.0,3.0,3.0,5693839249,3133968,221,3.0,3.0,1388-01-30
2009-04-20,3.0,3.0,3.0,3.0,1674353844,908001,60,3.0,3.0,1388-01-31
2009-04-21,3.0,3.0,3.0,3.0,89933120,48560,7,3.0,3.0,1388-02-01
2009-04-22,3.0,3.0,3.0,3.0,3080043128,1674153,203,3.0,3.0,1388-02-02
2009-04-25,3.0,3.0,3.0,3.0,2081096696,1163156,145,3.0,3.0,1388-02-05
2009-04-26,3.0,3.0,3.0,3.0,1815162847,1009201,110,3.0,3.0,1388-02-06
2009-04-27,3.0,3.0,3.0,3.0,1460204898,815360,122,3.0,3.0,1388-02-07
2009-04-28,3.0,3.0,3.0,3.0,10641829696,5914954,130,3.0,3.0,1388-02-08
2009-04-29,3.0,3.0,3.0,3.0,1016249615,571927,77,3.0,3.0,1388-02-09
2009-05-02,3.0,3.0,3.0,3.0,1137789303,645319,99,3.0,3.0,1388-02-12
2009-05-03,3.0,3.0,3.0,3.0,2382521788,1358340,147,3.0,3.0,1388-02-13
2009-05-04,3.0,3.0,3.0,3.0,3759836863,2080737,204,3.0,3.0,1388-02-14
2009-05-05,3.0,3.0,3.0,3.0,1081376640,586112,41,3.0,3.0,1388-02-15
2009-05-06,3.0,3.0,3.0,3.0,91486200,49452,11,3.0,3.0,1388-02-16
2009-05-09,3.0,3.0,3.0,3.0,142795950,77187,7,3.0,3.0,1388-02-19
2009-05-10,3.0,3.0,3.0,3.0,250958580,135580,10,3.0,3.0,1388-02-20
2009-05-11,3.0,3.0,3.0,3.0,5017247644,2709097,106,3.0,3.0,1388-02-21
2009-05-12,3.0,3.0,3.0,3.0,4718149380,2515005,97,3.0,3.0,1388-02-22
2009-05-13,3.0,3.0,3.0,3.0,5607333524,2954338,107,3.0,3.0,1388-02-23
2009-05-16,3.0,3.0,3.0,3.0,13454470284,7053500,536,3.0,3.0,1388-02-26
2009-05-17,3.0,3.0,3.0,3.0,9473523262,5012489,211,3.0,3.0,1388-02-27
2009-05-18,3.0,3.0,3.0,3.0,4531965627,2462168,234,3.0,3.0,1388-02-28
2009-05-19,3.0,3.0,3.0,3.0,3746544650,1969515,142,3.0,3.0,1388-02-29
2009-05-20,3.0,3.0,3.0,3.0,2511906357,1324885,172,3.0,3.0,1388-02-30
2009-05-23,3.0,3.0,3.0,3.0,3006809165,1574071,149,3.0,3.0,1388-03-02
2009-05-24,3.0,3.0,3.0,3.0,12607557404,6692340,139,3.0,3.0,1388-03-03
2009-05-25,3.0,3.0,3.0,3.0,20916597366,11212616,107,3.0,3.0,1388-03-04
2009-05-26,3.0,3.0,3.0,3.0,43530139400,23277384,102,3.0,3.0,1388-03-05
2009-05-27,3.0,3.0,3.0,3.0,3416449483,1809850,144,3.0,3.0,1388-03-06
2009-05-30,3.0,3.0,3.0,3.0,6367947727,3388959,181,3.0,3.0,1388-03-09
2009-05-31,3.0,3.0,3.0,3.0,15915460843,8457775,688,3.0,3.0,1388-03-10
2009-06-01,3.0,3.0,3.0,3.0,56817725842,29855571,203,3.0,3.0,1388-03-11
2009-06-02,3.0,3.0,3.0,3.0,5659215800,2887355,121,3.0,3.0,1388-03-12
2009-06-03,3.0,3.0,3.0,3.0,18599932650,9365525,339,3.0,3.0,1388-03-13
2009-06-06,3.0,3.0,3.0,3.0,92080076321,45028304,1321,3.0,3.0,1388-03-16
2009-06-07,4.0,4.0,3.0,3.0,112619748590,54450733,964,3.0,4.0,1388-03-17
2009-06-08,4.0,4.0,4.0,4.0,9405809014,4426340,253,3.0,4.0,1388-03-18
2009-06-09,4.0,4.0,4.0,4.0,3097257150,1426650,63,4.0,4.0,1388-03-19
2009-06-10,4.0,4.0,4.0,4.0,7407611035,3390211,160,4.0,4.0,1388-03-20
2009-06-13,4.0,4.0,4.0,4.0,41974902483,19189087,1312,4.0,4.0,1388-03-23
2009-06-14,4.0,4.0,4.0,4.0,47748793361,22498389,947,4.0,4.0,1388-03-24
2009-06-23,4.0,4.0,4.0,4.0,25832263208,15236944,982,4.0,4.0,1388-04-02
2009-06-24,4.0,4.0,4.0,4.0,3328902588,2004220,223,4.0,4.0,1388-04-03
2009-06-27,4.0,4.0,4.0,4.0,495802986,303429,30,4.0,4.0,1388-04-06
2009-06-28,4.0,4.0,4.0,4.0,230821920,141435,26,4.0,4.0,1388-04-07
2009-06-29,4.0,4.0,4.0,4.0,194413569,119199,24,4.0,4.0,1388-04-08
2009-06-30,4.0,4.0,4.0,4.0,464403300,284910,32,4.0,4.0,1388-04-09
2009-07-01,4.0,4.0,4.0,4.0,8716258276,5353967,155,4.0,4.0,1388-04-10
2009-07-04,4.0,4.0,4.0,4.0,9464982264,5964072,160,4.0,4.0,1388-04-13
2009-07-05,4.0,4.0,4.0,4.0,46188493803,29690819,1590,4.0,4.0,1388-04-14
2009-07-07,4.0,4.0,4.0,4.0,6373568214,3978507,170,4.0,4.0,1388-04-16
2009-07-11,4.0,4.0,4.0,4.0,19597245950,12457812,816,4.0,4.0,1388-04-20
2009-07-12,4.0,4.0,4.0,4.0,13251292615,8668889,476,4.0,4.0,1388-04-21
2009-07-13,4.0,4.0,3.0,4.0,7509328364,5017785,404,4.0,4.0,1388-04-22
2009-07-14,4.0,4.0,3.0,3.0,12222109654,8162902,424,4.0,4.0,1388-04-23
2009-07-15,4.0,4.0,3.0,4.0,10172812354,6649509,396,3.0,4.0,1388-04-24
2009-07-18,4.0,4.0,4.0,4.0,2555857991,1623278,142,4.0,4.0,1388-04-27
2009-07-19,4.0,4.0,4.0,4.0,4183852536,2636328,134,4.0,4.0,1388-04-28
2009-07-21,4.0,4.0,4.0,4.0,6437002176,4008096,236,4.0,4.0,1388-04-30
2009-07-22,4.0,4.0,4.0,4.0,12051498101,7474107,607,4.0,4.0,1388-04-31
2009-07-25,4.0,4.0,4.0,4.0,2760717231,1723433,169,4.0,4.0,1388-05-03
2009-07-26,4.0,4.0,4.0,4.0,3943841757,2497511,285,4.0,4.0,1388-05-04
2009-07-27,4.0,4.0,4.0,4.0,10349016249,6674326,455,4.0,4.0,1388-05-05
2009-07-28,4.0,4.0,4.0,4.0,6416998925,4175226,339,4.0,4.0,1388-05-06
2009-07-29,4.0,4.0,4.0,4.0,2838358839,1794766,124,4.0,4.0,1388-05-07
2009-08-01,4.0,4.0,4.0,4.0,7896336870,4939066,319,4.0,4.0,1388-05-10
2009-08-02,4.0,4.0,4.0,4.0,6086224296,3720186,207,4.0,4.0,1388-05-11
2009-08-03,4.0,4.0,4.0,4.0,26265137746,15842662,878,4.0,4.0,1388-05-12
2009-08-04,4.0,4.0,4.0,4.0,5804662594,3580073,234,4.0,4.0,1388-05-13
2009-08-05,4.0,4.0,4.0,4.0,8278836046,4929741,288,4.0,4.0,1388-05-14
2009-08-08,4.0,4.0,4.0,4.0,3186470280,1852599,100,4.0,4.0,1388-05-17
2009-08-09,4.0,4.0,4.0,4.0,4549117950,2621970,117,4.0,4.0,1388-05-18
2009-08-10,4.0,4.0,4.0,4.0,35037336733,19941569,823,4.0,4.0,1388-05-19
2009-08-11,4.0,4.0,4.0,4.0,5437398132,3005748,161,4.0,4.0,1388-05-20
2009-08-12,4.0,4.0,4.0,4.0,2715649530,1479918,72,4.0,4.0,1388-05-21
2009-08-15,4.0,4.0,4.0,4.0,6016624664,3257512,145,4.0,4.0,1388-05-24
2009-08-16,4.0,4.0,4.0,4.0,6842701875,3649441,153,4.0,4.0,1388-05-25
2009-08-17,4.0,4.0,4.0,4.0,5703520438,2990834,120,4.0,4.0,1388-05-26
2009-08-18,5.0,5.0,4.0,5.0,91116674159,47165484,2469,4.0,5.0,1388-05-27
2009-08-19,5.0,5.0,4.0,4.0,14065236369,7325706,578,5.0,4.0,1388-05-28
2009-08-22,5.0,5.0,5.0,5.0,8675764276,4392924,261,4.0,5.0,1388-05-31
2009-08-23,5.0,5.0,5.0,5.0,8558990496,4245531,207,5.0,5.0,1388-06-01
2009-08-24,5.0,5.0,5.0,5.0,6227809040,3029090,143,5.0,5.0,1388-06-02
2009-08-25,5.0,5.0,5.0,5.0,7928026935,3802411,177,5.0,5.0,1388-06-03
2009-08-26,5.0,5.0,5.0,5.0,5044061904,2377032,119,5.0,5.0,1388-06-04
2009-08-29,5.0,5.0,5.0,5.0,76767805790,36344526,1863,5.0,5.0,1388-06-07
2009-08-30,5.0,5.0,5.0,5.0,5490311434,2677845,224,5.0,5.0,1388-06-08
2009-08-31,5.0,5.0,5.0,5.0,47378104459,23362664,1465,5.0,5.0,1388-06-09
2009-09-01,5.0,5.0,5.0,5.0,38995515967,18753686,1225,5.0,5.0,1388-06-10
2009-09-02,5.0,5.0,5.0,5.0,18952890434,9102570,655,5.0,5.0,1388-06-11
2009-09-05,5.0,5.0,5.0,5.0,23383447992,11516772,776,5.0,5.0,1388-06-14
2009-09-06,5.0,5.0,5.0,5.0,20352269586,10283264,586,5.0,5.0,1388-06-15
2009-09-07,4.0,5.0,4.0,5.0,27039732606,13763683,901,5.0,5.0,1388-06-16
2009-09-08,5.0,5.0,5.0,5.0,9774047626,4831462,215,5.0,5.0,1388-06-17
2009-09-09,5.0,5.0,5.0,5.0,3431254428,1658412,99,5.0,5.0,1388-06-18
2009-09-13,5.0,5.0,5.0,5.0,7154733795,3431527,156,5.0,5.0,1388-06-22
2009-09-14,5.0,5.0,5.0,5.0,89924050040,42457911,2661,5.0,5.0,1388-06-23
2009-09-19,5.0,5.0,5.0,5.0,5080996578,2430677,278,5.0,5.0,1388-06-28
2009-09-21,5.0,5.0,5.0,5.0,11867067969,5632460,554,5.0,5.0,1388-06-30
2009-09-22,5.0,5.0,5.0,5.0,40845965205,18871830,1324,5.0,5.0,1388-06-31
2009-09-23,5.0,5.0,5.0,5.0,28003438054,12593172,772,5.0,5.0,1388-07-01
2009-09-26,5.0,5.0,5.0,5.0,30538486562,13828388,954,5.0,5.0,1388-07-04
2009-09-27,5.0,5.0,5.0,5.0,19312324413,8995792,645,5.0,5.0,1388-07-05
2009-09-28,5.0,5.0,5.0,5.0,13763301562,6581281,528,5.0,5.0,1388-07-06
2009-09-29,5.0,5.0,5.0,5.0,13328998374,6324901,548,5.0,5.0,1388-07-07
2009-09-30,5.0,5.0,5.0,5.0,24752749496,11902124,601,5.0,5.0,1388-07-08
2009-10-03,5.0,5.0,5.0,5.0,27066981494,12636625,558,5.0,5.0,1388-07-11
2009-10-04,5.0,5.0,5.0,5.0,100444095293,45586064,2112,5.0,5.0,1388-07-12
2009-10-05,5.0,5.0,5.0,5.0,31658865890,14525370,947,5.0,5.0,1388-07-13
2009-10-06,5.0,5.0,5.0,5.0,30019228057,14073992,1052,5.0,5.0,1388-07-14
2009-10-07,5.0,5.0,5.0,5.0,16833400473,7746576,739,5.0,5.0,1388-07-15
2009-10-10,5.0,5.0,5.0,5.0,19440498544,9148945,728,5.0,5.0,1388-07-18
2009-10-11,5.0,5.0,5.0,5.0,7693179294,3727005,266,5.0,5.0,1388-07-19
2009-10-12,5.0,5.0,5.0,5.0,643542095,317485,48,5.0,5.0,1388-07-20
2009-10-13,5.0,5.0,5.0,5.0,44089760593,21765356,1265,5.0,5.0,1388-07-21
2009-10-17,5.0,5.0,5.0,5.0,30691933555,15567278,1101,5.0,5.0,1388-07-25
2009-10-18,5.0,5.0,4.0,5.0,11726679308,5998683,560,5.0,5.0,1388-07-26
2009-10-19,5.0,5.0,5.0,5.0,15199994096,7549335,419,5.0,5.0,1388-07-27
2009-10-20,5.0,5.0,5.0,5.0,30375878345,14657331,807,5.0,5.0,1388-07-28
2009-10-21,5.0,5.0,5.0,5.0,27202415378,12841585,838,5.0,5.0,1388-07-29
2009-10-24,5.0,5.0,5.0,5.0,11487910117,5533676,483,5.0,5.0,1388-08-02
2009-10-25,5.0,5.0,5.0,5.0,13466040891,6627898,537,5.0,5.0,1388-08-03
2009-10-26,5.0,5.0,5.0,5.0,6956489941,3420262,383,5.0,5.0,1388-08-04
2009-10-27,5.0,5.0,5.0,5.0,9676987332,4694017,489,5.0,5.0,1388-08-05
2009-10-28,5.0,5.0,5.0,5.0,10906957248,5317873,488,5.0,5.0,1388-08-06
2009-10-31,5.0,5.0,5.0,5.0,13458401622,6678316,568,5.0,5.0,1388-08-09
2009-11-01,5.0,5.0,5.0,5.0,18860057278,9612086,763,5.0,5.0,1388-08-10
2009-11-02,5.0,5.0,4.0,4.0,27446245535,14399772,1009,5.0,4.0,1388-08-11
2009-11-03,4.0,5.0,4.0,4.0,11901551840,6283461,416,4.0,4.0,1388-08-12
2009-11-04,5.0,5.0,4.0,5.0,12232768716,6276848,264,4.0,5.0,1388-08-13
2009-12-15,4.0,4.0,4.0,4.0,33396052298,19901653,1097,5.0,4.0,1388-09-24
2009-12-16,4.0,4.0,4.0,4.0,15193899033,9319561,591,4.0,4.0,1388-09-25
2009-12-19,4.0,4.0,4.0,4.0,14377192209,9035189,524,4.0,4.0,1388-09-28
2009-12-20,4.0,4.0,4.0,4.0,5032284526,3057281,82,4.0,4.0,1388-09-29
2009-12-21,4.0,4.0,4.0,4.0,36298403503,21585734,651,4.0,4.0,1388-09-30
2009-12-22,4.0,4.0,4.0,4.0,11099288266,6595430,610,4.0,4.0,1388-10-01
2009-12-23,4.0,4.0,4.0,4.0,6828359698,4091733,321,4.0,4.0,1388-10-02
2009-12-28,4.0,4.0,4.0,4.0,5359651620,3308041,234,4.0,4.0,1388-10-07
2009-12-29,4.0,4.0,4.0,4.0,3943807887,2457130,211,4.0,4.0,1388-10-08
2009-12-30,4.0,4.0,4.0,4.0,5031383882,3029604,296,4.0,4.0,1388-10-09
2010-01-02,4.0,4.0,4.0,4.0,8225866364,4830598,154,4.0,4.0,1388-10-12
2010-01-03,4.0,4.0,4.0,4.0,38683863389,21987690,819,4.0,4.0,1388-10-13
2010-01-04,4.0,4.0,4.0,4.0,7602860891,4372311,336,4.0,4.0,1388-10-14
2010-01-05,4.0,4.0,4.0,4.0,27007110274,15014701,714,4.0,4.0,1388-10-15
2010-01-06,4.0,4.0,4.0,4.0,33064414087,17792573,743,4.0,4.0,1388-10-16
2010-01-09,4.0,4.0,4.0,4.0,1650639741,858367,43,4.0,4.0,1388-10-19
2010-01-10,5.0,5.0,4.0,5.0,74333968934,38543262,1560,4.0,4.0,1388-10-20
2010-01-11,4.0,5.0,4.0,5.0,46775803412,23574833,1183,5.0,5.0,1388-10-21
2010-01-12,5.0,5.0,5.0,5.0,21342415109,10853296,797,5.0,5.0,1388-10-22
2010-01-13,5.0,5.0,4.0,5.0,11818259748,6121902,481,5.0,5.0,1388-10-23
2010-01-16,5.0,5.0,4.0,5.0,18432910206,9502692,605,5.0,4.0,1388-10-26
2010-01-17,5.0,5.0,4.0,4.0,22368292891,11626510,665,5.0,4.0,1388-10-27
2010-01-18,5.0,5.0,4.0,4.0,8791130270,4615110,477,4.0,4.0,1388-10-28
2010-01-19,4.0,4.0,4.0,4.0,8592457586,4535939,385,4.0,4.0,1388-10-29
2010-01-20,4.0,5.0,4.0,4.0,13879926979,7271525,503,4.0,4.0,1388-10-30
2010-01-26,5.0,5.0,5.0,5.0,35802180394,18286051,1017,4.0,5.0,1388-11-06
2010-01-27,5.0,5.0,4.0,5.0,9194253288,4755187,422,5.0,5.0,1388-11-07
2010-01-30,4.0,4.0,4.0,4.0,39273808145,21030169,893,5.0,4.0,1388-11-10
2010-01-31,4.0,4.0,4.0,4.0,5483931591,2952205,282,4.0,4.0,1388-11-11
2010-02-01,4.0,4.0,4.0,4.0,6114009143,3229445,259,4.0,4.0,1388-11-12
2010-02-02,5.0,5.0,4.0,5.0,22570429851,11602071,588,4.0,4.0,1388-11-13
2010-02-03,5.0,5.0,5.0,5.0,10553926303,5392805,400,5.0,5.0,1388-11-14
2010-02-06,4.0,4.0,4.0,4.0,5974269466,3141101,313,5.0,4.0,1388-11-17
2010-02-07,4.0,4.0,4.0,4.0,5671209397,2986610,243,4.0,4.0,1388-11-18
2010-02-08,4.0,4.0,4.0,4.0,4488586994,2389613,261,4.0,4.0,1388-11-19
2010-02-09,4.0,4.0,4.0,4.0,3906334610,2082556,177,4.0,4.0,1388-11-20
2010-02-10,4.0,5.0,4.0,4.0,13742138263,7228331,415,4.0,4.0,1388-11-21
2010-02-14,5.0,5.0,5.0,5.0,10351410914,5309215,364,4.0,5.0,1388-11-25
2010-02-16,5.0,5.0,5.0,5.0,9537535644,4802770,393,5.0,5.0,1388-11-27
2010-02-17,5.0,5.0,5.0,5.0,4992164076,2558796,274,5.0,5.0,1388-11-28
2010-02-20,5.0,5.0,5.0,5.0,15087616202,7674226,321,5.0,5.0,1388-12-01
2010-02-21,5.0,5.0,5.0,5.0,10044277296,4985179,309,5.0,5.0,1388-12-02
2010-02-22,5.0,5.0,5.0,5.0,68725711522,32991611,1299,5.0,5.0,1388-12-03
2010-02-23,5.0,5.0,5.0,5.0,48117756110,22485175,1236,5.0,5.0,1388-12-04
2010-02-24,5.0,5.0,5.0,5.0,14364109976,6838201,535,5.0,5.0,1388-12-05
2010-02-27,5.0,5.0,5.0,5.0,9094884834,4404431,393,5.0,5.0,1388-12-08
2010-02-28,5.0,5.0,5.0,5.0,7237180710,3498786,325,5.0,5.0,1388-12-09
2010-03-01,5.0,5.0,5.0,5.0,10794049054,5211609,369,5.0,5.0,1388-12-10
2010-03-02,5.0,5.0,5.0,5.0,21400997558,10072273,680,5.0,5.0,1388-12-11
2010-03-03,5.0,5.0,5.0,5.0,29164147791,13714406,478,5.0,5.0,1388-12-12
2010-03-06,5.0,5.0,5.0,5.0,29573012865,13504064,827,5.0,5.0,1388-12-15
2010-03-07,5.0,5.0,5.0,5.0,12690452998,5836266,501,5.0,5.0,1388-12-16
2010-03-08,5.0,5.0,5.0,5.0,25507945699,11623456,723,5.0,5.0,1388-12-17
2010-03-09,5.0,5.0,5.0,5.0,24563075601,10826279,613,5.0,5.0,1388-12-18
2010-03-10,5.0,5.0,5.0,5.0,29721615626,13108913,788,5.0,5.0,1388-12-19
2010-03-13,5.0,5.0,5.0,5.0,26976594049,11757753,845,5.0,5.0,1388-12-22
2010-03-14,5.0,5.0,5.0,5.0,22714084992,9791891,615,5.0,5.0,1388-12-23
2010-03-15,5.0,5.0,5.0,5.0,22500706189,9800541,665,5.0,5.0,1388-12-24
2010-03-16,5.0,5.0,5.0,5.0,20483198867,9234365,471,5.0,5.0,1388-12-25
2010-03-17,5.0,5.0,5.0,5.0,26555658065,11786466,696,5.0,5.0,1388-12-26
2010-03-27,5.0,5.0,5.0,5.0,355104540,152340,26,5.0,5.0,1389-01-07
2010-03-28,5.0,5.0,5.0,5.0,14118366,6049,5,5.0,5.0,1389-01-08
2010-03-29,5.0,5.0,5.0,5.0,3103713522,1329783,25,5.0,5.0,1389-01-09
2010-03-30,6.0,6.0,6.0,5.0,138247478,58654,8,5.0,6.0,1389-01-10
2010-03-31,6.0,6.0,6.0,5.0,943200000,400000,16,5.0,6.0,1389-01-11
2010-04-03,6.0,6.0,6.0,5.0,2452993088,1036768,33,5.0,6.0,1389-01-14
2010-04-04,6.0,6.0,6.0,6.0,131742105620,55284140,646,5.0,6.0,1389-01-15
2010-04-05,6.0,6.0,6.0,6.0,5431143060,2202410,99,6.0,6.0,1389-01-16
2010-04-06,6.0,6.0,6.0,6.0,6671836570,2662345,93,6.0,6.0,1389-01-17
2010-04-07,6.0,6.0,6.0,6.0,18299903895,7162389,118,6.0,6.0,1389-01-18
2010-04-10,6.0,6.0,6.0,6.0,7223019332,2731853,72,6.0,6.0,1389-01-21
2010-04-11,6.0,6.0,6.0,6.0,2549830104,945432,55,6.0,6.0,1389-01-22
2010-04-12,6.0,6.0,6.0,6.0,7055163705,2598587,102,6.0,6.0,1389-01-23
2010-04-13,6.0,6.0,6.0,6.0,14464293276,5227428,166,6.0,6.0,1389-01-24
2010-04-14,7.0,7.0,6.0,7.0,478910462950,167801382,5336,6.0,7.0,1389-01-25
2010-04-17,7.0,7.0,6.0,6.0,93885311553,33899285,1804,7.0,6.0,1389-01-28
2010-04-18,7.0,7.0,7.0,7.0,66692600667,23415608,1804,6.0,7.0,1389-01-29
2010-04-19,7.0,7.0,7.0,7.0,12811837899,4347417,174,7.0,7.0,1389-01-30
2010-04-20,7.0,7.0,7.0,7.0,137983028158,45972425,2671,7.0,7.0,1389-01-31
2010-04-21,7.0,7.0,7.0,7.0,78829141343,27093587,1403,7.0,7.0,1389-02-01
2010-04-24,7.0,7.0,7.0,7.0,21962349085,7818565,229,7.0,7.0,1389-02-04
2010-04-25,6.0,7.0,6.0,6.0,70784700504,26056953,1076,7.0,6.0,1389-02-05
2010-04-26,6.0,6.0,6.0,6.0,56312524648,20760817,1429,6.0,6.0,1389-02-06
2010-04-27,6.0,6.0,6.0,6.0,42812391496,16226066,1239,6.0,6.0,1389-02-07
2010-04-28,6.0,6.0,6.0,6.0,32419916380,12688272,753,6.0,6.0,1389-02-08
2010-05-01,6.0,6.0,6.0,6.0,18043683003,6839472,321,6.0,6.0,1389-02-11
2010-05-02,6.0,6.0,6.0,6.0,25348035550,9517098,746,6.0,6.0,1389-02-12
2010-05-03,6.0,6.0,6.0,6.0,23616286870,9164074,642,6.0,6.0,1389-02-13
2010-05-04,6.0,6.0,6.0,6.0,18912524562,7524416,679,6.0,6.0,1389-02-14
2010-05-05,6.0,6.0,6.0,6.0,23560912890,9705925,599,6.0,6.0,1389-02-15
2010-05-08,5.0,5.0,5.0,6.0,7286123163,3109741,103,6.0,5.0,1389-02-18
2010-05-09,5.0,6.0,5.0,6.0,28144784453,11667253,685,6.0,6.0,1389-02-19
2010-05-10,6.0,6.0,6.0,6.0,10967438976,4394006,214,6.0,6.0,1389-02-20
2010-05-11,6.0,6.0,6.0,6.0,46985360055,18346525,925,6.0,6.0,1389-02-21
2010-05-12,6.0,6.0,6.0,6.0,6951413753,2808034,225,6.0,6.0,1389-02-22
2010-05-15,6.0,6.0,6.0,6.0,58983003610,24136134,1069,6.0,6.0,1389-02-25
2010-05-16,6.0,6.0,6.0,6.0,12536459838,5015766,382,6.0,6.0,1389-02-26
2010-05-18,6.0,6.0,6.0,6.0,13874025264,5690101,428,6.0,6.0,1389-02-28
2010-05-19,6.0,6.0,6.0,6.0,22985304212,9336267,604,6.0,6.0,1389-02-29
2010-05-25,6.0,6.0,6.0,6.0,51051704733,20543303,738,6.0,6.0,1389-03-04
2010-05-26,6.0,6.0,6.0,6.0,18787895603,7806472,519,6.0,6.0,1389-03-05
2010-05-29,6.0,6.0,6.0,6.0,6935121593,2870330,282,6.0,6.0,1389-03-08
2010-05-30,6.0,6.0,5.0,6.0,5415427655,2292418,248,6.0,5.0,1389-03-09
2010-05-31,6.0,6.0,5.0,5.0,7693533093,3292311,258,6.0,5.0,1389-03-10
2010-06-01,5.0,6.0,5.0,6.0,56179543969,23473249,323,5.0,6.0,1389-03-11
2010-06-02,6.0,6.0,5.0,6.0,4952365616,2077131,228,6.0,6.0,1389-03-12
2010-06-06,6.0,6.0,5.0,5.0,11588880667,5019394,396,6.0,5.0,1389-03-16
2010-06-07,5.0,5.0,5.0,5.0,8772293546,3898605,334,5.0,5.0,1389-03-17
2010-06-08,5.0,5.0,5.0,5.0,4143225744,1855960,218,5.0,5.0,1389-03-18
2010-06-09,5.0,5.0,5.0,5.0,5905016224,2642301,273,5.0,5.0,1389-03-19
2010-06-12,5.0,5.0,5.0,5.0,12488648182,5431881,354,5.0,5.0,1389-03-22
2010-06-13,5.0,6.0,5.0,5.0,8163643307,3462869,320,5.0,5.0,1389-03-23
2010-06-14,6.0,6.0,6.0,6.0,10628193512,4433910,455,5.0,6.0,1389-03-24
2010-06-15,6.0,6.0,6.0,6.0,8514480487,3514373,380,6.0,6.0,1389-03-25
2010-06-16,6.0,6.0,5.0,6.0,8139737534,3436685,315,6.0,5.0,1389-03-26
2010-06-19,5.0,6.0,5.0,6.0,3985901571,1701846,226,6.0,5.0,1389-03-29
2010-06-20,6.0,6.0,5.0,5.0,5820993787,2518887,228,6.0,5.0,1389-03-30
2010-06-21,5.0,5.0,5.0,5.0,3381613497,1467982,169,5.0,5.0,1389-03-31
2010-06-22,5.0,6.0,5.0,5.0,12373658891,5289691,189,5.0,5.0,1389-04-01
2010-06-23,6.0,6.0,5.0,5.0,5076391482,2171224,197,5.0,5.0,1389-04-02
2010-06-28,6.0,6.0,6.0,6.0,5860877537,2445567,229,5.0,6.0,1389-04-07
2010-06-29,6.0,6.0,6.0,6.0,12974203585,5377651,413,6.0,6.0,1389-04-08
2010-06-30,6.0,6.0,6.0,6.0,75159415275,31109696,1416,6.0,6.0,1389-04-09
2010-07-07,6.0,6.0,6.0,6.0,53549581711,25801110,1449,6.0,6.0,1389-04-16
2010-07-11,6.0,6.0,6.0,6.0,14320605789,6681831,463,6.0,6.0,1389-04-20
2010-07-12,6.0,7.0,6.0,6.0,18421134519,8486006,625,6.0,6.0,1389-04-21
2010-07-13,6.0,6.0,6.0,6.0,33640868496,15816998,377,6.0,6.0,1389-04-22
2010-07-14,6.0,6.0,6.0,6.0,118359929949,55586329,522,6.0,6.0,1389-04-23
2010-07-17,6.0,6.0,6.0,6.0,54158216654,25347598,454,6.0,6.0,1389-04-26
2010-07-18,6.0,6.0,6.0,6.0,8182774676,3809028,327,6.0,6.0,1389-04-27
2010-07-19,6.0,6.0,6.0,6.0,9814313433,4563252,302,6.0,6.0,1389-04-28
2010-07-20,6.0,6.0,6.0,6.0,8867381987,4117283,354,6.0,6.0,1389-04-29
2010-07-21,6.0,7.0,6.0,6.0,19880228922,9088567,860,6.0,6.0,1389-04-30
2010-07-24,7.0,7.0,7.0,7.0,32164435409,14165491,833,6.0,7.0,1389-05-02
2010-07-25,7.0,7.0,7.0,7.0,94101829389,40398663,1236,7.0,7.0,1389-05-03
2010-07-26,7.0,7.0,7.0,7.0,25291769213,10892722,745,7.0,7.0,1389-05-04
2010-07-28,7.0,7.0,7.0,7.0,15486634361,6619858,407,7.0,7.0,1389-05-06
2010-07-31,7.0,7.0,7.0,7.0,17080201493,7082764,498,7.0,7.0,1389-05-09
2010-08-01,7.0,7.0,7.0,7.0,54345641485,22105504,1271,7.0,7.0,1389-05-10
2010-08-02,8.0,8.0,7.0,8.0,26628230870,10426096,411,7.0,8.0,1389-05-11
2010-08-03,8.0,8.0,8.0,8.0,61657729609,23384438,1086,8.0,8.0,1389-05-12
2010-08-04,8.0,8.0,8.0,8.0,43810314741,16597088,1134,8.0,8.0,1389-05-13
2010-08-07,8.0,8.0,8.0,8.0,30053259776,11177249,608,8.0,8.0,1389-05-16
2010-08-08,8.0,8.0,8.0,8.0,32681293224,12295814,787,8.0,8.0,1389-05-17
2010-08-09,8.0,8.0,8.0,8.0,26503293118,10294157,803,8.0,8.0,1389-05-18
2010-08-10,7.0,8.0,7.0,8.0,25864299975,10045162,618,8.0,8.0,1389-05-19
2010-08-11,8.0,8.0,8.0,8.0,32596069163,12528825,550,8.0,8.0,1389-05-20
2010-08-14,8.0,8.0,7.0,7.0,10226937819,4077836,205,8.0,7.0,1389-05-23
2010-08-15,7.0,7.0,7.0,7.0,13847217266,5661717,421,7.0,7.0,1389-05-24
2010-08-16,7.0,7.0,7.0,7.0,9764067260,3860118,341,7.0,7.0,1389-05-25
2010-08-17,8.0,8.0,8.0,8.0,9579992651,3713426,300,7.0,8.0,1389-05-26
2010-08-18,8.0,8.0,8.0,8.0,46099680106,17790334,557,8.0,8.0,1389-05-27
2010-08-21,7.0,8.0,7.0,8.0,6361153789,2512191,211,8.0,7.0,1389-05-30
2010-08-22,7.0,7.0,7.0,7.0,5147707112,2047927,221,8.0,7.0,1389-05-31
2010-08-23,8.0,8.0,8.0,8.0,15972623810,6097488,398,7.0,8.0,1389-06-01
2010-08-24,8.0,8.0,8.0,8.0,19026290160,7267479,493,8.0,8.0,1389-06-02
2010-08-25,8.0,8.0,8.0,8.0,19692989543,7434108,483,8.0,8.0,1389-06-03
2010-08-28,8.0,8.0,8.0,8.0,11940555414,4464210,306,8.0,8.0,1389-06-06
2010-08-29,8.0,8.0,8.0,8.0,38501862316,13941422,718,8.0,8.0,1389-06-07
2010-08-30,8.0,8.0,8.0,8.0,51528946946,18074914,941,8.0,8.0,1389-06-08
2010-08-31,8.0,9.0,8.0,8.0,42611712032,15006467,1046,8.0,8.0,1389-06-09
2010-09-04,9.0,9.0,9.0,9.0,60627169707,20544788,844,8.0,9.0,1389-06-13
2010-09-05,9.0,9.0,9.0,9.0,111376600516,36744193,1244,9.0,9.0,1389-06-14
2010-09-06,9.0,9.0,9.0,9.0,81220481406,26039709,1364,9.0,9.0,1389-06-15
2010-09-07,9.0,9.0,9.0,9.0,72878757757,24261024,961,9.0,9.0,1389-06-16
2010-09-08,9.0,9.0,9.0,9.0,25057491822,8424538,630,9.0,9.0,1389-06-17
2010-09-12,9.0,9.0,9.0,9.0,15336208164,5231943,392,9.0,9.0,1389-06-21
2010-09-13,9.0,9.0,8.0,8.0,49475167306,17487690,625,9.0,8.0,1389-06-22
2010-09-14,8.0,8.0,8.0,8.0,14746691126,5264085,367,8.0,8.0,1389-06-23
2010-09-15,8.0,8.0,8.0,8.0,13857012509,4969602,307,8.0,8.0,1389-06-24
2010-09-18,8.0,8.0,8.0,8.0,7894501019,2849048,249,8.0,8.0,1389-06-27
2010-09-19,8.0,8.0,8.0,8.0,21455465755,7971443,602,8.0,8.0,1389-06-28
2010-09-20,8.0,8.0,8.0,8.0,12004000960,4529388,336,8.0,8.0,1389-06-29
2010-09-21,8.0,8.0,8.0,8.0,10837761564,3954197,305,8.0,8.0,1389-06-30
2010-09-22,8.0,8.0,8.0,8.0,25787456173,9120985,555,8.0,8.0,1389-06-31
2010-09-25,8.0,8.0,8.0,8.0,15239996350,5428464,320,8.0,8.0,1389-07-03
2010-09-26,8.0,8.0,8.0,8.0,16247398434,5998795,316,8.0,8.0,1389-07-04
2010-09-27,8.0,8.0,8.0,8.0,6463621145,2413626,262,8.0,8.0,1389-07-05
2010-09-28,8.0,8.0,8.0,8.0,13530808749,5017800,322,8.0,8.0,1389-07-06
2010-09-29,8.0,8.0,8.0,8.0,14687087372,5403265,300,8.0,8.0,1389-07-07
2010-10-02,8.0,8.0,8.0,8.0,28478297375,10530826,281,8.0,8.0,1389-07-10
2010-10-03,8.0,8.0,8.0,8.0,20236049947,7494048,190,8.0,8.0,1389-07-11
2010-10-05,8.0,8.0,8.0,8.0,9683340842,3581224,169,8.0,8.0,1389-07-13
2010-10-06,8.0,8.0,8.0,8.0,5936628921,2201628,191,8.0,8.0,1389-07-14
2010-10-09,8.0,8.0,8.0,8.0,17502217191,6372968,317,8.0,8.0,1389-07-17
2010-10-10,8.0,8.0,8.0,8.0,20680664519,7527308,308,8.0,8.0,1389-07-18
2010-10-11,8.0,8.0,8.0,8.0,12679098069,4683800,317,8.0,8.0,1389-07-19
2010-10-12,8.0,8.0,8.0,8.0,24546935141,9412355,310,8.0,8.0,1389-07-20
2010-10-13,7.0,7.0,7.0,7.0,10068318034,4019641,173,8.0,7.0,1389-07-21
2010-10-16,7.0,8.0,7.0,7.0,4817124235,1919828,234,7.0,7.0,1389-07-24
2010-10-17,8.0,8.0,7.0,7.0,2603691631,1008659,153,7.0,8.0,1389-07-25
2010-10-18,8.0,8.0,8.0,8.0,8467507199,3222299,210,7.0,8.0,1389-07-26
2010-10-19,8.0,8.0,7.0,8.0,6143231538,2380336,192,8.0,7.0,1389-07-27
2010-10-20,8.0,8.0,7.0,8.0,1479605953,587194,83,8.0,7.0,1389-07-28
2010-10-23,8.0,8.0,8.0,8.0,3225291647,1232323,99,8.0,8.0,1389-08-01
2010-10-26,8.0,8.0,7.0,7.0,1928620380,760199,63,8.0,7.0,1389-08-04
2010-10-27,7.0,8.0,7.0,7.0,14729844221,5790668,164,7.0,8.0,1389-08-05
2010-10-30,8.0,8.0,8.0,8.0,3564151091,1370034,113,7.0,8.0,1389-08-08
2010-10-31,8.0,8.0,7.0,8.0,1683490283,663794,95,8.0,7.0,1389-08-09
2010-11-01,8.0,8.0,7.0,8.0,1652650912,659256,92,8.0,7.0,1389-08-10
2010-11-02,7.0,8.0,7.0,7.0,4470329059,1800025,152,8.0,7.0,1389-08-11
2010-11-03,8.0,8.0,7.0,7.0,11322442738,4475921,93,7.0,7.0,1389-08-12
2010-11-06,7.0,8.0,7.0,7.0,5189357228,2028595,132,7.0,8.0,1389-08-15
2010-11-07,7.0,7.0,7.0,7.0,2599088200,1039834,96,7.0,7.0,1389-08-16
2010-11-08,7.0,7.0,7.0,7.0,3309852179,1340537,139,7.0,7.0,1389-08-17
2010-11-09,7.0,7.0,7.0,7.0,2686520388,1076067,96,7.0,7.0,1389-08-18
2010-11-10,7.0,7.0,7.0,7.0,2445235304,977312,115,7.0,7.0,1389-08-19
2010-11-13,7.0,7.0,7.0,7.0,2176074807,876589,126,7.0,7.0,1389-08-22
2010-11-16,7.0,7.0,7.0,7.0,5319998679,2139101,122,7.0,7.0,1389-08-25
2010-11-20,7.0,7.0,7.0,7.0,22800817820,9212959,135,7.0,7.0,1389-08-29
2010-11-21,7.0,7.0,7.0,7.0,14030417318,5627295,236,7.0,7.0,1389-08-30
2010-11-22,7.0,8.0,7.0,7.0,56272390660,22333229,174,7.0,7.0,1389-09-01
2010-11-23,7.0,8.0,7.0,7.0,2504299206,996828,103,7.0,8.0,1389-09-02
2010-11-24,7.0,8.0,7.0,7.0,14946841904,5899605,160,7.0,7.0,1389-09-03
2010-11-27,8.0,8.0,8.0,8.0,6682862009,2580318,165,7.0,8.0,1389-09-06
2011-01-26,8.0,8.0,8.0,8.0,205066054,76919,8,8.0,8.0,1389-11-06
2011-01-29,8.0,8.0,8.0,8.0,202733316,75987,5,8.0,8.0,1389-11-09
2011-01-30,8.0,8.0,8.0,8.0,225438780,84434,8,8.0,8.0,1389-11-10
2011-01-31,8.0,8.0,8.0,8.0,24316749760,9100580,165,8.0,8.0,1389-11-11
2011-02-01,8.0,8.0,8.0,8.0,33614588952,12100284,236,8.0,8.0,1389-11-12
2011-02-05,9.0,9.0,9.0,9.0,192219760920,61609211,1192,8.0,9.0,1389-11-16
2011-02-06,10.0,10.0,9.0,10.0,405530743660,125114401,5721,9.0,10.0,1389-11-17
2011-02-19,9.0,9.0,9.0,9.0,57690119717,26174531,1658,10.0,9.0,1389-11-30
2011-02-20,9.0,9.0,9.0,9.0,29851064516,13789877,1116,9.0,9.0,1389-12-01
2011-02-22,9.0,9.0,9.0,9.0,25662806358,11989484,810,9.0,9.0,1389-12-03
2011-02-23,9.0,9.0,9.0,9.0,53323348534,24454283,1006,9.0,9.0,1389-12-04
2011-02-26,9.0,9.0,9.0,9.0,42517133508,18760603,589,9.0,9.0,1389-12-07
2011-02-27,10.0,10.0,10.0,10.0,72371695200,30858299,1679,9.0,10.0,1389-12-08
2011-02-28,10.0,10.0,9.0,9.0,17020030633,7485814,707,10.0,9.0,1389-12-09
2011-03-01,9.0,9.0,9.0,9.0,8190894597,3700492,423,9.0,9.0,1389-12-10
2011-03-02,9.0,10.0,9.0,10.0,19582261922,8583188,645,9.0,9.0,1389-12-11
2011-03-05,10.0,10.0,10.0,10.0,16123563925,6986855,583,10.0,10.0,1389-12-14
2011-03-06,10.0,10.0,10.0,10.0,8964717915,3862921,441,10.0,10.0,1389-12-15
2011-03-07,10.0,10.0,10.0,10.0,208274278298,89697529,924,10.0,10.0,1389-12-16
2011-03-08,10.0,10.0,10.0,10.0,42608747583,18522707,1130,10.0,10.0,1389-12-17
2011-03-09,10.0,10.0,10.0,10.0,12620523135,5407756,585,10.0,10.0,1389-12-18
2011-03-12,10.0,10.0,10.0,10.0,7969037573,3435226,366,10.0,10.0,1389-12-21
2011-03-13,10.0,10.0,10.0,10.0,14680632005,6191058,533,10.0,10.0,1389-12-22
2011-03-14,10.0,10.0,10.0,10.0,37326309814,15146973,616,10.0,10.0,1389-12-23
2011-03-15,11.0,11.0,11.0,11.0,68147077973,26689305,1463,10.0,11.0,1389-12-24
2011-03-16,11.0,11.0,11.0,11.0,43095234941,16300612,1031,11.0,11.0,1389-12-25
2011-03-19,11.0,11.0,11.0,11.0,29868231236,10970339,892,11.0,11.0,1389-12-28
2011-03-26,12.0,12.0,12.0,12.0,51813213809,18317793,500,11.0,12.0,1390-01-06
2011-03-27,12.0,12.0,12.0,12.0,41257850943,14158400,1263,12.0,12.0,1390-01-07
2011-03-28,12.0,12.0,12.0,12.0,35508810678,12250055,898,12.0,12.0,1390-01-08
2011-03-29,12.0,12.0,12.0,12.0,33150432023,11384626,736,12.0,12.0,1390-01-09
2011-03-30,12.0,12.0,12.0,12.0,41611563196,14803080,876,12.0,12.0,1390-01-10
2011-04-03,12.0,12.0,11.0,11.0,30794624229,11168587,1086,12.0,12.0,1390-01-14
2011-04-04,12.0,12.0,12.0,12.0,16006253387,5587364,342,11.0,12.0,1390-01-15
2011-04-05,12.0,12.0,12.0,12.0,68581494371,23257347,1823,12.0,12.0,1390-01-16
2011-04-06,12.0,13.0,12.0,13.0,64158223383,21320485,1681,12.0,13.0,1390-01-17
2011-04-09,13.0,13.0,12.0,13.0,76799932799,24784735,1647,13.0,13.0,1390-01-20
2011-04-10,13.0,13.0,12.0,12.0,16787663721,5600526,686,13.0,12.0,1390-01-21
2011-04-11,12.0,13.0,12.0,12.0,30472248221,10416697,1166,12.0,12.0,1390-01-22
2011-04-12,12.0,13.0,12.0,12.0,21309326426,7355733,857,12.0,12.0,1390-01-23
2011-04-13,12.0,12.0,12.0,12.0,17733069932,6224823,653,12.0,12.0,1390-01-24
2011-04-16,12.0,12.0,12.0,12.0,19371382143,6627752,680,12.0,12.0,1390-01-27
2011-04-17,12.0,12.0,12.0,12.0,11504471448,4042205,529,12.0,12.0,1390-01-28
2011-04-18,12.0,12.0,12.0,12.0,12767289971,4547033,641,12.0,12.0,1390-01-29
2011-04-19,12.0,12.0,11.0,11.0,11059488596,4035502,558,12.0,12.0,1390-01-30
2011-04-20,11.0,12.0,11.0,12.0,14841438507,5214572,598,11.0,12.0,1390-01-31
2011-04-23,12.0,12.0,12.0,12.0,12005062145,4242600,448,12.0,12.0,1390-02-03
2011-04-24,12.0,12.0,12.0,12.0,17585256478,6220655,554,12.0,12.0,1390-02-04
2011-04-25,12.0,12.0,11.0,11.0,15996336412,5839926,567,12.0,11.0,1390-02-05
2011-04-26,12.0,12.0,11.0,11.0,10823110116,3960637,489,11.0,11.0,1390-02-06
2011-04-27,12.0,12.0,11.0,11.0,10764661389,3972456,560,11.0,11.0,1390-02-07
2011-04-30,11.0,11.0,11.0,11.0,14238989571,5448499,256,11.0,11.0,1390-02-10
2011-05-01,10.0,11.0,10.0,11.0,44011982149,17137217,1122,11.0,11.0,1390-02-11
2011-05-02,11.0,11.0,11.0,11.0,8474016630,3173789,81,11.0,11.0,1390-02-12
2011-05-03,11.0,11.0,11.0,11.0,15025427412,5481732,152,11.0,11.0,1390-02-13
2011-05-04,12.0,12.0,12.0,12.0,11982354750,4204335,215,11.0,12.0,1390-02-14
2011-05-08,12.0,12.0,11.0,12.0,35476744741,12742467,987,12.0,11.0,1390-02-18
2011-05-09,12.0,12.0,12.0,12.0,96150304828,33240474,1261,12.0,12.0,1390-02-19
2011-05-10,13.0,13.0,12.0,13.0,117253044639,39065951,1659,12.0,12.0,1390-02-20
2011-05-11,12.0,12.0,12.0,12.0,18520084425,6318987,662,13.0,12.0,1390-02-21
2011-05-14,12.0,12.0,12.0,12.0,3627714548,1253512,72,12.0,12.0,1390-02-24
2011-05-15,12.0,12.0,12.0,12.0,16736168626,5820333,568,12.0,12.0,1390-02-25
2011-05-16,12.0,12.0,12.0,12.0,14433956248,4963766,610,12.0,12.0,1390-02-26
2011-05-17,12.0,12.0,12.0,12.0,9083496163,3091862,387,12.0,12.0,1390-02-27
2011-05-18,12.0,13.0,12.0,13.0,53595308710,17782106,1451,12.0,13.0,1390-02-28
2011-05-21,13.0,13.0,13.0,13.0,185060858816,59208761,2690,13.0,13.0,1390-02-31
2011-05-22,13.0,13.0,13.0,13.0,126887034298,40403453,1939,13.0,13.0,1390-03-01
2011-05-23,13.0,14.0,13.0,13.0,264802440088,82310326,2168,13.0,13.0,1390-03-02
2011-05-24,13.0,14.0,13.0,13.0,40580913317,12790058,1102,13.0,13.0,1390-03-03
2011-05-25,13.0,13.0,13.0,13.0,51915350892,17003871,927,13.0,13.0,1390-03-04
2011-05-28,13.0,13.0,12.0,12.0,56346769915,18874382,1068,13.0,12.0,1390-03-07
2011-05-29,12.0,12.0,12.0,12.0,30152235976,10498647,821,12.0,12.0,1390-03-08
2011-05-30,12.0,12.0,12.0,12.0,34629083046,11631246,619,12.0,12.0,1390-03-09
2011-05-31,13.0,13.0,13.0,13.0,56354162730,18215871,1026,12.0,13.0,1390-03-10
2011-06-01,13.0,13.0,13.0,13.0,45660660422,14836739,926,13.0,13.0,1390-03-11
2011-06-06,13.0,13.0,13.0,13.0,41941623573,13208088,841,13.0,13.0,1390-03-16
2011-06-07,13.0,13.0,13.0,13.0,15816896413,5101831,507,13.0,13.0,1390-03-17
2011-06-08,13.0,13.0,13.0,13.0,115461106716,36126007,2054,13.0,13.0,1390-03-18
2011-06-11,14.0,14.0,13.0,13.0,37627910274,11806771,865,13.0,13.0,1390-03-21
2011-06-12,13.0,13.0,13.0,13.0,14139647340,4461374,403,13.0,13.0,1390-03-22
2011-06-13,13.0,14.0,13.0,13.0,43847119365,13684828,1016,13.0,13.0,1390-03-23
2011-06-14,13.0,13.0,13.0,13.0,55274478596,17819499,1008,13.0,13.0,1390-03-24
2011-06-15,13.0,13.0,12.0,13.0,64645243470,21441036,1517,13.0,13.0,1390-03-25
2011-06-18,13.0,13.0,13.0,13.0,48423580587,15525723,901,13.0,13.0,1390-03-28
2011-06-19,13.0,13.0,13.0,13.0,26965055645,8660008,631,13.0,13.0,1390-03-29
2011-06-20,13.0,13.0,13.0,13.0,13851303397,4476833,365,13.0,13.0,1390-03-30
2011-06-21,13.0,13.0,13.0,13.0,9499744269,3042476,297,13.0,13.0,1390-03-31
2011-06-22,13.0,13.0,13.0,13.0,7066478661,2283655,286,13.0,13.0,1390-04-01
2011-06-25,13.0,13.0,13.0,13.0,7785845928,2539681,329,13.0,13.0,1390-04-04
2011-06-26,13.0,13.0,12.0,12.0,31858886552,10706275,701,13.0,12.0,1390-04-05
2011-06-27,12.0,12.0,12.0,12.0,49819320461,17414029,798,12.0,12.0,1390-04-06
2011-06-28,12.0,12.0,12.0,12.0,27567826536,9515117,653,12.0,12.0,1390-04-07
2011-06-29,12.0,13.0,12.0,12.0,18184898104,6054259,530,12.0,13.0,1390-04-08
2011-07-02,13.0,13.0,13.0,13.0,23706322466,7741672,650,12.0,13.0,1390-04-11
2011-07-03,13.0,13.0,12.0,13.0,37791001233,12473274,783,13.0,13.0,1390-04-12
2011-07-04,13.0,13.0,12.0,13.0,9264270933,3086158,327,13.0,12.0,1390-04-13
2011-07-05,13.0,13.0,12.0,13.0,14367412299,4798381,409,13.0,12.0,1390-04-14
2011-07-06,12.0,13.0,12.0,12.0,9565989479,3202836,345,13.0,12.0,1390-04-15
2011-07-09,12.0,13.0,12.0,12.0,4241356030,1440649,222,12.0,12.0,1390-04-18
2011-07-10,13.0,13.0,13.0,13.0,25258376177,8276919,794,12.0,13.0,1390-04-19
2011-07-11,13.0,13.0,13.0,13.0,8172235322,2699038,325,13.0,13.0,1390-04-20
2011-07-12,13.0,13.0,12.0,13.0,7417104642,2469096,297,13.0,13.0,1390-04-21
2011-07-13,13.0,13.0,13.0,13.0,15732667129,5232596,477,13.0,13.0,1390-04-22
2011-07-16,13.0,13.0,13.0,13.0,35592772923,11755688,952,13.0,13.0,1390-04-25
2011-07-25,13.0,13.0,13.0,13.0,25570931811,9013578,779,13.0,13.0,1390-05-03
2011-07-26,13.0,14.0,13.0,14.0,50364355239,17231525,1376,13.0,14.0,1390-05-04
2011-07-27,14.0,14.0,13.0,13.0,18167565604,6269650,627,14.0,13.0,1390-05-05
2011-07-30,13.0,13.0,13.0,13.0,13846124715,4837203,412,13.0,13.0,1390-05-08
2011-07-31,13.0,13.0,13.0,13.0,45534048444,16181189,1115,13.0,13.0,1390-05-09
2011-08-01,13.0,13.0,13.0,13.0,150826765669,51914680,1138,13.0,13.0,1390-05-10
2011-08-02,14.0,14.0,13.0,13.0,27996387904,9624495,767,13.0,13.0,1390-05-11
2011-08-03,13.0,14.0,13.0,14.0,47013762456,15935982,1356,13.0,14.0,1390-05-12
2011-08-06,13.0,13.0,13.0,13.0,24321573566,8534224,727,14.0,13.0,1390-05-15
2011-08-07,13.0,13.0,13.0,13.0,12459291550,4337077,463,13.0,13.0,1390-05-16
2011-08-08,13.0,13.0,13.0,13.0,25899425290,9160970,739,13.0,13.0,1390-05-17
2011-08-09,13.0,13.0,13.0,13.0,46489386924,16993746,1005,13.0,13.0,1390-05-18
2011-08-10,13.0,13.0,13.0,13.0,17925062739,6313804,684,13.0,13.0,1390-05-19
2011-08-13,13.0,13.0,13.0,13.0,13929063047,4928609,423,13.0,13.0,1390-05-22
2011-08-14,13.0,13.0,13.0,13.0,16390717284,5821856,535,13.0,13.0,1390-05-23
2011-08-15,13.0,13.0,13.0,13.0,12447657168,4459476,380,13.0,13.0,1390-05-24
2011-08-16,13.0,13.0,13.0,13.0,16308520286,5850207,516,13.0,13.0,1390-05-25
2011-08-17,13.0,13.0,13.0,13.0,74001553884,25632457,1180,13.0,13.0,1390-05-26
2011-08-20,13.0,14.0,13.0,13.0,26323388057,9079971,606,13.0,13.0,1390-05-29
2011-08-21,13.0,14.0,13.0,13.0,20576451066,7091198,481,13.0,13.0,1390-05-30
2011-08-23,13.0,14.0,13.0,14.0,35677429590,12035439,1124,13.0,14.0,1390-06-01
2011-08-24,14.0,14.0,14.0,14.0,14927191893,4954818,600,14.0,14.0,1390-06-02
2011-08-27,14.0,14.0,14.0,14.0,13800693786,4575492,599,14.0,14.0,1390-06-05
2011-08-28,14.0,14.0,14.0,14.0,11893287217,4039600,560,14.0,14.0,1390-06-06
2011-08-29,14.0,14.0,14.0,14.0,169929650880,55303034,1735,14.0,14.0,1390-06-07
2011-08-30,14.0,15.0,14.0,15.0,280173556376,87856305,4585,14.0,15.0,1390-06-08
2011-09-03,15.0,15.0,14.0,15.0,47777987460,14940090,1160,15.0,15.0,1390-06-12
2011-09-04,15.0,15.0,15.0,15.0,25914564900,8116104,783,15.0,15.0,1390-06-13
2011-09-05,15.0,15.0,15.0,15.0,25217138103,7850764,810,15.0,15.0,1390-06-14
2011-09-06,15.0,15.0,15.0,15.0,56174797877,17186331,1274,15.0,15.0,1390-06-15
2011-09-07,15.0,16.0,15.0,16.0,375865638397,111031790,2616,15.0,16.0,1390-06-16
2011-09-10,16.0,16.0,16.0,16.0,31109117230,9095135,816,16.0,16.0,1390-06-19
2011-09-11,16.0,16.0,16.0,16.0,71686134640,21046794,1355,16.0,16.0,1390-06-20
2011-09-12,16.0,16.0,16.0,16.0,102122441289,30116141,1575,16.0,16.0,1390-06-21
2011-09-13,16.0,16.0,15.0,15.0,45076795391,13598489,840,16.0,15.0,1390-06-22
2011-09-14,15.0,15.0,15.0,15.0,24078256611,7421829,620,15.0,15.0,1390-06-23
2011-09-17,15.0,15.0,15.0,15.0,112984276337,34726889,587,15.0,15.0,1390-06-26
2011-09-18,15.0,15.0,15.0,15.0,41683091167,12789346,493,15.0,15.0,1390-06-27
2011-09-19,15.0,15.0,15.0,15.0,11735407968,3594351,331,15.0,15.0,1390-06-28
2011-09-20,15.0,15.0,15.0,15.0,14388417384,4411881,326,15.0,15.0,1390-06-29
2011-09-21,15.0,15.0,15.0,15.0,14959070391,4594104,424,15.0,15.0,1390-06-30
2011-09-25,15.0,15.0,14.0,14.0,29074748686,9283637,811,15.0,15.0,1390-07-03
2011-09-26,14.0,15.0,14.0,14.0,18917923542,6103189,467,14.0,14.0,1390-07-04
2011-09-27,15.0,15.0,15.0,15.0,20186152509,6300035,499,14.0,15.0,1390-07-05
2011-09-28,15.0,15.0,15.0,15.0,5542500191,1740236,224,15.0,15.0,1390-07-06
2011-10-01,15.0,15.0,14.0,15.0,7222876538,2278705,244,15.0,15.0,1390-07-09
2011-10-02,15.0,15.0,15.0,15.0,8273655885,2626729,328,15.0,15.0,1390-07-10
2011-10-03,15.0,15.0,14.0,15.0,8168575622,2610603,404,15.0,14.0,1390-07-11
2011-10-04,15.0,15.0,14.0,15.0,6322407752,2018211,274,15.0,14.0,1390-07-12
2011-10-05,15.0,15.0,14.0,15.0,7994710321,2550069,320,15.0,14.0,1390-07-13
2011-10-08,15.0,15.0,14.0,15.0,18817204366,5999594,481,15.0,14.0,1390-07-16
2011-10-09,14.0,15.0,14.0,14.0,18890253195,6069486,523,15.0,14.0,1390-07-17
2011-10-10,14.0,14.0,14.0,14.0,19536941993,6274353,309,14.0,14.0,1390-07-18
2011-10-11,14.0,15.0,14.0,15.0,158647460033,50337815,513,14.0,15.0,1390-07-19
2011-10-12,15.0,15.0,14.0,15.0,15273025406,4866232,481,15.0,14.0,1390-07-20
2011-10-15,14.0,14.0,14.0,14.0,9402310035,3040118,358,15.0,14.0,1390-07-23
2011-10-16,14.0,14.0,14.0,14.0,22545428932,7460102,611,14.0,14.0,1390-07-24
2011-10-17,14.0,14.0,14.0,14.0,13618532079,4533241,426,14.0,14.0,1390-07-25
2011-10-18,14.0,14.0,14.0,14.0,7175946904,2374203,330,14.0,14.0,1390-07-26
2011-10-19,14.0,14.0,14.0,14.0,8117444991,2682523,299,14.0,14.0,1390-07-27
2011-10-22,14.0,14.0,14.0,14.0,17374380946,5835647,422,14.0,14.0,1390-07-30
2011-10-23,14.0,14.0,14.0,14.0,16716519274,5658849,405,14.0,14.0,1390-08-01
2011-10-24,14.0,14.0,13.0,14.0,10453664846,3617451,361,14.0,13.0,1390-08-02
2011-10-25,13.0,14.0,13.0,14.0,6695392210,2277027,265,14.0,14.0,1390-08-03
2011-10-26,14.0,14.0,13.0,14.0,9354292026,3207483,330,14.0,13.0,1390-08-04
2011-10-29,14.0,14.0,13.0,13.0,10859878695,3753885,324,14.0,13.0,1390-08-07
2011-10-30,13.0,13.0,13.0,13.0,10145066789,3524171,367,13.0,13.0,1390-08-08
2011-10-31,13.0,13.0,13.0,13.0,10072170601,3488166,358,13.0,13.0,1390-08-09
2011-11-01,13.0,13.0,13.0,13.0,10751554535,3744026,328,13.0,13.0,1390-08-10
2011-11-02,13.0,13.0,13.0,13.0,12081741603,4206321,460,13.0,13.0,1390-08-11
2011-11-05,13.0,13.0,13.0,13.0,12256132767,4388221,412,13.0,13.0,1390-08-14
2011-11-06,13.0,13.0,13.0,13.0,9780460708,3574093,461,13.0,13.0,1390-08-15
2011-11-08,12.0,13.0,12.0,13.0,11336849640,4207594,419,13.0,12.0,1390-08-17
2011-11-09,13.0,13.0,13.0,13.0,11874222047,4249434,414,13.0,13.0,1390-08-18
2011-11-12,13.0,13.0,13.0,13.0,5765366585,2044947,310,13.0,13.0,1390-08-21
2011-11-13,13.0,13.0,13.0,13.0,7466984430,2707435,271,13.0,13.0,1390-08-22
2011-11-14,13.0,13.0,13.0,13.0,4846954331,1751303,164,13.0,13.0,1390-08-23
2011-11-16,13.0,13.0,13.0,13.0,5431694416,1966205,198,13.0,13.0,1390-08-25
2011-11-19,13.0,13.0,13.0,13.0,7866342397,2822661,254,13.0,13.0,1390-08-28
2011-11-20,13.0,13.0,13.0,13.0,10707045180,3889536,337,13.0,13.0,1390-08-29
2011-11-21,13.0,13.0,13.0,13.0,4058542598,1484744,156,13.0,13.0,1390-08-30
2011-11-22,13.0,13.0,12.0,12.0,30661221849,11425488,682,13.0,12.0,1390-09-01
2011-11-23,12.0,12.0,12.0,12.0,10915215537,4206740,397,12.0,12.0,1390-09-02
2011-11-26,12.0,12.0,12.0,12.0,6818394487,2617507,313,12.0,12.0,1390-09-05
2011-11-27,12.0,12.0,12.0,12.0,20708837858,8205300,607,12.0,12.0,1390-09-06
2011-11-28,12.0,12.0,11.0,12.0,32230572442,12798242,737,12.0,12.0,1390-09-07
2011-11-29,12.0,12.0,12.0,12.0,10918635921,4188230,556,12.0,12.0,1390-09-08
2011-11-30,12.0,12.0,12.0,12.0,9247202877,3619047,317,12.0,12.0,1390-09-09
2011-12-03,12.0,12.0,12.0,12.0,8386624781,3235335,298,12.0,12.0,1390-09-12
2011-12-04,12.0,12.0,12.0,12.0,28751791946,10778981,894,12.0,12.0,1390-09-13
2011-12-07,13.0,13.0,12.0,13.0,22295159380,8163996,896,12.0,13.0,1390-09-16
2011-12-10,13.0,13.0,12.0,12.0,12351536302,4616147,499,13.0,12.0,1390-09-19
2011-12-11,12.0,12.0,12.0,12.0,10138098066,3898803,373,12.0,12.0,1390-09-20
2011-12-12,12.0,12.0,12.0,12.0,8329295140,3207516,360,12.0,12.0,1390-09-21
2011-12-13,12.0,12.0,12.0,12.0,5791651719,2216439,280,12.0,12.0,1390-09-22
2011-12-14,12.0,12.0,12.0,12.0,10884962393,4184479,263,12.0,12.0,1390-09-23
2011-12-17,12.0,12.0,12.0,12.0,5594800166,2171105,264,12.0,12.0,1390-09-26
2011-12-18,12.0,12.0,12.0,12.0,11190157828,4281149,341,12.0,12.0,1390-09-27
2011-12-19,12.0,12.0,12.0,12.0,9022289913,3469169,269,12.0,12.0,1390-09-28
2011-12-20,12.0,12.0,12.0,12.0,8211374110,3167355,289,12.0,12.0,1390-09-29
2011-12-21,12.0,12.0,12.0,12.0,5941977517,2293805,276,12.0,12.0,1390-09-30
2011-12-24,12.0,12.0,12.0,12.0,15439062835,6015341,317,12.0,12.0,1390-10-03
2011-12-25,12.0,12.0,12.0,12.0,8557173850,3330191,282,12.0,12.0,1390-10-04
2011-12-26,12.0,12.0,12.0,12.0,4164750967,1621461,239,12.0,12.0,1390-10-05
2011-12-27,12.0,12.0,12.0,12.0,7267652137,2839587,237,12.0,12.0,1390-10-06
2011-12-28,12.0,12.0,12.0,12.0,10805361523,4217177,287,12.0,12.0,1390-10-07
2011-12-31,12.0,12.0,12.0,12.0,43330424544,16715394,1038,12.0,12.0,1390-10-10
2012-01-01,12.0,12.0,12.0,12.0,25721360270,9616994,929,12.0,12.0,1390-10-11
2012-01-02,12.0,12.0,12.0,12.0,8721075331,3311272,365,12.0,12.0,1390-10-12
2012-01-03,12.0,13.0,12.0,13.0,29001185891,10579032,1014,12.0,13.0,1390-10-13
2012-01-04,13.0,13.0,13.0,13.0,37900031896,13446272,1381,13.0,13.0,1390-10-14
2012-01-07,13.0,13.0,13.0,13.0,13942834759,4963725,524,13.0,13.0,1390-10-17
2012-01-08,13.0,13.0,13.0,13.0,12696335404,4531668,390,13.0,13.0,1390-10-18
2012-01-09,13.0,13.0,13.0,13.0,42667136799,14696789,1215,13.0,13.0,1390-10-19
2012-01-10,14.0,14.0,13.0,13.0,11052896271,3787001,567,13.0,13.0,1390-10-20
2012-01-11,13.0,14.0,13.0,13.0,16010276560,5516236,455,13.0,13.0,1390-10-21
2012-01-15,13.0,14.0,13.0,14.0,50962604062,16926605,1149,13.0,14.0,1390-10-25
2012-01-16,14.0,14.0,14.0,14.0,33526882893,10833343,950,14.0,14.0,1390-10-26
2012-01-17,14.0,14.0,14.0,14.0,24326923627,8089455,695,14.0,14.0,1390-10-27
2012-01-18,14.0,14.0,13.0,14.0,21733641428,7154924,627,14.0,14.0,1390-10-28
2012-01-21,14.0,14.0,14.0,14.0,10117956168,3306164,339,14.0,14.0,1390-11-01
2012-01-23,14.0,14.0,14.0,14.0,25305111839,8487884,693,14.0,14.0,1390-11-03
2012-01-25,14.0,14.0,14.0,14.0,24395612703,8230350,626,14.0,14.0,1390-11-05
2012-01-28,14.0,14.0,14.0,14.0,16807003994,5544880,551,14.0,14.0,1390-11-08
2012-01-29,14.0,14.0,14.0,14.0,9357704881,3126717,327,14.0,14.0,1390-11-09
2012-01-30,14.0,14.0,14.0,14.0,6414668407,2147290,272,14.0,14.0,1390-11-10
2012-01-31,14.0,14.0,14.0,14.0,34976551254,11378325,1059,14.0,14.0,1390-11-11
2012-02-01,14.0,14.0,14.0,14.0,9110640279,2991414,397,14.0,14.0,1390-11-12
2012-02-04,14.0,14.0,14.0,14.0,14839246181,4928093,513,14.0,14.0,1390-11-15
2012-02-05,14.0,14.0,13.0,14.0,11618036568,3956316,384,14.0,14.0,1390-11-16
2012-02-06,14.0,14.0,13.0,14.0,7778773692,2665044,388,14.0,13.0,1390-11-17
2012-02-07,13.0,13.0,13.0,14.0,8456977152,2935415,359,14.0,13.0,1390-11-18
2012-02-08,13.0,14.0,13.0,14.0,6408071332,2213881,336,14.0,14.0,1390-11-19
2012-02-12,14.0,14.0,13.0,13.0,8384626585,2890894,300,14.0,13.0,1390-11-23
2012-02-13,13.0,13.0,13.0,13.0,4953237333,1720149,253,13.0,13.0,1390-11-24
2012-02-14,13.0,13.0,13.0,13.0,16881453554,6033069,480,13.0,13.0,1390-11-25
2012-02-15,13.0,13.0,13.0,13.0,7920806415,2845153,296,13.0,13.0,1390-11-26
2012-02-21,13.0,13.0,12.0,13.0,3102338666,1139903,92,13.0,13.0,1390-12-02
2012-02-22,12.0,13.0,12.0,12.0,16129091386,6036765,515,13.0,12.0,1390-12-03
2012-02-25,12.0,12.0,12.0,12.0,6520021385,2446661,245,12.0,12.0,1390-12-06
2012-02-26,12.0,13.0,12.0,12.0,6748632377,2481181,325,12.0,13.0,1390-12-07
2012-02-27,13.0,13.0,13.0,13.0,5178175144,1856445,242,12.0,13.0,1390-12-08
2012-02-28,13.0,13.0,13.0,13.0,23758649883,8417061,397,13.0,13.0,1390-12-09
2012-02-29,13.0,13.0,13.0,13.0,165736636099,58628939,600,13.0,13.0,1390-12-10
2012-03-03,13.0,13.0,13.0,13.0,7534674851,2639996,310,13.0,13.0,1390-12-13
2012-03-04,13.0,13.0,13.0,13.0,3252081312,1146898,233,13.0,13.0,1390-12-14
2012-03-05,13.0,13.0,13.0,13.0,3345733985,1188235,234,13.0,13.0,1390-12-15
2012-03-06,13.0,13.0,13.0,13.0,7005623981,2500465,238,13.0,13.0,1390-12-16
2012-03-07,13.0,14.0,13.0,13.0,10512008873,3621107,414,13.0,13.0,1390-12-17
2012-03-10,13.0,13.0,13.0,13.0,7571970038,2615698,305,13.0,13.0,1390-12-20
2012-03-11,13.0,14.0,13.0,14.0,30775099055,10368043,904,13.0,14.0,1390-12-21
2012-03-12,14.0,14.0,13.0,13.0,15940410962,5509282,383,14.0,13.0,1390-12-22
2012-03-13,13.0,14.0,13.0,13.0,8640733703,3031055,281,13.0,14.0,1390-12-23
2012-03-14,14.0,14.0,14.0,13.0,7449017319,2518664,272,13.0,14.0,1390-12-24
2012-03-17,14.0,14.0,14.0,14.0,18357875429,6225480,309,13.0,14.0,1390-12-27
2012-03-18,14.0,14.0,14.0,14.0,13210021528,4421421,335,14.0,14.0,1390-12-28
2012-03-24,14.0,14.0,14.0,14.0,4200884419,1362977,125,14.0,14.0,1391-01-05
2012-03-25,14.0,14.0,14.0,14.0,63915083881,20618237,838,14.0,14.0,1391-01-06
2012-03-26,14.0,14.0,14.0,14.0,13403737742,4372115,352,14.0,14.0,1391-01-07
2012-03-27,14.0,15.0,14.0,14.0,14280711543,4562281,383,14.0,15.0,1391-01-08
2012-03-28,15.0,15.0,14.0,14.0,7517113079,2403686,268,14.0,15.0,1391-01-09
2012-04-02,14.0,15.0,14.0,14.0,4986215257,1616812,212,14.0,14.0,1391-01-14
2012-04-03,14.0,14.0,14.0,14.0,7343121204,2440265,313,14.0,14.0,1391-01-15
2012-04-04,14.0,14.0,14.0,14.0,4130943328,1358733,181,14.0,14.0,1391-01-16
2012-04-07,14.0,14.0,14.0,14.0,4942875548,1635542,184,14.0,14.0,1391-01-19
2012-04-08,14.0,15.0,14.0,14.0,22265824100,7176831,607,14.0,14.0,1391-01-20
2012-04-09,14.0,15.0,14.0,15.0,25098814174,7980770,661,14.0,15.0,1391-01-21
2012-04-10,15.0,15.0,15.0,15.0,59284251843,18226526,1723,15.0,15.0,1391-01-22
2012-04-11,15.0,15.0,15.0,15.0,15333293191,4728417,524,15.0,15.0,1391-01-23
2012-04-14,15.0,16.0,15.0,15.0,29329053446,8860947,641,15.0,15.0,1391-01-26
2012-04-15,16.0,16.0,16.0,16.0,68147338265,19915446,1024,15.0,16.0,1391-01-27
2012-04-16,16.0,16.0,15.0,15.0,25037077385,7589666,811,16.0,15.0,1391-01-28
2012-04-17,15.0,15.0,15.0,15.0,9692063795,2950037,319,15.0,15.0,1391-01-29
2012-04-18,15.0,16.0,15.0,15.0,8749753479,2626717,290,15.0,15.0,1391-01-30
2012-04-21,15.0,15.0,15.0,15.0,10088710727,3095427,324,15.0,15.0,1391-02-02
2012-04-22,15.0,15.0,15.0,15.0,12451955881,3886332,353,15.0,15.0,1391-02-03
2012-04-23,15.0,15.0,15.0,15.0,10045173030,3158411,274,15.0,15.0,1391-02-04
2012-04-24,15.0,15.0,15.0,15.0,8827083406,2752417,291,15.0,15.0,1391-02-05
2012-04-28,15.0,15.0,15.0,15.0,10332136015,3255546,280,15.0,15.0,1391-02-09
2012-04-29,15.0,15.0,14.0,14.0,47537295079,15428891,689,15.0,14.0,1391-02-10
2012-04-30,14.0,14.0,14.0,14.0,13186387018,4241001,313,14.0,14.0,1391-02-11
2012-05-01,14.0,14.0,14.0,14.0,17489464495,5618957,384,14.0,14.0,1391-02-12
2012-05-02,14.0,14.0,14.0,14.0,54911647328,17823644,318,14.0,14.0,1391-02-13
2012-05-05,14.0,14.0,14.0,14.0,6887585493,2244806,237,14.0,14.0,1391-02-16
2012-05-06,14.0,15.0,14.0,14.0,12707941010,4089026,254,14.0,14.0,1391-02-17
2012-05-07,14.0,14.0,14.0,14.0,8035395180,2622160,238,14.0,14.0,1391-02-18
2012-05-08,14.0,14.0,14.0,14.0,4486780807,1463239,215,14.0,14.0,1391-02-19
2012-05-09,14.0,14.0,14.0,14.0,10835992412,3562116,300,14.0,14.0,1391-02-20
2012-05-12,14.0,14.0,14.0,14.0,8404496668,2840812,282,14.0,14.0,1391-02-23
2012-05-13,14.0,14.0,13.0,14.0,7420673104,2527098,315,14.0,14.0,1391-02-24
2012-05-14,14.0,14.0,14.0,14.0,11108330294,3723028,346,14.0,14.0,1391-02-25
2012-05-15,14.0,14.0,14.0,14.0,5555343629,1874550,175,14.0,14.0,1391-02-26
2012-05-16,14.0,14.0,14.0,14.0,2651705505,898559,146,14.0,14.0,1391-02-27
2012-05-19,14.0,14.0,13.0,14.0,2670011919,919369,182,14.0,13.0,1391-02-30
2012-05-20,13.0,14.0,13.0,14.0,3355684878,1152206,203,14.0,13.0,1391-02-31
2012-05-21,14.0,14.0,13.0,14.0,3015850807,1018577,228,14.0,14.0,1391-03-01
2012-05-22,14.0,14.0,14.0,14.0,5620462603,1863177,283,14.0,14.0,1391-03-02
2012-05-23,14.0,14.0,14.0,14.0,4781462658,1561740,275,14.0,14.0,1391-03-03
2012-05-26,14.0,14.0,13.0,14.0,4414228146,1508696,241,14.0,14.0,1391-03-06
2012-05-27,14.0,14.0,14.0,14.0,3646697283,1235516,171,14.0,14.0,1391-03-07
2012-05-28,14.0,14.0,13.0,14.0,7074087470,2432036,291,14.0,13.0,1391-03-08
2012-05-29,13.0,13.0,13.0,14.0,4010004652,1386920,202,14.0,13.0,1391-03-09
2012-05-30,13.0,13.0,13.0,14.0,5986891714,2069932,240,14.0,13.0,1391-03-10
2012-06-02,13.0,13.0,13.0,13.0,3903245240,1363244,205,14.0,13.0,1391-03-13
2012-06-05,13.0,13.0,13.0,13.0,2099385596,740828,176,13.0,13.0,1391-03-16
2012-06-06,13.0,13.0,13.0,13.0,2574358356,910940,172,13.0,13.0,1391-03-17
2012-06-09,13.0,13.0,13.0,13.0,2361727878,845467,137,13.0,13.0,1391-03-20
2012-06-10,13.0,13.0,13.0,13.0,11433562359,4094499,372,13.0,13.0,1391-03-21
2012-06-11,13.0,13.0,13.0,13.0,137255814016,48365061,295,13.0,13.0,1391-03-22
2012-06-12,13.0,13.0,13.0,13.0,2544016956,904313,171,13.0,13.0,1391-03-23
2012-06-13,13.0,13.0,13.0,13.0,29624806875,10435084,178,13.0,13.0,1391-03-24
2012-06-16,13.0,13.0,13.0,13.0,3212251884,1141973,179,13.0,13.0,1391-03-27
2012-06-17,13.0,13.0,13.0,13.0,3327435534,1200357,216,13.0,13.0,1391-03-28
2012-06-19,13.0,13.0,13.0,13.0,2751903490,985160,117,13.0,13.0,1391-03-30
2012-06-20,13.0,13.0,13.0,13.0,7639215039,2814069,331,13.0,13.0,1391-03-31
2012-06-23,12.0,12.0,12.0,13.0,1224413110,458410,37,13.0,12.0,1391-04-03
2012-06-24,12.0,12.0,12.0,12.0,28926524837,10856112,365,13.0,12.0,1391-04-04
2012-06-25,12.0,12.0,12.0,12.0,7235281429,2815592,233,12.0,12.0,1391-04-05
2012-06-26,12.0,12.0,12.0,12.0,3497732425,1385197,151,12.0,12.0,1391-04-06
2012-06-27,12.0,12.0,12.0,12.0,41083738214,16387602,545,12.0,12.0,1391-04-07
2012-06-30,12.0,12.0,11.0,12.0,8651140360,3416489,439,12.0,12.0,1391-04-10
2012-07-01,12.0,12.0,11.0,12.0,3758364701,1510448,212,12.0,11.0,1391-04-11
2012-07-02,12.0,12.0,12.0,12.0,121031318752,47888997,903,12.0,12.0,1391-04-12
2012-07-03,12.0,12.0,12.0,12.0,10381580013,4143499,405,12.0,12.0,1391-04-13
2012-07-04,12.0,12.0,12.0,12.0,14093588583,5612272,339,12.0,12.0,1391-04-14
2012-07-07,12.0,12.0,12.0,12.0,9122958664,3644446,263,12.0,12.0,1391-04-17
2012-07-08,12.0,12.0,11.0,11.0,32054085914,13280468,590,12.0,11.0,1391-04-18
2012-07-09,11.0,11.0,11.0,11.0,7029349779,2948542,312,11.0,11.0,1391-04-19
2012-07-10,11.0,11.0,11.0,11.0,17370993471,7202207,814,11.0,11.0,1391-04-20
2012-07-11,11.0,11.0,11.0,11.0,14853639581,6154742,417,11.0,11.0,1391-04-21
2012-07-14,11.0,11.0,11.0,11.0,7316297174,2998011,314,11.0,11.0,1391-04-24
2012-08-01,11.0,11.0,11.0,11.0,24512723888,11507905,526,11.0,11.0,1391-05-11
2012-08-04,11.0,11.0,11.0,11.0,10573305511,5138024,316,11.0,11.0,1391-05-14
2012-08-05,11.0,11.0,11.0,11.0,14424974615,7216051,339,11.0,11.0,1391-05-15
2012-08-06,10.0,11.0,10.0,11.0,12485418765,6283112,540,11.0,10.0,1391-05-16
2012-08-07,10.0,10.0,10.0,10.0,4622383907,2410583,263,11.0,10.0,1391-05-17
2012-08-08,10.0,10.0,10.0,10.0,5781569260,2994028,288,10.0,10.0,1391-05-18
2012-08-11,10.0,11.0,10.0,11.0,8454396712,4183610,446,10.0,11.0,1391-05-21
2012-08-12,11.0,11.0,10.0,11.0,3224070511,1612962,285,11.0,10.0,1391-05-22
2012-08-13,11.0,11.0,10.0,11.0,2246062826,1116079,188,11.0,11.0,1391-05-23
2012-08-14,11.0,11.0,11.0,11.0,8812875360,4261304,251,11.0,11.0,1391-05-24
2012-08-15,11.0,11.0,11.0,11.0,869024272,410692,43,11.0,11.0,1391-05-25
2012-08-18,11.0,11.0,11.0,11.0,197251160,93043,11,11.0,11.0,1391-05-28
2012-08-21,11.0,11.0,11.0,11.0,502456416,236896,11,11.0,11.0,1391-05-31
2012-08-22,11.0,11.0,11.0,11.0,873060397,411239,16,11.0,11.0,1391-06-01
2012-08-25,11.0,11.0,11.0,11.0,280285425,131775,10,11.0,11.0,1391-06-04
2012-08-26,12.0,12.0,12.0,12.0,42182857225,18895817,1313,11.0,12.0,1391-06-05
2012-08-27,12.0,12.0,11.0,12.0,7247089583,3290918,535,12.0,12.0,1391-06-06
2012-09-02,12.0,12.0,12.0,12.0,25056169837,10945411,632,12.0,12.0,1391-06-12
2012-09-03,12.0,13.0,12.0,13.0,69472965950,29221944,1110,12.0,13.0,1391-06-13
2012-09-04,13.0,13.0,13.0,13.0,78794821624,32040758,1660,13.0,13.0,1391-06-14
2012-09-05,13.0,13.0,13.0,13.0,24425308581,9883881,801,13.0,13.0,1391-06-15
2012-09-08,13.0,13.0,13.0,13.0,22674187163,9133615,710,13.0,13.0,1391-06-18
2012-09-09,13.0,13.0,13.0,13.0,22742386078,9491040,815,13.0,13.0,1391-06-19
2012-09-10,13.0,13.0,13.0,13.0,50300372701,20392385,1003,13.0,13.0,1391-06-20
2012-09-11,13.0,13.0,13.0,13.0,17578069900,7093799,617,13.0,13.0,1391-06-21
2012-09-15,13.0,14.0,13.0,14.0,29723937260,11617227,969,13.0,13.0,1391-06-25
2012-09-16,13.0,14.0,13.0,13.0,9210909996,3638600,424,14.0,13.0,1391-06-26
2012-09-17,13.0,14.0,13.0,13.0,14655155666,5726483,498,13.0,13.0,1391-06-27
2012-09-18,13.0,14.0,13.0,13.0,10894877078,4304599,461,13.0,13.0,1391-06-28
2012-09-19,13.0,13.0,13.0,13.0,13221085814,5310293,552,13.0,13.0,1391-06-29
2012-09-22,13.0,14.0,13.0,14.0,56078314188,21596603,1343,13.0,14.0,1391-07-01
2012-09-23,14.0,14.0,14.0,14.0,46250261924,17403845,1158,14.0,14.0,1391-07-02
2012-09-24,14.0,14.0,14.0,14.0,17747892881,6704904,617,14.0,14.0,1391-07-03
2012-09-25,14.0,14.0,14.0,14.0,46465455988,17317124,1130,14.0,14.0,1391-07-04
2012-09-26,14.0,15.0,14.0,15.0,49962970456,17921694,783,14.0,15.0,1391-07-05
2012-09-29,15.0,15.0,15.0,15.0,72155109635,24890309,991,15.0,15.0,1391-07-08
2012-09-30,16.0,16.0,15.0,16.0,95898238038,32184553,1896,15.0,15.0,1391-07-09
2012-10-01,15.0,16.0,15.0,15.0,41437227697,14254058,989,16.0,15.0,1391-07-10
2012-10-02,15.0,16.0,15.0,15.0,85890700615,29467609,1855,15.0,16.0,1391-07-11
2012-10-03,16.0,16.0,16.0,16.0,134381824250,44360056,1523,15.0,16.0,1391-07-12
2012-10-06,16.0,16.0,16.0,16.0,45245567071,15023088,1013,16.0,16.0,1391-07-15
2012-10-07,16.0,17.0,16.0,16.0,80894368280,26233023,1956,16.0,16.0,1391-07-16
2012-10-08,17.0,17.0,16.0,17.0,44893962229,14179511,1077,16.0,17.0,1391-07-17
2012-10-09,17.0,17.0,16.0,17.0,30974012188,9762991,1061,17.0,17.0,1391-07-18
2012-10-10,16.0,16.0,16.0,16.0,46993487969,15357552,1276,17.0,16.0,1391-07-19
2012-10-13,16.0,16.0,16.0,16.0,19432650546,6563929,681,16.0,16.0,1391-07-22
2012-10-14,15.0,16.0,15.0,16.0,52828080823,17517899,1368,16.0,16.0,1391-07-23
2012-10-15,16.0,17.0,16.0,17.0,60251641290,19274999,1342,16.0,16.0,1391-07-24
2012-10-16,16.0,17.0,16.0,17.0,52955409617,16780143,1486,17.0,16.0,1391-07-25
2012-10-17,16.0,17.0,16.0,17.0,93737983885,29384570,2086,17.0,17.0,1391-07-26
2012-10-22,20.0,20.0,19.0,20.0,296279734565,79095495,4875,17.0,20.0,1391-08-01
2012-10-23,20.0,20.0,19.0,20.0,98059925037,26462618,2341,20.0,19.0,1391-08-02
2012-10-24,19.0,20.0,19.0,20.0,112488307984,29981039,2639,20.0,20.0,1391-08-03
2012-10-27,20.0,21.0,20.0,20.0,81080186410,21047064,2084,20.0,20.0,1391-08-06
2012-10-28,20.0,20.0,20.0,20.0,58429496193,15481359,1598,20.0,20.0,1391-08-07
2012-10-29,20.0,20.0,19.0,20.0,64481961068,17394623,1614,20.0,20.0,1391-08-08
2012-10-30,19.0,20.0,19.0,20.0,92343228884,24970059,1908,20.0,19.0,1391-08-09
2012-10-31,19.0,19.0,19.0,19.0,80129201842,22302046,1835,20.0,19.0,1391-08-10
2012-11-04,19.0,19.0,19.0,19.0,44995770113,12572818,999,19.0,19.0,1391-08-14
2012-11-05,19.0,19.0,18.0,18.0,75059710748,21829919,1696,19.0,18.0,1391-08-15
2012-11-06,18.0,19.0,18.0,19.0,45113603029,12865310,1211,18.0,19.0,1391-08-16
2012-11-07,19.0,19.0,19.0,19.0,87228568419,24120300,2131,19.0,19.0,1391-08-17
2012-11-10,19.0,19.0,19.0,19.0,33662616757,9398520,979,19.0,19.0,1391-08-20
2012-11-11,19.0,19.0,18.0,19.0,15707227356,4484830,700,19.0,18.0,1391-08-21
2012-11-12,18.0,19.0,18.0,18.0,23022789661,6618830,782,19.0,18.0,1391-08-22
2012-11-13,18.0,19.0,18.0,19.0,25274582053,7127959,798,18.0,19.0,1391-08-23
2012-11-14,19.0,19.0,19.0,19.0,43701558369,12081923,1169,19.0,19.0,1391-08-24
2012-11-17,19.0,19.0,18.0,18.0,32583714736,9300002,1072,19.0,18.0,1391-08-27
2012-11-18,18.0,19.0,18.0,18.0,17795642869,5102913,603,18.0,18.0,1391-08-28
2012-11-19,18.0,18.0,18.0,18.0,22924240274,6739661,849,18.0,18.0,1391-08-29
2012-11-20,18.0,18.0,18.0,18.0,17675928557,5210516,686,18.0,18.0,1391-08-30
2012-11-21,18.0,18.0,18.0,18.0,8730241386,2535256,401,18.0,18.0,1391-09-01
2012-11-26,18.0,19.0,18.0,18.0,15775066243,4466318,507,18.0,19.0,1391-09-06
2012-11-27,19.0,19.0,19.0,19.0,20866478980,5766289,393,18.0,19.0,1391-09-07
2012-11-28,19.0,20.0,19.0,19.0,81430694429,22072695,1872,19.0,19.0,1391-09-08
2012-12-01,19.0,20.0,19.0,20.0,53557669780,14322958,1265,19.0,20.0,1391-09-11
2012-12-02,20.0,20.0,20.0,20.0,88001825557,22968001,1687,20.0,20.0,1391-09-12
2012-12-03,20.0,20.0,20.0,20.0,119543687759,31421963,1434,20.0,20.0,1391-09-13
2012-12-04,20.0,21.0,20.0,20.0,92342679739,23964462,1353,20.0,20.0,1391-09-14
2012-12-05,20.0,21.0,20.0,21.0,130822554092,32876728,1986,20.0,21.0,1391-09-15
2012-12-08,22.0,22.0,21.0,22.0,179343997703,43365928,1691,21.0,22.0,1391-09-18
2012-12-09,22.0,22.0,22.0,22.0,117636786581,28345352,2591,22.0,22.0,1391-09-19
2012-12-10,22.0,23.0,22.0,23.0,99435123349,23252596,1921,22.0,22.0,1391-09-20
2012-12-11,22.0,23.0,22.0,22.0,60912646784,14359720,1530,23.0,22.0,1391-09-21
2012-12-12,22.0,22.0,22.0,22.0,95738632991,22959399,1269,22.0,22.0,1391-09-22
2012-12-15,22.0,23.0,22.0,22.0,40636918359,9648790,891,22.0,22.0,1391-09-25
2012-12-16,22.0,23.0,22.0,23.0,98770033590,22790040,1664,22.0,23.0,1391-09-26
2012-12-17,24.0,24.0,24.0,24.0,60772577433,13508635,613,23.0,24.0,1391-09-27
2012-12-18,25.0,25.0,24.0,25.0,307913906133,65878747,3339,24.0,25.0,1391-09-28
2012-12-19,25.0,26.0,25.0,25.0,151287486114,31519409,3075,25.0,25.0,1391-09-29
2012-12-22,25.0,25.0,25.0,25.0,88482392593,18619565,1818,25.0,25.0,1391-10-02
2012-12-23,25.0,26.0,25.0,26.0,146937019689,29799690,1910,25.0,26.0,1391-10-03
2012-12-24,27.0,27.0,26.0,27.0,183560430908,35905689,3651,26.0,27.0,1391-10-04
2012-12-25,27.0,27.0,26.0,26.0,124853956797,25082051,2421,27.0,26.0,1391-10-05
2012-12-26,26.0,27.0,26.0,27.0,122098790298,23914038,2532,26.0,27.0,1391-10-06
2012-12-29,27.0,27.0,26.0,26.0,101057375250,20466968,2217,27.0,26.0,1391-10-09
2012-12-30,26.0,26.0,25.0,25.0,102627314006,21367178,1844,26.0,25.0,1391-10-10
2012-12-31,25.0,26.0,25.0,26.0,62219442329,12600121,1472,25.0,26.0,1391-10-11
2013-01-01,26.0,27.0,26.0,26.0,57283192440,11566172,1397,26.0,26.0,1391-10-12
2013-01-02,26.0,26.0,25.0,26.0,24731890473,5136607,697,26.0,25.0,1391-10-13
2013-01-06,25.0,26.0,25.0,25.0,55033781726,11642722,1412,26.0,25.0,1391-10-17
2013-01-07,25.0,25.0,25.0,25.0,46224975846,9781395,1155,25.0,25.0,1391-10-18
2013-01-08,25.0,26.0,25.0,25.0,36000348780,7493763,912,25.0,25.0,1391-10-19
2013-01-09,25.0,26.0,25.0,26.0,44793512273,9244506,775,25.0,26.0,1391-10-20
2013-01-13,26.0,26.0,26.0,26.0,108044588123,22185752,1416,26.0,26.0,1391-10-24
2013-01-14,26.0,27.0,26.0,27.0,132223246337,26280904,2697,26.0,27.0,1391-10-25
2013-01-15,27.0,28.0,26.0,27.0,69677154606,13592903,1692,27.0,26.0,1391-10-26
2013-01-16,27.0,27.0,26.0,27.0,93558614019,18537755,1784,27.0,26.0,1391-10-27
2013-01-19,26.0,26.0,26.0,26.0,107139055343,22094106,1607,27.0,26.0,1391-10-30
2013-01-20,25.0,26.0,25.0,25.0,58646969006,12365464,1690,26.0,25.0,1391-11-01
2013-01-21,25.0,26.0,24.0,25.0,67019198435,14405747,2124,25.0,24.0,1391-11-02
2013-01-22,24.0,24.0,24.0,24.0,78726428976,17614126,1215,25.0,24.0,1391-11-03
2013-01-23,24.0,25.0,24.0,25.0,95720397290,20620367,2174,24.0,25.0,1391-11-04
2013-01-26,25.0,25.0,25.0,25.0,40163400937,8582727,1020,25.0,25.0,1391-11-07
2013-01-27,25.0,25.0,24.0,24.0,56134041666,12479283,984,25.0,24.0,1391-11-08
2013-01-28,23.0,24.0,23.0,24.0,33608693219,7451630,888,24.0,24.0,1391-11-09
2013-01-30,24.0,24.0,23.0,24.0,14860894250,3335126,588,24.0,23.0,1391-11-11
2013-02-02,24.0,24.0,23.0,24.0,58613805139,13024548,1222,24.0,23.0,1391-11-14
2013-02-05,24.0,24.0,23.0,24.0,8422673966,1881451,368,24.0,24.0,1391-11-17
2013-02-06,24.0,25.0,24.0,25.0,70690636655,15193953,1125,24.0,25.0,1391-11-18
2013-02-09,25.0,25.0,24.0,25.0,42799246204,9060396,1037,25.0,25.0,1391-11-21
2013-02-11,25.0,26.0,25.0,26.0,66674362731,13641875,1456,25.0,26.0,1391-11-23
2013-02-12,26.0,27.0,25.0,26.0,177999912254,36355088,1041,26.0,25.0,1391-11-24
2013-02-13,25.0,26.0,25.0,26.0,24621082021,5103138,802,26.0,25.0,1391-11-25
2013-02-16,25.0,26.0,25.0,25.0,32383050282,6721053,742,26.0,26.0,1391-11-28
2013-02-17,26.0,26.0,25.0,26.0,49312964567,10126044,946,25.0,26.0,1391-11-29
2013-02-18,26.0,26.0,25.0,26.0,44565351055,9186536,896,26.0,25.0,1391-11-30
2013-02-19,26.0,26.0,25.0,25.0,45222328832,9468896,879,26.0,25.0,1391-12-01
2013-02-20,25.0,25.0,25.0,25.0,37767355748,7984451,765,25.0,25.0,1391-12-02
2013-02-23,25.0,25.0,24.0,25.0,28319522496,6121713,817,25.0,24.0,1391-12-05
2013-02-24,24.0,24.0,24.0,24.0,45204750140,9972996,893,25.0,24.0,1391-12-06
2013-02-25,24.0,24.0,23.0,23.0,100914301440,22799528,856,24.0,24.0,1391-12-07
2013-02-26,23.0,24.0,23.0,24.0,23277340428,5130268,759,23.0,24.0,1391-12-08
2013-02-27,24.0,25.0,24.0,24.0,1018276075457,225783985,1288,24.0,24.0,1391-12-09
2013-03-02,24.0,24.0,23.0,23.0,80089213836,18428526,1589,24.0,23.0,1391-12-12
2013-03-03,23.0,23.0,23.0,23.0,390783768121,88973628,676,23.0,23.0,1391-12-13
2013-03-04,23.0,23.0,23.0,23.0,28516175196,6558561,725,23.0,23.0,1391-12-14
2013-03-05,23.0,23.0,22.0,22.0,37159181057,8812987,1045,23.0,22.0,1391-12-15
2013-03-06,22.0,22.0,22.0,22.0,58331599915,14028822,1097,22.0,22.0,1391-12-16
2013-03-09,22.0,23.0,22.0,22.0,244132647536,58153600,694,22.0,22.0,1391-12-19
2013-03-10,22.0,23.0,22.0,23.0,157250016713,36123748,1085,22.0,23.0,1391-12-20
2013-03-11,23.0,24.0,22.0,23.0,13305455735,3116586,590,23.0,22.0,1391-12-21
2013-03-12,22.0,23.0,22.0,23.0,152560950404,35483725,632,23.0,23.0,1391-12-22
2013-03-13,23.0,24.0,23.0,23.0,288674174672,64964663,1011,23.0,23.0,1391-12-23
2013-03-16,23.0,23.0,23.0,23.0,2765194570988,648001016,850,23.0,23.0,1391-12-26
2013-03-17,22.0,22.0,22.0,22.0,1675805558962,397108047,437,23.0,22.0,1391-12-27
2013-03-18,22.0,23.0,22.0,23.0,29193369648,6772449,1126,22.0,23.0,1391-12-28
2013-03-25,24.0,24.0,24.0,24.0,50394838110,11274013,315,23.0,24.0,1392-01-05
2013-03-26,25.0,25.0,24.0,24.0,42955967844,9270526,1131,24.0,24.0,1392-01-06
2013-03-27,24.0,24.0,24.0,24.0,23086002164,5078018,815,24.0,24.0,1392-01-07
2013-03-30,24.0,24.0,23.0,24.0,14763963325,3296359,668,24.0,24.0,1392-01-10
2013-03-31,24.0,24.0,24.0,24.0,11464270963,2525712,457,24.0,24.0,1392-01-11
2013-04-03,24.0,24.0,23.0,24.0,11012492272,2499661,557,24.0,23.0,1392-01-14
2013-04-06,23.0,24.0,23.0,23.0,14165179261,3259583,746,24.0,23.0,1392-01-17
2013-04-07,23.0,23.0,23.0,23.0,9541022262,2212861,578,23.0,23.0,1392-01-18
2013-04-08,23.0,23.0,23.0,23.0,20026320050,4635708,795,23.0,23.0,1392-01-19
2013-04-09,23.0,23.0,23.0,23.0,62177656522,14304820,675,23.0,23.0,1392-01-20
2013-04-10,23.0,23.0,23.0,23.0,39586073368,9209687,828,23.0,23.0,1392-01-21
2013-04-13,22.0,23.0,22.0,22.0,29542284031,7010571,704,23.0,23.0,1392-01-24
2013-04-15,22.0,23.0,22.0,22.0,18204931599,4253015,546,22.0,23.0,1392-01-26
2013-04-16,23.0,23.0,22.0,22.0,33183174294,7787362,779,22.0,22.0,1392-01-27
2013-04-17,22.0,23.0,22.0,22.0,25600204682,6055000,668,22.0,22.0,1392-01-28
2013-04-20,22.0,22.0,22.0,22.0,29133282345,7062357,841,22.0,22.0,1392-01-31
2013-04-21,22.0,23.0,21.0,22.0,23742145087,5708776,789,22.0,22.0,1392-02-01
2013-04-22,22.0,23.0,22.0,23.0,35031339091,8124532,564,22.0,23.0,1392-02-02
2013-04-23,24.0,24.0,23.0,24.0,35451644163,7911315,555,23.0,24.0,1392-02-03
2013-04-24,24.0,24.0,23.0,23.0,33907639193,7636381,1239,24.0,23.0,1392-02-04
2013-04-27,23.0,23.0,23.0,23.0,22593378314,5140081,728,23.0,23.0,1392-02-07
2013-04-28,23.0,24.0,23.0,23.0,30228384402,6857189,777,23.0,23.0,1392-02-08
2013-04-29,23.0,24.0,23.0,24.0,80676277051,17873925,1135,23.0,24.0,1392-02-09
2013-04-30,24.0,24.0,23.0,24.0,37128833831,8257638,841,24.0,24.0,1392-02-10
2013-05-01,24.0,24.0,24.0,24.0,44609696334,9898567,971,24.0,24.0,1392-02-11
2013-05-04,24.0,25.0,24.0,25.0,54968449296,11739782,613,24.0,25.0,1392-02-14
2013-05-05,26.0,26.0,24.0,25.0,108510872508,22727829,1766,25.0,25.0,1392-02-15
2013-05-06,25.0,25.0,24.0,25.0,47558334169,10147367,970,25.0,25.0,1392-02-16
2013-05-07,25.0,25.0,24.0,24.0,20707808411,4557204,701,25.0,24.0,1392-02-17
2013-05-08,24.0,24.0,23.0,24.0,46516409021,10331677,763,24.0,24.0,1392-02-18
2013-05-11,23.0,25.0,23.0,24.0,44963822060,9706444,877,24.0,24.0,1392-02-21
2013-05-12,25.0,25.0,24.0,24.0,29763755529,6419324,703,24.0,24.0,1392-02-22
2013-05-13,24.0,24.0,23.0,24.0,18999307869,4236867,496,24.0,23.0,1392-02-23
2013-05-14,23.0,23.0,23.0,23.0,20835417213,4758361,661,24.0,23.0,1392-02-24
2013-05-15,23.0,24.0,23.0,23.0,25236383127,5817939,701,23.0,23.0,1392-02-25
2013-05-18,23.0,23.0,22.0,22.0,21754043472,5185016,564,23.0,22.0,1392-02-28
2013-05-19,22.0,23.0,22.0,22.0,11030138021,2625777,382,22.0,23.0,1392-02-29
2013-05-20,23.0,23.0,22.0,22.0,4614709088,1074114,386,22.0,23.0,1392-02-30
2013-05-21,23.0,23.0,22.0,22.0,10084543288,2361767,453,22.0,23.0,1392-02-31
2013-05-22,22.0,23.0,22.0,22.0,7693069075,1802244,361,22.0,23.0,1392-03-01
2013-05-25,23.0,23.0,23.0,23.0,7528497161,1705624,291,22.0,23.0,1392-03-04
2013-05-26,24.0,24.0,23.0,23.0,9344709632,2121155,426,23.0,23.0,1392-03-05
2013-05-27,23.0,23.0,22.0,23.0,24808892741,5838055,726,23.0,23.0,1392-03-06
2013-05-28,23.0,23.0,22.0,23.0,8272956021,1916548,366,23.0,23.0,1392-03-07
2013-05-29,23.0,23.0,23.0,23.0,27086880189,6110450,602,23.0,23.0,1392-03-08
2013-06-01,24.0,24.0,23.0,23.0,13645891870,3041062,620,23.0,23.0,1392-03-11
2013-06-02,24.0,24.0,23.0,24.0,10246796677,2275233,424,23.0,24.0,1392-03-12
2013-06-03,24.0,24.0,23.0,24.0,8137692267,1823223,448,24.0,24.0,1392-03-13
2013-06-08,24.0,24.0,23.0,23.0,9672101309,2205806,345,24.0,23.0,1392-03-18
2013-06-09,23.0,23.0,23.0,23.0,10735149791,2438639,341,23.0,23.0,1392-03-19
2013-06-10,23.0,24.0,23.0,23.0,7452134946,1671005,294,23.0,24.0,1392-03-20
2013-06-11,24.0,24.0,24.0,24.0,24529066047,5377176,693,23.0,24.0,1392-03-21
2013-06-12,25.0,25.0,24.0,25.0,67993072718,14471775,1207,24.0,25.0,1392-03-22
2013-06-15,26.0,26.0,26.0,25.0,6133918640,1255664,111,25.0,26.0,1392-03-25
2013-06-16,26.0,26.0,26.0,26.0,25110932154,5106962,196,25.0,26.0,1392-03-26
2013-06-17,27.0,27.0,26.0,27.0,308573367450,61177395,3690,26.0,27.0,1392-03-27
2013-06-18,27.0,27.0,26.0,27.0,75234647948,14919792,1673,27.0,26.0,1392-03-28
2013-06-19,26.0,26.0,26.0,26.0,30137184384,6072871,962,27.0,26.0,1392-03-29
2013-06-22,26.0,26.0,25.0,25.0,76638131698,15984106,1593,26.0,25.0,1392-04-01
2013-06-23,25.0,26.0,25.0,25.0,33901034613,7086772,998,25.0,25.0,1392-04-02
2013-06-25,25.0,26.0,25.0,26.0,39400045385,8042229,1174,25.0,26.0,1392-04-04
2013-06-26,27.0,27.0,26.0,26.0,36932477310,7412429,1050,26.0,26.0,1392-04-05
2013-06-29,27.0,27.0,26.0,27.0,58063668427,11380243,1348,26.0,27.0,1392-04-08
2013-06-30,27.0,28.0,27.0,28.0,148345936319,28007637,2493,27.0,28.0,1392-04-09
2013-07-01,28.0,29.0,28.0,28.0,62684114253,11745911,1423,28.0,28.0,1392-04-10
2013-07-02,27.0,28.0,27.0,27.0,96233713777,18654872,1708,28.0,27.0,1392-04-11
2013-07-03,27.0,27.0,27.0,27.0,90338506149,17667453,2535,27.0,27.0,1392-04-12
2013-07-06,27.0,28.0,27.0,28.0,119943925096,22704720,1559,27.0,28.0,1392-04-15
2013-07-07,28.0,28.0,27.0,27.0,62853340606,12065624,1406,28.0,27.0,1392-04-16
2013-07-08,27.0,27.0,27.0,27.0,33239814143,6453461,834,27.0,27.0,1392-04-17
2013-07-09,27.0,27.0,26.0,27.0,31974870856,6282424,908,27.0,27.0,1392-04-18
2013-07-10,27.0,28.0,27.0,27.0,52484654257,10182165,998,27.0,27.0,1392-04-19
2013-07-13,27.0,27.0,26.0,27.0,29751307974,5893325,825,27.0,27.0,1392-04-22
2013-07-14,27.0,27.0,26.0,26.0,37897826296,7597664,741,27.0,26.0,1392-04-23
2013-07-15,26.0,27.0,26.0,26.0,25016161447,5014125,864,26.0,26.0,1392-04-24
2013-07-16,26.0,27.0,26.0,26.0,142537771689,28511163,1930,26.0,26.0,1392-04-25
2013-07-28,29.0,29.0,29.0,29.0,51418555032,14323744,744,26.0,29.0,1392-05-06
2013-07-29,30.0,30.0,29.0,30.0,71556185703,19276853,1390,29.0,30.0,1392-05-07
2013-07-31,32.0,32.0,32.0,32.0,38797427420,10051147,319,30.0,32.0,1392-05-09
2013-08-03,32.0,33.0,31.0,32.0,133793980115,33981232,3820,32.0,32.0,1392-05-12
2013-08-04,32.0,32.0,31.0,31.0,38793704225,10098002,1519,32.0,31.0,1392-05-13
2013-08-05,31.0,31.0,30.0,31.0,16856839229,4457936,793,31.0,31.0,1392-05-14
2013-08-06,31.0,32.0,30.0,32.0,29814953092,7682996,1156,31.0,32.0,1392-05-15
2013-08-07,32.0,33.0,31.0,31.0,54922803829,14245885,1701,32.0,31.0,1392-05-16
2013-08-11,32.0,32.0,31.0,32.0,27127895106,7015193,1282,31.0,31.0,1392-05-20
2013-08-12,32.0,32.0,31.0,31.0,16510599570,4358280,1039,32.0,31.0,1392-05-21
2013-08-13,31.0,31.0,30.0,31.0,25976972072,6932357,1226,31.0,30.0,1392-05-22
2013-08-14,31.0,31.0,30.0,30.0,17718691510,4765486,975,31.0,30.0,1392-05-23
2013-08-17,31.0,31.0,30.0,30.0,28061539758,7571980,1291,30.0,30.0,1392-05-26
2013-08-18,30.0,31.0,30.0,30.0,25815368187,7008246,922,30.0,30.0,1392-05-27
2013-08-19,30.0,30.0,30.0,30.0,17443852044,4724259,862,30.0,30.0,1392-05-28
2013-08-20,30.0,30.0,30.0,30.0,11352559885,3106473,575,30.0,30.0,1392-05-29
2013-08-21,30.0,30.0,30.0,30.0,13672659649,3754345,594,30.0,30.0,1392-05-30
2013-08-24,30.0,30.0,29.0,30.0,10496161398,2892649,767,30.0,30.0,1392-06-02
2013-08-25,30.0,30.0,29.0,30.0,15326274349,4250999,842,30.0,29.0,1392-06-03
2013-08-26,29.0,29.0,29.0,29.0,15781023145,4420854,701,30.0,29.0,1392-06-04
2013-08-27,29.0,30.0,28.0,29.0,25963494620,7319953,1183,29.0,28.0,1392-06-05
2013-08-28,28.0,28.0,28.0,28.0,31952178440,9374565,661,29.0,28.0,1392-06-06
2013-08-31,28.0,29.0,28.0,28.0,21327950736,6090255,913,28.0,29.0,1392-06-09
2013-09-01,29.0,30.0,29.0,29.0,20080940943,5570391,942,28.0,30.0,1392-06-10
2013-09-03,30.0,30.0,29.0,29.0,16608868843,4597672,757,29.0,29.0,1392-06-12
2013-09-04,28.0,28.0,28.0,29.0,5351076652,1549089,221,29.0,28.0,1392-06-13
2013-09-07,28.0,28.0,28.0,28.0,15009090951,4381904,526,29.0,28.0,1392-06-16
2013-09-08,28.0,29.0,28.0,28.0,20548801770,5952277,717,28.0,28.0,1392-06-17
2013-09-09,29.0,29.0,28.0,28.0,9118623100,2609113,499,28.0,28.0,1392-06-18
2013-09-10,29.0,29.0,29.0,29.0,7764047755,2151976,195,28.0,29.0,1392-06-19
2013-09-11,30.0,30.0,30.0,30.0,34560426500,9468610,573,29.0,30.0,1392-06-20
2013-09-14,31.0,31.0,29.0,30.0,12803897151,3520357,651,30.0,30.0,1392-06-23
2013-09-15,30.0,31.0,29.0,30.0,17536864087,4763824,690,30.0,30.0,1392-06-24
2013-09-16,30.0,30.0,29.0,30.0,8920372036,2468046,405,30.0,30.0,1392-06-25
2013-09-17,30.0,30.0,30.0,30.0,7987332730,2178796,478,30.0,30.0,1392-06-26
2013-09-18,31.0,31.0,30.0,30.0,18708762169,5052861,707,30.0,30.0,1392-06-27
2013-09-21,30.0,31.0,30.0,30.0,23154018215,6242842,921,30.0,30.0,1392-06-30
2013-09-22,30.0,30.0,29.0,30.0,8785627753,2419320,560,30.0,30.0,1392-06-31
2013-09-23,30.0,31.0,30.0,30.0,24915249944,6737350,929,30.0,30.0,1392-07-01
2013-09-24,30.0,30.0,30.0,30.0,13225286241,3578054,485,30.0,30.0,1392-07-02
2013-09-25,30.0,31.0,30.0,30.0,16765321416,4537839,658,30.0,30.0,1392-07-03
2013-09-28,31.0,31.0,30.0,30.0,29114988503,7857600,886,30.0,30.0,1392-07-06
2013-09-29,31.0,31.0,30.0,30.0,24825495015,6689959,786,30.0,30.0,1392-07-07
2013-09-30,30.0,31.0,30.0,31.0,65454951073,17073342,1621,30.0,31.0,1392-07-08
2013-10-01,32.0,33.0,31.0,32.0,55024984270,13981611,1661,31.0,32.0,1392-07-09
2013-10-02,32.0,33.0,32.0,32.0,28643207384,7277520,1096,32.0,32.0,1392-07-10
2013-10-05,32.0,32.0,32.0,32.0,20048447167,5110006,733,32.0,32.0,1392-07-13
2013-10-06,31.0,33.0,31.0,32.0,25851778393,6531833,1027,32.0,33.0,1392-07-14
2013-10-07,33.0,33.0,32.0,32.0,19063406924,4835510,613,32.0,32.0,1392-07-15
2013-10-08,32.0,32.0,32.0,32.0,29768615905,7593229,664,32.0,32.0,1392-07-16
2013-10-09,32.0,33.0,32.0,32.0,1446305741294,369647413,1057,32.0,32.0,1392-07-17
2013-10-12,32.0,33.0,32.0,33.0,1494585616197,367353866,797,32.0,33.0,1392-07-20
2013-10-13,35.0,35.0,34.0,34.0,850274281483,201292316,1893,33.0,34.0,1392-07-21
2013-10-14,35.0,36.0,34.0,35.0,584025311357,135299839,2435,34.0,36.0,1392-07-22
2013-10-15,36.0,37.0,36.0,37.0,81771202285,18246906,1219,35.0,37.0,1392-07-23
2013-10-19,38.0,38.0,37.0,38.0,135190402996,29044462,1672,37.0,37.0,1392-07-27
2013-10-20,37.0,38.0,36.0,37.0,69421991308,15236816,1724,38.0,37.0,1392-07-28
2013-10-21,39.0,39.0,38.0,38.0,96792660269,20608525,1698,37.0,38.0,1392-07-29
2013-10-22,38.0,38.0,37.0,37.0,24261982916,5339147,1050,38.0,37.0,1392-07-30
2013-10-23,37.0,38.0,36.0,37.0,39249993286,8569511,1041,37.0,38.0,1392-08-01
2013-10-26,38.0,38.0,37.0,38.0,67027530173,14447384,1485,37.0,37.0,1392-08-04
2013-10-27,37.0,37.0,36.0,37.0,31801029230,7112016,856,38.0,37.0,1392-08-05
2013-10-28,37.0,37.0,36.0,37.0,16700440943,3714642,522,37.0,37.0,1392-08-06
2013-10-29,37.0,37.0,36.0,37.0,16787943748,3752230,668,37.0,36.0,1392-08-07
2013-10-30,36.0,37.0,36.0,37.0,17605868349,3926819,523,37.0,36.0,1392-08-08
2013-11-02,36.0,36.0,36.0,36.0,16948432722,3819169,583,37.0,36.0,1392-08-11
2013-11-03,36.0,36.0,36.0,36.0,28903875653,6572470,690,36.0,36.0,1392-08-12
2013-11-04,36.0,36.0,35.0,36.0,12423472193,2851168,489,36.0,35.0,1392-08-13
2013-11-05,36.0,36.0,36.0,36.0,16602365106,3781275,550,36.0,36.0,1392-08-14
2013-11-06,36.0,36.0,36.0,36.0,16940309809,3861500,605,36.0,36.0,1392-08-15
2013-11-09,36.0,36.0,35.0,36.0,18537007415,4258374,762,36.0,35.0,1392-08-18
2013-11-10,35.0,35.0,34.0,35.0,24000103392,5673617,842,36.0,35.0,1392-08-19
2013-11-11,34.0,35.0,34.0,34.0,24163457285,5754889,1064,35.0,34.0,1392-08-20
2013-11-12,34.0,36.0,34.0,35.0,19890527110,4687689,799,34.0,35.0,1392-08-21
2013-11-16,36.0,36.0,35.0,35.0,20623201620,4761046,965,35.0,35.0,1392-08-25
2013-11-17,36.0,36.0,35.0,35.0,10417992740,2427126,483,35.0,35.0,1392-08-26
2013-11-18,35.0,36.0,35.0,36.0,18539457560,4215736,670,35.0,36.0,1392-08-27
2013-11-19,37.0,37.0,36.0,37.0,50238816378,11229274,1885,36.0,37.0,1392-08-28
2013-11-20,37.0,37.0,36.0,36.0,14148067254,3171858,464,37.0,36.0,1392-08-29
2013-11-23,37.0,37.0,36.0,37.0,27428384438,6131568,737,36.0,36.0,1392-09-02
2013-11-24,36.0,37.0,36.0,36.0,26168163101,5939843,1114,37.0,36.0,1392-09-03
2013-11-25,36.0,36.0,35.0,35.0,35697972785,8241741,1476,36.0,35.0,1392-09-04
2013-11-26,35.0,35.0,35.0,35.0,23765496281,5566183,1043,35.0,35.0,1392-09-05
2013-11-27,35.0,36.0,34.0,35.0,67818650887,15883419,1628,35.0,35.0,1392-09-06
2013-11-30,35.0,36.0,35.0,35.0,39287663278,9099342,1173,35.0,36.0,1392-09-09
2013-12-01,35.0,37.0,35.0,37.0,150221558626,33475054,2060,35.0,37.0,1392-09-10
2013-12-02,37.0,37.0,36.0,37.0,42286835770,9402475,1647,37.0,36.0,1392-09-11
2013-12-03,37.0,37.0,36.0,37.0,19032069912,4242279,840,37.0,36.0,1392-09-12
2013-12-04,36.0,37.0,35.0,36.0,17196184731,3940964,982,37.0,35.0,1392-09-13
2013-12-07,36.0,36.0,35.0,36.0,19433162254,4490561,878,36.0,35.0,1392-09-16
2013-12-08,35.0,36.0,35.0,36.0,46946862810,10769352,1310,36.0,36.0,1392-09-17
2013-12-09,36.0,37.0,36.0,36.0,43823266159,9877723,1262,36.0,36.0,1392-09-18
2013-12-10,37.0,38.0,37.0,38.0,83288070611,18106317,1709,36.0,38.0,1392-09-19
2013-12-11,38.0,38.0,37.0,37.0,33356162447,7268591,1274,38.0,37.0,1392-09-20
2013-12-14,36.0,38.0,36.0,37.0,34057816419,7618600,919,37.0,36.0,1392-09-23
2013-12-15,37.0,38.0,37.0,38.0,54931305082,11911278,1155,37.0,38.0,1392-09-24
2013-12-16,39.0,39.0,39.0,39.0,149812400552,31236972,1250,38.0,39.0,1392-09-25
2013-12-17,40.0,40.0,38.0,39.0,52252366638,11065284,1535,39.0,38.0,1392-09-26
2013-12-18,38.0,39.0,37.0,38.0,69454188440,15092779,1837,39.0,37.0,1392-09-27
2013-12-21,37.0,38.0,36.0,36.0,68695826610,15370751,1519,38.0,36.0,1392-09-30
2013-12-22,37.0,37.0,36.0,36.0,267607309378,60546016,2828,36.0,36.0,1392-10-01
2013-12-24,37.0,38.0,36.0,37.0,147318575741,32186832,1476,36.0,38.0,1392-10-03
2013-12-25,39.0,39.0,39.0,39.0,28523214720,5992272,274,37.0,39.0,1392-10-04
2013-12-28,40.0,40.0,39.0,40.0,364586448348,74324534,4961,39.0,40.0,1392-10-07
2013-12-29,40.0,40.0,39.0,39.0,51775449045,10794157,1856,40.0,39.0,1392-10-08
2013-12-30,39.0,40.0,38.0,39.0,48954477735,10178082,1246,39.0,39.0,1392-10-09
2014-01-01,40.0,40.0,39.0,39.0,37297090759,7745000,965,39.0,39.0,1392-10-11
2014-01-04,40.0,41.0,39.0,40.0,75350705050,15253701,1715,39.0,41.0,1392-10-14
2014-01-05,41.0,42.0,40.0,41.0,62072239588,12292364,1613,40.0,42.0,1392-10-15
2014-01-06,42.0,42.0,41.0,42.0,33758929503,6591199,1277,41.0,42.0,1392-10-16
2014-01-07,42.0,42.0,41.0,41.0,47762160407,9529044,1391,42.0,41.0,1392-10-17
2014-01-08,41.0,41.0,40.0,41.0,58740027639,11767171,5395,41.0,41.0,1392-10-18
2014-01-11,41.0,42.0,41.0,41.0,174046502606,34639918,3109,41.0,41.0,1392-10-21
2014-01-12,40.0,41.0,39.0,39.0,52200254709,10789353,944,41.0,40.0,1392-10-22
2014-01-13,40.0,41.0,40.0,40.0,68089259554,13842907,908,39.0,40.0,1392-10-23
2014-01-14,41.0,41.0,39.0,40.0,23160592668,4759418,679,40.0,40.0,1392-10-24
2014-01-15,39.0,40.0,39.0,39.0,55100333755,11529622,755,40.0,39.0,1392-10-25
2014-01-18,38.0,40.0,38.0,39.0,15167186575,3201520,538,39.0,38.0,1392-10-28
2014-01-20,38.0,39.0,37.0,38.0,20372190048,4441394,403,39.0,37.0,1392-10-30
2014-01-21,38.0,39.0,37.0,38.0,22734893225,4874840,655,38.0,37.0,1392-11-01
2014-01-22,37.0,38.0,37.0,37.0,29562709269,6560433,780,38.0,37.0,1392-11-02
2014-01-25,36.0,38.0,36.0,37.0,27039708494,5905074,701,37.0,37.0,1392-11-05
2014-01-26,37.0,37.0,36.0,37.0,22834889635,5175412,694,37.0,36.0,1392-11-06
2014-01-27,35.0,36.0,35.0,36.0,28977086147,6691727,760,37.0,36.0,1392-11-07
2014-01-28,36.0,37.0,36.0,36.0,7711941791,1724613,420,36.0,36.0,1392-11-08
2014-01-29,36.0,37.0,36.0,36.0,22024591473,4881187,844,36.0,37.0,1392-11-09
2014-02-01,37.0,38.0,37.0,37.0,17889742867,3896724,748,36.0,37.0,1392-11-12
2014-02-02,37.0,37.0,36.0,37.0,11284922147,2559953,555,37.0,36.0,1392-11-13
2014-02-03,36.0,36.0,36.0,36.0,9360843126,2132355,384,37.0,36.0,1392-11-14
2014-02-04,36.0,36.0,35.0,36.0,13288350404,3060418,595,36.0,36.0,1392-11-15
2014-02-05,35.0,35.0,35.0,36.0,11216217479,2635652,465,36.0,35.0,1392-11-16
2014-02-08,34.0,35.0,34.0,34.0,70941172526,16841252,728,36.0,34.0,1392-11-19
2014-02-09,33.0,36.0,33.0,36.0,1592516419745,364471314,564,34.0,36.0,1392-11-20
2014-02-10,36.0,36.0,34.0,36.0,1686790929473,386119797,1106,36.0,35.0,1392-11-21
2014-02-12,34.0,34.0,34.0,35.0,9967599550,2375230,295,36.0,34.0,1392-11-23
2014-02-15,34.0,36.0,34.0,35.0,6092070623,1429561,358,35.0,34.0,1392-11-26
2014-02-16,35.0,36.0,34.0,35.0,11018723562,2512858,664,35.0,36.0,1392-11-27
2014-02-17,36.0,36.0,35.0,36.0,18548589753,4222183,1189,35.0,36.0,1392-11-28
2014-02-18,35.0,35.0,34.0,35.0,11559362494,2744734,676,36.0,35.0,1392-11-29
2014-02-19,35.0,36.0,34.0,35.0,17037048964,3960291,821,35.0,35.0,1392-11-30
2014-02-22,35.0,36.0,35.0,35.0,13638871777,3163778,635,35.0,35.0,1392-12-03
2014-02-23,35.0,35.0,34.0,35.0,11916170841,2829974,804,35.0,34.0,1392-12-04
2014-02-24,34.0,34.0,34.0,35.0,13821996281,3346587,758,35.0,34.0,1392-12-05
2014-02-25,34.0,34.0,33.0,34.0,11370468984,2790658,655,35.0,33.0,1392-12-06
2014-02-26,33.0,34.0,33.0,34.0,12212733566,3019661,791,34.0,33.0,1392-12-07
2014-03-01,33.0,34.0,33.0,34.0,9938528116,2438524,574,34.0,34.0,1392-12-10
2014-03-02,33.0,33.0,33.0,33.0,11975467786,2982487,688,34.0,33.0,1392-12-11
2014-03-03,33.0,33.0,32.0,33.0,11237593410,2845520,576,33.0,32.0,1392-12-12
2014-03-04,32.0,33.0,32.0,33.0,8454174339,2133048,485,33.0,33.0,1392-12-13
2014-03-05,32.0,33.0,32.0,33.0,11124783814,2756116,617,33.0,33.0,1392-12-14
2014-03-08,33.0,33.0,32.0,33.0,30773553823,7638241,436,33.0,33.0,1392-12-17
2014-03-09,32.0,32.0,32.0,33.0,7818758220,1990993,372,33.0,32.0,1392-12-18
2014-03-10,32.0,32.0,32.0,33.0,8016225601,2047297,347,33.0,32.0,1392-12-19
2014-03-11,32.0,32.0,32.0,32.0,6910648041,1768273,449,33.0,32.0,1392-12-20
2014-03-12,32.0,33.0,31.0,32.0,57172642434,14407619,677,32.0,33.0,1392-12-21
2014-03-15,32.0,34.0,32.0,33.0,103341969892,25325646,1085,32.0,34.0,1392-12-24
2014-03-16,34.0,35.0,34.0,34.0,1222699055165,294436057,1031,33.0,35.0,1392-12-25
2014-03-17,35.0,35.0,34.0,35.0,51905076291,12032571,941,34.0,35.0,1392-12-26
2014-03-18,35.0,36.0,35.0,35.0,2249640676320,518443000,642,35.0,35.0,1392-12-27
2014-03-19,35.0,35.0,35.0,35.0,12554684151,2932433,600,35.0,35.0,1392-12-28
2014-03-25,35.0,35.0,35.0,35.0,4511379501,1050613,238,35.0,35.0,1393-01-05
2014-03-26,35.0,35.0,34.0,35.0,4960787321,1183230,206,35.0,34.0,1393-01-06
2014-03-29,34.0,35.0,34.0,35.0,3724721114,889408,272,35.0,35.0,1393-01-09
2014-03-30,34.0,35.0,34.0,35.0,4689848819,1102556,281,35.0,35.0,1393-01-10
2014-03-31,35.0,35.0,34.0,35.0,11033707461,2599289,351,35.0,34.0,1393-01-11
2014-04-05,35.0,35.0,34.0,35.0,9895528902,2365684,381,35.0,34.0,1393-01-16
2014-04-06,34.0,34.0,33.0,34.0,13620386720,3316797,463,35.0,34.0,1393-01-17
2014-04-07,33.0,34.0,33.0,34.0,6557372648,1592575,479,34.0,33.0,1393-01-18
2014-04-08,33.0,34.0,33.0,34.0,12071875274,2929708,376,34.0,34.0,1393-01-19
2014-04-09,34.0,34.0,33.0,34.0,1511544008473,361816894,348,34.0,34.0,1393-01-20
2014-04-12,33.0,34.0,33.0,34.0,8852420895,2195652,419,34.0,33.0,1393-01-23
2014-04-13,33.0,34.0,33.0,34.0,1516699284799,365835340,721,34.0,33.0,1393-01-24
2014-04-14,33.0,33.0,32.0,33.0,37153460578,9254751,924,34.0,33.0,1393-01-25
2014-04-15,32.0,33.0,32.0,33.0,26058571660,6572960,787,33.0,33.0,1393-01-26
2014-04-16,33.0,33.0,32.0,33.0,14165511877,3515574,459,33.0,32.0,1393-01-27
2014-04-19,33.0,33.0,31.0,33.0,5416060154,1384706,297,33.0,32.0,1393-01-30
2014-04-20,33.0,34.0,33.0,33.0,16647818142,4095961,347,33.0,33.0,1393-01-31
2014-04-21,33.0,34.0,33.0,34.0,69751916109,16750846,792,33.0,34.0,1393-02-01
2014-04-22,35.0,35.0,35.0,35.0,74076851241,17165137,1514,34.0,35.0,1393-02-02
2014-04-23,35.0,35.0,34.0,35.0,65344822633,15132847,1227,35.0,35.0,1393-02-03
2014-04-26,35.0,37.0,35.0,37.0,56871316829,12695783,1232,35.0,37.0,1393-02-06
2014-04-27,37.0,37.0,35.0,36.0,20372628151,4629231,807,37.0,35.0,1393-02-07
2014-04-28,35.0,36.0,35.0,36.0,50892210772,11562361,742,36.0,36.0,1393-02-08
2014-04-29,36.0,36.0,35.0,36.0,17454089426,4006732,451,36.0,35.0,1393-02-09
2014-04-30,35.0,36.0,35.0,36.0,10297095146,2370312,401,36.0,36.0,1393-02-10
2014-05-03,36.0,36.0,35.0,36.0,10657019811,2472307,399,36.0,35.0,1393-02-13
2014-05-04,36.0,36.0,35.0,36.0,9041442363,2089042,416,36.0,35.0,1393-02-14
2014-05-05,35.0,36.0,35.0,36.0,13402743323,3072850,369,36.0,36.0,1393-02-15
2014-05-06,36.0,36.0,35.0,36.0,68776061907,15729992,628,36.0,36.0,1393-02-16
2014-05-07,36.0,36.0,35.0,36.0,9118744247,2101043,246,36.0,35.0,1393-02-17
2014-05-10,35.0,35.0,35.0,36.0,8148678155,1893142,305,36.0,35.0,1393-02-20
2014-05-11,35.0,35.0,34.0,35.0,5409747861,1275952,297,36.0,35.0,1393-02-21
2014-05-12,34.0,35.0,34.0,35.0,6179849938,1469606,360,35.0,34.0,1393-02-22
2014-05-14,35.0,35.0,34.0,35.0,13551362486,3193717,371,35.0,35.0,1393-02-24
2014-05-17,34.0,35.0,34.0,35.0,9688674333,2308107,319,35.0,35.0,1393-02-27
2014-05-18,35.0,35.0,34.0,35.0,17216383493,4094808,744,35.0,34.0,1393-02-28
2014-05-19,34.0,35.0,34.0,34.0,13027940057,3126735,365,35.0,34.0,1393-02-29
2014-05-20,35.0,35.0,35.0,35.0,43379519935,10178652,691,34.0,35.0,1393-02-30
2014-05-21,35.0,35.0,35.0,35.0,187396782492,43689185,403,35.0,35.0,1393-02-31
2014-05-24,35.0,35.0,34.0,35.0,5653727547,1337479,215,35.0,34.0,1393-03-03
2014-05-25,34.0,35.0,34.0,35.0,114786920080,26878822,766,35.0,34.0,1393-03-04
2014-05-26,34.0,34.0,34.0,35.0,12103328678,2916079,427,35.0,34.0,1393-03-05
2014-05-28,34.0,34.0,34.0,34.0,7930163310,1909181,342,35.0,34.0,1393-03-07
2014-05-31,34.0,34.0,34.0,34.0,23550532441,5638023,431,34.0,34.0,1393-03-10
2014-06-01,34.0,34.0,33.0,34.0,6952034478,1701718,317,34.0,33.0,1393-03-11
2014-06-02,34.0,34.0,33.0,34.0,8142455195,1986649,377,34.0,33.0,1393-03-12
2014-06-03,34.0,34.0,33.0,34.0,5995060594,1461952,287,34.0,33.0,1393-03-13
2014-06-07,34.0,34.0,33.0,34.0,6342752085,1559813,338,34.0,33.0,1393-03-17
2014-06-08,33.0,33.0,33.0,34.0,4906919097,1217450,279,34.0,33.0,1393-03-18
2014-06-09,33.0,33.0,33.0,34.0,5369289466,1335230,281,34.0,33.0,1393-03-19
2014-06-10,33.0,33.0,33.0,34.0,4665355013,1160710,229,34.0,33.0,1393-03-20
2014-06-11,33.0,33.0,32.0,33.0,16560672461,4156717,475,34.0,32.0,1393-03-21
2014-06-14,33.0,33.0,32.0,33.0,11451568603,2919046,405,33.0,32.0,1393-03-24
2014-06-15,32.0,32.0,32.0,33.0,8484266100,2178869,332,33.0,32.0,1393-03-25
2014-06-16,32.0,33.0,32.0,32.0,8294657891,2118330,373,33.0,32.0,1393-03-26
2014-06-17,32.0,32.0,31.0,32.0,13956814659,3597074,325,32.0,31.0,1393-03-27
2014-06-18,31.0,32.0,31.0,32.0,12852420934,3304563,360,32.0,32.0,1393-03-28
2014-06-21,32.0,33.0,32.0,32.0,13528546565,3394793,486,32.0,33.0,1393-03-31
2014-06-22,33.0,33.0,33.0,33.0,26496368532,6541512,585,32.0,33.0,1393-04-01
2014-06-23,33.0,33.0,33.0,33.0,14816123176,3676580,349,33.0,33.0,1393-04-02
2014-06-24,33.0,33.0,32.0,33.0,32115424289,7891802,484,33.0,32.0,1393-04-03
2014-06-25,33.0,33.0,32.0,33.0,37447253181,9306858,724,33.0,32.0,1393-04-04
2014-06-28,33.0,33.0,32.0,33.0,5530250660,1413407,323,33.0,32.0,1393-04-07
2014-06-29,32.0,32.0,31.0,33.0,4310618782,1117674,154,33.0,31.0,1393-04-08
2014-06-30,31.0,31.0,31.0,32.0,9236656068,2406399,194,33.0,31.0,1393-04-09
2014-07-01,31.0,32.0,31.0,32.0,10993765446,2827114,320,32.0,32.0,1393-04-10
2014-07-02,32.0,32.0,32.0,32.0,8933372365,2280948,361,32.0,32.0,1393-04-11
2014-07-05,32.0,33.0,32.0,33.0,23558795231,5770698,744,32.0,33.0,1393-04-14
2014-07-06,33.0,33.0,32.0,33.0,6996854763,1769199,352,33.0,32.0,1393-04-15
2014-07-07,32.0,32.0,32.0,33.0,7988126218,2049164,296,33.0,32.0,1393-04-16
2014-07-08,32.0,33.0,32.0,33.0,12220723268,3043357,477,33.0,33.0,1393-04-17
2014-07-09,33.0,33.0,32.0,33.0,11847657706,2968157,373,33.0,33.0,1393-04-18
2014-07-12,33.0,33.0,33.0,33.0,8942263320,2197069,452,33.0,33.0,1393-04-21
2014-07-13,33.0,33.0,33.0,33.0,17236254784,4251038,580,33.0,33.0,1393-04-22
2014-07-14,33.0,33.0,33.0,33.0,17006089026,4192004,496,33.0,33.0,1393-04-23
2014-07-15,33.0,33.0,32.0,32.0,35797002717,9046767,1207,33.0,32.0,1393-04-24
2014-07-23,33.0,33.0,33.0,33.0,9579417033,2854596,270,32.0,33.0,1393-05-01
2014-07-26,33.0,34.0,33.0,33.0,12773018301,3774353,484,33.0,33.0,1393-05-04
2014-07-27,33.0,33.0,33.0,33.0,6290133682,1870314,273,33.0,33.0,1393-05-05
2014-07-28,33.0,33.0,33.0,33.0,9248273443,2758895,603,33.0,33.0,1393-05-06
2014-08-10,34.0,34.0,33.0,34.0,11725708679,4285245,245,33.0,34.0,1393-05-19
2014-08-11,34.0,34.0,33.0,34.0,283639170898,103638282,568,34.0,33.0,1393-05-20
2014-08-12,33.0,34.0,33.0,34.0,21363617215,7831770,439,34.0,33.0,1393-05-21
2014-08-13,33.0,33.0,33.0,34.0,4825223338,1815622,365,34.0,33.0,1393-05-22
2014-08-16,33.0,33.0,32.0,33.0,7947531205,3036092,358,34.0,32.0,1393-05-25
2014-08-17,33.0,33.0,32.0,33.0,5747700513,2214874,471,33.0,32.0,1393-05-26
2014-08-18,32.0,33.0,32.0,33.0,4560352672,1756704,269,33.0,32.0,1393-05-27
2014-08-19,32.0,33.0,31.0,33.0,27831280227,10483090,599,33.0,32.0,1393-05-28
2014-08-20,33.0,33.0,31.0,33.0,3087713363,1200332,263,33.0,32.0,1393-05-29
2014-08-23,32.0,33.0,31.0,32.0,20110310464,7722800,513,33.0,31.0,1393-06-01
2014-08-24,32.0,32.0,31.0,32.0,15964482480,6334137,509,32.0,31.0,1393-06-02
2014-08-25,32.0,32.0,30.0,31.0,4721126135,1897050,382,32.0,31.0,1393-06-03
2014-08-26,31.0,31.0,31.0,31.0,5996703938,2397161,384,31.0,31.0,1393-06-04
2014-08-27,31.0,32.0,31.0,31.0,7318526974,2917618,357,31.0,31.0,1393-06-05
2014-08-30,31.0,31.0,30.0,31.0,2892207816,1159328,254,31.0,31.0,1393-06-08
2014-08-31,31.0,31.0,30.0,31.0,4925948479,1991871,263,31.0,30.0,1393-06-09
2014-09-01,31.0,31.0,30.0,31.0,3647855305,1470132,235,31.0,30.0,1393-06-10
2014-09-02,30.0,31.0,30.0,31.0,4030014176,1641014,294,31.0,30.0,1393-06-11
2014-09-03,30.0,31.0,30.0,31.0,17586998147,7054735,856,31.0,30.0,1393-06-12
2014-09-06,31.0,31.0,30.0,31.0,7596166381,3036167,371,31.0,31.0,1393-06-15
2014-09-07,31.0,32.0,30.0,31.0,14101226596,5530869,710,31.0,32.0,1393-06-16
2014-09-08,32.0,32.0,31.0,32.0,27883328225,10883313,538,31.0,32.0,1393-06-17
2014-09-09,32.0,33.0,31.0,32.0,57298724806,22046889,608,32.0,32.0,1393-06-18
2014-09-10,32.0,32.0,31.0,32.0,4000926625,1556403,218,32.0,32.0,1393-06-19
2014-09-13,32.0,32.0,31.0,32.0,4358747769,1721569,311,32.0,31.0,1393-06-22
2014-09-14,32.0,32.0,31.0,32.0,9790342796,3882939,475,32.0,31.0,1393-06-23
2014-09-15,31.0,31.0,31.0,32.0,3458825027,1368060,190,32.0,31.0,1393-06-24
2014-09-16,31.0,31.0,31.0,31.0,2635705635,1041626,245,32.0,31.0,1393-06-25
2014-09-17,31.0,31.0,31.0,31.0,3099912332,1228194,223,31.0,31.0,1393-06-26
2014-09-20,31.0,31.0,31.0,31.0,2245790029,887889,265,31.0,31.0,1393-06-29
2014-09-21,31.0,31.0,31.0,31.0,4304728037,1705697,315,31.0,31.0,1393-06-30
2014-09-22,31.0,31.0,31.0,31.0,4086715716,1614170,216,31.0,31.0,1393-06-31
2014-09-23,31.0,31.0,31.0,31.0,3645353142,1449499,206,31.0,31.0,1393-07-01
2014-09-24,31.0,31.0,31.0,31.0,2855192504,1138037,282,31.0,31.0,1393-07-02
2014-09-27,31.0,31.0,31.0,31.0,4467435449,1784647,355,31.0,31.0,1393-07-05
2014-09-28,31.0,31.0,30.0,31.0,47463226282,18823554,336,31.0,31.0,1393-07-06
2014-09-29,31.0,31.0,30.0,31.0,33217160346,13220336,466,31.0,31.0,1393-07-07
2014-09-30,31.0,32.0,31.0,31.0,9552545270,3741633,465,31.0,32.0,1393-07-08
2014-10-01,32.0,32.0,31.0,31.0,7264438036,2811009,325,31.0,32.0,1393-07-09
2014-10-04,32.0,32.0,32.0,31.0,3927260450,1520835,263,31.0,32.0,1393-07-12
2014-10-06,32.0,32.0,32.0,31.0,2621740174,1014629,177,31.0,32.0,1393-07-14
2014-10-07,32.0,32.0,31.0,31.0,59863363947,23450173,228,31.0,31.0,1393-07-15
2014-10-08,32.0,32.0,31.0,31.0,5318416108,2081552,328,31.0,31.0,1393-07-16
2014-10-14,32.0,32.0,31.0,31.0,2016647579,787597,160,31.0,31.0,1393-07-22
2014-10-15,31.0,32.0,31.0,32.0,7530381684,2936765,301,31.0,31.0,1393-07-23
2014-10-18,32.0,33.0,31.0,32.0,6938046117,2664091,360,32.0,32.0,1393-07-26
2014-10-19,32.0,32.0,32.0,32.0,4191302593,1615689,222,32.0,32.0,1393-07-27
2014-10-20,32.0,33.0,32.0,33.0,52416314761,19639247,931,32.0,33.0,1393-07-28
2014-10-21,33.0,34.0,32.0,33.0,9515544066,3544955,334,33.0,33.0,1393-07-29
2014-10-22,33.0,33.0,32.0,33.0,7527182283,2853992,333,33.0,33.0,1393-07-30
2014-10-25,32.0,33.0,32.0,33.0,5377251403,2054596,238,33.0,32.0,1393-08-03
2014-10-26,33.0,33.0,32.0,33.0,6803683350,2564934,352,33.0,32.0,1393-08-04
2014-10-27,33.0,33.0,32.0,33.0,5085200673,1933190,288,33.0,32.0,1393-08-05
2014-10-28,33.0,33.0,32.0,33.0,3536639899,1355345,198,33.0,32.0,1393-08-06
2014-10-29,32.0,32.0,32.0,32.0,9883855944,3799744,428,33.0,32.0,1393-08-07
2014-11-01,32.0,33.0,32.0,32.0,14177920075,5404540,605,32.0,32.0,1393-08-10
2014-11-02,32.0,33.0,32.0,32.0,8266625090,3182024,477,32.0,32.0,1393-08-11
2014-11-05,32.0,32.0,32.0,32.0,10528046018,4046102,525,32.0,32.0,1393-08-14
2014-11-08,32.0,33.0,32.0,32.0,18948778646,7283227,632,32.0,32.0,1393-08-17
2014-11-09,32.0,32.0,32.0,32.0,6199518829,2400806,385,32.0,32.0,1393-08-18
2014-11-10,32.0,32.0,32.0,32.0,8779568113,3409539,375,32.0,32.0,1393-08-19
2014-11-11,32.0,32.0,31.0,32.0,10126963075,3920468,490,32.0,32.0,1393-08-20
2014-11-12,32.0,32.0,31.0,32.0,6194008516,2407975,446,32.0,31.0,1393-08-21
2014-11-15,32.0,32.0,31.0,32.0,4364616244,1732991,358,32.0,31.0,1393-08-24
2014-11-16,31.0,31.0,31.0,32.0,4646003282,1847207,371,32.0,31.0,1393-08-25
2014-11-17,31.0,31.0,31.0,31.0,6736490093,2674667,379,32.0,31.0,1393-08-26
2014-11-18,31.0,31.0,30.0,31.0,7931837795,3182110,378,31.0,31.0,1393-08-27
2014-11-19,30.0,31.0,30.0,31.0,10797115239,4384973,484,31.0,30.0,1393-08-28
2014-11-22,31.0,31.0,30.0,31.0,7254383935,2963009,412,31.0,30.0,1393-09-01
2014-11-23,30.0,31.0,30.0,31.0,5643578225,2263071,313,31.0,31.0,1393-09-02
2014-11-24,31.0,31.0,30.0,31.0,15246352705,6133222,629,31.0,30.0,1393-09-03
2014-11-25,30.0,30.0,29.0,30.0,6458570070,2689085,460,31.0,29.0,1393-09-04
2014-11-26,30.0,30.0,29.0,30.0,13259104371,5588721,558,30.0,29.0,1393-09-05
2014-11-29,30.0,30.0,29.0,29.0,22817630945,9808182,663,30.0,29.0,1393-09-08
2014-11-30,29.0,29.0,28.0,28.0,26834630207,11903517,840,29.0,28.0,1393-09-09
2014-12-01,28.0,29.0,28.0,29.0,35590608049,15317141,597,28.0,28.0,1393-09-10
2014-12-02,29.0,29.0,28.0,29.0,3616652277,1590136,314,29.0,28.0,1393-09-11
2014-12-03,28.0,28.0,28.0,28.0,3730299697,1662083,298,29.0,28.0,1393-09-12
2014-12-06,28.0,29.0,27.0,29.0,36327932555,15506602,487,28.0,28.0,1393-09-15
2014-12-07,28.0,28.0,28.0,29.0,3022595225,1329851,251,29.0,28.0,1393-09-16
2014-12-08,28.0,28.0,28.0,29.0,2908423232,1277253,233,29.0,28.0,1393-09-17
2014-12-09,28.0,28.0,28.0,28.0,11710265551,5180032,342,29.0,28.0,1393-09-18
2014-12-10,28.0,28.0,27.0,28.0,2728806136,1219284,201,28.0,27.0,1393-09-19
2014-12-14,27.0,28.0,27.0,28.0,11779182512,5356559,302,28.0,27.0,1393-09-23
2014-12-15,27.0,27.0,27.0,27.0,11502321513,5334608,429,28.0,27.0,1393-09-24
2014-12-16,26.0,27.0,26.0,27.0,3748985946,1734451,217,27.0,26.0,1393-09-25
2014-12-17,27.0,27.0,26.0,27.0,1233103610,577491,155,27.0,26.0,1393-09-26
2014-12-20,26.0,27.0,26.0,27.0,2541147795,1180516,195,27.0,27.0,1393-09-29
2014-12-22,27.0,27.0,27.0,27.0,3642491979,1659025,323,27.0,27.0,1393-10-01
2014-12-24,27.0,27.0,26.0,27.0,1820123088,841693,217,27.0,27.0,1393-10-03
2014-12-27,26.0,27.0,26.0,27.0,3221492343,1502799,255,27.0,27.0,1393-10-06
2014-12-28,27.0,27.0,27.0,27.0,2643920776,1208789,213,27.0,27.0,1393-10-07
2014-12-29,27.0,28.0,27.0,27.0,158127159772,72187222,334,27.0,27.0,1393-10-08
2014-12-30,27.0,27.0,27.0,27.0,4574660105,2086866,281,27.0,27.0,1393-10-09
2014-12-31,27.0,27.0,27.0,27.0,4010608933,1834372,317,27.0,27.0,1393-10-10
2015-01-03,27.0,27.0,27.0,27.0,1742772074,798863,130,27.0,27.0,1393-10-13
2015-01-04,27.0,27.0,27.0,27.0,1142948409,526304,107,27.0,27.0,1393-10-14
2015-01-05,27.0,27.0,27.0,27.0,3096344512,1415931,265,27.0,27.0,1393-10-15
2015-01-06,27.0,27.0,26.0,27.0,3454109871,1590820,214,27.0,27.0,1393-10-16
2015-01-07,27.0,27.0,27.0,27.0,8067709105,3700733,339,27.0,27.0,1393-10-17
2015-01-10,27.0,27.0,26.0,26.0,28726299269,13370205,389,27.0,26.0,1393-10-20
2015-01-11,26.0,26.0,25.0,26.0,2892965016,1400926,211,26.0,26.0,1393-10-21
2015-01-12,25.0,26.0,25.0,26.0,2820115966,1319737,332,26.0,26.0,1393-10-22
2015-01-13,26.0,26.0,26.0,26.0,1455971839,695229,139,26.0,26.0,1393-10-23
2015-01-14,26.0,26.0,26.0,26.0,1150643725,550968,126,26.0,26.0,1393-10-24
2015-01-17,26.0,26.0,26.0,26.0,4300505705,2054202,217,26.0,26.0,1393-10-27
2015-01-18,26.0,26.0,25.0,26.0,2716879207,1320712,234,26.0,25.0,1393-10-28
2015-01-19,25.0,25.0,25.0,26.0,2333641770,1143765,201,26.0,25.0,1393-10-29
2015-01-20,25.0,25.0,25.0,26.0,1422214959,701090,163,26.0,25.0,1393-10-30
2015-01-21,25.0,25.0,25.0,26.0,1182391039,583814,73,26.0,25.0,1393-11-01
2015-01-24,25.0,25.0,25.0,26.0,1429460928,709058,76,26.0,25.0,1393-11-04
2015-01-25,25.0,25.0,25.0,26.0,1250387514,621774,71,26.0,25.0,1393-11-05
2015-01-26,25.0,25.0,25.0,26.0,1219170572,607762,43,26.0,25.0,1393-11-06
2015-01-27,25.0,25.0,25.0,25.0,5591670438,2794438,115,26.0,25.0,1393-11-07
2015-01-28,24.0,25.0,24.0,25.0,15870054972,7934671,740,25.0,25.0,1393-11-08
2015-01-31,25.0,25.0,25.0,25.0,10404173012,5147258,575,25.0,25.0,1393-11-11
2015-02-01,25.0,25.0,25.0,25.0,30066471966,14789563,343,25.0,25.0,1393-11-12
2015-02-02,25.0,25.0,24.0,25.0,105484273489,51929674,236,25.0,25.0,1393-11-13
2015-02-03,25.0,25.0,24.0,25.0,6404688901,3155538,244,25.0,25.0,1393-11-14
2015-02-04,25.0,25.0,25.0,25.0,3018518965,1491590,240,25.0,25.0,1393-11-15
2015-02-07,25.0,25.0,25.0,25.0,6685231024,3330278,325,25.0,25.0,1393-11-18
2015-02-08,25.0,25.0,24.0,25.0,2649287989,1335202,228,25.0,24.0,1393-11-19
2015-02-09,25.0,25.0,24.0,25.0,3358504692,1713540,263,25.0,24.0,1393-11-20
2015-02-10,24.0,25.0,24.0,25.0,6919599934,3519033,297,25.0,24.0,1393-11-21
2015-02-14,25.0,25.0,24.0,25.0,889309306,454037,121,25.0,24.0,1393-11-25
2015-02-15,25.0,25.0,24.0,25.0,3330265113,1710716,219,25.0,24.0,1393-11-26
2015-02-16,24.0,25.0,24.0,25.0,51016659091,25453739,344,25.0,25.0,1393-11-27
2015-02-17,25.0,25.0,24.0,25.0,2671918688,1344713,152,25.0,24.0,1393-11-28
2015-02-18,25.0,25.0,24.0,25.0,74427237095,37069729,221,25.0,24.0,1393-11-29
2015-02-21,24.0,25.0,24.0,25.0,3876332041,1960183,229,25.0,24.0,1393-12-02
2015-02-22,24.0,24.0,24.0,24.0,7644010314,3953017,472,25.0,24.0,1393-12-03
2015-02-23,24.0,24.0,23.0,24.0,32355786130,16469407,221,24.0,24.0,1393-12-04
2015-02-24,23.0,24.0,23.0,24.0,6077020738,3202958,260,24.0,23.0,1393-12-05
2015-02-25,23.0,24.0,23.0,23.0,11315779431,6087351,837,24.0,23.0,1393-12-06
2015-02-28,23.0,23.0,22.0,23.0,4659577440,2523300,229,23.0,23.0,1393-12-09
2015-03-01,23.0,23.0,23.0,23.0,15886683125,8556413,375,23.0,23.0,1393-12-10
2015-03-02,23.0,24.0,23.0,23.0,2851356922,1504343,271,23.0,24.0,1393-12-11
2015-03-03,24.0,24.0,23.0,24.0,80237331957,41996703,293,23.0,24.0,1393-12-12
2015-03-04,24.0,24.0,23.0,24.0,16256744805,8454428,1142,24.0,23.0,1393-12-13
2015-03-07,24.0,24.0,23.0,23.0,3991508384,2136010,253,24.0,23.0,1393-12-16
2015-03-08,23.0,24.0,23.0,23.0,9984309946,5239861,358,23.0,24.0,1393-12-17
2015-03-09,24.0,24.0,23.0,24.0,5822162396,3038896,415,23.0,24.0,1393-12-18
2015-03-10,24.0,24.0,23.0,24.0,5391399785,2824844,293,24.0,23.0,1393-12-19
2015-03-11,24.0,24.0,24.0,24.0,18739237920,9733113,235,24.0,24.0,1393-12-20
2015-03-14,24.0,24.0,23.0,23.0,9356924680,4938648,393,24.0,23.0,1393-12-23
2015-03-15,23.0,24.0,23.0,23.0,4429642394,2323618,323,23.0,23.0,1393-12-24
2015-03-16,24.0,24.0,23.0,23.0,4225157789,2221777,284,23.0,23.0,1393-12-25
2015-03-17,24.0,24.0,23.0,23.0,1276081588,667523,203,23.0,24.0,1393-12-26
2015-03-18,24.0,24.0,24.0,24.0,15186369719,7909237,986,23.0,24.0,1393-12-27
2015-03-25,24.0,24.0,24.0,24.0,2079754812,1083259,188,24.0,24.0,1394-01-05
2015-03-28,24.0,25.0,24.0,24.0,7005990778,3581975,445,24.0,25.0,1394-01-08
2015-03-29,25.0,25.0,25.0,25.0,12195131695,6042766,582,24.0,25.0,1394-01-09
2015-03-30,26.0,26.0,25.0,25.0,7670097715,3730970,466,25.0,25.0,1394-01-10
2015-03-31,25.0,26.0,25.0,26.0,8514844959,4103688,546,25.0,26.0,1394-01-11
2015-04-04,27.0,27.0,27.0,27.0,22991137731,10688581,262,26.0,27.0,1394-01-15
2015-04-05,28.0,28.0,28.0,28.0,98868593409,44197173,2029,27.0,28.0,1394-01-16
2015-04-06,28.0,28.0,27.0,28.0,23126383237,10329716,1121,28.0,27.0,1394-01-17
2015-04-07,28.0,28.0,27.0,27.0,23431846101,10639228,824,28.0,27.0,1394-01-18
2015-04-08,27.0,27.0,27.0,27.0,13041460066,5962208,801,27.0,27.0,1394-01-19
2015-04-11,27.0,27.0,26.0,26.0,14387178873,6717229,523,27.0,26.0,1394-01-22
2015-04-12,26.0,26.0,25.0,25.0,20505043742,9916218,1080,26.0,25.0,1394-01-23
2015-04-13,25.0,25.0,25.0,25.0,4353668711,2150742,280,25.0,25.0,1394-01-24
2015-04-14,25.0,26.0,25.0,25.0,4738421750,2319352,374,25.0,25.0,1394-01-25
2015-04-15,25.0,26.0,25.0,25.0,26155078902,12722999,387,25.0,26.0,1394-01-26
2015-04-18,25.0,26.0,25.0,26.0,20636226437,9793802,997,25.0,26.0,1394-01-29
2015-04-19,27.0,27.0,25.0,26.0,7451530610,3518339,445,26.0,26.0,1394-01-30
2015-04-20,26.0,26.0,25.0,26.0,5923580686,2837668,354,26.0,26.0,1394-01-31
2015-04-21,26.0,26.0,26.0,26.0,4627506696,2222535,276,26.0,26.0,1394-02-01
2015-04-22,26.0,26.0,25.0,26.0,5122086524,2470964,317,26.0,25.0,1394-02-02
2015-04-25,26.0,26.0,25.0,25.0,5801858374,2824528,314,26.0,25.0,1394-02-05
2015-04-26,25.0,25.0,25.0,25.0,2744844495,1350092,224,25.0,25.0,1394-02-06
2015-04-27,25.0,25.0,25.0,25.0,6165139430,3067520,302,25.0,25.0,1394-02-07
2015-04-28,24.0,25.0,24.0,25.0,3904526010,1963363,348,25.0,24.0,1394-02-08
2015-04-29,25.0,25.0,25.0,25.0,4110373028,2046961,289,25.0,25.0,1394-02-09
2015-05-03,25.0,25.0,24.0,25.0,4794925351,2406614,316,25.0,24.0,1394-02-13
2015-05-04,25.0,25.0,24.0,25.0,2798222414,1413722,220,25.0,24.0,1394-02-14
2015-05-05,24.0,25.0,24.0,24.0,5276193531,2688988,263,25.0,24.0,1394-02-15
2015-05-06,24.0,24.0,24.0,24.0,4270381788,2198423,217,24.0,24.0,1394-02-16
2015-05-09,24.0,24.0,23.0,24.0,4564377850,2393974,354,24.0,23.0,1394-02-19
2015-05-10,23.0,24.0,23.0,24.0,3260712944,1716840,260,24.0,23.0,1394-02-20
2015-05-11,23.0,24.0,23.0,24.0,2247832566,1178293,196,24.0,24.0,1394-02-21
2015-05-12,24.0,24.0,24.0,24.0,3140575290,1608157,247,24.0,24.0,1394-02-22
2015-05-13,24.0,24.0,24.0,24.0,2933344780,1516505,164,24.0,24.0,1394-02-23
2015-05-17,24.0,25.0,24.0,24.0,6831504637,3457558,338,24.0,25.0,1394-02-27
2015-05-18,25.0,25.0,24.0,24.0,2138792234,1081281,208,24.0,24.0,1394-02-28
2015-05-19,24.0,24.0,24.0,24.0,747678156,378934,88,24.0,24.0,1394-02-29
2015-05-20,24.0,25.0,24.0,24.0,5662873350,2851928,320,24.0,25.0,1394-02-30
2015-05-23,25.0,25.0,24.0,24.0,6447760598,3251747,286,24.0,24.0,1394-03-02
2015-05-24,24.0,25.0,24.0,25.0,5437632386,2702662,311,24.0,25.0,1394-03-03
2015-05-25,25.0,25.0,25.0,25.0,2601814483,1291130,147,25.0,25.0,1394-03-04
2015-05-26,25.0,25.0,25.0,25.0,3918803147,1953086,196,25.0,25.0,1394-03-05
2015-05-27,25.0,25.0,24.0,25.0,4608431741,2297407,813,25.0,25.0,1394-03-06
2015-05-30,25.0,25.0,24.0,25.0,3735538641,1899043,327,25.0,24.0,1394-03-09
2015-05-31,24.0,25.0,24.0,25.0,3131782479,1578071,590,25.0,24.0,1394-03-10
2015-06-01,25.0,25.0,24.0,25.0,6398176221,3189244,1504,25.0,25.0,1394-03-11
2015-06-02,25.0,25.0,25.0,25.0,9751746397,4848529,998,25.0,25.0,1394-03-12
2015-06-06,25.0,25.0,24.0,25.0,4117218369,2059051,143,25.0,24.0,1394-03-16
2015-06-07,25.0,25.0,24.0,25.0,3511408894,1785963,223,25.0,24.0,1394-03-17
2015-06-08,25.0,25.0,24.0,24.0,5119020807,2595951,473,25.0,24.0,1394-03-18
2015-06-09,24.0,24.0,23.0,24.0,6676654030,3508602,372,24.0,23.0,1394-03-19
2015-06-10,24.0,24.0,23.0,23.0,9143796518,4798168,682,24.0,23.0,1394-03-20
2015-06-13,23.0,24.0,23.0,23.0,4555926548,2404060,333,23.0,23.0,1394-03-23
2015-06-14,23.0,23.0,23.0,23.0,5084043997,2689646,290,23.0,23.0,1394-03-24
2015-06-15,23.0,23.0,23.0,23.0,3800795985,2036576,183,23.0,23.0,1394-03-25
2015-06-16,23.0,23.0,23.0,23.0,3886214238,2086731,290,23.0,23.0,1394-03-26
2015-06-17,23.0,24.0,23.0,23.0,3327921036,1738289,226,23.0,24.0,1394-03-27
2015-06-20,24.0,24.0,23.0,23.0,2658484959,1397446,183,23.0,23.0,1394-03-30
2015-06-21,24.0,24.0,23.0,23.0,3441911767,1806941,254,23.0,23.0,1394-03-31
2015-06-22,23.0,24.0,23.0,23.0,3012969133,1579321,199,23.0,23.0,1394-04-01
2015-06-23,23.0,24.0,23.0,23.0,2341917251,1225003,201,23.0,24.0,1394-04-02
2015-06-24,23.0,24.0,23.0,24.0,3724085669,1936389,266,23.0,24.0,1394-04-03
2015-06-27,24.0,24.0,23.0,24.0,3736266038,1961195,226,24.0,24.0,1394-04-06
2015-06-28,23.0,23.0,23.0,23.0,4958026549,2615485,167,24.0,23.0,1394-04-07
2015-06-29,23.0,23.0,23.0,23.0,1814426128,960674,152,23.0,23.0,1394-04-08
2015-06-30,23.0,24.0,23.0,24.0,3197627547,1660329,277,23.0,24.0,1394-04-09
2015-07-01,24.0,24.0,24.0,24.0,5909763559,3070811,420,24.0,24.0,1394-04-10
2015-07-04,24.0,24.0,24.0,24.0,13525924182,7014050,550,24.0,24.0,1394-04-13
2015-07-05,24.0,24.0,23.0,24.0,8974151256,4686162,394,24.0,23.0,1394-04-14
2015-07-06,24.0,24.0,23.0,23.0,8301788101,4370751,377,24.0,23.0,1394-04-15
2015-07-07,23.0,24.0,23.0,23.0,29600659443,15638867,1418,23.0,23.0,1394-04-16
2015-07-11,23.0,23.0,23.0,23.0,7709077455,4096921,530,23.0,23.0,1394-04-20
2015-07-12,23.0,24.0,23.0,23.0,8376406276,4403518,550,23.0,24.0,1394-04-21
2015-07-13,24.0,24.0,23.0,23.0,28198021853,14861968,1772,23.0,23.0,1394-04-22
2015-07-14,24.0,24.0,23.0,23.0,17165293965,9103670,821,23.0,23.0,1394-04-23
2015-07-15,23.0,23.0,22.0,23.0,20021659551,10850856,966,23.0,23.0,1394-04-24
2015-09-09,19.0,20.0,19.0,19.0,17158254326,14460212,915,23.0,19.0,1394-06-18
2015-09-12,20.0,20.0,19.0,19.0,8472407004,7140864,694,19.0,19.0,1394-06-21
2015-09-13,19.0,19.0,19.0,19.0,3607007686,3132523,346,19.0,19.0,1394-06-22
2015-09-14,19.0,20.0,19.0,19.0,6655909868,5650260,389,19.0,19.0,1394-06-23
2015-09-15,19.0,19.0,19.0,19.0,1943482256,1696706,248,19.0,19.0,1394-06-24
2015-09-16,19.0,19.0,18.0,19.0,4682701765,4113979,366,19.0,19.0,1394-06-25
2015-09-19,19.0,19.0,18.0,19.0,3072136045,2729045,323,19.0,18.0,1394-06-28
2015-09-20,18.0,18.0,18.0,18.0,6613856825,6050942,504,19.0,18.0,1394-06-29
2015-09-21,17.0,18.0,17.0,18.0,4226042759,3898627,345,18.0,18.0,1394-06-30
2015-09-22,18.0,18.0,17.0,18.0,4434632139,4108563,302,18.0,17.0,1394-06-31
2015-09-23,17.0,18.0,17.0,18.0,2944720053,2748959,310,18.0,17.0,1394-07-01
2015-09-26,18.0,18.0,17.0,18.0,1528958903,1432476,172,18.0,17.0,1394-07-04
2015-09-27,18.0,18.0,17.0,18.0,3187495460,2989073,275,18.0,17.0,1394-07-05
2015-09-28,17.0,18.0,17.0,17.0,4246498758,3974692,240,18.0,17.0,1394-07-06
2015-09-29,18.0,18.0,17.0,18.0,3779319660,3485117,294,17.0,18.0,1394-07-07
2015-09-30,18.0,18.0,18.0,18.0,4464000852,4107385,281,18.0,18.0,1394-07-08
2015-10-03,18.0,18.0,18.0,18.0,4253419872,3894320,307,18.0,18.0,1394-07-11
2015-10-04,18.0,18.0,18.0,18.0,14625431444,13162227,358,18.0,18.0,1394-07-12
2015-10-05,18.0,19.0,18.0,18.0,3055493254,2664993,349,18.0,19.0,1394-07-13
2015-10-06,19.0,19.0,18.0,19.0,5710590155,4979316,373,18.0,19.0,1394-07-14
2015-10-07,19.0,19.0,19.0,19.0,6671196045,5657134,467,19.0,19.0,1394-07-15
2015-10-10,19.0,19.0,19.0,19.0,6742308279,5801407,546,19.0,19.0,1394-07-18
2015-10-28,20.0,20.0,19.0,19.0,6800152380,6358695,470,19.0,19.0,1394-08-06
2015-10-31,19.0,20.0,19.0,19.0,4348584568,4096207,438,19.0,20.0,1394-08-09
2015-11-01,20.0,20.0,19.0,19.0,6416061374,5991981,451,19.0,19.0,1394-08-10
2015-11-02,19.0,20.0,19.0,19.0,2022694003,1900397,191,19.0,19.0,1394-08-11
2015-11-03,20.0,20.0,19.0,19.0,2216799373,2077919,225,19.0,19.0,1394-08-12
2015-11-04,19.0,20.0,19.0,19.0,2535464446,2369047,196,19.0,20.0,1394-08-13
2015-11-07,20.0,20.0,19.0,20.0,4597931117,4257111,403,19.0,20.0,1394-08-16
2015-11-08,20.0,20.0,19.0,20.0,7053002817,6446793,596,20.0,20.0,1394-08-17
2015-11-09,20.0,20.0,20.0,20.0,2161865234,1995991,205,20.0,20.0,1394-08-18
2015-11-10,20.0,20.0,20.0,20.0,4019175592,3691983,235,20.0,20.0,1394-08-19
2015-11-11,20.0,20.0,20.0,20.0,15594322853,14244813,258,20.0,20.0,1394-08-20
2015-11-14,20.0,20.0,19.0,20.0,2293210664,2105187,180,20.0,20.0,1394-08-23
2015-11-15,20.0,20.0,20.0,20.0,5759806653,5277975,333,20.0,20.0,1394-08-24
2015-11-16,20.0,20.0,20.0,20.0,19419931105,17624171,231,20.0,20.0,1394-08-25
2015-11-17,20.0,20.0,20.0,20.0,1297347690,1190479,133,20.0,20.0,1394-08-26
2015-11-18,20.0,20.0,20.0,20.0,3270100489,2987734,255,20.0,20.0,1394-08-27
2015-11-21,20.0,21.0,20.0,20.0,7491845052,6726643,397,20.0,21.0,1394-08-30
2015-11-22,20.0,21.0,20.0,20.0,5044002952,4493492,264,20.0,20.0,1394-09-01
2015-11-23,20.0,21.0,20.0,20.0,28738099814,25793343,1326,20.0,20.0,1394-09-02
2015-11-24,21.0,21.0,20.0,20.0,5593313049,4944017,302,20.0,20.0,1394-09-03
2015-11-25,21.0,21.0,20.0,21.0,5805003187,5128262,269,20.0,21.0,1394-09-04
2015-11-28,21.0,21.0,20.0,21.0,9901048822,8720698,127,21.0,20.0,1394-09-07
2015-11-29,20.0,21.0,20.0,21.0,7868130486,6919181,319,21.0,21.0,1394-09-08
2015-11-30,21.0,21.0,20.0,21.0,16366862569,14385706,544,21.0,21.0,1394-09-09
2015-12-01,20.0,21.0,20.0,21.0,4136094407,3678474,258,21.0,20.0,1394-09-10
2015-12-05,21.0,21.0,20.0,21.0,1440077216,1292824,131,21.0,20.0,1394-09-14
2015-12-06,20.0,20.0,20.0,20.0,2200362265,2030701,267,21.0,20.0,1394-09-15
2015-12-07,20.0,20.0,19.0,20.0,1402424207,1305344,155,20.0,19.0,1394-09-16
2015-12-08,19.0,20.0,19.0,20.0,20088276420,18021056,178,20.0,20.0,1394-09-17
2015-12-09,20.0,20.0,19.0,20.0,2932798415,2728760,189,20.0,20.0,1394-09-18
2015-12-13,20.0,20.0,19.0,20.0,2010453953,1880627,158,20.0,19.0,1394-09-22
2015-12-14,19.0,20.0,19.0,20.0,1511644878,1412087,148,20.0,19.0,1394-09-23
2015-12-15,19.0,20.0,19.0,20.0,1210433454,1129796,133,20.0,19.0,1394-09-24
2015-12-16,20.0,20.0,19.0,20.0,9244934898,8470821,385,20.0,20.0,1394-09-25
2015-12-19,19.0,20.0,19.0,20.0,1311118193,1224922,183,20.0,19.0,1394-09-28
2015-12-20,19.0,20.0,19.0,20.0,22282169637,20343017,210,20.0,19.0,1394-09-29
2015-12-21,19.0,20.0,19.0,20.0,11531211528,10559121,191,20.0,20.0,1394-09-30
2015-12-22,20.0,20.0,19.0,20.0,13165431350,11871613,142,20.0,20.0,1394-10-01
2015-12-23,20.0,20.0,20.0,20.0,5115355012,4655880,228,20.0,20.0,1394-10-02
2015-12-26,20.0,20.0,19.0,20.0,3206443713,2994606,228,20.0,19.0,1394-10-05
2015-12-27,20.0,20.0,19.0,20.0,3689770579,3451026,258,20.0,19.0,1394-10-06
2015-12-28,19.0,20.0,19.0,20.0,3195719170,2992397,287,20.0,19.0,1394-10-07
2015-12-30,19.0,20.0,19.0,20.0,1695696432,1593381,191,20.0,19.0,1394-10-09
2016-01-02,20.0,20.0,19.0,19.0,3526117122,3335121,337,20.0,19.0,1394-10-12
2016-01-03,19.0,20.0,19.0,20.0,19572991911,18147736,295,19.0,19.0,1394-10-13
2016-01-04,19.0,19.0,19.0,19.0,8664220112,8338864,613,20.0,19.0,1394-10-14
2016-01-05,19.0,19.0,19.0,19.0,6315390743,6091727,503,19.0,19.0,1394-10-15
2016-01-06,19.0,19.0,19.0,19.0,9508927249,9132782,767,19.0,19.0,1394-10-16
2016-01-09,19.0,19.0,18.0,19.0,5215294630,5082694,570,19.0,18.0,1394-10-19
2016-01-10,18.0,19.0,18.0,19.0,5223835609,5206855,575,19.0,18.0,1394-10-20
2016-01-11,18.0,19.0,18.0,18.0,4557478478,4502523,399,19.0,18.0,1394-10-21
2016-01-12,18.0,19.0,18.0,18.0,7588938754,7577074,636,18.0,18.0,1394-10-22
2016-01-13,18.0,18.0,18.0,18.0,7762374665,7761819,593,18.0,18.0,1394-10-23
2016-01-16,19.0,19.0,18.0,18.0,10094512273,9939689,799,18.0,19.0,1394-10-26
2016-01-17,19.0,19.0,18.0,18.0,15345719745,15096857,975,18.0,18.0,1394-10-27
2016-01-18,18.0,19.0,18.0,19.0,7834470877,7618030,585,18.0,19.0,1394-10-28
2016-01-19,19.0,19.0,19.0,19.0,4885084198,4707453,439,19.0,19.0,1394-10-29
2016-01-20,19.0,19.0,19.0,19.0,6742764193,6468174,613,19.0,19.0,1394-10-30
2016-01-23,19.0,20.0,19.0,19.0,10069518688,9429664,779,19.0,20.0,1394-11-03
2016-01-24,20.0,20.0,20.0,20.0,62507248329,55876423,1726,19.0,20.0,1394-11-04
2016-01-25,21.0,21.0,21.0,21.0,257738634236,219539914,4972,20.0,21.0,1394-11-05
2016-01-26,22.0,22.0,21.0,22.0,102434871254,84861629,4157,21.0,21.0,1394-11-06
2016-01-27,22.0,22.0,21.0,21.0,58271924233,50435885,2714,22.0,21.0,1394-11-07
2016-01-30,21.0,22.0,20.0,21.0,44451926590,38673783,1983,21.0,20.0,1394-11-10
2016-01-31,21.0,21.0,20.0,21.0,27594816394,24342674,1387,21.0,21.0,1394-11-11
2016-02-01,21.0,22.0,21.0,21.0,96892378204,82136085,2983,21.0,22.0,1394-11-12
2016-02-02,23.0,23.0,22.0,23.0,248124373102,200292727,4834,21.0,23.0,1394-11-13
2016-02-03,23.0,24.0,23.0,24.0,321222539521,247682646,7618,23.0,24.0,1394-11-14
2016-02-06,24.0,24.0,23.0,24.0,62686060579,47986438,3071,24.0,23.0,1394-11-17
2016-02-07,24.0,24.0,23.0,23.0,94379626471,73182113,3938,24.0,23.0,1394-11-18
2016-02-08,24.0,25.0,23.0,24.0,135102787455,102283592,6036,23.0,25.0,1394-11-19
2016-02-09,25.0,25.0,24.0,25.0,156051340536,113292438,4238,24.0,24.0,1394-11-20
2016-02-10,24.0,25.0,24.0,24.0,55892558105,41850966,2677,25.0,24.0,1394-11-21
2016-02-13,24.0,24.0,23.0,23.0,38227264572,29931513,1581,24.0,23.0,1394-11-24
2016-02-14,23.0,23.0,22.0,23.0,44181696736,35207756,2076,23.0,23.0,1394-11-25
2016-02-15,23.0,24.0,23.0,23.0,36927512566,28719396,1976,23.0,23.0,1394-11-26
2016-02-16,24.0,24.0,23.0,23.0,36805409411,29165062,1792,23.0,23.0,1394-11-27
2016-02-17,23.0,24.0,22.0,24.0,107707979003,81726508,2520,23.0,24.0,1394-11-28
2016-02-20,25.0,25.0,23.0,25.0,146806913659,108104917,5121,24.0,24.0,1394-12-01
2016-02-21,25.0,25.0,24.0,25.0,77012742066,56930294,2047,25.0,24.0,1394-12-02
2016-02-22,24.0,25.0,24.0,25.0,43862803527,32372069,1991,25.0,25.0,1394-12-03
2016-02-23,25.0,25.0,23.0,24.0,83276874108,62376352,1775,25.0,24.0,1394-12-04
2016-02-24,24.0,24.0,24.0,24.0,16932340835,12948025,924,24.0,24.0,1394-12-05
2016-02-27,23.0,24.0,23.0,24.0,23837702334,18245856,1222,24.0,24.0,1394-12-08
2016-02-28,24.0,24.0,23.0,23.0,20142190516,15691093,1060,24.0,23.0,1394-12-09
2016-02-29,23.0,24.0,23.0,23.0,47736418403,37120485,1356,23.0,23.0,1394-12-10
2016-03-01,23.0,24.0,23.0,23.0,21076862716,16671936,1244,23.0,23.0,1394-12-11
2016-03-02,23.0,23.0,22.0,23.0,29653405046,23774075,1030,23.0,23.0,1394-12-12
2016-03-05,23.0,24.0,23.0,23.0,47012419673,37113213,2226,23.0,23.0,1394-12-15
2016-03-06,23.0,23.0,23.0,23.0,36178885972,28669010,1533,23.0,23.0,1394-12-16
2016-03-07,23.0,23.0,23.0,23.0,43384403365,34399051,1833,23.0,23.0,1394-12-17
2016-03-08,23.0,24.0,23.0,24.0,407414472959,309032240,10276,23.0,24.0,1394-12-18
2016-03-09,24.0,25.0,24.0,25.0,186169594199,135527086,5690,24.0,25.0,1394-12-19
2016-03-12,26.0,26.0,26.0,26.0,99960476798,69320719,1649,25.0,26.0,1394-12-22
2016-03-14,28.0,28.0,27.0,28.0,347915389619,230157722,7996,26.0,28.0,1394-12-24
2016-03-15,28.0,28.0,26.0,26.0,183129560281,126143639,6047,28.0,26.0,1394-12-25
2016-03-16,26.0,27.0,25.0,26.0,100284320788,71444636,4039,26.0,26.0,1394-12-26
2016-03-26,27.0,27.0,26.0,27.0,121884651654,82707686,2111,26.0,27.0,1395-01-07
2016-03-27,28.0,28.0,27.0,27.0,108151216329,71864856,3552,27.0,28.0,1395-01-08
2016-03-28,28.0,28.0,27.0,27.0,59144681165,39408328,2508,27.0,27.0,1395-01-09
2016-03-29,27.0,27.0,26.0,26.0,62385327958,43250694,2700,27.0,26.0,1395-01-10
2016-03-30,26.0,27.0,26.0,27.0,64829129647,43809882,2283,26.0,27.0,1395-01-11
2016-04-02,27.0,27.0,26.0,26.0,34621344092,24124207,1747,27.0,26.0,1395-01-14
2016-04-03,26.0,26.0,25.0,25.0,40629257273,29460493,2102,26.0,25.0,1395-01-15
2016-04-04,25.0,26.0,25.0,26.0,49043352302,34700087,1580,25.0,25.0,1395-01-16
2016-04-05,26.0,26.0,25.0,26.0,59614676053,42226303,1649,26.0,25.0,1395-01-17
2016-04-06,26.0,26.0,25.0,25.0,46719482035,33351788,1756,26.0,25.0,1395-01-18
2016-04-09,26.0,26.0,25.0,26.0,29040442905,20616000,1469,25.0,26.0,1395-01-21
2016-04-10,26.0,26.0,25.0,26.0,94181204694,66259319,1712,26.0,25.0,1395-01-22
2016-04-11,25.0,26.0,25.0,25.0,27183880153,19403632,1369,26.0,26.0,1395-01-23
2016-04-12,26.0,27.0,25.0,26.0,151192820947,106771653,5929,25.0,25.0,1395-01-24
2016-04-13,26.0,27.0,24.0,26.0,67991726034,48102035,1853,26.0,25.0,1395-01-25
2016-04-16,26.0,26.0,24.0,25.0,31819705754,23312743,1197,26.0,24.0,1395-01-28
2016-04-17,24.0,25.0,24.0,25.0,34971412932,25866431,1692,25.0,25.0,1395-01-29
2016-04-18,25.0,26.0,25.0,26.0,25317173212,17883611,862,25.0,26.0,1395-01-30
2016-04-19,27.0,27.0,26.0,27.0,172688357854,117008305,5349,26.0,27.0,1395-01-31
2016-04-20,27.0,28.0,26.0,27.0,82390398502,56228054,3631,27.0,26.0,1395-02-01
2016-04-23,27.0,27.0,26.0,26.0,52294794066,35912985,1835,27.0,26.0,1395-02-04
2016-04-24,26.0,26.0,26.0,26.0,37704653436,26555605,1896,26.0,26.0,1395-02-05
2016-04-25,26.0,27.0,26.0,26.0,37558954663,26052523,1664,26.0,26.0,1395-02-06
2016-04-26,26.0,26.0,25.0,26.0,33919833628,24042726,1677,26.0,26.0,1395-02-07
2016-04-27,26.0,26.0,25.0,26.0,25062282622,17858226,1395,26.0,25.0,1395-02-08
2016-04-30,25.0,26.0,25.0,26.0,27258601525,19363889,1224,26.0,25.0,1395-02-11
2016-05-01,25.0,25.0,25.0,25.0,15712618073,11381171,1142,26.0,25.0,1395-02-12
2016-05-02,25.0,26.0,25.0,25.0,50363796041,36373070,2087,25.0,25.0,1395-02-13
2016-05-03,25.0,25.0,25.0,25.0,21972373410,15961836,1239,25.0,25.0,1395-02-14
2016-05-04,25.0,26.0,24.0,25.0,77240012606,56848538,2476,25.0,24.0,1395-02-15
2016-05-07,25.0,25.0,24.0,25.0,51822305096,38099855,1698,25.0,24.0,1395-02-18
2016-05-08,24.0,25.0,24.0,25.0,46396707958,34333310,1441,25.0,24.0,1395-02-19
2016-05-09,24.0,25.0,24.0,24.0,27094842816,20285302,1382,25.0,24.0,1395-02-20
2016-05-10,24.0,25.0,24.0,24.0,61719409333,46056840,1998,24.0,24.0,1395-02-21
2016-05-11,24.0,25.0,23.0,24.0,52784295287,39672408,1591,24.0,24.0,1395-02-22
2016-05-14,24.0,25.0,24.0,24.0,20162508784,15174689,1232,24.0,24.0,1395-02-25
2016-05-15,24.0,24.0,23.0,24.0,48133358520,36946392,2304,24.0,24.0,1395-02-26
2016-05-16,24.0,24.0,23.0,24.0,73483700394,56450414,2362,24.0,23.0,1395-02-27
2016-05-17,23.0,24.0,23.0,23.0,47487298916,36796283,1767,24.0,23.0,1395-02-28
2016-05-18,24.0,24.0,24.0,24.0,36569357877,27798861,1971,23.0,24.0,1395-02-29
2016-05-21,24.0,24.0,23.0,24.0,24195790075,18595133,1446,24.0,24.0,1395-03-01
2016-05-23,24.0,24.0,23.0,24.0,39299249191,30400682,1460,24.0,23.0,1395-03-03
2016-05-24,23.0,23.0,23.0,23.0,23134567134,18077060,1250,24.0,23.0,1395-03-04
2016-05-25,23.0,24.0,23.0,24.0,42107703423,32397855,1401,23.0,23.0,1395-03-05
2016-05-28,24.0,24.0,23.0,23.0,14100974189,11001557,1024,24.0,23.0,1395-03-08
2016-05-29,23.0,24.0,23.0,23.0,60273749997,47400052,2096,23.0,23.0,1395-03-09
2016-05-30,23.0,23.0,23.0,23.0,11209135494,8824486,693,23.0,23.0,1395-03-10
2016-05-31,23.0,23.0,23.0,23.0,12567340965,10036850,681,23.0,23.0,1395-03-11
2016-06-01,23.0,23.0,23.0,23.0,17093844000,13666639,940,23.0,23.0,1395-03-12
2016-06-05,23.0,23.0,23.0,23.0,29371091877,23243383,834,23.0,23.0,1395-03-16
2016-06-06,23.0,23.0,22.0,23.0,10238703160,8250318,816,23.0,23.0,1395-03-17
2016-06-07,23.0,23.0,22.0,22.0,9518280716,7738041,662,23.0,22.0,1395-03-18
2016-06-08,22.0,23.0,22.0,22.0,35037557134,28375943,1230,22.0,22.0,1395-03-19
2016-06-11,22.0,22.0,21.0,22.0,20069108126,16945926,1335,22.0,21.0,1395-03-22
2016-06-12,22.0,22.0,21.0,22.0,37001142235,31067939,1125,22.0,22.0,1395-03-23
2016-06-13,22.0,22.0,21.0,22.0,30721563101,25602779,678,22.0,22.0,1395-03-24
2016-06-14,21.0,22.0,21.0,22.0,49644722732,41357481,899,22.0,21.0,1395-03-25
2016-06-15,21.0,22.0,21.0,21.0,9753416957,8310160,584,22.0,21.0,1395-03-26
2016-06-18,21.0,22.0,21.0,21.0,10119754586,8767860,826,21.0,21.0,1395-03-29
2016-06-19,21.0,21.0,20.0,21.0,23552739397,20255593,683,21.0,21.0,1395-03-30
2016-06-20,20.0,21.0,20.0,21.0,7103515917,6280591,492,21.0,21.0,1395-03-31
2016-06-21,21.0,22.0,20.0,21.0,37780998289,32791859,1554,21.0,22.0,1395-04-01
2016-06-22,22.0,22.0,21.0,22.0,12679749540,10573181,597,21.0,22.0,1395-04-02
2016-06-25,22.0,22.0,21.0,22.0,30002891358,24972912,882,22.0,22.0,1395-04-05
2016-06-26,22.0,22.0,21.0,22.0,34776500545,28698079,1021,22.0,22.0,1395-04-06
2016-06-28,22.0,23.0,22.0,23.0,94812248428,75842801,1631,22.0,22.0,1395-04-08
2016-06-29,23.0,23.0,22.0,23.0,51077063086,41121366,850,23.0,22.0,1395-04-09
2016-07-02,22.0,23.0,22.0,23.0,24307894556,19512994,1263,23.0,23.0,1395-04-12
2016-07-03,23.0,23.0,22.0,23.0,10492232681,8441623,618,23.0,22.0,1395-04-13
2016-07-04,22.0,23.0,22.0,23.0,34148331752,27391202,847,23.0,22.0,1395-04-14
2016-07-05,22.0,23.0,22.0,22.0,6651463437,5437415,381,23.0,22.0,1395-04-15
2016-07-09,22.0,23.0,22.0,22.0,17486387781,14452276,1023,22.0,22.0,1395-04-19
2016-07-10,22.0,23.0,22.0,22.0,31731488759,25817150,754,22.0,22.0,1395-04-20
2016-07-11,22.0,23.0,22.0,22.0,33482135505,27328910,692,22.0,22.0,1395-04-21
2016-07-12,22.0,23.0,22.0,22.0,30996839711,25296180,587,22.0,22.0,1395-04-22
2016-07-13,22.0,23.0,22.0,22.0,37467265403,30630656,838,22.0,22.0,1395-04-23
2016-07-16,22.0,23.0,22.0,22.0,40431667735,32713966,1688,22.0,23.0,1395-04-26
2016-07-17,23.0,23.0,22.0,23.0,69430455075,55033316,2298,22.0,23.0,1395-04-27
2016-07-23,24.0,24.0,24.0,24.0,8643956614,6839933,256,23.0,24.0,1395-05-02
2016-07-24,24.0,25.0,24.0,25.0,126681257313,96241850,3854,24.0,25.0,1395-05-03
2016-07-25,25.0,26.0,24.0,25.0,43815144015,33079683,1895,25.0,25.0,1395-05-04
2016-07-26,24.0,25.0,24.0,25.0,30446307644,23357926,1402,25.0,24.0,1395-05-05
2016-07-27,26.0,26.0,24.0,25.0,78832915504,59720502,1486,25.0,24.0,1395-05-06
2016-07-31,25.0,26.0,25.0,25.0,90074583928,68178685,3150,25.0,25.0,1395-05-10
2016-08-01,25.0,25.0,24.0,25.0,76683977598,58668233,837,25.0,24.0,1395-05-11
2016-08-02,25.0,25.0,25.0,25.0,40471606211,30806589,1614,25.0,25.0,1395-05-12
2016-08-03,25.0,25.0,25.0,25.0,17748020854,13460560,748,25.0,25.0,1395-05-13
2016-08-06,25.0,26.0,25.0,26.0,143070647951,105234217,5101,25.0,26.0,1395-05-16
2016-08-07,26.0,27.0,25.0,26.0,71158512493,52320497,1784,26.0,25.0,1395-05-17
2016-08-08,26.0,26.0,25.0,25.0,9979654897,7519416,582,26.0,25.0,1395-05-18
2016-08-09,25.0,26.0,25.0,25.0,10972947852,8180324,591,25.0,25.0,1395-05-19
2016-08-10,25.0,25.0,25.0,25.0,11140249643,8444785,735,25.0,25.0,1395-05-20
2016-08-13,25.0,25.0,25.0,25.0,34319613025,26114978,1174,25.0,25.0,1395-05-23
2016-08-14,25.0,25.0,25.0,25.0,6659930673,5097859,532,25.0,25.0,1395-05-24
2016-08-15,25.0,25.0,24.0,25.0,8631998734,6653039,458,25.0,25.0,1395-05-25
2016-08-16,24.0,25.0,24.0,25.0,18229485277,13937942,688,25.0,25.0,1395-05-26
2016-08-17,25.0,25.0,24.0,25.0,4693684109,3623463,314,25.0,25.0,1395-05-27
2016-08-20,24.0,25.0,24.0,25.0,4575705403,3557084,347,25.0,24.0,1395-05-30
2016-08-21,24.0,25.0,24.0,25.0,28229966247,21814619,612,25.0,24.0,1395-05-31
2016-08-22,24.0,24.0,24.0,24.0,6304152357,4971680,468,25.0,24.0,1395-06-01
2016-08-23,24.0,24.0,24.0,24.0,9652166731,7601229,459,24.0,24.0,1395-06-02
2016-08-24,24.0,24.0,24.0,24.0,25439567385,19877898,514,24.0,24.0,1395-06-03
2016-08-27,24.0,24.0,24.0,24.0,12651746529,10128196,560,24.0,24.0,1395-06-06
2016-08-28,24.0,24.0,23.0,23.0,17223546199,14190313,946,24.0,23.0,1395-06-07
2016-08-29,23.0,24.0,23.0,23.0,15355313240,12536296,654,23.0,23.0,1395-06-08
2016-08-30,23.0,24.0,23.0,24.0,9428110056,7591622,459,23.0,24.0,1395-06-09
2016-08-31,24.0,24.0,23.0,23.0,6873394951,5601965,343,24.0,23.0,1395-06-10
2016-09-03,23.0,23.0,23.0,23.0,10057012560,8319975,490,23.0,23.0,1395-06-13
2016-09-04,23.0,23.0,22.0,22.0,8731285845,7371136,530,23.0,22.0,1395-06-14
2016-09-05,23.0,23.0,22.0,23.0,29739982164,24969211,933,22.0,23.0,1395-06-15
2016-09-06,23.0,23.0,22.0,23.0,4629379005,3889842,400,23.0,23.0,1395-06-16
2016-09-07,23.0,23.0,23.0,23.0,5366180474,4495904,374,23.0,23.0,1395-06-17
2016-09-10,23.0,23.0,22.0,23.0,13840996798,11499595,576,23.0,23.0,1395-06-20
2016-09-11,23.0,23.0,23.0,23.0,4083140910,3412007,321,23.0,23.0,1395-06-21
2016-09-13,23.0,23.0,22.0,23.0,4101052188,3438521,251,23.0,22.0,1395-06-23
2016-09-14,22.0,23.0,22.0,23.0,7999853109,6708450,420,23.0,23.0,1395-06-24
2016-09-17,22.0,23.0,22.0,23.0,4671336062,3951666,324,23.0,22.0,1395-06-27
2016-09-18,22.0,23.0,22.0,22.0,13199026733,11182391,649,23.0,22.0,1395-06-28
2016-09-19,22.0,23.0,22.0,22.0,3096623355,2619738,274,22.0,22.0,1395-06-29
2016-09-21,22.0,23.0,22.0,22.0,5729125990,4834792,448,22.0,23.0,1395-06-31
2016-09-24,23.0,23.0,23.0,23.0,7730282144,6439227,572,22.0,23.0,1395-07-03
2016-09-25,23.0,23.0,22.0,23.0,7933661140,6641359,624,23.0,22.0,1395-07-04
2016-09-26,22.0,23.0,22.0,23.0,5899840726,4962365,388,23.0,23.0,1395-07-05
2016-09-27,23.0,24.0,23.0,23.0,21065262450,17237913,1143,23.0,23.0,1395-07-06
2016-09-28,23.0,24.0,23.0,24.0,10689073337,8603062,794,23.0,23.0,1395-07-07
2016-10-01,24.0,24.0,23.0,23.0,6034242811,4871618,522,24.0,23.0,1395-07-10
2016-10-02,23.0,23.0,23.0,23.0,8695156237,7191190,578,23.0,23.0,1395-07-11
2016-10-03,23.0,23.0,22.0,23.0,14082167273,11797840,950,23.0,22.0,1395-07-12
2016-10-04,23.0,23.0,23.0,23.0,9366464814,7824366,607,23.0,23.0,1395-07-13
2016-10-05,23.0,23.0,22.0,23.0,8609918421,7236619,690,23.0,22.0,1395-07-14
2016-10-08,22.0,23.0,22.0,23.0,4237630954,3542811,396,23.0,23.0,1395-07-17
2016-10-09,23.0,23.0,23.0,23.0,12452653900,10204486,786,23.0,23.0,1395-07-18
2016-10-10,23.0,23.0,23.0,23.0,5708076705,4682229,379,23.0,23.0,1395-07-19
2016-10-15,23.0,24.0,23.0,23.0,9750944523,7919203,616,23.0,23.0,1395-07-24
2016-10-16,23.0,23.0,23.0,23.0,7806620939,6427343,384,23.0,23.0,1395-07-25
2016-10-17,23.0,23.0,23.0,23.0,32053926471,26259852,546,23.0,23.0,1395-07-26
2016-10-18,23.0,23.0,23.0,23.0,11487501751,9484745,588,23.0,23.0,1395-07-27
2016-10-19,23.0,23.0,23.0,23.0,23100335936,18894200,1165,23.0,23.0,1395-07-28
2016-10-22,23.0,24.0,23.0,24.0,10885453538,8764455,749,23.0,23.0,1395-08-01
2016-10-23,24.0,24.0,23.0,23.0,8938661228,7257243,506,24.0,23.0,1395-08-02
2016-10-24,23.0,23.0,23.0,23.0,11455781214,9380587,588,23.0,23.0,1395-08-03
2016-10-25,23.0,24.0,23.0,24.0,35528248617,28328055,1585,23.0,24.0,1395-08-04
2016-10-26,24.0,25.0,24.0,25.0,108860215203,83347900,3568,24.0,25.0,1395-08-05
2016-10-29,25.0,26.0,25.0,26.0,64119185431,47184271,2882,25.0,25.0,1395-08-08
2016-10-30,25.0,25.0,25.0,25.0,21579350607,16473448,1332,26.0,25.0,1395-08-09
2016-10-31,25.0,25.0,24.0,25.0,34583636094,26623243,1489,25.0,25.0,1395-08-10
2016-11-01,25.0,25.0,24.0,25.0,27359035289,21123121,1192,25.0,24.0,1395-08-11
2016-11-02,24.0,25.0,24.0,25.0,8776130217,6781734,540,25.0,24.0,1395-08-12
2016-11-05,24.0,25.0,24.0,24.0,8761907127,6840888,595,25.0,24.0,1395-08-15
2016-11-06,24.0,25.0,24.0,24.0,9402653702,7336643,537,24.0,25.0,1395-08-16
2016-11-07,25.0,25.0,25.0,25.0,22356986388,16951393,1104,24.0,25.0,1395-08-17
2016-11-08,25.0,26.0,25.0,26.0,69972615530,51644605,2172,25.0,26.0,1395-08-18
2016-11-09,25.0,26.0,24.0,25.0,63349443788,48545271,2152,26.0,25.0,1395-08-19
2016-11-12,26.0,26.0,26.0,26.0,218734334335,159801816,5421,25.0,26.0,1395-08-22
2016-11-13,26.0,26.0,25.0,26.0,30508897372,22493564,1338,26.0,26.0,1395-08-23
2016-11-14,25.0,26.0,25.0,25.0,32089107087,23887201,1221,26.0,25.0,1395-08-24
2016-11-15,25.0,26.0,25.0,25.0,15394378620,11654804,694,25.0,25.0,1395-08-25
2016-11-16,25.0,25.0,24.0,25.0,16414909384,12604097,727,25.0,24.0,1395-08-26
2016-11-19,25.0,25.0,24.0,25.0,16589660753,12719442,782,25.0,25.0,1395-08-29
2016-11-21,25.0,25.0,25.0,25.0,5980547825,4557368,365,25.0,25.0,1395-09-01
2016-11-22,25.0,25.0,25.0,25.0,10422311879,7933064,526,25.0,25.0,1395-09-02
2016-11-23,25.0,25.0,25.0,25.0,11447761679,8720436,569,25.0,25.0,1395-09-03
2016-11-26,25.0,26.0,25.0,25.0,16357042917,12294168,692,25.0,25.0,1395-09-06
2016-11-27,25.0,25.0,25.0,25.0,9525353310,7232114,368,25.0,25.0,1395-09-07
2016-11-29,25.0,26.0,25.0,25.0,22214970170,16611761,996,25.0,26.0,1395-09-09
2016-12-03,25.0,26.0,25.0,25.0,16053341954,12130998,851,25.0,25.0,1395-09-13
2016-12-04,25.0,26.0,25.0,26.0,37049070513,27511836,1273,25.0,25.0,1395-09-14
2016-12-05,26.0,27.0,26.0,26.0,117887255597,85008765,3962,26.0,26.0,1395-09-15
2016-12-06,27.0,28.0,26.0,27.0,234135825611,162692651,6651,26.0,27.0,1395-09-16
2016-12-07,27.0,28.0,27.0,27.0,101970679815,70418126,3344,27.0,27.0,1395-09-17
2016-12-10,27.0,27.0,27.0,27.0,27142627528,19231114,1347,27.0,27.0,1395-09-20
2016-12-11,26.0,27.0,26.0,26.0,17850939274,12830063,849,27.0,26.0,1395-09-21
2016-12-12,27.0,27.0,26.0,27.0,17663290233,12592333,826,26.0,26.0,1395-09-22
2016-12-13,26.0,27.0,26.0,27.0,9385225752,6710011,477,27.0,26.0,1395-09-23
2016-12-14,26.0,27.0,26.0,27.0,35320768868,24915880,993,27.0,27.0,1395-09-24
2016-12-18,27.0,27.0,27.0,27.0,19954117372,13992421,841,27.0,27.0,1395-09-28
2016-12-19,27.0,27.0,26.0,27.0,13115992114,9331849,569,27.0,27.0,1395-09-29
2016-12-20,27.0,27.0,26.0,26.0,19873122646,14249311,830,27.0,27.0,1395-09-30
2016-12-21,26.0,27.0,26.0,27.0,8664566802,6186715,389,26.0,27.0,1395-10-01
2016-12-24,26.0,27.0,26.0,26.0,7378431819,5281105,424,27.0,26.0,1395-10-04
2016-12-25,26.0,26.0,26.0,26.0,14059996569,10173483,635,26.0,26.0,1395-10-05
2016-12-26,26.0,27.0,26.0,27.0,30671548643,21928570,1021,26.0,27.0,1395-10-06
2016-12-27,27.0,27.0,26.0,26.0,22662537045,16364490,849,27.0,26.0,1395-10-07
2016-12-28,26.0,26.0,26.0,26.0,16640196105,12129871,707,26.0,26.0,1395-10-08
2016-12-31,26.0,26.0,26.0,26.0,11904268966,8745289,507,26.0,26.0,1395-10-11
2017-01-01,26.0,26.0,25.0,26.0,12451696707,9231106,622,26.0,26.0,1395-10-12
2017-01-02,26.0,26.0,25.0,26.0,23475335941,17175228,768,26.0,26.0,1395-10-13
2017-01-03,26.0,26.0,26.0,26.0,13488053388,9856959,470,26.0,26.0,1395-10-14
2017-01-04,26.0,27.0,26.0,26.0,14523166189,10446286,659,26.0,26.0,1395-10-15
2017-01-07,27.0,27.0,26.0,27.0,21302608209,15230630,874,26.0,26.0,1395-10-18
2017-01-08,26.0,27.0,26.0,27.0,22225522863,15864974,941,27.0,27.0,1395-10-19
2017-01-09,26.0,27.0,26.0,27.0,19069443303,13565685,708,27.0,27.0,1395-10-20
2017-01-11,27.0,27.0,27.0,27.0,24989131333,17634207,966,27.0,27.0,1395-10-22
2017-01-14,27.0,27.0,27.0,27.0,13035583652,9178460,548,27.0,27.0,1395-10-25
2017-01-15,27.0,28.0,27.0,27.0,25072390628,17459075,1051,27.0,27.0,1395-10-26
2017-01-16,27.0,28.0,27.0,27.0,27506485538,19057010,927,27.0,27.0,1395-10-27
2017-01-17,27.0,27.0,27.0,27.0,18748550677,13005289,684,27.0,27.0,1395-10-28
2017-01-18,27.0,28.0,27.0,28.0,35333284874,24228603,1251,27.0,27.0,1395-10-29
2017-01-21,27.0,28.0,27.0,28.0,16788051925,11491564,748,28.0,27.0,1395-11-02
2017-01-22,27.0,28.0,27.0,28.0,26512577784,18173166,825,28.0,27.0,1395-11-03
2017-01-23,27.0,28.0,27.0,28.0,22853671839,15673107,755,28.0,28.0,1395-11-04
2017-01-24,27.0,28.0,27.0,28.0,25928810407,17837770,880,28.0,27.0,1395-11-05
2017-01-25,27.0,28.0,27.0,27.0,14140558835,9821791,590,28.0,27.0,1395-11-06
2017-01-28,27.0,27.0,27.0,27.0,15149832652,10687236,705,27.0,27.0,1395-11-09
2017-01-29,27.0,27.0,26.0,27.0,11143433228,7936988,527,27.0,27.0,1395-11-10
2017-01-30,27.0,27.0,26.0,27.0,9664119895,6864928,399,27.0,27.0,1395-11-11
2017-01-31,27.0,27.0,26.0,27.0,20274637359,14385633,706,27.0,27.0,1395-11-12
2017-02-01,27.0,27.0,26.0,27.0,7673041231,5461156,349,27.0,27.0,1395-11-13
2017-02-04,27.0,27.0,26.0,26.0,14431202703,10537077,678,27.0,26.0,1395-11-16
2017-02-05,26.0,26.0,26.0,26.0,17154623305,12495512,652,26.0,26.0,1395-11-17
2017-02-06,26.0,26.0,26.0,26.0,8025018883,5858866,366,26.0,26.0,1395-11-18
2017-02-07,26.0,26.0,26.0,26.0,10867178053,7971399,434,26.0,26.0,1395-11-19
2017-02-08,26.0,26.0,26.0,26.0,10775107728,7812930,443,26.0,26.0,1395-11-20
2017-02-11,26.0,27.0,26.0,26.0,18833378926,13775716,674,26.0,26.0,1395-11-23
2017-02-12,26.0,27.0,26.0,26.0,25407521685,18302752,837,26.0,26.0,1395-11-24
2017-02-13,26.0,27.0,26.0,26.0,18712050048,13491339,676,26.0,26.0,1395-11-25
2017-02-14,26.0,27.0,26.0,26.0,27057531681,19396246,1010,26.0,26.0,1395-11-26
2017-02-15,26.0,27.0,26.0,27.0,18121603029,12774958,811,26.0,27.0,1395-11-27
2017-02-26,27.0,27.0,27.0,27.0,40494317959,28541559,1114,27.0,27.0,1395-12-08
2017-02-27,27.0,27.0,27.0,27.0,34744161278,24506808,1090,27.0,27.0,1395-12-09
2017-02-28,27.0,27.0,27.0,27.0,37061541843,26256400,1084,27.0,27.0,1395-12-10
2017-03-01,27.0,27.0,27.0,27.0,26953557445,19061482,1030,27.0,27.0,1395-12-11
2017-03-04,27.0,27.0,27.0,27.0,21765853402,15380475,811,27.0,27.0,1395-12-14
2017-03-05,27.0,27.0,26.0,27.0,18737975001,13276201,670,27.0,26.0,1395-12-15
2017-03-06,27.0,27.0,26.0,27.0,15877931098,11328354,489,27.0,26.0,1395-12-16
2017-03-07,26.0,27.0,26.0,27.0,32719844832,23203705,981,27.0,27.0,1395-12-17
2017-03-08,26.0,27.0,26.0,26.0,10896433357,7798083,378,27.0,26.0,1395-12-18
2017-03-11,26.0,27.0,26.0,26.0,39994679392,28690206,1165,26.0,26.0,1395-12-21
2017-03-12,26.0,27.0,26.0,26.0,25970711472,18750568,823,26.0,26.0,1395-12-22
2017-03-13,26.0,27.0,26.0,26.0,28105790476,20466463,926,26.0,26.0,1395-12-23
2017-03-18,26.0,27.0,26.0,27.0,11196153484,7948662,312,26.0,27.0,1395-12-28
2017-03-25,27.0,27.0,26.0,27.0,3117468291,2215304,200,27.0,27.0,1396-01-05
2017-03-26,27.0,27.0,26.0,27.0,7855841886,5580798,348,27.0,27.0,1396-01-06
2017-03-27,27.0,27.0,26.0,27.0,8493586422,6028539,400,27.0,27.0,1396-01-07
2017-03-28,27.0,27.0,26.0,27.0,4677752724,3323272,230,27.0,27.0,1396-01-08
2017-03-29,27.0,27.0,26.0,27.0,3893009951,2758171,250,27.0,27.0,1396-01-09
2017-04-03,27.0,27.0,26.0,27.0,3977006737,2837101,311,27.0,26.0,1396-01-14
2017-04-04,27.0,27.0,26.0,27.0,11932997839,8468208,551,27.0,27.0,1396-01-15
2017-04-05,27.0,27.0,26.0,27.0,9231310341,6588089,365,27.0,27.0,1396-01-16
2017-04-08,26.0,27.0,26.0,26.0,15432172968,11042275,573,27.0,26.0,1396-01-19
2017-04-09,26.0,27.0,26.0,26.0,13885522198,9990092,509,26.0,26.0,1396-01-20
2017-04-10,26.0,26.0,26.0,26.0,22394260971,16309268,935,26.0,26.0,1396-01-21
2017-04-12,26.0,26.0,25.0,26.0,48789942915,36179735,1749,26.0,25.0,1396-01-23
2017-04-15,26.0,26.0,25.0,25.0,136292679815,102363933,3836,26.0,25.0,1396-01-26
2017-04-16,25.0,26.0,25.0,25.0,81118159278,60936003,2863,25.0,25.0,1396-01-27
2017-04-17,25.0,26.0,25.0,25.0,21772666855,16338905,888,25.0,25.0,1396-01-28
2017-04-18,26.0,26.0,25.0,25.0,43370377446,32620987,1487,25.0,25.0,1396-01-29
2017-04-19,25.0,26.0,25.0,26.0,31828793624,23501677,1191,25.0,25.0,1396-01-30
2017-04-22,25.0,26.0,25.0,25.0,13152772375,9855281,649,26.0,25.0,1396-02-02
2017-04-23,25.0,25.0,25.0,25.0,12893012683,9746180,592,25.0,25.0,1396-02-03
2017-04-24,25.0,26.0,25.0,25.0,16023773383,11922528,629,25.0,25.0,1396-02-04
2017-04-26,26.0,26.0,25.0,25.0,11596314275,8636685,508,25.0,26.0,1396-02-06
2017-04-29,26.0,26.0,25.0,26.0,25111012716,18461688,888,25.0,26.0,1396-02-09
2017-04-30,25.0,26.0,25.0,26.0,14139648476,10434448,489,26.0,26.0,1396-02-10
2017-05-01,26.0,26.0,25.0,26.0,16431868972,12023346,581,26.0,26.0,1396-02-11
2017-05-02,26.0,26.0,25.0,26.0,4924576375,3642451,257,26.0,25.0,1396-02-12
2017-05-03,26.0,26.0,25.0,26.0,11294751620,8274997,448,26.0,26.0,1396-02-13
2017-05-06,26.0,26.0,25.0,26.0,5050391098,3750833,285,26.0,25.0,1396-02-16
2017-05-07,25.0,26.0,25.0,26.0,23338710605,17205115,808,26.0,26.0,1396-02-17
2017-05-08,26.0,26.0,25.0,26.0,14090229658,10288410,592,26.0,26.0,1396-02-18
2017-05-09,25.0,26.0,25.0,26.0,19207051631,13990751,729,26.0,26.0,1396-02-19
2017-05-10,26.0,26.0,26.0,26.0,30803324268,22472853,1067,26.0,26.0,1396-02-20
2017-05-13,26.0,26.0,26.0,26.0,8373827767,6131796,352,26.0,26.0,1396-02-23
2017-05-14,26.0,26.0,26.0,26.0,13359282666,9796974,462,26.0,26.0,1396-02-24
2017-05-15,26.0,26.0,25.0,26.0,13664786595,10043116,525,26.0,25.0,1396-02-25
2017-05-16,26.0,26.0,25.0,26.0,8635284111,6343443,329,26.0,26.0,1396-02-26
2017-05-17,26.0,26.0,25.0,26.0,20114793999,14906745,656,26.0,25.0,1396-02-27
2017-05-20,26.0,26.0,25.0,26.0,5871055275,4345263,289,26.0,25.0,1396-02-30
2017-05-21,26.0,26.0,25.0,26.0,10443033201,7663949,417,26.0,26.0,1396-02-31
2017-05-22,26.0,26.0,26.0,26.0,12464288572,9123709,487,26.0,26.0,1396-03-01
2017-05-23,26.0,26.0,26.0,26.0,13942406221,10180590,535,26.0,26.0,1396-03-02
2017-05-24,26.0,26.0,26.0,26.0,20194191969,14617656,809,26.0,26.0,1396-03-03
2017-05-27,26.0,27.0,26.0,26.0,12818598985,9190499,580,26.0,26.0,1396-03-06
2017-05-28,26.0,27.0,26.0,27.0,10926132238,7776437,492,26.0,26.0,1396-03-07
2017-05-29,26.0,27.0,26.0,27.0,13983998883,9921926,617,27.0,26.0,1396-03-08
2017-05-30,26.0,27.0,26.0,27.0,27353466466,19349853,989,27.0,27.0,1396-03-09
2017-05-31,27.0,27.0,26.0,27.0,36464261031,25747128,1007,27.0,26.0,1396-03-10
2017-06-03,26.0,26.0,26.0,27.0,5542262514,3994494,280,27.0,26.0,1396-03-13
2017-06-06,27.0,27.0,26.0,27.0,13672989029,9767260,543,27.0,27.0,1396-03-16
2017-06-07,27.0,27.0,26.0,26.0,6248529022,4522419,318,27.0,26.0,1396-03-17
2017-06-10,26.0,27.0,26.0,26.0,9409265409,6741977,381,26.0,27.0,1396-03-20
2017-06-11,27.0,27.0,26.0,27.0,13925758766,9921404,569,26.0,26.0,1396-03-21
2017-06-12,26.0,27.0,26.0,27.0,2248556484,1616187,126,27.0,26.0,1396-03-22
2017-06-13,26.0,27.0,26.0,26.0,3591215207,2586039,172,27.0,26.0,1396-03-23
2017-06-14,26.0,27.0,26.0,26.0,2578354962,1853264,134,26.0,26.0,1396-03-24
2017-06-17,26.0,27.0,26.0,26.0,9699627141,7050920,345,26.0,26.0,1396-03-27
2017-06-18,26.0,26.0,26.0,26.0,23323376765,16935760,574,26.0,26.0,1396-03-28
2017-06-25,27.0,27.0,27.0,27.0,22574008521,16083557,755,26.0,27.0,1396-04-04
2017-06-28,27.0,28.0,27.0,27.0,14731731501,10254788,673,27.0,27.0,1396-04-07
2017-07-01,27.0,28.0,27.0,27.0,28947802124,19991212,991,27.0,27.0,1396-04-10
2017-07-02,27.0,28.0,27.0,27.0,24787150844,17224346,745,27.0,27.0,1396-04-11
2017-07-03,27.0,27.0,27.0,27.0,12544517576,8757442,442,27.0,27.0,1396-04-12
2017-07-04,27.0,27.0,27.0,27.0,13996747880,9747544,458,27.0,27.0,1396-04-13
2017-07-05,27.0,28.0,27.0,27.0,18376592978,12735686,563,27.0,27.0,1396-04-14
2017-07-08,27.0,27.0,27.0,27.0,21503661520,14878854,640,27.0,27.0,1396-04-17
2017-07-09,27.0,28.0,27.0,27.0,31441029157,21690765,919,27.0,27.0,1396-04-18
2017-07-10,27.0,29.0,27.0,29.0,92963545569,61655018,2426,27.0,29.0,1396-04-19
2017-07-11,28.0,29.0,28.0,28.0,33877417208,22519882,1050,29.0,28.0,1396-04-20
2017-07-12,28.0,29.0,28.0,29.0,22267662769,14755660,694,28.0,29.0,1396-04-21
2017-07-15,29.0,29.0,29.0,29.0,60195988262,39327013,1443,29.0,29.0,1396-04-24
2017-07-16,29.0,29.0,29.0,29.0,39118560177,25342052,1136,29.0,29.0,1396-04-25
2017-07-17,29.0,31.0,29.0,30.0,181759418344,114850435,4405,29.0,31.0,1396-04-26
2017-07-23,33.0,33.0,32.0,32.0,215981772100,134810511,3982,30.0,32.0,1396-05-01
2017-07-24,32.0,33.0,32.0,33.0,161131092739,99618612,5346,32.0,33.0,1396-05-02
2017-07-25,33.0,33.0,33.0,33.0,81340381281,49937327,2700,33.0,33.0,1396-05-03
2017-07-26,33.0,35.0,33.0,34.0,147648512872,87808056,3547,33.0,33.0,1396-05-04
2017-07-29,34.0,34.0,33.0,33.0,27956646165,17008431,1165,34.0,33.0,1396-05-07
2017-07-30,33.0,34.0,33.0,34.0,30796053471,18527808,1588,33.0,33.0,1396-05-08
2017-07-31,33.0,35.0,33.0,34.0,74207659484,43822176,2669,34.0,34.0,1396-05-09
2017-08-01,35.0,35.0,34.0,34.0,60067237873,35333955,2841,34.0,34.0,1396-05-10
2017-08-02,34.0,34.0,34.0,34.0,37730083651,22294532,1643,34.0,34.0,1396-05-11
2017-08-06,34.0,34.0,33.0,34.0,39842264518,23831412,3192,34.0,34.0,1396-05-15
2017-08-07,34.0,34.0,34.0,34.0,45465017656,27063210,2240,34.0,34.0,1396-05-16
2017-08-08,34.0,34.0,34.0,34.0,47071134059,27933850,2365,34.0,34.0,1396-05-17
2017-08-09,34.0,36.0,34.0,35.0,155940532054,89115078,4305,34.0,36.0,1396-05-18
2017-08-12,36.0,36.0,35.0,36.0,53784975090,30246469,2182,35.0,36.0,1396-05-21
2017-08-13,36.0,37.0,36.0,36.0,47717727886,26572950,1977,36.0,36.0,1396-05-22
2017-08-14,36.0,37.0,36.0,36.0,93557141243,51978081,2180,36.0,37.0,1396-05-23
2017-08-15,36.0,36.0,36.0,36.0,46384269752,26089712,2495,36.0,36.0,1396-05-24
2017-08-16,36.0,36.0,36.0,36.0,25032454913,14102512,1626,36.0,36.0,1396-05-25
2017-08-19,36.0,37.0,36.0,36.0,46222179001,25739060,1711,36.0,36.0,1396-05-28
2017-08-20,36.0,36.0,36.0,36.0,25026964787,13978955,1716,36.0,36.0,1396-05-29
2017-08-21,36.0,37.0,36.0,36.0,46867420072,26090115,2047,36.0,36.0,1396-05-30
2017-08-22,37.0,38.0,36.0,37.0,68603780221,37676155,2670,36.0,37.0,1396-05-31
2017-08-23,37.0,37.0,37.0,37.0,59043497000,32351336,2195,37.0,37.0,1396-06-01
2017-08-26,37.0,39.0,37.0,38.0,94087950622,50203913,3270,37.0,38.0,1396-06-04
2017-08-27,38.0,38.0,38.0,38.0,32998117324,17674886,2079,38.0,38.0,1396-06-05
2017-08-28,38.0,39.0,38.0,38.0,65078656170,34431612,2160,38.0,39.0,1396-06-06
2017-08-29,39.0,40.0,39.0,40.0,193101325099,98542716,5151,38.0,39.0,1396-06-07
2017-08-30,40.0,40.0,38.0,39.0,54862007729,28666469,1965,40.0,38.0,1396-06-08
2017-09-02,39.0,39.0,38.0,38.0,23613058696,12482740,2213,39.0,38.0,1396-06-11
2017-09-03,38.0,39.0,38.0,38.0,17358142699,9253296,1286,38.0,38.0,1396-06-12
2017-09-04,38.0,39.0,38.0,38.0,29018861774,15274811,1808,38.0,38.0,1396-06-13
2017-09-05,38.0,39.0,38.0,39.0,27478651526,14255174,991,38.0,39.0,1396-06-14
2017-09-06,39.0,39.0,38.0,39.0,21071463615,10995856,643,39.0,39.0,1396-06-15
2017-09-10,38.0,38.0,38.0,38.0,21572692301,11471433,866,39.0,38.0,1396-06-19
2017-09-11,38.0,39.0,38.0,38.0,51735723491,27180535,1291,38.0,39.0,1396-06-20
2017-09-12,38.0,39.0,38.0,39.0,27983427061,14588444,900,38.0,39.0,1396-06-21
2017-09-13,39.0,39.0,38.0,39.0,77857932200,40641068,1479,39.0,39.0,1396-06-22
2017-09-16,39.0,39.0,38.0,39.0,48435724365,25413420,1042,39.0,38.0,1396-06-25
2017-09-17,38.0,39.0,38.0,39.0,24226745366,12609609,803,39.0,39.0,1396-06-26
2017-09-18,39.0,40.0,39.0,40.0,59939671515,30503244,1537,39.0,40.0,1396-06-27
2017-09-19,40.0,41.0,40.0,41.0,75829959657,37552672,1845,40.0,41.0,1396-06-28
2017-09-20,41.0,41.0,41.0,41.0,73808676885,36264921,1683,41.0,41.0,1396-06-29
2017-09-23,41.0,41.0,40.0,40.0,51690110502,25885423,1337,41.0,40.0,1396-07-01
2017-09-24,41.0,41.0,40.0,40.0,32559800793,16453193,922,40.0,40.0,1396-07-02
2017-09-25,40.0,40.0,40.0,40.0,38306679905,19469986,1343,40.0,40.0,1396-07-03
2017-09-26,40.0,40.0,40.0,40.0,30502658284,15552918,1137,40.0,40.0,1396-07-04
2017-09-27,40.0,40.0,40.0,40.0,41954023374,21247509,1995,40.0,40.0,1396-07-05
2017-10-02,40.0,40.0,39.0,40.0,40999682941,20957984,995,40.0,39.0,1396-07-10
2017-10-03,39.0,40.0,39.0,39.0,38555290802,19784431,836,40.0,39.0,1396-07-11
2017-10-04,39.0,40.0,39.0,39.0,26562759653,13666016,865,39.0,39.0,1396-07-12
2017-10-07,39.0,40.0,39.0,39.0,32558320577,16910088,817,39.0,39.0,1396-07-15
2017-10-08,39.0,39.0,38.0,39.0,59279374199,31080227,1322,39.0,39.0,1396-07-16
2017-10-09,38.0,39.0,38.0,39.0,20083019626,10491709,518,39.0,39.0,1396-07-17
2017-10-10,39.0,39.0,39.0,39.0,14421987300,7441629,433,39.0,39.0,1396-07-18
2017-10-11,39.0,40.0,39.0,39.0,31004354753,15988809,798,39.0,39.0,1396-07-19
2017-10-14,40.0,41.0,40.0,40.0,41253749206,20750405,904,39.0,40.0,1396-07-22
2017-10-15,40.0,41.0,40.0,40.0,90700635383,45305402,1908,40.0,41.0,1396-07-23
2017-10-16,41.0,42.0,41.0,41.0,80464995522,39440098,1776,40.0,41.0,1396-07-24
2017-10-17,41.0,43.0,41.0,42.0,183875742935,88615056,2852,41.0,42.0,1396-07-25
2017-10-18,43.0,43.0,42.0,43.0,97871794640,46270556,2318,42.0,43.0,1396-07-26
2017-10-21,45.0,46.0,45.0,46.0,251999404811,111715486,5064,43.0,46.0,1396-07-29
2017-10-22,46.0,47.0,45.0,46.0,90341222569,39722918,2654,46.0,45.0,1396-07-30
2017-10-23,46.0,46.0,45.0,46.0,88001412234,38848602,2253,46.0,46.0,1396-08-01
2017-10-24,46.0,48.0,46.0,47.0,115784446538,49835197,2808,46.0,47.0,1396-08-02
2017-10-25,47.0,48.0,47.0,48.0,63798330086,27032435,2803,47.0,48.0,1396-08-03
2017-10-28,48.0,49.0,48.0,49.0,107387945323,44755740,3281,48.0,49.0,1396-08-06
2017-10-29,49.0,49.0,48.0,48.0,92624762313,38666187,2824,49.0,48.0,1396-08-07
2017-10-30,48.0,48.0,47.0,48.0,56887509133,24200634,1837,48.0,47.0,1396-08-08
2017-10-31,47.0,48.0,47.0,47.0,67251633510,28780922,1492,48.0,47.0,1396-08-09
2017-11-01,48.0,48.0,47.0,47.0,51887416577,22244931,1208,47.0,47.0,1396-08-10
2017-11-04,47.0,47.0,47.0,47.0,39463506780,16958764,1076,47.0,47.0,1396-08-13
2017-11-05,47.0,47.0,47.0,47.0,33581175659,14480849,946,47.0,47.0,1396-08-14
2017-11-06,47.0,47.0,46.0,47.0,61229855392,26571452,1294,47.0,47.0,1396-08-15
2017-11-07,47.0,47.0,47.0,47.0,29770688397,12887741,745,47.0,47.0,1396-08-16
2017-11-08,47.0,48.0,47.0,47.0,23983876340,10386660,757,47.0,47.0,1396-08-17
2017-11-11,47.0,47.0,46.0,46.0,44793110157,19620945,993,47.0,46.0,1396-08-20
2017-11-12,46.0,47.0,46.0,46.0,31909077493,13946740,794,46.0,46.0,1396-08-21
2017-11-13,47.0,47.0,47.0,47.0,46333384243,19888384,1128,46.0,47.0,1396-08-22
2017-11-14,47.0,48.0,47.0,48.0,38595934294,16406770,972,47.0,48.0,1396-08-23
2017-11-15,48.0,49.0,48.0,49.0,97041440444,40450398,2212,48.0,49.0,1396-08-24
2017-11-18,49.0,49.0,49.0,49.0,39322768735,16247263,1271,49.0,49.0,1396-08-27
2017-11-20,49.0,50.0,49.0,50.0,76107221569,31069687,1705,49.0,50.0,1396-08-29
2017-11-21,50.0,52.0,50.0,51.0,141196004763,55922640,2972,50.0,52.0,1396-08-30
2017-11-22,52.0,53.0,52.0,52.0,103320941154,39858499,2416,51.0,53.0,1396-09-01
2017-11-25,54.0,54.0,53.0,53.0,71333202839,27140064,2058,52.0,53.0,1396-09-04
2017-11-26,53.0,55.0,52.0,54.0,143131973209,54014316,2802,53.0,54.0,1396-09-05
2017-11-28,55.0,56.0,54.0,55.0,199338361960,72760572,3720,54.0,56.0,1396-09-07
2017-11-29,56.0,56.0,54.0,55.0,117674792257,43316491,2464,55.0,55.0,1396-09-08
2017-12-02,55.0,56.0,55.0,55.0,50982362138,18620043,1270,55.0,55.0,1396-09-11
2017-12-03,55.0,55.0,54.0,54.0,88524284137,32881516,1901,55.0,55.0,1396-09-12
2017-12-04,54.0,55.0,54.0,55.0,59671662832,22092725,1293,54.0,55.0,1396-09-13
2017-12-05,55.0,55.0,54.0,55.0,30125114044,11162686,838,55.0,55.0,1396-09-14
2017-12-09,55.0,56.0,55.0,55.0,34701128937,12672857,888,55.0,55.0,1396-09-18
2017-12-10,55.0,55.0,55.0,55.0,32678843181,11960200,841,55.0,55.0,1396-09-19
2017-12-11,55.0,57.0,55.0,56.0,133070501382,48019020,2329,55.0,56.0,1396-09-20
2017-12-12,56.0,59.0,56.0,58.0,162014858200,56136860,2901,56.0,59.0,1396-09-21
2017-12-13,59.0,60.0,57.0,58.0,252076123732,88434887,4226,58.0,57.0,1396-09-22
2017-12-16,57.0,59.0,57.0,57.0,351965536067,124551445,5033,58.0,59.0,1396-09-25
2017-12-17,59.0,60.0,57.0,58.0,522764159313,183433032,6246,57.0,58.0,1396-09-26
2017-12-18,58.0,59.0,58.0,58.0,92672185547,32281473,1612,58.0,58.0,1396-09-27
2017-12-19,58.0,58.0,58.0,58.0,68572125585,24026270,1478,58.0,58.0,1396-09-28
2017-12-20,58.0,59.0,58.0,58.0,105023145405,36335911,2022,58.0,59.0,1396-09-29
2017-12-23,59.0,61.0,59.0,61.0,276616664793,92302517,4285,58.0,61.0,1396-10-02
2017-12-24,61.0,61.0,61.0,61.0,80939191953,26851650,1724,61.0,61.0,1396-10-03
2017-12-25,61.0,63.0,61.0,63.0,242875364486,78531773,3863,61.0,63.0,1396-10-04
2017-12-26,63.0,63.0,61.0,62.0,117889054979,38307067,2625,63.0,62.0,1396-10-05
2017-12-27,62.0,62.0,61.0,61.0,146140431622,48098134,2712,62.0,61.0,1396-10-06
2017-12-30,61.0,62.0,59.0,61.0,217755199535,72586869,3269,61.0,60.0,1396-10-09
2017-12-31,60.0,61.0,58.0,60.0,501339798823,170346099,7363,61.0,61.0,1396-10-10
2018-01-01,60.0,61.0,60.0,60.0,123374794651,41629722,2296,60.0,60.0,1396-10-11
2018-01-02,60.0,60.0,59.0,60.0,139152823246,47074830,2137,60.0,59.0,1396-10-12
2018-01-03,60.0,60.0,59.0,59.0,59818464932,20388813,1261,60.0,60.0,1396-10-13
2018-01-06,59.0,60.0,59.0,60.0,88353324666,30003330,1498,59.0,59.0,1396-10-16
2018-01-07,60.0,60.0,58.0,59.0,97331074569,33622303,2111,60.0,58.0,1396-10-17
2018-01-08,58.0,59.0,58.0,58.0,84108777703,29104036,1397,59.0,58.0,1396-10-18
2018-01-09,58.0,59.0,58.0,58.0,52048786054,18197832,1131,58.0,58.0,1396-10-19
2018-01-10,58.0,58.0,57.0,58.0,106416704375,37371765,1823,58.0,57.0,1396-10-20
2018-01-13,59.0,59.0,58.0,58.0,63077148101,21902045,1265,58.0,58.0,1396-10-23
2018-01-14,59.0,61.0,58.0,60.0,215366213048,72815892,3713,58.0,60.0,1396-10-24
2018-01-15,61.0,61.0,61.0,61.0,136687324921,45304390,2424,60.0,61.0,1396-10-25
2018-01-16,61.0,62.0,61.0,62.0,143297343364,46843572,2623,61.0,62.0,1396-10-26
2018-01-17,62.0,63.0,62.0,63.0,149642271518,48264548,2564,62.0,63.0,1396-10-27
2018-01-20,62.0,63.0,60.0,62.0,89522887741,29352618,2256,63.0,61.0,1396-10-30
2018-01-21,61.0,61.0,60.0,60.0,53070906904,17826533,1370,62.0,60.0,1396-11-01
2018-01-22,60.0,61.0,60.0,60.0,46175440433,15470465,1125,60.0,60.0,1396-11-02
2018-01-23,60.0,61.0,60.0,60.0,51127531954,17127052,1085,60.0,61.0,1396-11-03
2018-01-24,61.0,62.0,60.0,61.0,115262414192,38447670,1999,60.0,60.0,1396-11-04
2018-01-27,60.0,60.0,58.0,59.0,120923354007,41606913,2553,61.0,59.0,1396-11-07
2018-01-28,59.0,59.0,58.0,59.0,78977970243,27187774,1529,59.0,59.0,1396-11-08
2018-01-29,58.0,59.0,58.0,58.0,68901273911,23928711,1718,59.0,58.0,1396-11-09
2018-01-30,58.0,59.0,58.0,58.0,60497516479,21020330,1319,58.0,58.0,1396-11-10
2018-01-31,58.0,59.0,57.0,58.0,49138434871,17209294,1215,58.0,58.0,1396-11-11
2018-02-03,57.0,58.0,56.0,57.0,94968596505,33971980,2434,58.0,56.0,1396-11-14
2018-02-04,56.0,57.0,56.0,57.0,70533256931,25181768,1513,57.0,57.0,1396-11-15
2018-02-05,57.0,58.0,56.0,57.0,57811727103,20516541,1279,57.0,57.0,1396-11-16
2018-02-06,58.0,59.0,57.0,58.0,94218736928,32850443,2105,57.0,59.0,1396-11-17
2018-02-07,59.0,60.0,58.0,60.0,124153070603,41917158,2576,58.0,60.0,1396-11-18
2018-02-13,61.0,61.0,60.0,61.0,84039527773,28072068,1826,60.0,60.0,1396-11-24
2018-02-14,60.0,61.0,60.0,60.0,72738414293,24340332,1444,61.0,61.0,1396-11-25
2018-02-17,60.0,60.0,59.0,60.0,47598350982,16064570,1224,60.0,59.0,1396-11-28
2018-02-18,59.0,60.0,58.0,59.0,47620700665,16337263,1090,60.0,59.0,1396-11-29
2018-02-19,58.0,59.0,58.0,59.0,31762867702,10921340,752,59.0,59.0,1396-11-30
2018-02-21,59.0,59.0,58.0,58.0,55055187285,19205208,1319,59.0,58.0,1396-12-02
2018-02-24,58.0,58.0,57.0,58.0,35760784047,12536904,978,58.0,58.0,1396-12-05
2018-02-25,58.0,58.0,57.0,58.0,31938518003,11187659,785,58.0,58.0,1396-12-06
2018-02-26,58.0,59.0,58.0,58.0,57107971684,19768483,1309,58.0,59.0,1396-12-07
2018-02-27,59.0,60.0,59.0,60.0,64861578516,22021266,1375,58.0,59.0,1396-12-08
2018-02-28,60.0,60.0,59.0,60.0,28846320318,9792666,715,60.0,60.0,1396-12-09
2018-03-03,59.0,59.0,58.0,58.0,58268950066,20232509,1089,60.0,58.0,1396-12-12
2018-03-04,58.0,59.0,58.0,58.0,45529253034,15824500,960,58.0,58.0,1396-12-13
2018-03-05,58.0,58.0,58.0,58.0,42521491647,14815132,717,58.0,58.0,1396-12-14
2018-03-06,58.0,59.0,58.0,58.0,43133240604,15025026,936,58.0,58.0,1396-12-15
2018-03-07,58.0,58.0,58.0,58.0,72737967646,25338045,1163,58.0,58.0,1396-12-16
2018-03-10,58.0,58.0,57.0,58.0,70399229221,24699626,1195,58.0,57.0,1396-12-19
2018-03-11,57.0,57.0,57.0,57.0,52339519726,18563047,1014,58.0,57.0,1396-12-20
2018-03-12,57.0,58.0,57.0,57.0,28013877995,9861803,737,57.0,57.0,1396-12-21
2018-03-13,58.0,58.0,58.0,58.0,63130085501,21989200,904,57.0,58.0,1396-12-22
2018-03-14,58.0,58.0,57.0,58.0,45500572277,15954051,828,58.0,58.0,1396-12-23
2018-03-17,58.0,58.0,57.0,58.0,46210925745,16235924,827,58.0,58.0,1396-12-26
2018-03-18,58.0,58.0,57.0,57.0,50475305226,17839730,952,58.0,57.0,1396-12-27
2018-03-19,58.0,59.0,57.0,58.0,42533165101,14782742,916,57.0,58.0,1396-12-28
2018-03-25,59.0,59.0,58.0,58.0,14352200501,4996777,338,58.0,58.0,1397-01-05
2018-03-26,59.0,59.0,58.0,58.0,14028150601,4871709,333,58.0,59.0,1397-01-06
2018-03-27,58.0,59.0,58.0,58.0,18063694991,6262255,398,58.0,58.0,1397-01-07
2018-03-28,59.0,60.0,59.0,60.0,80376702920,27284175,1661,58.0,60.0,1397-01-08
2018-04-03,60.0,61.0,60.0,61.0,52254090973,17451836,1361,60.0,60.0,1397-01-14
2018-04-04,60.0,61.0,59.0,60.0,18975771145,6403809,651,61.0,60.0,1397-01-15
2018-04-07,60.0,60.0,58.0,59.0,35276781177,12142140,1046,60.0,58.0,1397-01-18
2018-04-08,58.0,59.0,57.0,58.0,70121467957,24483397,1285,59.0,58.0,1397-01-19
2018-04-09,59.0,61.0,58.0,60.0,214040022651,71882390,3749,58.0,61.0,1397-01-20
2018-04-10,60.0,60.0,58.0,59.0,92552478471,31965771,1502,60.0,59.0,1397-01-21
2018-04-11,59.0,59.0,58.0,58.0,59185441646,20625075,971,59.0,58.0,1397-01-22
2018-04-15,59.0,59.0,57.0,58.0,22010453300,7683619,652,58.0,57.0,1397-01-26
2018-04-16,58.0,58.0,56.0,57.0,62147042009,22152127,1442,58.0,56.0,1397-01-27
2018-04-17,57.0,58.0,57.0,57.0,28189256025,9995389,665,57.0,57.0,1397-01-28
2018-04-18,57.0,58.0,57.0,57.0,54670202223,19423324,942,57.0,57.0,1397-01-29
2018-04-21,57.0,57.0,56.0,56.0,42755440177,15460879,1212,57.0,56.0,1397-02-01
2018-04-22,56.0,56.0,55.0,55.0,57553804620,21161331,1541,56.0,55.0,1397-02-02
2018-04-23,55.0,56.0,55.0,56.0,33237868904,12102022,919,55.0,56.0,1397-02-03
2018-04-24,56.0,58.0,56.0,57.0,28582566700,10168338,790,56.0,57.0,1397-02-04
2018-04-25,57.0,58.0,57.0,58.0,36900353998,12916078,862,57.0,57.0,1397-02-05
2018-04-28,57.0,57.0,56.0,57.0,26478458403,9476921,617,58.0,56.0,1397-02-08
2018-04-29,56.0,57.0,56.0,56.0,18621039243,6729069,475,57.0,56.0,1397-02-09
2018-04-30,56.0,56.0,55.0,56.0,33791503490,12316400,723,56.0,55.0,1397-02-10
2018-05-01,55.0,56.0,55.0,56.0,25574426464,9289806,543,56.0,56.0,1397-02-11
2018-05-05,56.0,56.0,55.0,56.0,31200274719,11348083,591,56.0,55.0,1397-02-15
2018-05-06,55.0,57.0,55.0,56.0,58697741597,21158893,862,56.0,56.0,1397-02-16
2018-05-07,56.0,58.0,56.0,58.0,43346921906,15209253,963,56.0,58.0,1397-02-17
2018-05-08,58.0,58.0,57.0,58.0,35994840446,12619088,803,58.0,57.0,1397-02-18
2018-05-09,58.0,58.0,55.0,57.0,231983977452,82480996,2477,58.0,56.0,1397-02-19
2018-05-12,57.0,58.0,56.0,57.0,154264712259,54993816,2278,57.0,56.0,1397-02-22
2018-05-13,57.0,57.0,56.0,57.0,95543381999,34008762,1412,57.0,57.0,1397-02-23
2018-05-14,57.0,58.0,57.0,58.0,92885367850,32605876,1973,57.0,58.0,1397-02-24
2018-05-15,58.0,58.0,57.0,58.0,42067677554,14729419,896,58.0,58.0,1397-02-25
2018-05-16,58.0,58.0,57.0,58.0,51076322582,17896328,766,58.0,58.0,1397-02-26
2018-05-19,58.0,58.0,57.0,58.0,38682705665,13550682,762,58.0,58.0,1397-02-29
2018-05-20,58.0,59.0,58.0,58.0,55265983574,19134426,1176,58.0,59.0,1397-02-30
2018-05-21,59.0,59.0,59.0,59.0,84131610450,28889926,1511,58.0,59.0,1397-02-31
2018-05-22,59.0,60.0,59.0,59.0,65917225323,22488717,1269,59.0,59.0,1397-03-01
2018-05-23,59.0,60.0,59.0,60.0,118021327356,40031614,2006,59.0,60.0,1397-03-02
2018-05-26,60.0,63.0,60.0,62.0,277516278053,90732912,4534,60.0,62.0,1397-03-05
2018-05-27,62.0,62.0,61.0,62.0,106533635213,34966579,2069,62.0,62.0,1397-03-06
2018-05-28,62.0,62.0,61.0,62.0,97963798370,32109161,1800,62.0,62.0,1397-03-07
2018-05-29,62.0,62.0,62.0,62.0,57373026749,18736708,1248,62.0,62.0,1397-03-08
2018-05-30,62.0,64.0,62.0,63.0,220926548077,70955603,3487,62.0,64.0,1397-03-09
2018-06-02,64.0,65.0,64.0,65.0,148939821389,46675306,2532,63.0,65.0,1397-03-12
2018-06-03,65.0,66.0,64.0,65.0,86017025740,26701381,2009,65.0,66.0,1397-03-13
2018-06-09,66.0,66.0,65.0,66.0,49029426855,15127234,1171,65.0,65.0,1397-03-19
2018-06-10,65.0,66.0,64.0,65.0,118420605122,37066828,1982,66.0,64.0,1397-03-20
2018-06-11,65.0,65.0,64.0,64.0,93231062411,29303794,1427,65.0,65.0,1397-03-21
2018-06-12,65.0,67.0,64.0,66.0,117200166333,35889978,1973,64.0,67.0,1397-03-22
2018-06-13,68.0,69.0,68.0,69.0,451157404476,131646682,3830,66.0,69.0,1397-03-23
2018-06-17,73.0,73.0,71.0,73.0,724824181995,201455433,5592,69.0,73.0,1397-03-27
2018-06-18,76.0,76.0,74.0,75.0,617122592881,165621502,7669,73.0,74.0,1397-03-28
2018-06-19,75.0,79.0,74.0,78.0,281597930729,73433191,3736,75.0,79.0,1397-03-29
2018-06-20,81.0,81.0,78.0,79.0,335674337741,85715572,4135,78.0,78.0,1397-03-30
2018-06-23,79.0,81.0,77.0,79.0,237560947781,60903357,3370,79.0,80.0,1397-04-02
2018-06-24,80.0,83.0,80.0,83.0,873648556218,213915020,9509,79.0,83.0,1397-04-03
2018-06-25,85.0,87.0,85.0,87.0,1347754650136,314465711,11974,83.0,87.0,1397-04-04
2018-06-26,86.0,87.0,82.0,85.0,461115747987,109984278,6138,87.0,84.0,1397-04-05
2018-06-27,85.0,86.0,81.0,81.0,696611505656,172942555,6826,85.0,81.0,1397-04-06
2018-06-30,82.0,84.0,79.0,81.0,395620698545,98181934,5121,81.0,80.0,1397-04-09
2018-07-01,80.0,81.0,77.0,78.0,480047108372,124521862,5353,81.0,78.0,1397-04-10
2018-07-02,78.0,81.0,78.0,80.0,243324059820,61392817,3213,78.0,81.0,1397-04-11
2018-07-03,82.0,84.0,81.0,84.0,373526496893,90416960,4665,80.0,84.0,1397-04-12
2018-07-04,85.0,85.0,81.0,84.0,236859135124,57360799,3336,84.0,83.0,1397-04-13
2018-07-07,83.0,83.0,80.0,81.0,220247110013,55146314,2598,84.0,80.0,1397-04-16
2018-07-08,81.0,81.0,80.0,80.0,100202032205,25279568,1602,81.0,80.0,1397-04-17
2018-07-10,81.0,83.0,80.0,81.0,211594450216,52885260,2598,80.0,81.0,1397-04-19
2018-07-11,80.0,80.0,78.0,79.0,170958823396,43621201,3346,81.0,79.0,1397-04-20
2018-07-14,79.0,80.0,77.0,78.0,157135711686,40962049,2723,79.0,77.0,1397-04-23
2018-07-15,77.0,78.0,76.0,77.0,110108697868,28922585,1773,78.0,78.0,1397-04-24
2018-07-16,77.0,78.0,77.0,77.0,91306678600,23900477,1830,77.0,77.0,1397-04-25
2018-07-17,77.0,77.0,76.0,77.0,224879515853,59328181,3354,77.0,77.0,1397-04-26
2018-07-23,79.0,79.0,78.0,79.0,168606904784,46456843,1906,77.0,78.0,1397-05-01
2018-07-24,79.0,79.0,77.0,78.0,131305156698,36442057,1983,79.0,78.0,1397-05-02
2018-07-25,78.0,81.0,78.0,79.0,211950288754,57927106,3022,78.0,81.0,1397-05-03
2018-07-28,83.0,83.0,83.0,83.0,208102780190,54179527,1585,79.0,83.0,1397-05-06
2018-07-29,87.0,87.0,85.0,87.0,552793189752,137902254,7293,83.0,87.0,1397-05-07
2018-07-30,89.0,91.0,88.0,91.0,570391352132,135735293,4624,87.0,91.0,1397-05-08
2018-07-31,96.0,96.0,96.0,96.0,136481866880,30934240,700,91.0,96.0,1397-05-09
2018-08-01,98.0,98.0,94.0,96.0,853187788922,192234557,10106,96.0,95.0,1397-05-10
2018-08-04,95.0,97.0,94.0,96.0,514057746875,116527538,6622,96.0,97.0,1397-05-13
2018-08-05,98.0,100.0,98.0,100.0,1205925512822,260608113,9152,96.0,100.0,1397-05-14
2018-08-06,105.0,105.0,102.0,105.0,1953665451188,402745783,15072,100.0,103.0,1397-05-15
2018-08-07,103.0,108.0,101.0,105.0,760408599921,157241306,11346,105.0,103.0,1397-05-16
2018-08-08,105.0,105.0,102.0,102.0,424967282363,90041745,5275,105.0,102.0,1397-05-17
2018-08-11,101.0,102.0,99.0,100.0,331422462670,71695309,4622,102.0,100.0,1397-05-20
2018-08-12,100.0,104.0,100.0,101.0,315174775199,67466162,4080,100.0,100.0,1397-05-21
2018-08-13,100.0,100.0,97.0,98.0,316203804121,69704298,4062,101.0,99.0,1397-05-22
2018-08-14,98.0,103.0,98.0,101.0,475016899750,102268210,5102,98.0,101.0,1397-05-23
2018-08-15,98.0,99.0,97.0,98.0,418667341637,92549493,4623,101.0,99.0,1397-05-24
2018-08-18,98.0,100.0,97.0,98.0,193497088899,42787696,3148,98.0,99.0,1397-05-27
2018-08-19,100.0,103.0,100.0,101.0,157762039199,33805601,2768,98.0,100.0,1397-05-28
2018-08-20,102.0,106.0,102.0,106.0,1195117230634,244672211,9472,101.0,106.0,1397-05-29
2018-08-21,103.0,106.0,102.0,104.0,320462713960,66970452,4175,106.0,104.0,1397-05-30
2018-08-25,104.0,104.0,99.0,101.0,259403329285,55448842,4490,104.0,100.0,1397-06-03
2018-08-26,100.0,106.0,99.0,104.0,228300101531,47736849,3866,101.0,104.0,1397-06-04
2018-08-27,106.0,107.0,103.0,105.0,283712726890,58561180,3918,104.0,105.0,1397-06-05
2018-08-28,103.0,103.0,100.0,101.0,286873798006,61480035,3975,105.0,101.0,1397-06-06
2018-08-29,101.0,102.0,99.0,100.0,187258037816,40495751,2753,101.0,100.0,1397-06-07
2018-09-01,100.0,101.0,97.0,98.0,256619868506,56622339,4044,100.0,98.0,1397-06-10
2018-09-02,98.0,98.0,95.0,95.0,457765777491,103793052,5395,98.0,97.0,1397-06-11
2018-09-03,97.0,100.0,95.0,98.0,248745104783,54814083,3428,95.0,100.0,1397-06-12
2018-09-04,102.0,102.0,99.0,101.0,203763856242,43853092,3246,98.0,100.0,1397-06-13
2018-09-05,100.0,101.0,98.0,100.0,157147626780,34121226,2363,101.0,101.0,1397-06-14
2018-09-08,101.0,103.0,99.0,101.0,268475656069,57656889,4239,100.0,100.0,1397-06-17
2018-09-09,100.0,103.0,99.0,101.0,294298928648,62982378,4499,101.0,103.0,1397-06-18
2018-09-10,104.0,106.0,104.0,106.0,920716824926,187787517,7285,101.0,106.0,1397-06-19
2018-09-11,109.0,111.0,107.0,111.0,799976610803,156318564,7516,106.0,111.0,1397-06-20
2018-09-12,116.0,122.0,116.0,119.0,943633127730,172289926,8199,111.0,118.0,1397-06-21
2018-09-15,121.0,121.0,114.0,117.0,753842917464,139633614,10958,119.0,115.0,1397-06-24
2018-09-16,114.0,117.0,111.0,113.0,678112737342,130244731,7185,117.0,115.0,1397-06-25
2018-09-17,115.0,117.0,112.0,113.0,442470598627,84434172,5944,113.0,112.0,1397-06-26
2018-09-18,111.0,114.0,110.0,112.0,472377280862,91126951,5112,113.0,113.0,1397-06-27
2018-09-22,113.0,115.0,113.0,114.0,369930657998,70299892,4932,112.0,113.0,1397-06-31
2018-09-23,113.0,117.0,113.0,115.0,451170513578,85003736,5711,114.0,116.0,1397-07-01
2018-09-24,117.0,121.0,117.0,119.0,443206247861,80321619,6015,115.0,121.0,1397-07-02
2018-09-25,123.0,125.0,122.0,125.0,494410891159,85867112,6853,119.0,125.0,1397-07-03
2018-09-26,128.0,130.0,125.0,128.0,666710427602,112523240,8612,125.0,129.0,1397-07-04
2018-09-29,134.0,134.0,128.0,131.0,620500070597,102834373,9686,128.0,133.0,1397-07-07
2018-09-30,134.0,137.0,133.0,137.0,1150789250870,182219733,9279,131.0,137.0,1397-07-08
2018-10-01,144.0,144.0,134.0,141.0,1049165307621,160615000,12276,137.0,139.0,1397-07-09
2018-10-02,139.0,139.0,134.0,135.0,961653405953,154749494,7480,141.0,134.0,1397-07-10
2018-10-03,129.0,136.0,129.0,133.0,536798724193,87423553,7632,135.0,135.0,1397-07-11
2018-10-06,133.0,139.0,126.0,130.0,765166152772,127612924,8400,133.0,126.0,1397-07-14
2018-10-07,126.0,130.0,123.0,124.0,1779793206007,310558307,12564,130.0,123.0,1397-07-15
2018-10-08,123.0,130.0,123.0,127.0,663576256232,113145358,7966,124.0,130.0,1397-07-16
2018-10-09,132.0,133.0,131.0,133.0,541308321328,88145190,5848,127.0,132.0,1397-07-17
2018-10-10,134.0,135.0,132.0,133.0,344336660408,56024305,4860,133.0,133.0,1397-07-18
2018-10-13,134.0,135.0,126.0,128.0,417106516151,70783678,4917,133.0,128.0,1397-07-21
2018-10-14,129.0,132.0,128.0,129.0,75448708127,12622487,960,128.0,131.0,1397-07-22
2018-10-15,131.0,136.0,131.0,134.0,458707688074,73910186,5839,129.0,136.0,1397-07-23
2018-10-16,136.0,138.0,134.0,136.0,355934420885,56808663,4647,134.0,135.0,1397-07-24
2018-10-17,130.0,138.0,130.0,133.0,1608646654594,261402007,11350,136.0,137.0,1397-07-25
2018-10-20,136.0,140.0,136.0,137.0,277751808875,43794197,4440,133.0,137.0,1397-07-28
2018-10-21,138.0,139.0,135.0,137.0,342998175508,54366087,3790,137.0,136.0,1397-07-29
2018-10-22,137.0,137.0,132.0,135.0,296390367421,47657657,3339,137.0,136.0,1397-07-30
2018-10-23,135.0,135.0,130.0,132.0,316259719815,52001112,3573,135.0,132.0,1397-08-01
2018-10-24,132.0,132.0,128.0,130.0,204151329516,34089940,2819,132.0,129.0,1397-08-02
2018-10-27,130.0,132.0,127.0,129.0,209449706534,35149678,2615,130.0,128.0,1397-08-05
2018-10-28,129.0,130.0,129.0,129.0,225339762419,37834030,2940,129.0,129.0,1397-08-06
2018-10-29,130.0,131.0,129.0,130.0,185796981017,30971786,2300,129.0,129.0,1397-08-07
2018-10-31,130.0,131.0,128.0,130.0,220187973645,36752008,2475,130.0,129.0,1397-08-09
2018-11-03,129.0,130.0,126.0,128.0,333977718956,56658338,3527,130.0,126.0,1397-08-12
2018-11-04,128.0,129.0,126.0,127.0,128533943299,21867703,2003,128.0,126.0,1397-08-13
2018-11-05,127.0,128.0,127.0,127.0,157892284633,26827123,2186,127.0,128.0,1397-08-14
2018-11-06,128.0,129.0,127.0,127.0,176719063161,30046385,2437,127.0,127.0,1397-08-15
2018-11-10,127.0,128.0,125.0,126.0,176235232970,30256007,2464,127.0,125.0,1397-08-19
2018-11-11,127.0,127.0,121.0,124.0,145197209200,25440054,2291,126.0,123.0,1397-08-20
2018-11-12,124.0,125.0,124.0,125.0,124340403234,21602310,1780,124.0,125.0,1397-08-21
2018-11-13,126.0,127.0,125.0,126.0,120956020195,20790448,1874,125.0,125.0,1397-08-22
2018-11-14,126.0,127.0,125.0,126.0,173646846574,29923111,2087,126.0,125.0,1397-08-23
2018-11-17,125.0,126.0,119.0,122.0,178198975765,31532894,3347,126.0,120.0,1397-08-26
2018-11-18,120.0,120.0,116.0,118.0,251224890990,46235249,3369,122.0,119.0,1397-08-27
2018-11-19,119.0,121.0,118.0,119.0,101210052553,18366446,1750,118.0,119.0,1397-08-28
2018-11-20,119.0,121.0,119.0,120.0,69360738646,12540723,1375,119.0,120.0,1397-08-29
2018-11-21,118.0,121.0,118.0,119.0,90631292359,16518250,1630,120.0,118.0,1397-08-30
2018-11-24,117.0,118.0,113.0,114.0,69257588437,13181961,974,119.0,113.0,1397-09-03
2018-11-26,111.0,115.0,111.0,112.0,331633781460,63842374,3768,114.0,113.0,1397-09-05
2018-11-27,114.0,116.0,112.0,113.0,75031932070,14317226,1885,112.0,113.0,1397-09-06
2018-11-28,113.0,113.0,108.0,109.0,196836069000,39017983,3313,113.0,109.0,1397-09-07
2018-12-01,108.0,108.0,104.0,106.0,476402625300,97731978,4793,109.0,106.0,1397-09-10
2018-12-02,107.0,111.0,107.0,110.0,223825931326,44025493,3148,106.0,111.0,1397-09-11
2018-12-03,114.0,116.0,112.0,114.0,112360019988,21261740,2604,110.0,115.0,1397-09-12
2018-12-04,116.0,116.0,111.0,114.0,173140092166,32946474,2140,114.0,114.0,1397-09-13
2018-12-05,113.0,115.0,112.0,114.0,106891833525,20283154,1838,114.0,114.0,1397-09-14
2018-12-08,114.0,114.0,111.0,113.0,96803295185,18571155,1849,114.0,112.0,1397-09-17
2018-12-09,112.0,113.0,110.0,112.0,88528373551,17183553,1438,113.0,111.0,1397-09-18
2018-12-10,112.0,112.0,111.0,112.0,74834572132,14530523,1255,112.0,111.0,1397-09-19
2018-12-11,112.0,112.0,110.0,111.0,80857144041,15722071,1206,112.0,110.0,1397-09-20
2018-12-12,108.0,111.0,107.0,109.0,117300110573,23209204,2064,111.0,108.0,1397-09-21
2018-12-15,109.0,110.0,107.0,109.0,63802733634,12695652,1241,109.0,108.0,1397-09-24
2018-12-16,108.0,108.0,105.0,106.0,103262570405,21015445,1833,109.0,106.0,1397-09-25
2018-12-17,104.0,108.0,101.0,103.0,211275402122,44353159,2875,106.0,102.0,1397-09-26
2018-12-18,103.0,104.0,101.0,103.0,112598999912,23724471,2114,103.0,101.0,1397-09-27
2018-12-19,100.0,102.0,98.0,98.0,129514074353,28495309,2520,103.0,99.0,1397-09-28
2018-12-22,99.0,99.0,98.0,99.0,68563895269,15057314,1357,98.0,99.0,1397-10-01
2018-12-23,100.0,104.0,100.0,103.0,106112701040,22353014,2315,99.0,103.0,1397-10-02
2018-12-24,105.0,105.0,103.0,104.0,108782308438,22634085,2151,103.0,104.0,1397-10-03
2018-12-25,104.0,105.0,102.0,103.0,66842437045,14096584,1417,104.0,102.0,1397-10-04
2018-12-26,104.0,106.0,103.0,104.0,122702226421,25537182,1888,103.0,104.0,1397-10-05
2018-12-29,104.0,108.0,104.0,106.0,78865411891,16171412,1618,104.0,107.0,1397-10-08
2018-12-30,107.0,107.0,106.0,107.0,67007936939,13595634,1442,106.0,106.0,1397-10-09
2018-12-31,106.0,107.0,105.0,106.0,65376101772,13372959,1261,107.0,105.0,1397-10-10
2019-01-01,106.0,106.0,103.0,104.0,52981742581,11009272,1367,106.0,103.0,1397-10-11
2019-01-02,102.0,106.0,101.0,103.0,94576216571,19906632,1620,104.0,102.0,1397-10-12
2019-01-05,104.0,104.0,101.0,102.0,43258222471,9196638,1187,103.0,101.0,1397-10-15
2019-01-06,101.0,104.0,101.0,102.0,55588308815,11815119,1288,102.0,102.0,1397-10-16
2019-01-07,103.0,106.0,102.0,104.0,77337890405,16106344,1767,102.0,104.0,1397-10-17
2019-01-08,104.0,107.0,104.0,106.0,95663752576,19539442,1670,104.0,106.0,1397-10-18
2019-01-09,107.0,108.0,107.0,107.0,50755837458,10264412,1215,106.0,107.0,1397-10-19
2019-01-12,107.0,108.0,106.0,107.0,39037088716,7904697,1030,107.0,106.0,1397-10-22
2019-01-13,105.0,109.0,105.0,108.0,121929549980,24499175,2542,107.0,108.0,1397-10-23
2019-01-14,109.0,110.0,108.0,109.0,68207412888,13556723,1630,108.0,109.0,1397-10-24
2019-01-15,109.0,111.0,109.0,111.0,93699359580,18344147,1927,109.0,111.0,1397-10-25
2019-01-16,111.0,111.0,110.0,111.0,99276962527,19451360,1604,111.0,111.0,1397-10-26
2019-01-19,111.0,111.0,110.0,111.0,51481611130,10085060,1471,111.0,111.0,1397-10-29
2019-01-20,110.0,111.0,108.0,109.0,75343927770,14968653,1288,111.0,109.0,1397-10-30
2019-01-21,108.0,110.0,106.0,108.0,111949383374,22530670,1495,109.0,108.0,1397-11-01
2019-01-22,108.0,109.0,108.0,108.0,46788790005,9383440,1003,108.0,108.0,1397-11-02
2019-01-23,108.0,110.0,107.0,108.0,68057542506,13660741,1465,108.0,107.0,1397-11-03
2019-01-26,108.0,108.0,106.0,107.0,45664937591,9263104,1145,108.0,106.0,1397-11-06
2019-01-27,106.0,106.0,102.0,104.0,106131241604,22111859,1822,107.0,103.0,1397-11-07
2019-01-28,105.0,106.0,102.0,103.0,49703896319,10430587,1166,104.0,103.0,1397-11-08
2019-01-29,102.0,105.0,102.0,104.0,57053039873,11899865,1005,103.0,104.0,1397-11-09
2019-01-30,106.0,107.0,105.0,106.0,55266083751,11298814,1771,104.0,105.0,1397-11-10
2019-02-02,106.0,107.0,104.0,105.0,34616117643,7118939,928,106.0,104.0,1397-11-13
2019-02-03,105.0,106.0,102.0,104.0,95339665849,19919186,1494,105.0,104.0,1397-11-14
2019-02-04,104.0,106.0,104.0,105.0,56303143208,11636611,1204,104.0,105.0,1397-11-15
2019-02-05,104.0,108.0,104.0,107.0,125490737645,25499269,2042,105.0,107.0,1397-11-16
2019-02-06,107.0,107.0,106.0,107.0,82181749713,16688733,1392,107.0,107.0,1397-11-17
2019-02-10,107.0,108.0,106.0,106.0,47374937774,9657438,1179,107.0,106.0,1397-11-21
2019-02-12,107.0,107.0,105.0,106.0,70621395284,14448155,1570,106.0,106.0,1397-11-23
2019-02-20,113.0,117.0,113.0,114.0,419457161632,137718369,5530,106.0,117.0,1397-12-01
2019-02-23,119.0,120.0,118.0,120.0,644157163454,201549362,9623,114.0,120.0,1397-12-04
2019-02-24,122.0,123.0,119.0,122.0,289517810591,89210761,6024,120.0,121.0,1397-12-05
2019-02-25,122.0,127.0,122.0,125.0,217810875759,65568770,4916,122.0,125.0,1397-12-06
2019-02-26,123.0,125.0,121.0,123.0,138035632422,42152442,3221,125.0,122.0,1397-12-07
2019-02-27,122.0,124.0,121.0,122.0,97041129194,29809873,2492,123.0,121.0,1397-12-08
2019-03-02,123.0,123.0,119.0,120.0,98685745084,30955210,2611,122.0,119.0,1397-12-11
2019-03-03,119.0,120.0,118.0,119.0,102395885826,32356501,2392,120.0,119.0,1397-12-12
2019-03-04,119.0,120.0,118.0,119.0,92421960251,29182731,2183,119.0,118.0,1397-12-13
2019-03-05,119.0,119.0,117.0,118.0,83309401623,26497564,1916,119.0,118.0,1397-12-14
2019-03-06,118.0,120.0,118.0,118.0,105115079590,33367510,2178,118.0,119.0,1397-12-15
2019-03-09,118.0,119.0,117.0,118.0,83759266586,26631513,1645,118.0,118.0,1397-12-18
2019-03-10,117.0,123.0,117.0,120.0,204201575294,63700618,3445,118.0,122.0,1397-12-19
2019-03-11,122.0,126.0,122.0,126.0,430662253580,128488094,6105,120.0,124.0,1397-12-20
2019-03-12,126.0,129.0,124.0,128.0,180627294115,53047535,3902,126.0,128.0,1397-12-21
2019-03-13,129.0,132.0,126.0,130.0,280821539494,80902768,5556,128.0,128.0,1397-12-22
2019-03-16,129.0,131.0,128.0,130.0,131311344727,37889433,3605,130.0,130.0,1397-12-25
2019-03-17,130.0,130.0,128.0,129.0,141927112263,41393814,2787,130.0,128.0,1397-12-26
2019-03-18,129.0,132.0,128.0,131.0,156495980489,44997647,3041,129.0,130.0,1397-12-27
2019-03-19,131.0,133.0,131.0,132.0,166704686145,47425139,3677,131.0,132.0,1397-12-28
2019-03-25,132.0,133.0,131.0,132.0,98603616988,28121230,1678,132.0,131.0,1398-01-05
2019-03-26,132.0,132.0,131.0,131.0,66072878386,18896498,1693,132.0,132.0,1398-01-06
2019-03-27,132.0,135.0,131.0,134.0,84495436538,23757584,2001,131.0,134.0,1398-01-07
2019-03-30,135.0,140.0,135.0,138.0,174935498214,47453747,3507,134.0,139.0,1398-01-10
2019-03-31,139.0,140.0,136.0,138.0,103486603397,28159704,3424,138.0,138.0,1398-01-11
2019-04-06,138.0,138.0,136.0,137.0,85622310484,23433538,2286,138.0,138.0,1398-01-17
2019-04-07,138.0,142.0,138.0,140.0,139539954401,37421159,2969,137.0,139.0,1398-01-18
2019-04-08,137.0,141.0,135.0,139.0,296731237793,80089704,5663,140.0,140.0,1398-01-19
2019-04-09,140.0,143.0,139.0,141.0,357432911665,95166991,5642,139.0,142.0,1398-01-20
2019-04-10,143.0,148.0,143.0,148.0,766635164873,195084157,9899,141.0,148.0,1398-01-21
2019-04-13,150.0,150.0,146.0,148.0,230002901181,58430145,5789,148.0,146.0,1398-01-24
2019-04-14,146.0,149.0,145.0,147.0,192064018237,48980107,3742,148.0,148.0,1398-01-25
2019-04-15,149.0,154.0,148.0,152.0,340808699121,84106222,5134,147.0,152.0,1398-01-26
2019-04-16,152.0,152.0,148.0,151.0,305073318494,75869278,6222,152.0,149.0,1398-01-27
2019-04-17,148.0,151.0,147.0,149.0,174917826750,43966566,3343,151.0,149.0,1398-01-28
2019-04-20,150.0,151.0,149.0,150.0,208894287445,52190645,4343,149.0,150.0,1398-01-31
2019-04-22,151.0,152.0,148.0,150.0,219641120513,55150517,3820,150.0,148.0,1398-02-02
2019-04-23,147.0,150.0,147.0,149.0,151204009595,38052018,2380,150.0,148.0,1398-02-03
2019-04-24,150.0,151.0,149.0,150.0,174163258847,43630592,2937,149.0,151.0,1398-02-04
2019-04-27,150.0,151.0,149.0,150.0,148017869520,37091902,3074,150.0,151.0,1398-02-07
2019-04-28,152.0,156.0,152.0,154.0,274413128170,66816031,4222,150.0,155.0,1398-02-08
2019-04-29,154.0,162.0,154.0,161.0,879681607792,205588050,8558,154.0,162.0,1398-02-09
2019-04-30,166.0,166.0,159.0,163.0,267971095621,61597932,4800,161.0,162.0,1398-02-10
2019-05-01,161.0,167.0,161.0,165.0,194567308925,44306231,3979,163.0,165.0,1398-02-11
2019-05-04,166.0,171.0,165.0,168.0,261190743202,58207882,4655,165.0,169.0,1398-02-14
2019-05-05,173.0,173.0,163.0,169.0,290350559708,64536009,4850,168.0,167.0,1398-02-15
2019-05-06,167.0,167.0,160.0,161.0,615775504354,143365604,7301,169.0,160.0,1398-02-16
2019-05-07,160.0,163.0,154.0,158.0,366427852440,86917031,5722,161.0,161.0,1398-02-17
2019-05-08,160.0,165.0,159.0,163.0,289424108742,66752568,4836,158.0,164.0,1398-02-18
2019-05-11,158.0,163.0,155.0,158.0,305354862293,72487944,5471,163.0,157.0,1398-02-21
2019-05-12,154.0,160.0,151.0,155.0,223725876018,54223782,3643,158.0,157.0,1398-02-22
2019-05-13,157.0,161.0,157.0,159.0,133684520171,31581771,2278,155.0,159.0,1398-02-23
2019-05-14,160.0,163.0,158.0,161.0,155023333056,36115999,2658,159.0,159.0,1398-02-24
2019-05-15,160.0,161.0,158.0,159.0,94177964800,22185485,1791,161.0,159.0,1398-02-25
2019-05-18,160.0,160.0,155.0,157.0,116318410173,27782110,2481,159.0,156.0,1398-02-28
2019-05-19,155.0,158.0,155.0,156.0,145048761698,34848004,2394,157.0,157.0,1398-02-29
2019-05-20,156.0,159.0,156.0,157.0,142171722636,33957022,2166,156.0,157.0,1398-02-30
2019-05-21,158.0,163.0,158.0,161.0,194879032897,45369223,2857,157.0,161.0,1398-02-31
2019-05-22,161.0,163.0,160.0,160.0,75572250568,17685100,1653,161.0,160.0,1398-03-01
2019-05-25,158.0,161.0,158.0,160.0,72899540572,17147374,1374,160.0,160.0,1398-03-04
2019-05-26,160.0,162.0,160.0,161.0,132197590062,30832557,2312,160.0,160.0,1398-03-05
2019-05-28,165.0,169.0,165.0,169.0,856201370477,190310337,7721,161.0,169.0,1398-03-07
2019-05-29,171.0,171.0,167.0,169.0,138005637948,30665657,2877,169.0,168.0,1398-03-08
2019-06-01,168.0,168.0,163.0,165.0,197710551925,45032953,2582,169.0,164.0,1398-03-11
2019-06-02,163.0,166.0,163.0,165.0,205871174957,46946800,3091,165.0,164.0,1398-03-12
2019-06-03,165.0,165.0,164.0,165.0,159725860575,36423696,2646,165.0,164.0,1398-03-13
2019-06-08,165.0,167.0,163.0,164.0,109068573176,24913408,1870,165.0,165.0,1398-03-18
2019-06-09,163.0,168.0,163.0,167.0,190390854763,42838835,2952,164.0,165.0,1398-03-19
2019-06-10,168.0,168.0,165.0,166.0,153429602595,34735005,2550,167.0,165.0,1398-03-20
2019-06-11,166.0,166.0,164.0,164.0,97928613400,22348465,1793,166.0,164.0,1398-03-21
2019-06-12,165.0,165.0,163.0,164.0,181909922460,41510171,2946,164.0,164.0,1398-03-22
2019-06-15,162.0,164.0,161.0,163.0,146076862171,33688105,2072,164.0,163.0,1398-03-25
2019-06-16,161.0,169.0,161.0,164.0,241664563220,55241225,3626,163.0,163.0,1398-03-26
2019-06-17,163.0,167.0,162.0,163.0,166989493875,38400053,2782,164.0,162.0,1398-03-27
2019-06-18,166.0,168.0,163.0,165.0,226767755673,51555380,3174,163.0,164.0,1398-03-28
2019-06-19,165.0,165.0,163.0,163.0,185455369412,42625991,2726,165.0,163.0,1398-03-29
2019-06-22,161.0,165.0,161.0,164.0,121159344482,27758329,1809,163.0,164.0,1398-04-01
2019-06-23,163.0,166.0,163.0,165.0,140800003061,32089275,2143,164.0,166.0,1398-04-02
2019-06-24,166.0,171.0,165.0,169.0,264193574887,58724043,3423,165.0,170.0,1398-04-03
2019-06-25,171.0,177.0,169.0,176.0,692483897957,147395625,7870,169.0,177.0,1398-04-04
2019-06-26,180.0,183.0,179.0,181.0,288473149841,59660458,4923,176.0,182.0,1398-04-05
2019-06-30,183.0,183.0,177.0,179.0,113219000297,23727806,2759,181.0,178.0,1398-04-09
2019-07-01,175.0,177.0,173.0,174.0,167392003842,36076884,2890,179.0,175.0,1398-04-10
2019-07-02,176.0,176.0,171.0,172.0,135604579931,29587731,2563,174.0,171.0,1398-04-11
2019-07-03,172.0,173.0,167.0,169.0,168592472526,37477038,3455,172.0,168.0,1398-04-12
2019-07-06,169.0,169.0,164.0,165.0,150022633569,34036128,2861,169.0,165.0,1398-04-15
2019-07-07,165.0,167.0,165.0,166.0,98621008933,22293420,2144,165.0,166.0,1398-04-16
2019-07-08,166.0,171.0,166.0,169.0,219935228562,48828347,4048,166.0,169.0,1398-04-17
2019-07-09,170.0,171.0,166.0,168.0,218699136131,48902641,3479,169.0,166.0,1398-04-18
2019-07-10,167.0,168.0,167.0,167.0,168142824920,37695735,2995,168.0,167.0,1398-04-19
2019-07-13,168.0,168.0,165.0,166.0,145435844413,32847132,3028,167.0,166.0,1398-04-22
2019-07-14,166.0,167.0,165.0,166.0,240921052575,54514198,4314,166.0,166.0,1398-04-23
2019-07-15,166.0,169.0,165.0,166.0,246192963252,55637123,4400,166.0,165.0,1398-04-24
2019-07-16,166.0,166.0,159.0,162.0,223696368610,51891347,4327,166.0,161.0,1398-04-25
2019-07-17,161.0,163.0,160.0,161.0,292584565098,68088206,5870,162.0,161.0,1398-04-26
2019-07-22,169.0,169.0,165.0,167.0,189677418057,45741206,3640,161.0,166.0,1398-04-31
2019-07-23,167.0,167.0,164.0,165.0,96825962895,23676615,2989,167.0,165.0,1398-05-01
2019-07-24,165.0,167.0,164.0,165.0,144203994319,35163887,2963,165.0,165.0,1398-05-02
2019-07-27,164.0,166.0,161.0,162.0,151980296245,37830454,3934,165.0,161.0,1398-05-05
2019-07-28,163.0,166.0,162.0,164.0,89531578930,22085899,2393,162.0,165.0,1398-05-06
2019-07-29,165.0,166.0,162.0,164.0,63699873135,15712337,1882,164.0,163.0,1398-05-07
2019-07-30,164.0,165.0,162.0,163.0,80942927966,20065684,1957,164.0,163.0,1398-05-08
2019-07-31,162.0,163.0,161.0,162.0,118327079377,29517675,3102,163.0,162.0,1398-05-09
2019-08-03,161.0,161.0,159.0,160.0,126588551418,31918382,3507,162.0,160.0,1398-05-12
2019-08-04,161.0,161.0,158.0,159.0,79218751524,20044701,2537,160.0,160.0,1398-05-13
2019-08-05,160.0,160.0,158.0,159.0,141090446611,35825542,3681,159.0,159.0,1398-05-14
2019-08-06,159.0,159.0,156.0,157.0,185425353784,47808062,4436,159.0,157.0,1398-05-15
2019-08-07,156.0,157.0,156.0,156.0,119876492445,30927302,3517,157.0,157.0,1398-05-16
2019-08-10,156.0,156.0,154.0,154.0,117581719652,30731968,3704,156.0,154.0,1398-05-19
2019-08-11,153.0,157.0,153.0,155.0,112596032057,29406196,3494,154.0,155.0,1398-05-20
2019-08-13,157.0,158.0,154.0,156.0,115769774056,29955942,4676,155.0,157.0,1398-05-22
2019-08-14,160.0,161.0,159.0,160.0,164191515886,41310406,5071,156.0,160.0,1398-05-23
2019-08-17,161.0,162.0,157.0,159.0,109916800237,27961634,4198,160.0,157.0,1398-05-26
2019-08-18,157.0,159.0,157.0,157.0,84596348834,21677522,2448,159.0,157.0,1398-05-27
2019-08-19,158.0,158.0,156.0,157.0,121651681965,31231287,3218,157.0,157.0,1398-05-28
2019-08-21,160.0,160.0,156.0,157.0,135301123133,34680392,4050,157.0,158.0,1398-05-30
2019-08-24,159.0,159.0,155.0,156.0,177391267430,45831957,6045,157.0,156.0,1398-06-02
2019-08-25,156.0,157.0,155.0,156.0,153787741441,39748870,4157,156.0,156.0,1398-06-03
2019-08-26,157.0,162.0,157.0,160.0,320323818717,80567372,7344,156.0,161.0,1398-06-04
2019-08-27,163.0,164.0,161.0,163.0,268783994130,66537758,6591,160.0,162.0,1398-06-05
2019-08-28,163.0,167.0,160.0,165.0,244284147596,59847896,5474,163.0,166.0,1398-06-06
2019-08-31,169.0,173.0,169.0,172.0,805225517388,188663037,11464,165.0,173.0,1398-06-09
2019-09-01,177.0,179.0,173.0,175.0,330168607521,76090189,8348,172.0,174.0,1398-06-10
2019-09-02,176.0,176.0,166.0,170.0,253079581326,59960593,6463,175.0,169.0,1398-06-11
2019-09-03,168.0,179.0,168.0,177.0,777440531579,177510532,13839,170.0,179.0,1398-06-12
2019-09-04,181.0,183.0,179.0,181.0,633614887082,141142184,12954,177.0,182.0,1398-06-13
2019-09-07,182.0,182.0,179.0,181.0,302080954529,67416432,10081,181.0,181.0,1398-06-16
2019-09-08,181.0,181.0,178.0,179.0,241044369552,54437544,8548,181.0,178.0,1398-06-17
2019-09-11,180.0,181.0,177.0,179.0,196478879475,44385226,5600,179.0,180.0,1398-06-20
2019-09-14,181.0,185.0,180.0,182.0,355732238765,78897157,7152,179.0,183.0,1398-06-23
2019-09-15,182.0,182.0,179.0,181.0,222063647186,49522402,6006,182.0,182.0,1398-06-24
2019-09-16,182.0,184.0,180.0,182.0,264229174161,58734351,6141,181.0,180.0,1398-06-25
2019-09-17,181.0,181.0,176.0,178.0,248927730391,56546079,6888,182.0,176.0,1398-06-26
2019-09-18,175.0,175.0,169.0,173.0,223632867324,52116075,5032,178.0,175.0,1398-06-27
2019-09-21,171.0,177.0,171.0,174.0,111608785904,25934730,4186,173.0,173.0,1398-06-30
2019-09-22,173.0,179.0,172.0,176.0,327418001188,74938697,6080,174.0,178.0,1398-06-31
2019-09-23,181.0,185.0,178.0,183.0,334480961793,73957861,6586,176.0,184.0,1398-07-01
2019-09-24,185.0,185.0,179.0,182.0,180573012516,40034355,4587,183.0,182.0,1398-07-02
2019-09-25,182.0,184.0,180.0,182.0,174433353342,38639739,5035,182.0,183.0,1398-07-03
2019-09-28,185.0,191.0,184.0,191.0,644223638595,136413113,10288,182.0,191.0,1398-07-06
2019-09-29,194.0,194.0,186.0,189.0,172965675206,36864120,5519,191.0,190.0,1398-07-07
2019-09-30,191.0,194.0,189.0,191.0,273709771150,57843822,5254,189.0,193.0,1398-07-08
2019-10-01,193.0,193.0,183.0,188.0,343469862193,73912719,6502,191.0,186.0,1398-07-09
2019-10-02,186.0,187.0,184.0,185.0,196769823893,42915226,4145,188.0,186.0,1398-07-10
2019-10-05,185.0,186.0,182.0,184.0,220837208418,48451495,4673,185.0,182.0,1398-07-13
2019-10-06,181.0,182.0,176.0,180.0,180078427726,40436555,3822,184.0,181.0,1398-07-14
2019-10-07,182.0,183.0,178.0,180.0,207787542204,46489109,4091,180.0,180.0,1398-07-15
2019-10-08,180.0,183.0,174.0,177.0,175434850605,40019517,4095,180.0,175.0,1398-07-16
2019-10-09,174.0,180.0,174.0,178.0,224224921018,50865537,3972,177.0,180.0,1398-07-17
2019-10-12,180.0,187.0,179.0,185.0,620188339911,135353076,7729,178.0,187.0,1398-07-20
2019-10-13,191.0,191.0,184.0,187.0,194894312879,42034074,4607,185.0,185.0,1398-07-21
2019-10-14,188.0,189.0,182.0,185.0,189790706989,41300290,4188,187.0,183.0,1398-07-22
2019-10-15,185.0,189.0,178.0,181.0,279759324177,62482126,4976,185.0,180.0,1398-07-23
2019-10-16,180.0,186.0,180.0,183.0,127863527821,28264094,3403,181.0,182.0,1398-07-24
2019-10-20,184.0,189.0,177.0,180.0,190179951542,42658937,4235,183.0,178.0,1398-07-28
2019-10-21,184.0,188.0,180.0,184.0,316818881156,69380067,5755,180.0,187.0,1398-07-29
2019-10-22,189.0,190.0,184.0,187.0,180562020731,38879978,4211,184.0,187.0,1398-07-30
2019-10-23,189.0,189.0,183.0,185.0,244578085742,53479735,4545,187.0,184.0,1398-08-01
2019-10-26,186.0,186.0,184.0,185.0,131728829738,28788791,2887,185.0,184.0,1398-08-04
2019-10-28,186.0,186.0,183.0,185.0,139849441824,30583169,3401,185.0,185.0,1398-08-06
2019-10-30,185.0,187.0,185.0,186.0,219154113052,47515122,5249,185.0,186.0,1398-08-08
2019-11-02,187.0,187.0,182.0,184.0,156880037572,34343570,4679,186.0,184.0,1398-08-11
2019-11-03,185.0,186.0,183.0,184.0,110548572326,24274233,3308,184.0,183.0,1398-08-12
2019-11-04,185.0,185.0,181.0,182.0,147401528586,32603577,3807,184.0,182.0,1398-08-13
2019-11-05,182.0,186.0,181.0,182.0,145137576068,32163735,3646,182.0,183.0,1398-08-14
2019-11-09,184.0,186.0,182.0,183.0,115338321682,25448947,3454,182.0,182.0,1398-08-18
2019-11-10,182.0,183.0,181.0,182.0,102136922185,22707837,2446,183.0,182.0,1398-08-19
2019-11-11,182.0,184.0,181.0,182.0,101266256279,22507786,2500,182.0,182.0,1398-08-20
2019-11-12,182.0,184.0,181.0,181.0,91940407936,20490208,3135,182.0,181.0,1398-08-21
2019-11-13,181.0,182.0,180.0,181.0,145679336533,32505242,3582,181.0,181.0,1398-08-22
2019-11-16,184.0,184.0,180.0,181.0,102925942926,22998443,2731,181.0,180.0,1398-08-25
2019-11-17,179.0,183.0,177.0,180.0,221412165013,49731900,3229,181.0,179.0,1398-08-26
2019-11-18,181.0,182.0,178.0,179.0,91321105038,20557669,2505,180.0,178.0,1398-08-27
2019-11-19,180.0,181.0,178.0,179.0,69381947630,15624847,2441,179.0,179.0,1398-08-28
2019-11-20,180.0,181.0,177.0,178.0,116111314511,26322584,2947,179.0,178.0,1398-08-29
2019-11-23,178.0,178.0,176.0,177.0,112728236604,25721985,3266,178.0,177.0,1398-09-02
2019-11-24,177.0,178.0,176.0,177.0,105270447015,24068738,3096,177.0,176.0,1398-09-03
2019-11-25,177.0,177.0,175.0,176.0,109680227213,25110536,3628,177.0,177.0,1398-09-04
2019-11-26,178.0,178.0,176.0,177.0,91861087449,20976160,3155,176.0,177.0,1398-09-05
2019-11-27,178.0,179.0,176.0,177.0,93703139613,21304838,2875,177.0,177.0,1398-09-06
2019-11-30,179.0,180.0,177.0,178.0,214554578860,48659958,5052,177.0,178.0,1398-09-09
2019-12-01,179.0,185.0,178.0,181.0,334526164107,74611238,6328,178.0,182.0,1398-09-10
2019-12-02,186.0,187.0,181.0,184.0,300957193413,65976536,6267,181.0,184.0,1398-09-11
2019-12-03,185.0,188.0,184.0,186.0,212945180448,46200501,5092,184.0,186.0,1398-09-12
2019-12-04,188.0,188.0,184.0,186.0,195285681526,42445863,4365,186.0,186.0,1398-09-13
2019-12-07,191.0,195.0,191.0,194.0,676727047883,140984936,11769,186.0,193.0,1398-09-16
2019-12-08,195.0,201.0,194.0,198.0,427644480499,87229341,8145,194.0,199.0,1398-09-17
2019-12-09,201.0,202.0,196.0,198.0,243846573039,49707633,6596,198.0,197.0,1398-09-18
2019-12-10,200.0,201.0,197.0,199.0,375149982078,75927443,6697,198.0,198.0,1398-09-19
2019-12-11,197.0,198.0,195.0,197.0,164942453475,33806431,4417,199.0,198.0,1398-09-20
2019-12-14,198.0,201.0,198.0,199.0,359125704815,72744710,6276,197.0,200.0,1398-09-23
2019-12-15,201.0,207.0,200.0,204.0,390747053171,77412645,7271,199.0,203.0,1398-09-24
2019-12-16,204.0,204.0,202.0,203.0,152044921159,30294915,3954,204.0,203.0,1398-09-25
2019-12-17,203.0,206.0,203.0,205.0,334972704439,65796658,6041,203.0,205.0,1398-09-26
2019-12-18,206.0,211.0,205.0,209.0,311707334832,60143651,5884,205.0,210.0,1398-09-27
2019-12-21,211.0,212.0,210.0,211.0,209773618272,40049540,5315,209.0,212.0,1398-09-30
2019-12-22,214.0,220.0,213.0,216.0,410185692475,76481176,7525,211.0,219.0,1398-10-01
2019-12-23,223.0,223.0,212.0,220.0,373950445481,68670299,7614,216.0,218.0,1398-10-02
2019-12-24,219.0,220.0,215.0,218.0,190002718589,35192423,5181,220.0,216.0,1398-10-03
2019-12-25,217.0,217.0,212.0,213.0,222017014078,42018897,6509,218.0,214.0,1398-10-04
2019-12-28,214.0,219.0,214.0,216.0,273851698307,51087866,6250,213.0,217.0,1398-10-07
2019-12-29,222.0,222.0,217.0,220.0,265228929642,48734408,6186,216.0,221.0,1398-10-08
2019-12-30,222.0,224.0,221.0,222.0,364380418286,66113626,7003,220.0,223.0,1398-10-09
2019-12-31,226.0,227.0,220.0,225.0,394225887292,70687324,8095,222.0,226.0,1398-10-10
2020-01-01,228.0,236.0,228.0,235.0,809630710787,139267200,12242,225.0,234.0,1398-10-11
2020-01-04,223.0,224.0,223.0,223.0,2319715067382,419929040,16803,235.0,223.0,1398-10-14
2020-01-05,223.0,234.0,223.0,231.0,742974876319,129997241,14770,223.0,234.0,1398-10-15
2020-01-13,259.0,261.0,253.0,258.0,2857062466399,718660988,37833,231.0,259.0,1398-10-23
2020-01-14,259.0,261.0,253.0,258.0,710215064885,178731503,17625,258.0,256.0,1398-10-24
2020-01-15,253.0,258.0,250.0,255.0,412382736754,105050384,13169,258.0,254.0,1398-10-25
2020-01-18,258.0,259.0,252.0,256.0,868987302707,219976080,19024,255.0,256.0,1398-10-28
2020-01-19,254.0,257.0,252.0,254.0,496318714716,126845211,12247,256.0,254.0,1398-10-29
2020-01-20,254.0,254.0,247.0,249.0,629881986249,163862388,18565,254.0,248.0,1398-10-30
2020-01-21,247.0,248.0,243.0,246.0,442446848100,116697256,13167,249.0,243.0,1398-11-01
2020-01-22,245.0,249.0,242.0,247.0,375209456234,98702175,11133,246.0,249.0,1398-11-02
2020-01-25,249.0,249.0,246.0,248.0,395123958498,103554430,12940,247.0,247.0,1398-11-05
2020-01-26,251.0,251.0,242.0,244.0,335504104574,89103849,10836,248.0,243.0,1398-11-06
2020-01-27,242.0,250.0,239.0,245.0,341163734864,90299058,8657,244.0,247.0,1398-11-07
2020-01-28,249.0,256.0,248.0,251.0,467258628548,120613900,12062,245.0,254.0,1398-11-08
2020-02-01,257.0,257.0,246.0,250.0,254774349030,66129050,9321,251.0,247.0,1398-11-12
2020-02-02,247.0,254.0,246.0,251.0,258979583049,66923282,8138,250.0,253.0,1398-11-13
2020-02-03,254.0,263.0,253.0,260.0,681653855880,170381419,14119,251.0,259.0,1398-11-14
2020-02-04,264.0,264.0,253.0,258.0,293878620711,73993133,8960,260.0,256.0,1398-11-15
2020-02-05,259.0,259.0,253.0,255.0,362865913031,92421571,10366,258.0,256.0,1398-11-16
2020-02-08,261.0,261.0,252.0,256.0,497579428853,126039935,11359,255.0,253.0,1398-11-19
2020-02-09,259.0,259.0,253.0,255.0,306710158913,78140364,8194,256.0,256.0,1398-11-20
2020-02-10,256.0,259.0,247.0,254.0,339556237003,86656376,9519,255.0,255.0,1398-11-21
2020-02-12,255.0,261.0,255.0,258.0,710432462958,178530575,14256,254.0,259.0,1398-11-23
2020-02-15,262.0,265.0,255.0,260.0,619372001973,154628478,12997,258.0,259.0,1398-11-26
2020-02-16,263.0,273.0,260.0,270.0,1795509365858,430782117,18883,260.0,273.0,1398-11-27
2020-02-17,282.0,284.0,276.0,281.0,1627863714674,376064567,24412,270.0,279.0,1398-11-28
2020-02-18,283.0,284.0,273.0,278.0,903031225341,210601472,16211,281.0,279.0,1398-11-29
2020-02-19,281.0,281.0,275.0,277.0,737475500084,172411174,13927,278.0,275.0,1398-11-30
2020-02-22,266.0,285.0,266.0,279.0,742622560388,172810546,13106,277.0,282.0,1398-12-03
2020-02-23,286.0,293.0,286.0,289.0,1343314620166,301117928,22558,279.0,292.0,1398-12-04
2020-02-24,298.0,302.0,288.0,293.0,1064959438610,236031176,19688,289.0,300.0,1398-12-05
2020-02-25,303.0,307.0,299.0,305.0,1749260033690,371914178,23517,293.0,307.0,1398-12-06
2020-02-26,317.0,317.0,305.0,310.0,842090764412,176398293,18055,305.0,306.0,1398-12-07
2020-02-29,295.0,303.0,294.0,297.0,1388418014269,303292073,23065,310.0,294.0,1398-12-10
2020-03-01,294.0,301.0,292.0,299.0,642444120564,139572044,13809,297.0,298.0,1398-12-11
2020-03-02,301.0,306.0,298.0,303.0,896967871342,191761660,14317,299.0,303.0,1398-12-12
2020-03-03,307.0,319.0,306.0,312.0,1436255446524,298232723,18939,303.0,319.0,1398-12-13
2020-03-04,324.0,328.0,313.0,322.0,1225855578493,246866390,17220,312.0,319.0,1398-12-14
2020-03-07,319.0,332.0,313.0,323.0,1340504047266,269340186,19002,322.0,321.0,1398-12-17
2020-03-09,307.0,310.0,307.0,307.0,758214128076,160307128,9206,323.0,307.0,1398-12-19
2020-03-10,293.0,306.0,292.0,298.0,822638674272,179063359,16223,307.0,293.0,1398-12-20
2020-03-11,298.0,312.0,298.0,306.0,389687499494,82595898,10269,298.0,303.0,1398-12-21
2020-03-14,299.0,302.0,291.0,292.0,468655832124,104211448,6623,306.0,291.0,1398-12-24
2020-03-15,284.0,295.0,277.0,287.0,759679416515,171993669,14409,292.0,292.0,1398-12-25
2020-03-16,296.0,298.0,288.0,294.0,626347189822,138110458,14198,287.0,297.0,1398-12-26
2020-03-17,297.0,299.0,289.0,294.0,531308879158,117098437,10409,294.0,298.0,1398-12-27
2020-03-18,300.0,302.0,294.0,300.0,504941751062,109237495,11748,294.0,301.0,1398-12-28
2020-03-24,294.0,295.0,285.0,286.0,360775938993,81785766,9409,300.0,285.0,1399-01-05
2020-03-25,288.0,293.0,285.0,289.0,486884045881,109339844,14626,286.0,289.0,1399-01-06
2020-03-28,285.0,293.0,281.0,286.0,1142219431513,258849936,29098,289.0,292.0,1399-01-09
2020-03-29,292.0,295.0,289.0,291.0,633070279824,140995529,15932,286.0,290.0,1399-01-10
2020-03-30,289.0,294.0,286.0,291.0,473396809751,105642056,11024,291.0,291.0,1399-01-11
2020-04-04,297.0,305.0,293.0,303.0,842542740512,180596289,17484,291.0,302.0,1399-01-16
2020-04-05,305.0,308.0,298.0,305.0,562819215533,119810418,13873,303.0,305.0,1399-01-17
2020-04-06,305.0,306.0,298.0,303.0,485364197156,104034987,11578,305.0,304.0,1399-01-18
2020-04-07,307.0,318.0,305.0,314.0,1172804723917,242271587,15572,303.0,318.0,1399-01-19
2020-04-08,324.0,330.0,321.0,329.0,848748596825,167361051,10689,314.0,330.0,1399-01-20
2020-04-11,343.0,345.0,335.0,344.0,1262188452568,238264769,21824,329.0,342.0,1399-01-23
2020-04-12,346.0,361.0,346.0,358.0,956454610526,173208702,15473,344.0,361.0,1399-01-24
2020-04-13,372.0,372.0,350.0,358.0,635197662522,115016599,12856,358.0,357.0,1399-01-25
2020-04-14,341.0,363.0,341.0,353.0,671225858131,123314843,16389,358.0,354.0,1399-01-26
2020-04-15,350.0,371.0,350.0,367.0,699520854995,123535206,11079,353.0,371.0,1399-01-27
2020-04-18,386.0,386.0,383.0,386.0,389829594273,65565430,5056,367.0,386.0,1399-01-30
2020-04-19,405.0,405.0,366.0,402.0,1186082526878,191387234,14385,386.0,394.0,1399-01-31
2020-04-20,400.0,422.0,400.0,420.0,895325832376,138177573,9851,402.0,422.0,1399-02-01
2020-04-21,441.0,441.0,437.0,441.0,176316640427,25932767,2343,420.0,438.0,1399-02-02
2020-04-26,463.0,486.0,463.0,485.0,1718828437296,229746254,12284,441.0,486.0,1399-02-07
2020-04-27,510.0,510.0,510.0,510.0,1119601506550,142533610,7932,485.0,510.0,1399-02-08
2020-04-28,535.0,535.0,535.0,535.0,1024294100175,124202025,6890,510.0,535.0,1399-02-09
2020-04-29,562.0,562.0,562.0,562.0,837391498055,96707645,3331,535.0,562.0,1399-02-10
2020-05-02,590.0,590.0,590.0,590.0,1229618068785,135256635,4342,562.0,590.0,1399-02-13
2020-05-03,619.0,619.0,619.0,619.0,1240806322080,129995424,4287,590.0,619.0,1399-02-14
2020-05-04,650.0,650.0,650.0,650.0,4692460059922,468215951,28525,619.0,650.0,1399-02-15
2020-05-05,683.0,683.0,624.0,666.0,11092675067558,1080966094,110855,650.0,633.0,1399-02-16
2020-05-06,632.0,696.0,632.0,662.0,6491018973353,636475471,73200,666.0,670.0,1399-02-17
2020-05-09,694.0,695.0,681.0,694.0,3800377997963,355155961,23398,662.0,695.0,1399-02-20
2020-05-10,729.0,729.0,729.0,729.0,278170685712,24757092,804,694.0,729.0,1399-02-21
2020-05-13,756.0,793.0,718.0,749.0,5889847250498,509965126,57935,729.0,718.0,1399-02-24
2020-05-16,712.0,712.0,712.0,712.0,286775854613,26134681,5211,749.0,712.0,1399-02-27
2020-05-17,676.0,676.0,676.0,676.0,423465032475,40620147,5539,712.0,676.0,1399-02-28
2020-05-18,650.0,694.0,642.0,659.0,8756693717364,861474427,89696,676.0,663.0,1399-02-29
2020-05-19,671.0,671.0,626.0,633.0,3163185701800,324276938,44852,659.0,626.0,1399-02-30
2020-05-20,601.0,612.0,601.0,602.0,2250471820469,242669672,23703,633.0,601.0,1399-02-31
2020-05-23,572.0,572.0,572.0,572.0,1213015339404,137670564,11602,602.0,572.0,1399-03-03
2020-05-26,543.0,572.0,543.0,544.0,2978040000000,355168587,32188,572.0,543.0,1399-03-06
2020-05-27,529.0,571.0,529.0,562.0,2670337172137,308524869,35096,544.0,571.0,1399-03-07
2020-05-30,590.0,590.0,589.0,590.0,2174536324247,239302335,19256,562.0,590.0,1399-03-10
2020-05-31,607.0,619.0,560.0,587.0,2391159812952,264309250,40758,590.0,584.0,1399-03-11
2020-06-01,587.0,613.0,569.0,596.0,1378692935777,150021727,25000,587.0,597.0,1399-03-12
2020-06-02,612.0,626.0,602.0,625.0,2834928167031,294517212,26426,596.0,626.0,1399-03-13
2020-06-06,649.0,656.0,636.0,653.0,1675088468941,166412659,16994,625.0,656.0,1399-03-17
2020-06-07,686.0,686.0,656.0,685.0,2413479648628,228499778,17705,653.0,685.0,1399-03-18
2020-06-08,651.0,720.0,651.0,687.0,3835662739500,362219387,55100,685.0,666.0,1399-03-19
2020-06-09,676.0,718.0,674.0,698.0,3282499825565,304990042,41186,687.0,703.0,1399-03-20
2020-06-10,720.0,733.0,717.0,733.0,3112603869843,275676980,19884,698.0,733.0,1399-03-21
2020-06-13,769.0,769.0,765.0,769.0,4657892708510,393121085,35286,733.0,769.0,1399-03-24
2020-06-14,779.0,785.0,731.0,758.0,4140572334120,354608361,60392,769.0,766.0,1399-03-25
2020-06-15,759.0,771.0,724.0,744.0,3447322090390,300459716,50009,758.0,732.0,1399-03-26
2020-06-16,735.0,778.0,720.0,759.0,4342526335210,371368524,48400,744.0,772.0,1399-03-27
2020-06-20,792.0,796.0,779.0,796.0,2648305286080,216076048,24294,759.0,796.0,1399-03-31
2020-06-21,835.0,835.0,811.0,835.0,4030356889460,313371052,37924,796.0,835.0,1399-04-01
2020-06-22,876.0,876.0,850.0,875.0,3061102242020,226987185,24775,835.0,876.0,1399-04-02
2020-06-23,919.0,919.0,919.0,919.0,203760332640,14389854,976,875.0,919.0,1399-04-03
2020-06-27,964.0,964.0,964.0,964.0,1702942477400,114599090,9502,919.0,964.0,1399-04-07
2020-06-28,1012.0,1012.0,928.0,999.0,11386317150650,740019948,101074,964.0,981.0,1399-04-08
2020-06-29,960.0,1048.0,949.0,981.0,6936992526940,459042305,88743,999.0,1008.0,1399-04-09
2020-06-30,1029.0,1029.0,1029.0,1029.0,2125786868660,134034481,17444,981.0,1029.0,1399-04-10
2020-07-01,1080.0,1080.0,1080.0,1080.0,2277093343950,136762363,14947,1029.0,1080.0,1399-04-11
2020-07-04,1134.0,1134.0,1027.0,1097.0,9548905865290,564699680,111457,1080.0,1101.0,1399-04-14
2020-07-05,1123.0,1152.0,1043.0,1137.0,4649702434850,265465012,43224,1097.0,1152.0,1399-04-15
2020-07-06,1193.0,1193.0,1193.0,1193.0,1936422643320,105297588,6662,1137.0,1193.0,1399-04-16
2020-07-07,1252.0,1252.0,1252.0,1252.0,3399460910300,176137871,9547,1193.0,1252.0,1399-04-17
2020-07-08,1315.0,1315.0,1190.0,1303.0,17938997673620,893263244,173613,1252.0,1263.0,1399-04-18
2020-07-11,1265.0,1368.0,1238.0,1308.0,6825724484320,338823684,59164,1303.0,1368.0,1399-04-21
2020-07-12,1372.0,1372.0,1363.0,1372.0,11152349562060,527309863,86314,1308.0,1372.0,1399-04-22
2020-07-13,1372.0,1441.0,1304.0,1423.0,17463993691330,796433515,154135,1372.0,1441.0,1399-04-23
2020-07-14,1494.0,1494.0,1486.0,1494.0,2574316557640,111838508,28384,1423.0,1493.0,1399-04-24
2020-07-18,1419.0,1419.0,1419.0,1419.0,1190866945860,54452078,33394,1494.0,1419.0,1399-04-28
2020-07-19,1348.0,1490.0,1348.0,1439.0,19658591696240,886851975,148385,1419.0,1490.0,1399-04-29
2020-07-20,1509.0,1510.0,1367.0,1509.0,20110219892860,864680953,173561,1439.0,1510.0,1399-04-30
2020-07-21,1476.0,1585.0,1434.0,1534.0,18405798875590,778642302,222795,1509.0,1460.0,1399-04-31
2020-07-22,1506.0,1611.0,1457.0,1472.0,8061572988600,355217157,112934,1534.0,1457.0,1399-05-01
2020-07-25,1518.0,1546.0,1399.0,1504.0,12153699426740,524224778,170906,1472.0,1447.0,1399-05-04
2020-07-26,1487.0,1579.0,1430.0,1441.0,3490053784850,157129954,64738,1504.0,1430.0,1399-05-05
2020-07-27,1369.0,1427.0,1369.0,1375.0,10583990540610,499427002,117520,1441.0,1369.0,1399-05-06
2020-07-28,1395.0,1443.0,1307.0,1344.0,7525937111910,363457353,98010,1375.0,1307.0,1399-05-07
2020-07-29,1278.0,1330.0,1277.0,1282.0,11242770686530,569322331,142628,1344.0,1287.0,1399-05-08
2020-08-01,1337.0,1345.0,1233.0,1340.0,5166473132360,250228158,64841,1282.0,1345.0,1399-05-11
2020-08-02,1407.0,1407.0,1350.0,1391.0,8856588209550,413360829,121774,1340.0,1388.0,1399-05-12
2020-08-03,1402.0,1460.0,1321.0,1359.0,2792445901280,133363122,45764,1391.0,1322.0,1399-05-13
2020-08-10,1259.0,1321.0,1226.0,1264.0,3463661127560,179613365,44608,1359.0,1253.0,1399-05-20
2020-08-11,1246.0,1327.0,1201.0,1221.0,7801356040200,418906516,110197,1264.0,1212.0,1399-05-21
2020-08-12,1282.0,1282.0,1160.0,1250.0,9458911515330,496178223,110378,1221.0,1220.0,1399-05-22
2020-08-15,1238.0,1259.0,1188.0,1194.0,7262036906160,399122646,86542,1250.0,1188.0,1399-05-25
2020-08-16,1194.0,1213.0,1134.0,1144.0,9065895600070,519906075,110715,1194.0,1135.0,1399-05-26
2020-08-17,1201.0,1201.0,1174.0,1200.0,4985117549230,272467806,34053,1144.0,1201.0,1399-05-27
2020-08-18,1237.0,1260.0,1140.0,1186.0,7806257137450,431821069,96145,1200.0,1161.0,1399-05-28
2020-08-19,1127.0,1127.0,1127.0,1127.0,2666570111860,155213627,26576,1186.0,1127.0,1399-05-29
2020-08-22,1167.0,1182.0,1072.0,1152.0,6500552570430,369911387,82507,1127.0,1153.0,1399-06-01
2020-08-23,1177.0,1180.0,1095.0,1104.0,7060284429280,419529484,56036,1152.0,1095.0,1399-06-02
2020-08-24,1148.0,1159.0,1049.0,1066.0,10573015247380,650651559,100132,1104.0,1095.0,1399-06-03
2020-08-25,1119.0,1119.0,1119.0,1119.0,1008750566560,59129576,7302,1066.0,1119.0,1399-06-04
2020-08-26,1175.0,1175.0,1175.0,1175.0,540017573850,30151735,3110,1119.0,1175.0,1399-06-05
2020-08-31,1233.0,1233.0,1175.0,1228.0,15668097021370,836882421,114025,1175.0,1233.0,1399-06-10
2020-09-01,1226.0,1276.0,1167.0,1213.0,7550155219100,408200456,84980,1228.0,1180.0,1399-06-11
2020-09-02,1177.0,1187.0,1153.0,1155.0,5648079863240,320807603,47981,1213.0,1153.0,1399-06-12
2020-09-05,1190.0,1213.0,1180.0,1205.0,6317426973660,343688943,66449,1155.0,1213.0,1399-06-15
2020-09-06,1265.0,1265.0,1180.0,1241.0,8474706007620,447589909,89314,1205.0,1207.0,1399-06-16
2020-09-07,1188.0,1207.0,1180.0,1182.0,1165487470390,64652211,12780,1241.0,1180.0,1399-06-17
2020-09-08,1123.0,1123.0,1123.0,1123.0,260544285120,15209824,3630,1182.0,1123.0,1399-06-18
2020-09-09,1068.0,1153.0,1068.0,1098.0,6286764740350,375517715,62947,1123.0,1139.0,1399-06-19
2020-09-12,1152.0,1152.0,1122.0,1152.0,4996669596670,284629059,48362,1098.0,1152.0,1399-06-22
2020-09-13,1154.0,1209.0,1095.0,1171.0,10891254011610,609948922,89659,1152.0,1209.0,1399-06-23
2020-09-14,1213.0,1230.0,1181.0,1224.0,4070811025100,218019660,31669,1171.0,1230.0,1399-06-24
2020-09-15,1285.0,1285.0,1285.0,1285.0,1891479046800,96504033,13528,1224.0,1285.0,1399-06-25
2020-09-16,1350.0,1350.0,1318.0,1348.0,10291432370110,500745007,77447,1285.0,1350.0,1399-06-26
2020-09-19,1402.0,1415.0,1344.0,1399.0,9420821063580,441572984,78858,1348.0,1388.0,1399-06-29
2020-09-20,1377.0,1397.0,1329.0,1348.0,2856599797920,139013548,34946,1399.0,1329.0,1399-06-30
2020-09-21,1281.0,1281.0,1281.0,1281.0,1004587713990,51438183,7069,1348.0,1281.0,1399-06-31
2020-09-22,1279.0,1329.0,1217.0,1255.0,8550772732210,446998696,81239,1281.0,1305.0,1399-07-01
2020-09-23,1310.0,1317.0,1257.0,1304.0,5088032819170,255917094,61805,1255.0,1316.0,1399-07-02
2020-09-26,1344.0,1353.0,1253.0,1299.0,5124398619130,258637027,59100,1304.0,1314.0,1399-07-05
2020-09-27,1274.0,1299.0,1234.0,1238.0,1888645817530,100078046,15092,1299.0,1234.0,1399-07-06
2020-09-28,1176.0,1176.0,1176.0,1176.0,1536077013680,85670776,6796,1238.0,1176.0,1399-07-07
2020-09-29,1118.0,1226.0,1118.0,1148.0,6457530689360,369086717,70828,1176.0,1178.0,1399-07-08
2020-09-30,1192.0,1199.0,1121.0,1175.0,3083679969340,172105119,42033,1148.0,1199.0,1399-07-09
2020-10-03,1199.0,1234.0,1176.0,1227.0,3342359852500,178638666,37819,1175.0,1234.0,1399-07-12
2020-10-04,1230.0,1246.0,1166.0,1194.0,5425314064160,297946667,62606,1227.0,1186.0,1399-07-13
2020-10-05,1155.0,1207.0,1137.0,1171.0,3807782375150,213147215,44472,1194.0,1161.0,1399-07-14
2020-10-06,1161.0,1203.0,1136.0,1171.0,3972704029530,222404695,56258,1171.0,1196.0,1399-07-15
2020-10-07,1199.0,1211.0,1151.0,1180.0,3793241143150,210699577,53829,1171.0,1184.0,1399-07-16
2020-10-10,1161.0,1180.0,1123.0,1147.0,4418951869060,252686562,67084,1180.0,1148.0,1399-07-19
2020-10-11,1154.0,1204.0,1152.0,1196.0,7242205025340,397335925,66811,1147.0,1182.0,1399-07-20
2020-10-12,1180.0,1198.0,1136.0,1154.0,5672976346350,322364710,64970,1196.0,1184.0,1399-07-21
2020-10-13,1154.0,1180.0,1116.0,1153.0,3112948836350,177118808,46400,1154.0,1156.0,1399-07-22
2020-10-14,1140.0,1156.0,1104.0,1117.0,3124167500750,183427178,50169,1153.0,1109.0,1399-07-23
2020-10-18,1095.0,1111.0,1061.0,1068.0,1256374286450,77129959,21448,1117.0,1061.0,1399-07-27
2020-10-19,1015.0,1015.0,1015.0,1015.0,1865322151560,120498847,14565,1068.0,1015.0,1399-07-28
2020-10-20,965.0,965.0,965.0,965.0,618643789420,42056002,6464,1015.0,965.0,1399-07-29
2020-10-21,951.0,1000.0,917.0,940.0,5150401312650,359350446,69251,965.0,942.0,1399-07-30
2020-10-24,916.0,937.0,893.0,901.0,895100745920,65151597,10681,940.0,893.0,1399-08-03
2020-10-26,856.0,898.0,856.0,858.0,5762390630260,440495689,44563,901.0,856.0,1399-08-05
2020-10-27,843.0,865.0,815.0,820.0,3409012907120,272763658,30884,858.0,816.0,1399-08-06
2020-10-28,792.0,853.0,779.0,816.0,3532876118970,284033286,46437,820.0,847.0,1399-08-07
2020-10-31,846.0,856.0,816.0,853.0,2367451880040,181913059,29424,816.0,856.0,1399-08-10
2020-11-01,859.0,860.0,811.0,820.0,2421422917390,193483428,30741,853.0,811.0,1399-08-11
2020-11-02,794.0,832.0,781.0,809.0,1191311312440,96584869,24997,820.0,807.0,1399-08-12
2020-11-04,849.0,849.0,827.0,849.0,2017339314720,155946138,14153,809.0,849.0,1399-08-14
2020-11-07,807.0,807.0,807.0,807.0,170879299800,13892626,3335,849.0,807.0,1399-08-17
2020-11-08,767.0,767.0,767.0,790.0,47023515980,4022542,1530,807.0,767.0,1399-08-18
2020-11-09,750.0,791.0,750.0,757.0,5177266529360,448720148,43606,790.0,769.0,1399-08-19
2020-11-10,776.0,776.0,738.0,761.0,1831999763420,157957655,32704,757.0,761.0,1399-08-20
2020-11-11,764.0,797.0,740.0,771.0,2036028177970,173100493,28812,761.0,787.0,1399-08-21
2020-11-14,800.0,809.0,787.0,807.0,978816059980,79522632,8839,771.0,809.0,1399-08-24
2020-11-15,847.0,847.0,807.0,830.0,3621034376110,285931951,42647,807.0,815.0,1399-08-25
2020-11-16,816.0,869.0,797.0,851.0,2154058995330,166110885,31263,830.0,852.0,1399-08-26
2020-11-17,852.0,893.0,851.0,889.0,3194374712160,235596378,32557,851.0,893.0,1399-08-27
2020-11-18,931.0,933.0,902.0,932.0,1496511912780,105286012,11389,889.0,933.0,1399-08-28
2020-11-21,964.0,964.0,885.0,916.0,5059526672080,362214809,69792,932.0,885.0,1399-09-01
2020-11-22,871.0,912.0,871.0,878.0,5689232051990,424794132,52645,916.0,871.0,1399-09-02
2020-11-23,857.0,902.0,845.0,865.0,3364279871960,254999176,47836,878.0,858.0,1399-09-03
2020-11-24,856.0,869.0,822.0,829.0,4131993407530,327023562,52683,865.0,822.0,1399-09-04
2020-11-25,810.0,870.0,810.0,860.0,3674662605210,280121990,33060,829.0,870.0,1399-09-05
2020-11-28,870.0,903.0,847.0,895.0,6317418658120,462832122,59179,860.0,903.0,1399-09-08
2020-11-29,917.0,931.0,869.0,901.0,4993642408760,363363855,68399,895.0,906.0,1399-09-09
2020-11-30,910.0,946.0,902.0,935.0,6629114882960,465357397,69404,901.0,937.0,1399-09-10
2020-12-01,933.0,973.0,912.0,946.0,3850525210230,267082723,48231,935.0,935.0,1399-09-11
2020-12-02,951.0,967.0,907.0,939.0,2704206494560,188800494,44263,946.0,921.0,1399-09-12
2020-12-05,912.0,956.0,912.0,938.0,2544830838080,177800363,35806,939.0,944.0,1399-09-15
2020-12-06,955.0,973.0,938.0,955.0,3009050319240,206649764,44264,938.0,952.0,1399-09-16
2020-12-07,952.0,972.0,908.0,939.0,3821650261400,266796598,46853,955.0,917.0,1399-09-17
2020-12-08,935.0,961.0,912.0,939.0,2932253253530,204837728,38111,939.0,938.0,1399-09-18
2020-12-09,931.0,974.0,919.0,947.0,3472594852450,240497564,44818,939.0,969.0,1399-09-19
2020-12-12,992.0,994.0,980.0,994.0,9127601222970,602215894,48448,947.0,994.0,1399-09-22
2020-12-13,997.0,1014.0,971.0,991.0,4192208127680,277490489,51027,994.0,976.0,1399-09-23
2020-12-14,981.0,995.0,942.0,954.0,3780876051210,259853930,37825,991.0,942.0,1399-09-24
2020-12-15,917.0,928.0,907.0,908.0,4198354732030,303302198,30337,954.0,907.0,1399-09-25
2020-12-16,883.0,935.0,876.0,914.0,2444235889320,175432644,34433,908.0,926.0,1399-09-26
2020-12-19,954.0,959.0,938.0,957.0,4299569893910,294540609,30191,914.0,959.0,1399-09-29
2020-12-20,971.0,976.0,929.0,952.0,2656415847450,183053486,30196,957.0,952.0,1399-09-30
2020-12-21,952.0,970.0,919.0,940.0,1791779774280,125040946,22858,952.0,928.0,1399-10-01
2020-12-22,925.0,948.0,923.0,935.0,2201296468330,154424442,26208,940.0,934.0,1399-10-02
2020-12-23,931.0,937.0,910.0,920.0,2242339545820,159829750,29569,935.0,916.0,1399-10-03
2020-12-26,908.0,931.0,877.0,889.0,2993309973680,220671994,32340,920.0,883.0,1399-10-06
2020-12-27,874.0,914.0,864.0,885.0,1744139993550,129166986,25460,889.0,893.0,1399-10-07
2020-12-28,882.0,915.0,841.0,895.0,1352925868060,99193496,23256,885.0,889.0,1399-10-08
2020-12-29,887.0,896.0,862.0,876.0,2030760037840,151977013,22333,895.0,893.0,1399-10-09
2020-12-30,886.0,893.0,843.0,867.0,1607648908800,121632790,23202,876.0,847.0,1399-10-10
2021-01-02,833.0,857.0,824.0,826.0,2297349323520,182265257,25300,867.0,824.0,1399-10-13
2021-01-03,814.0,861.0,808.0,829.0,1188881697180,94039761,20571,826.0,833.0,1399-10-14
2021-01-04,834.0,853.0,824.0,832.0,1074519281720,84691004,20590,829.0,829.0,1399-10-15
2021-01-05,827.0,836.0,791.0,808.0,1737493836030,141067026,22845,832.0,791.0,1399-10-16
2021-01-06,777.0,805.0,768.0,773.0,2254561888270,191378399,28550,808.0,769.0,1399-10-17
2021-01-09,746.0,767.0,735.0,738.0,1783184345690,158313112,23877,773.0,736.0,1399-10-20
2021-01-10,764.0,775.0,754.0,773.0,1243223345660,105531560,18609,738.0,775.0,1399-10-21
2021-01-11,807.0,807.0,748.0,778.0,971574771470,81843369,19202,773.0,755.0,1399-10-22
2021-01-12,754.0,765.0,740.0,741.0,1549499198200,137108027,15784,778.0,740.0,1399-10-23
2021-01-13,733.0,754.0,704.0,711.0,1610977961440,148548869,21471,741.0,704.0,1399-10-24
2021-01-16,680.0,711.0,675.0,677.0,1752637711270,169871357,14152,711.0,675.0,1399-10-27
2021-01-18,643.0,656.0,643.0,643.0,1687151987440,171942544,18153,677.0,643.0,1399-10-29
2021-01-19,616.0,675.0,616.0,669.0,1265785927350,124121004,12768,643.0,675.0,1399-10-30
2021-01-20,692.0,702.0,685.0,700.0,396092162840,37096676,4431,669.0,702.0,1399-11-01
2021-01-23,735.0,735.0,735.0,735.0,387496058790,34566999,2648,700.0,735.0,1399-11-04
2021-01-24,772.0,772.0,732.0,762.0,2881755388860,248088725,34078,735.0,750.0,1399-11-05
2021-01-25,748.0,794.0,728.0,773.0,1206384835980,102333432,19715,762.0,768.0,1399-11-06
2021-01-26,780.0,797.0,735.0,766.0,1564647132020,133965745,25865,773.0,741.0,1399-11-07
2021-01-27,759.0,783.0,734.0,765.0,1051001762850,90083984,12415,766.0,775.0,1399-11-08
2021-01-30,776.0,803.0,776.0,801.0,1101367414080,90129496,12609,765.0,803.0,1399-11-11
2021-01-31,828.0,833.0,771.0,793.0,1261326072420,104365384,18827,801.0,774.0,1399-11-12
2021-02-01,787.0,797.0,754.0,771.0,1111377127550,94614721,13359,793.0,754.0,1399-11-13
2021-02-02,741.0,761.0,733.0,736.0,1094916595940,97460009,12971,771.0,733.0,1399-11-14
2021-02-03,705.0,754.0,700.0,707.0,810371684980,75189910,8201,736.0,700.0,1399-11-15
2021-02-06,700.0,708.0,672.0,675.0,1135693759180,110236217,14819,707.0,672.0,1399-11-18
2021-02-07,708.0,709.0,689.0,709.0,395411565080,36586710,4029,675.0,709.0,1399-11-19
2021-02-08,744.0,744.0,731.0,744.0,1795485045790,158299571,14612,709.0,744.0,1399-11-20
2021-02-09,766.0,780.0,753.0,778.0,878148818120,73986789,7898,744.0,780.0,1399-11-21
2021-02-13,825.0,825.0,825.0,825.0,1084662067000,86221150,4956,778.0,825.0,1399-11-25
2021-02-14,836.0,865.0,813.0,837.0,2774064436130,217250609,26560,825.0,824.0,1399-11-26
2021-02-15,826.0,855.0,821.0,830.0,1981417466800,156503255,20063,837.0,822.0,1399-11-27
2021-02-16,823.0,833.0,814.0,815.0,1472999894920,118544579,12141,830.0,818.0,1399-11-28
2021-02-17,807.0,815.0,799.0,800.0,642911604320,52683594,6312,815.0,800.0,1399-11-29
2021-02-20,801.0,822.0,784.0,793.0,1420126805620,117439487,18276,800.0,799.0,1399-12-02
2021-02-21,780.0,793.0,777.0,778.0,552042382560,46505058,4804,793.0,777.0,1399-12-03
2021-02-22,763.0,775.0,763.0,764.0,1526289334650,131051701,12396,778.0,763.0,1399-12-04
2021-02-23,750.0,805.0,749.0,775.0,1594495542540,134965921,22624,764.0,798.0,1399-12-05
2021-02-24,803.0,803.0,759.0,776.0,919204481860,77691558,16434,775.0,763.0,1399-12-06
2021-02-27,761.0,767.0,761.0,761.0,848352221640,73127741,7767,776.0,761.0,1399-12-09
2021-02-28,746.0,762.0,746.0,747.0,880833280220,77302357,6292,761.0,761.0,1399-12-10
2021-03-01,767.0,773.0,745.0,758.0,1061173363080,91798722,14642,747.0,769.0,1399-12-11
2021-03-02,775.0,794.0,761.0,775.0,739704570690,62580371,10582,758.0,778.0,1399-12-12
2021-03-03,780.0,782.0,761.0,770.0,933915865210,79521076,8799,775.0,781.0,1399-12-13
2021-03-06,771.0,774.0,755.0,759.0,716732332870,61958127,8896,770.0,757.0,1399-12-16
2021-03-07,751.0,789.0,751.0,773.0,925200597650,78545797,11613,759.0,789.0,1399-12-17
2021-03-08,796.0,818.0,785.0,814.0,2162898569810,174284774,19517,773.0,818.0,1399-12-18
2021-03-09,833.0,853.0,803.0,826.0,1604384493000,127413792,17137,814.0,813.0,1399-12-19
2021-03-10,818.0,829.0,809.0,820.0,1101407037500,88138499,12192,826.0,826.0,1399-12-20
2021-03-13,812.0,855.0,812.0,836.0,1444911020060,113400632,16928,820.0,834.0,1399-12-23
2021-03-16,885.0,885.0,885.0,885.0,771845031000,57173706,3345,836.0,885.0,1399-12-26
2021-03-17,938.0,938.0,909.0,929.0,2943596839720,207764062,26202,885.0,917.0,1399-12-27
2021-03-27,925.0,939.0,911.0,922.0,1070518206970,76163418,15439,929.0,913.0,1400-01-07
2021-03-28,922.0,922.0,904.0,905.0,1159415227850,84018743,11461,922.0,904.0,1400-01-08
2021-03-30,895.0,938.0,892.0,916.0,777505009350,55662597,11833,905.0,914.0,1400-01-10
2021-03-31,912.0,924.0,898.0,902.0,419956043890,30518130,5643,916.0,898.0,1400-01-11
2021-04-03,885.0,885.0,885.0,885.0,373008050920,27650708,1821,902.0,885.0,1400-01-14
2021-04-04,868.0,868.0,868.0,868.0,153414061290,11595923,781,885.0,868.0,1400-01-15
2021-04-05,851.0,877.0,851.0,854.0,1423966918650,109388395,14212,868.0,877.0,1400-01-16
2021-04-06,877.0,879.0,837.0,850.0,703737016140,54293452,10660,854.0,839.0,1400-01-17
2021-04-07,836.0,845.0,834.0,834.0,308364419690,24243843,3428,850.0,834.0,1400-01-18
2021-04-10,818.0,822.0,818.0,818.0,252279732970,20230451,1740,834.0,818.0,1400-01-21
2021-04-11,802.0,807.0,802.0,802.0,1524768395510,124626379,12667,818.0,802.0,1400-01-22
2021-04-12,803.0,822.0,794.0,807.0,945807481830,76851728,12207,802.0,820.0,1400-01-23
2021-04-13,833.0,855.0,826.0,851.0,2449523849120,188712769,19672,807.0,855.0,1400-01-24
2021-04-14,855.0,864.0,835.0,849.0,1377891123040,106404742,13957,851.0,837.0,1400-01-25
2021-04-17,833.0,845.0,833.0,833.0,123122528580,9692007,1202,849.0,833.0,1400-01-28
2021-04-18,816.0,816.0,816.0,818.0,105200657400,8449852,619,833.0,816.0,1400-01-29
2021-04-19,802.0,826.0,802.0,806.0,1735482831380,141171735,14929,818.0,818.0,1400-01-30
2021-04-20,807.0,830.0,795.0,810.0,842585511130,68198392,9962,806.0,799.0,1400-01-31
2021-04-21,800.0,811.0,786.0,794.0,675013743150,55757581,7164,810.0,788.0,1400-02-01
2021-04-24,774.0,803.0,774.0,787.0,575701433780,47959966,7339,794.0,796.0,1400-02-04
2021-04-25,771.0,786.0,764.0,771.0,712834032460,60595344,6562,787.0,773.0,1400-02-05
2021-04-26,768.0,807.0,768.0,790.0,666961908120,55383192,8584,771.0,801.0,1400-02-06
2021-04-27,803.0,837.0,802.0,830.0,1544152408070,121999895,12443,790.0,827.0,1400-02-07
2021-04-28,831.0,866.0,816.0,837.0,726552365030,56904744,9133,830.0,830.0,1400-02-08
2021-05-01,823.0,836.0,813.0,815.0,580748556940,46744067,5079,837.0,813.0,1400-02-11
2021-05-02,790.0,790.0,790.0,792.0,105851899500,8784390,719,815.0,790.0,1400-02-12
2021-05-03,768.0,778.0,768.0,769.0,1117632133810,95381332,9929,792.0,768.0,1400-02-13
2021-05-05,759.0,801.0,759.0,785.0,786018916900,65679451,9789,769.0,786.0,1400-02-15
2021-05-08,788.0,810.0,766.0,782.0,544485078010,45623577,8182,785.0,775.0,1400-02-18
2021-05-09,764.0,771.0,759.0,759.0,690754738960,59627396,5735,782.0,759.0,1400-02-19
2021-05-10,748.0,805.0,748.0,788.0,1279381849560,106481412,12821,759.0,805.0,1400-02-20
2021-05-11,807.0,836.0,793.0,830.0,1760231182120,138985009,12946,788.0,836.0,1400-02-21
2021-05-12,859.0,862.0,816.0,835.0,990734527650,77854760,11861,830.0,831.0,1400-02-22
2021-05-15,832.0,865.0,824.0,847.0,770638353100,59697544,9348,835.0,836.0,1400-02-25
2021-05-16,849.0,858.0,825.0,836.0,656634827320,51548294,8088,847.0,825.0,1400-02-26
2021-05-17,824.0,833.0,800.0,818.0,512407923680,41101240,6055,836.0,802.0,1400-02-27
2021-05-18,801.0,841.0,801.0,816.0,842391663160,67706877,8784,818.0,806.0,1400-02-28
2021-05-25,828.0,828.0,808.0,819.0,582914427500,65478842,7232,816.0,817.0,1400-03-04
2021-05-26,819.0,840.0,806.0,825.0,551146136150,61427501,10754,819.0,827.0,1400-03-05
2021-05-29,831.0,865.0,831.0,864.0,921701755030,98191699,6145,825.0,865.0,1400-03-08
2021-05-30,906.0,906.0,869.0,899.0,1853228501870,189740020,17198,864.0,884.0,1400-03-09
2021-05-31,876.0,915.0,871.0,887.0,811361579940,84163749,9335,899.0,880.0,1400-03-10
2021-06-01,876.0,901.0,876.0,888.0,569295889040,58977676,7348,887.0,880.0,1400-03-11
2021-06-02,879.0,914.0,879.0,905.0,880045727480,89406208,9352,888.0,908.0,1400-03-12
2021-06-07,917.0,934.0,912.0,921.0,759661624540,75864677,10968,905.0,920.0,1400-03-17
2021-06-08,917.0,933.0,894.0,913.0,934965878710,94171046,11876,921.0,901.0,1400-03-18
2021-06-09,892.0,910.0,886.0,899.0,466893651610,47787996,6554,913.0,905.0,1400-03-19
2021-06-12,889.0,906.0,887.0,896.0,765151971460,78592576,7866,899.0,889.0,1400-03-22
2021-06-13,888.0,903.0,878.0,894.0,525946305740,54092184,6396,896.0,897.0,1400-03-23
2021-06-14,904.0,913.0,896.0,906.0,832339529140,84498866,8446,894.0,912.0,1400-03-24
2021-06-15,911.0,922.0,897.0,912.0,891977399880,89910141,9679,906.0,898.0,1400-03-25
2021-06-16,895.0,916.0,895.0,912.0,1127095207490,113619491,8371,912.0,913.0,1400-03-26
2021-06-19,911.0,942.0,909.0,928.0,1588033866820,157409167,11316,912.0,939.0,1400-03-29
2021-06-20,930.0,946.0,918.0,933.0,1142462577300,112701749,9822,928.0,920.0,1400-03-30
2021-06-21,908.0,933.0,907.0,927.0,728768645200,72315904,8171,933.0,925.0,1400-03-31
2021-06-22,925.0,956.0,924.0,939.0,996064911490,97535316,11970,927.0,950.0,1400-04-01
2021-06-23,955.0,986.0,941.0,974.0,2607674601760,246232566,19090,939.0,986.0,1400-04-02
2021-06-26,1001.0,1008.0,973.0,993.0,1557425927120,144220200,20109,974.0,974.0,1400-04-05
2021-06-27,980.0,995.0,968.0,980.0,808570658720,75911169,12782,993.0,976.0,1400-04-06
2021-06-28,970.0,983.0,957.0,976.0,730766947230,68898363,10074,980.0,978.0,1400-04-07
2021-06-29,967.0,995.0,967.0,981.0,629647739420,59021339,8894,976.0,977.0,1400-04-08
2021-06-30,973.0,987.0,968.0,978.0,506046838270,47625377,8536,981.0,975.0,1400-04-09
2021-07-03,978.0,978.0,929.0,943.0,1168765515660,114014851,16321,978.0,929.0,1400-04-12
2021-07-04,924.0,963.0,921.0,945.0,572845246960,55760104,9048,943.0,941.0,1400-04-13
2021-07-05,932.0,959.0,932.0,944.0,1176114786030,114635355,15407,945.0,955.0,1400-04-14
2021-07-06,957.0,991.0,955.0,983.0,2343965963550,219330222,23503,944.0,990.0,1400-04-15
2021-07-07,965.0,986.0,950.0,962.0,1216297653510,116233464,17032,983.0,958.0,1400-04-16
2021-07-10,944.0,959.0,938.0,944.0,904850387860,88156494,11959,962.0,950.0,1400-04-19
2021-07-11,957.0,983.0,952.0,969.0,1039841681900,98697009,14398,944.0,974.0,1400-04-20
2021-07-12,980.0,1017.0,976.0,998.0,1695540395300,156216780,19250,969.0,988.0,1400-04-21
2021-07-13,986.0,1016.0,980.0,996.0,1168130199640,107829635,15788,998.0,984.0,1400-04-22
2021-07-14,967.0,991.0,967.0,981.0,895027074850,83900309,12026,996.0,986.0,1400-04-23
2021-07-17,987.0,992.0,967.0,980.0,826922788750,77603918,10842,981.0,979.0,1400-04-26
2021-07-18,965.0,978.0,956.0,965.0,1010096717920,96260142,12234,980.0,973.0,1400-04-27
2021-07-26,997.0,997.0,980.0,992.0,415617143050,38512453,3324,965.0,985.0,1400-05-04
2021-07-27,990.0,993.0,957.0,969.0,1123802677170,106614974,13499,992.0,958.0,1400-05-05
2021-07-28,952.0,991.0,952.0,975.0,1221678979660,115208632,13123,969.0,980.0,1400-05-06
2021-07-31,983.0,1016.0,980.0,1007.0,2536912447630,231700713,24868,975.0,1014.0,1400-05-09
2021-08-08,1052.0,1062.0,1037.0,1050.0,2785194821720,253156718,18100,1007.0,1050.0,1400-05-17
2021-08-09,1050.0,1096.0,1050.0,1082.0,2493765269560,220118923,24154,1050.0,1088.0,1400-05-18
2021-08-10,1103.0,1135.0,1095.0,1126.0,4164183800780,353301509,27255,1082.0,1135.0,1400-05-19
2021-08-11,1160.0,1181.0,1152.0,1172.0,4185538811670,340891219,36166,1126.0,1181.0,1400-05-20
2021-08-14,1192.0,1192.0,1136.0,1166.0,2372205548300,194218710,29310,1172.0,1181.0,1400-05-23
2021-08-15,1181.0,1192.0,1143.0,1177.0,1928917996730,156398366,19446,1166.0,1189.0,1400-05-24
2021-08-22,1184.0,1201.0,1156.0,1180.0,2200362916580,178042872,27877,1177.0,1184.0,1400-05-31
2021-08-23,1181.0,1186.0,1148.0,1169.0,1594870643520,130225077,20272,1180.0,1170.0,1400-06-01
2021-08-24,1161.0,1210.0,1161.0,1190.0,1891247681620,151607814,19624,1169.0,1193.0,1400-06-02
2021-08-25,1203.0,1204.0,1166.0,1181.0,1511965006490,122251981,19921,1190.0,1189.0,1400-06-03
2021-08-28,1186.0,1213.0,1173.0,1194.0,2128435976380,170089447,25828,1181.0,1208.0,1400-06-06
2021-08-29,1210.0,1251.0,1179.0,1206.0,3416681016610,270492020,32565,1194.0,1189.0,1400-06-07
2021-08-30,1189.0,1193.0,1146.0,1155.0,3794469787870,313525813,26640,1206.0,1146.0,1400-06-08
2021-08-31,1122.0,1171.0,1105.0,1139.0,1923778199760,161311348,23380,1155.0,1136.0,1400-06-09
2021-09-01,1146.0,1174.0,1122.0,1149.0,1218727217110,101181740,14077,1139.0,1156.0,1400-06-10
2021-09-04,1165.0,1169.0,1138.0,1151.0,1272707357080,105516641,17378,1149.0,1149.0,1400-06-13
2021-09-05,1150.0,1151.0,1119.0,1135.0,696750759120,58579333,13019,1151.0,1135.0,1400-06-14
2021-09-06,1122.0,1141.0,1099.0,1126.0,1314885922610,111468142,17728,1135.0,1126.0,1400-06-15
2021-09-07,1098.0,1127.0,1088.0,1106.0,1195044354610,103122623,15824,1126.0,1100.0,1400-06-16
2021-09-08,1091.0,1126.0,1091.0,1107.0,1270161344700,109476794,21851,1106.0,1112.0,1400-06-17
2021-09-11,1122.0,1126.0,1094.0,1105.0,1518837478070,131105853,15124,1107.0,1097.0,1400-06-20
2021-09-12,1092.0,1093.0,1058.0,1075.0,1200061894020,106561064,17391,1105.0,1081.0,1400-06-21
2021-09-13,1069.0,1087.0,1056.0,1067.0,1070467663800,95728347,14257,1075.0,1068.0,1400-06-22
2021-09-14,1069.0,1091.0,1067.0,1080.0,934316872930,82630655,13814,1067.0,1084.0,1400-06-23
2021-09-15,1071.0,1082.0,1060.0,1071.0,712021835420,63440038,14600,1080.0,1073.0,1400-06-24
2021-09-18,1063.0,1064.0,1018.0,1022.0,1182365992900,110358481,17347,1071.0,1018.0,1400-06-27
2021-09-19,998.0,1039.0,982.0,997.0,807092774310,77340350,13109,1022.0,992.0,1400-06-28
2021-09-20,994.0,1011.0,992.0,1000.0,694784135400,66306057,10858,997.0,1000.0,1400-06-29
2021-09-21,1000.0,1010.0,953.0,968.0,878695470420,86617042,13281,1000.0,970.0,1400-06-30
2021-09-22,970.0,981.0,947.0,964.0,999847299730,98950600,15427,968.0,981.0,1400-06-31
2021-09-25,981.0,1012.0,981.0,1007.0,1069930657640,101417753,16336,964.0,1010.0,1400-07-03
2021-09-26,1026.0,1026.0,988.0,1002.0,512583511180,48809259,10829,1007.0,998.0,1400-07-04
2021-09-28,1012.0,1012.0,988.0,997.0,455163241800,43601832,10422,1002.0,1001.0,1400-07-06
2021-09-29,994.0,1018.0,991.0,1000.0,649826970080,61996626,10047,997.0,1008.0,1400-07-07
2021-10-02,1011.0,1050.0,1011.0,1041.0,1386646483970,127159011,15429,1000.0,1038.0,1400-07-10
2021-10-03,1038.0,1052.0,1021.0,1037.0,705010036710,64915676,9427,1041.0,1040.0,1400-07-11
2021-10-04,1040.0,1046.0,1023.0,1034.0,443535511980,40935944,7689,1037.0,1030.0,1400-07-12
2021-10-06,1033.0,1035.0,1012.0,1019.0,766722013190,71842154,11121,1034.0,1014.0,1400-07-14
2021-10-09,1014.0,1023.0,979.0,991.0,627965516340,60522468,9303,1019.0,988.0,1400-07-17
2021-10-10,977.0,994.0,968.0,981.0,455139478460,44285258,7323,991.0,984.0,1400-07-18
2021-10-11,983.0,993.0,975.0,984.0,501169565310,48597848,7594,981.0,975.0,1400-07-19
2021-10-12,969.0,979.0,954.0,961.0,683649281270,67893378,10131,984.0,962.0,1400-07-20
2021-10-13,957.0,974.0,952.0,959.0,672671751620,66932409,9869,961.0,972.0,1400-07-21
2021-10-16,993.0,1007.0,993.0,1007.0,998100464110,94628320,5615,959.0,1007.0,1400-07-24
2021-10-17,1022.0,1045.0,1002.0,1012.0,1067060764300,100696047,11633,1007.0,1006.0,1400-07-25
2021-10-18,1002.0,1027.0,993.0,1015.0,850987891140,80021213,8684,1012.0,1021.0,1400-07-26
2021-10-19,1031.0,1038.0,1014.0,1028.0,560191947270,52028961,7694,1015.0,1015.0,1400-07-27
2021-10-20,1014.0,1018.0,996.0,1007.0,567244587130,53755334,6227,1028.0,1000.0,1400-07-28
2021-10-23,1057.0,1057.0,1031.0,1049.0,3075311302770,279919222,25408,1007.0,1043.0,1400-08-01
2021-10-25,1049.0,1065.0,1033.0,1046.0,990474088320,90378714,11675,1049.0,1038.0,1400-08-03
2021-10-26,1031.0,1067.0,1028.0,1055.0,990346036780,89600552,10262,1046.0,1057.0,1400-08-04
2021-10-27,1057.0,1107.0,1054.0,1096.0,2053247627470,178922727,19469,1055.0,1107.0,1400-08-05
2021-10-30,1117.0,1120.0,1063.0,1080.0,1086001186690,95982108,13625,1096.0,1117.0,1400-08-08
2021-10-31,1081.0,1092.0,1028.0,1048.0,1545396383920,140709717,14748,1080.0,1042.0,1400-08-09
2021-11-01,1069.0,1100.0,1069.0,1088.0,1042798253560,91477408,11467,1048.0,1086.0,1400-08-10
2021-11-02,1115.0,1130.0,1099.0,1114.0,942911578100,80821341,9937,1088.0,1126.0,1400-08-11
2021-11-03,1127.0,1156.0,1122.0,1139.0,1096950339960,91949372,12940,1114.0,1149.0,1400-08-12
2021-11-06,1150.0,1191.0,1148.0,1173.0,1849620869080,150487290,21413,1139.0,1158.0,1400-08-15
2021-11-07,1150.0,1176.0,1115.0,1140.0,1848999019230,154811384,20929,1173.0,1117.0,1400-08-16
2021-11-08,1118.0,1160.0,1109.0,1140.0,966600408080,80923031,11648,1140.0,1146.0,1400-08-17
2021-11-09,1148.0,1165.0,1134.0,1147.0,806501814590,67165074,10873,1140.0,1140.0,1400-08-18
2021-11-10,1140.0,1153.0,1126.0,1143.0,901008061090,75246306,10570,1147.0,1147.0,1400-08-19
2021-11-13,1126.0,1141.0,1099.0,1122.0,724840198640,61711653,9829,1143.0,1116.0,1400-08-22
2021-11-14,1122.0,1139.0,1107.0,1121.0,710444880000,60503628,9077,1122.0,1112.0,1400-08-23
2021-11-15,1112.0,1113.0,1065.0,1077.0,809287914550,71773060,10567,1121.0,1074.0,1400-08-24
2021-11-16,1056.0,1087.0,1056.0,1071.0,516800766400,46062879,7117,1077.0,1064.0,1400-08-25
2021-11-17,1064.0,1083.0,1055.0,1065.0,597674516320,53548043,8786,1071.0,1069.0,1400-08-26
2021-11-20,1052.0,1068.0,1013.0,1021.0,1438134421010,134548898,17586,1065.0,1021.0,1400-08-29
2021-11-21,1021.0,1066.0,1009.0,1039.0,1015589013680,93324728,13456,1021.0,1054.0,1400-08-30
2021-11-22,1067.0,1078.0,1045.0,1063.0,722011790110,64860126,10572,1039.0,1058.0,1400-09-01
2021-11-23,1062.0,1063.0,1031.0,1042.0,433959061350,39776506,8463,1063.0,1033.0,1400-09-02
2021-11-24,1031.0,1044.0,1021.0,1028.0,558423537610,51873959,7960,1042.0,1025.0,1400-09-03
2021-11-27,988.0,1007.0,978.0,981.0,1192050965120,116006291,16071,1028.0,978.0,1400-09-06
2021-11-28,965.0,998.0,965.0,983.0,754752495350,73268483,9904,981.0,974.0,1400-09-07
2021-11-29,983.0,993.0,966.0,976.0,584363887680,57199650,8523,983.0,970.0,1400-09-08
2021-11-30,979.0,979.0,957.0,964.0,569508052650,56379579,9364,976.0,957.0,1400-09-09
2021-12-01,962.0,973.0,953.0,961.0,641740004640,63712750,9695,964.0,967.0,1400-09-10
2021-12-04,993.0,995.0,954.0,964.0,624409014300,61827229,9648,961.0,977.0,1400-09-13
2021-12-05,980.0,1000.0,975.0,985.0,663247544490,64240048,8119,964.0,983.0,1400-09-14
2021-12-06,988.0,991.0,970.0,980.0,392663069250,38216266,5740,985.0,973.0,1400-09-15
2021-12-07,971.0,990.0,967.0,979.0,375099099720,36566182,5121,980.0,981.0,1400-09-16
2021-12-08,979.0,1017.0,979.0,999.0,532025543280,50875004,7184,979.0,1000.0,1400-09-17
2021-12-11,1006.0,1012.0,985.0,994.0,405066125380,38903883,5344,999.0,988.0,1400-09-20
2021-12-12,983.0,983.0,959.0,966.0,515191744430,50932531,5566,994.0,966.0,1400-09-21
2021-12-13,963.0,973.0,918.0,935.0,1309343954410,133774229,15950,966.0,918.0,1400-09-22
2021-12-14,923.0,957.0,919.0,940.0,659248406760,66947017,7942,935.0,945.0,1400-09-23
2021-12-15,940.0,964.0,933.0,942.0,412129633110,41755901,8472,940.0,939.0,1400-09-24
2021-12-18,946.0,961.0,943.0,950.0,422256697210,42451768,6070,942.0,948.0,1400-09-27
2021-12-19,946.0,954.0,915.0,926.0,420690620270,43384852,6730,950.0,924.0,1400-09-28
2021-12-20,947.0,960.0,938.0,950.0,629590672430,63269962,6417,926.0,951.0,1400-09-29
2021-12-21,951.0,977.0,951.0,966.0,693792806600,68536996,5995,950.0,971.0,1400-09-30
2021-12-22,983.0,1014.0,975.0,1007.0,1202956716160,114037521,9305,966.0,1014.0,1400-10-01
2021-12-25,1031.0,1056.0,1010.0,1032.0,1028243353060,95133663,13112,1007.0,1015.0,1400-10-04
2021-12-26,1011.0,1045.0,998.0,1022.0,769932276850,71882370,8826,1032.0,1042.0,1400-10-05
2021-12-27,1050.0,1073.0,1038.0,1060.0,1174308082290,105818947,11795,1022.0,1046.0,1400-10-06
2021-12-28,1059.0,1059.0,1033.0,1046.0,637999439450,58207314,7189,1060.0,1047.0,1400-10-07
2021-12-29,1044.0,1057.0,1020.0,1033.0,863067247710,79734418,7422,1046.0,1020.0,1400-10-08
2022-01-01,1020.0,1020.0,998.0,1005.0,572053019020,54312297,6498,1033.0,1000.0,1400-10-11
2022-01-02,1006.0,1020.0,1000.0,1009.0,378578998570,35831288,5119,1005.0,1020.0,1400-10-12
2022-01-03,1021.0,1023.0,1001.0,1009.0,316164450650,29918409,4132,1009.0,1003.0,1400-10-13
2022-01-04,997.0,1002.0,989.0,992.0,414731151650,39916173,4486,1009.0,991.0,1400-10-14
2022-01-05,992.0,1001.0,986.0,993.0,277921735720,26713888,3902,992.0,996.0,1400-10-15
2022-01-08,993.0,1008.0,978.0,989.0,428292717090,41338897,5721,993.0,994.0,1400-10-18
2022-01-09,977.0,983.0,952.0,960.0,608531465420,60495870,7467,989.0,961.0,1400-10-19
2022-01-10,957.0,972.0,951.0,958.0,493990561670,49246139,5983,960.0,960.0,1400-10-20
2022-01-11,972.0,980.0,958.0,964.0,281137128560,27833048,4386,958.0,959.0,1400-10-21
2022-01-12,957.0,972.0,956.0,964.0,309719350490,30675607,4504,964.0,958.0,1400-10-22
2022-01-15,964.0,974.0,952.0,959.0,586069962480,58314729,5826,964.0,955.0,1400-10-25
2022-01-16,960.0,964.0,944.0,954.0,398099911880,39831559,5531,959.0,958.0,1400-10-26
2022-01-17,956.0,964.0,937.0,948.0,422461546920,42529152,6437,954.0,949.0,1400-10-27
2022-01-18,937.0,938.0,901.0,915.0,804643408120,83956395,9512,948.0,911.0,1400-10-28
2022-01-19,918.0,932.0,915.0,918.0,454972319400,47305116,6183,915.0,918.0,1400-10-29
2022-01-22,945.0,964.0,939.0,952.0,581773143490,58374900,8085,918.0,945.0,1400-11-02
2022-01-23,945.0,945.0,912.0,926.0,487277613430,50232031,5841,952.0,921.0,1400-11-03
2022-01-24,916.0,932.0,900.0,913.0,467430062850,48904568,6079,926.0,905.0,1400-11-04
2022-01-25,900.0,921.0,869.0,905.0,2935041304130,309472216,12985,913.0,920.0,1400-11-05
2022-01-26,947.0,950.0,928.0,947.0,854013361560,86080853,8962,905.0,950.0,1400-11-06
2022-01-29,978.0,994.0,964.0,992.0,937936824500,90300564,6831,947.0,994.0,1400-11-09
2022-01-30,1013.0,1031.0,1004.0,1018.0,1785569560790,167499431,13047,992.0,1022.0,1400-11-10
2022-01-31,1022.0,1041.0,1020.0,1025.0,737877658830,68680765,8425,1018.0,1027.0,1400-11-11
2022-02-01,1036.0,1036.0,1025.0,1027.0,1356344340400,126077575,6991,1025.0,1026.0,1400-11-12
2022-02-02,1027.0,1034.0,1027.0,1030.0,1028977288330,95405420,6633,1027.0,1033.0,1400-11-13
2022-02-05,1031.0,1035.0,1030.0,1032.0,1196976783620,110739404,6628,1030.0,1034.0,1400-11-16
2022-02-06,1032.0,1033.0,984.0,1019.0,3949281623610,370043527,14669,1032.0,1007.0,1400-11-17
2022-02-07,987.0,1006.0,987.0,997.0,521430293760,49945065,3981,1019.0,997.0,1400-11-18
2022-02-08,997.0,1002.0,975.0,992.0,657432709470,63260500,4967,997.0,981.0,1400-11-19
2022-02-09,984.0,1001.0,962.0,986.0,633146443170,61317877,8068,992.0,1000.0,1400-11-20
2022-02-12,994.0,1002.0,968.0,979.0,354383023030,34530073,4678,986.0,975.0,1400-11-23
2022-02-13,968.0,979.0,964.0,976.0,572751114150,56030732,3761,979.0,975.0,1400-11-24
2022-02-14,991.0,1010.0,983.0,1000.0,680100878470,64920148,6077,976.0,1008.0,1400-11-25
2022-02-16,1006.0,1013.0,1000.0,1001.0,560893826600,53472515,4437,1000.0,1001.0,1400-11-27
2022-02-19,1001.0,1002.0,1000.0,1001.0,985779027570,93975742,5003,1001.0,1001.0,1400-11-30
2022-02-20,1002.0,1003.0,1000.0,1001.0,722905289170,68904742,4368,1001.0,1002.0,1400-12-01
2022-02-21,1001.0,1001.0,979.0,989.0,423369359080,40848872,6366,1001.0,983.0,1400-12-02
2022-02-22,994.0,999.0,986.0,993.0,661966522200,63647744,5350,989.0,998.0,1400-12-03
2022-02-23,993.0,1000.0,992.0,993.0,457519403850,43979966,3814,993.0,994.0,1400-12-04
2022-02-26,993.0,994.0,961.0,978.0,447416954160,43711296,5928,993.0,967.0,1400-12-07
2022-02-27,964.0,973.0,955.0,959.0,324651256690,32296255,5692,978.0,962.0,1400-12-08
2022-02-28,956.0,975.0,956.0,965.0,385260930410,38119433,5355,959.0,964.0,1400-12-09
2022-03-02,970.0,972.0,957.0,961.0,257174086580,25550776,4557,965.0,958.0,1400-12-11
2022-03-05,964.0,989.0,961.0,971.0,672276197350,66073828,7225,961.0,986.0,1400-12-14
2022-03-06,988.0,1019.0,985.0,1011.0,1786604993480,168635516,12189,971.0,1019.0,1400-12-15
2022-03-07,1022.0,1046.0,1008.0,1025.0,792671971160,73826403,8636,1011.0,1017.0,1400-12-16
2022-03-08,1014.0,1017.0,995.0,1005.0,533906737770,50706125,5465,1025.0,1007.0,1400-12-17
2022-03-09,1000.0,1030.0,1000.0,1011.0,661008588490,62395650,5895,1005.0,1007.0,1400-12-18
2022-03-12,1006.0,1013.0,989.0,1000.0,594572532040,56776747,5778,1011.0,997.0,1400-12-21
2022-03-13,987.0,1015.0,984.0,1003.0,505428624450,48103494,4904,1000.0,1000.0,1400-12-22
2022-03-14,999.0,1010.0,999.0,1004.0,393552927480,37398632,3885,1003.0,1004.0,1400-12-23
2022-03-15,1004.0,1011.0,998.0,1004.0,448239269510,42623906,3934,1004.0,1004.0,1400-12-24
2022-03-16,1004.0,1026.0,1002.0,1019.0,332493105390,31151156,4262,1004.0,1021.0,1400-12-25
2022-03-19,1029.0,1056.0,1028.0,1044.0,592879371170,54184282,6637,1019.0,1052.0,1400-12-28
2022-03-26,1088.0,1096.0,1060.0,1092.0,1433610233860,125349807,8955,1044.0,1096.0,1401-01-06
2022-03-27,1105.0,1131.0,1094.0,1114.0,997204363580,85471309,10221,1092.0,1119.0,1401-01-07
2022-03-28,1122.0,1140.0,1109.0,1122.0,697502208570,59376845,8237,1114.0,1126.0,1401-01-08
2022-03-29,1131.0,1131.0,1089.0,1099.0,826642407970,71795937,8666,1122.0,1090.0,1401-01-09
2022-03-30,1090.0,1117.0,1080.0,1108.0,410813406180,35378688,5410,1099.0,1115.0,1401-01-10
2022-04-03,1125.0,1164.0,1112.0,1161.0,1786374089940,146890520,9301,1108.0,1164.0,1401-01-14
2022-04-04,1210.0,1210.0,1147.0,1180.0,2841988819840,229946162,18851,1161.0,1160.0,1401-01-15
2022-04-05,1165.0,1186.0,1147.0,1174.0,1268017210000,103074692,11113,1180.0,1172.0,1401-01-16
2022-04-06,1172.0,1181.0,1140.0,1151.0,865448665660,71742464,9884,1174.0,1142.0,1401-01-17
2022-04-09,1131.0,1155.0,1114.0,1144.0,590238726840,49277413,6963,1151.0,1146.0,1401-01-20
2022-04-10,1151.0,1177.0,1151.0,1167.0,753425183250,61678908,6930,1144.0,1161.0,1401-01-21
2022-04-11,1168.0,1177.0,1166.0,1170.0,650129511990,53011076,6513,1167.0,1177.0,1401-01-22
2022-04-12,1126.0,1139.0,1112.0,1115.0,2079809754780,178129847,14148,1170.0,1112.0,1401-01-23
2022-04-13,1105.0,1143.0,1105.0,1132.0,686884180610,57938049,6783,1115.0,1141.0,1401-01-24
2022-04-16,1136.0,1153.0,1133.0,1145.0,707921181350,59035946,6469,1132.0,1147.0,1401-01-27
2022-04-17,1146.0,1152.0,1126.0,1145.0,927699208860,77393649,8126,1145.0,1150.0,1401-01-28
2022-04-20,1156.0,1159.0,1146.0,1153.0,448167793640,37106890,3902,1145.0,1158.0,1401-01-31
2022-04-24,1168.0,1168.0,1126.0,1137.0,602160681570,50561981,7452,1153.0,1146.0,1401-02-04
2022-04-25,1130.0,1165.0,1128.0,1150.0,981254892590,81443515,7174,1137.0,1155.0,1401-02-05
2022-04-26,1151.0,1165.0,1147.0,1154.0,772071684210,63858219,8023,1150.0,1154.0,1401-02-06
2022-04-27,1155.0,1160.0,1144.0,1153.0,930332329500,77016131,8354,1154.0,1155.0,1401-02-07
2022-04-30,1152.0,1152.0,1136.0,1142.0,649714786520,54328105,7700,1153.0,1139.0,1401-02-10
2022-05-01,1136.0,1145.0,1126.0,1134.0,613960835590,51692308,6607,1142.0,1136.0,1401-02-11
2022-05-02,1127.0,1134.0,1121.0,1124.0,704561265630,59839168,7545,1134.0,1126.0,1401-02-12
2022-05-07,1125.0,1143.0,1122.0,1128.0,794385268610,67222216,8397,1124.0,1131.0,1401-02-17
2022-05-08,1128.0,1163.0,1128.0,1150.0,897416123440,74499497,9796,1128.0,1162.0,1401-02-18
2022-05-09,1163.0,1163.0,1125.0,1140.0,1079179711070,90397371,9046,1150.0,1140.0,1401-02-19
2022-05-10,1140.0,1143.0,1128.0,1135.0,472764804680,39754507,5574,1140.0,1129.0,1401-02-20
2022-05-11,1135.0,1168.0,1131.0,1157.0,892010616450,73623774,7609,1135.0,1154.0,1401-02-21
2022-05-14,1167.0,1190.0,1150.0,1161.0,926593642590,76201024,9297,1157.0,1158.0,1401-02-24
2022-05-15,1164.0,1168.0,1137.0,1154.0,652464801480,53947704,7845,1161.0,1163.0,1401-02-25
2022-05-16,1155.0,1205.0,1154.0,1176.0,1664959495750,135088447,15602,1154.0,1193.0,1401-02-26
2022-05-17,1212.0,1231.0,1198.0,1219.0,1938810881620,151834110,16825,1176.0,1202.0,1401-02-27
2022-05-18,1206.0,1225.0,1194.0,1211.0,930343913810,73293898,9650,1219.0,1217.0,1401-02-28
2022-05-21,1202.0,1209.0,1169.0,1198.0,770988228260,61424001,7022,1211.0,1197.0,1401-02-31
2022-05-22,1199.0,1203.0,1184.0,1197.0,1129884635110,90110710,7097,1198.0,1199.0,1401-03-01
2022-05-23,1198.0,1201.0,1171.0,1184.0,1245281441210,100386697,8431,1197.0,1177.0,1401-03-02
2022-05-24,1183.0,1183.0,1163.0,1170.0,1004115118710,81883317,6780,1184.0,1173.0,1401-03-03
2022-05-25,1170.0,1172.0,1141.0,1156.0,1006676062960,83136147,10114,1170.0,1157.0,1401-03-04
2022-05-28,1157.0,1169.0,1122.0,1142.0,804835573370,67288466,8097,1156.0,1144.0,1401-03-07
2022-05-29,1128.0,1135.0,1105.0,1120.0,699489000490,59616472,6863,1142.0,1125.0,1401-03-08
2022-05-30,1126.0,1139.0,1115.0,1122.0,661385948440,56275815,6326,1120.0,1123.0,1401-03-09
2022-05-31,1124.0,1136.0,1107.0,1122.0,334700160320,28475982,5298,1122.0,1117.0,1401-03-10
2022-06-06,1096.0,1096.0,1052.0,1077.0,702837327640,62333539,6488,1122.0,1096.0,1401-03-16
2022-06-07,1083.0,1083.0,1064.0,1077.0,897226190540,79572207,7000,1077.0,1076.0,1401-03-17
2022-06-08,1084.0,1084.0,1074.0,1078.0,569448226590,50448912,4284,1077.0,1080.0,1401-03-18
2022-06-11,1075.0,1083.0,1064.0,1078.0,687301209400,60888112,6432,1078.0,1080.0,1401-03-21
2022-06-12,1079.0,1117.0,1069.0,1094.0,817716551880,71378541,7088,1078.0,1102.0,1401-03-22
2022-06-13,1107.0,1155.0,1107.0,1128.0,1263478092340,106858966,10013,1094.0,1113.0,1401-03-23
2022-06-14,1122.0,1137.0,1111.0,1128.0,790861577530,66911238,5887,1128.0,1128.0,1401-03-24
2022-06-15,1120.0,1145.0,1105.0,1118.0,454047359480,38764404,5093,1128.0,1128.0,1401-03-25
2022-06-18,1112.0,1122.0,1103.0,1108.0,704542762480,60658889,5815,1118.0,1117.0,1401-03-28
2022-06-19,1113.0,1121.0,1104.0,1108.0,526781701680,45368856,4662,1108.0,1108.0,1401-03-29
2022-06-20,1106.0,1121.0,1105.0,1109.0,578398022780,49782910,4561,1108.0,1108.0,1401-03-30
2022-06-21,1105.0,1108.0,1094.0,1103.0,492497000270,42656631,4072,1109.0,1096.0,1401-03-31
2022-06-22,1094.0,1103.0,1080.0,1092.0,492403236100,43038062,4235,1103.0,1095.0,1401-04-01
2022-06-25,1081.0,1081.0,1057.0,1064.0,899157015470,80665442,8481,1092.0,1058.0,1401-04-04
2022-06-26,1061.0,1062.0,1026.0,1040.0,831277934730,76316596,6732,1064.0,1030.0,1401-04-05
2022-06-27,1031.0,1045.0,1029.0,1040.0,921595286720,84656585,6689,1040.0,1041.0,1401-04-06
2022-06-28,1042.0,1055.0,1039.0,1043.0,490102602240,44829513,5085,1040.0,1042.0,1401-04-07
2022-06-29,1042.0,1047.0,1041.0,1044.0,397507695690,36334015,3670,1043.0,1043.0,1401-04-08
2022-07-02,1041.0,1043.0,1018.0,1034.0,433993062960,40088493,5029,1044.0,1022.0,1401-04-11
2022-07-03,1033.0,1035.0,1015.0,1031.0,313663612400,29044751,3937,1034.0,1035.0,1401-04-12
2022-07-04,1034.0,1041.0,1027.0,1031.0,300999911850,27861189,3696,1031.0,1030.0,1401-04-13
2022-07-05,1034.0,1060.0,1030.0,1048.0,661146645770,60218627,6538,1031.0,1049.0,1401-04-14
2022-07-06,1046.0,1071.0,1043.0,1054.0,953796275290,86387594,6988,1048.0,1043.0,1401-04-15
2022-07-09,1049.0,1079.0,1045.0,1060.0,760908375230,68566315,5962,1054.0,1049.0,1401-04-18
2022-07-11,1077.0,1113.0,1070.0,1088.0,1298308235010,113911578,13596,1060.0,1079.0,1401-04-20
2022-07-12,1079.0,1094.0,1069.0,1085.0,850160009150,74778647,6903,1088.0,1085.0,1401-04-21
2022-07-13,1088.0,1098.0,1069.0,1080.0,512431333470,45327426,5997,1085.0,1085.0,1401-04-22
2022-07-16,1085.0,1085.0,1042.0,1058.0,533033432680,48110092,6433,1080.0,1053.0,1401-04-25
2022-07-17,1059.0,1059.0,1042.0,1049.0,547339174940,49798334,6205,1058.0,1049.0,1401-04-26
2022-07-24,1049.0,1049.0,1022.0,1043.0,300910282970,27535444,1413,1049.0,1034.0,1401-05-02
2022-07-25,1040.0,1043.0,1002.0,1021.0,727470113390,68029792,7488,1043.0,1006.0,1401-05-03
2022-07-26,1012.0,1027.0,1012.0,1021.0,490729649870,45920539,4829,1021.0,1020.0,1401-05-04
2022-07-27,1021.0,1059.0,1020.0,1043.0,490874652810,44930484,5716,1021.0,1043.0,1401-05-05
2022-07-30,1048.0,1066.0,1035.0,1054.0,540332728400,48954520,6181,1043.0,1040.0,1401-05-08
2022-07-31,1034.0,1085.0,1021.0,1066.0,1661850318610,148767350,13410,1054.0,1084.0,1401-05-09
2022-08-09,1113.0,1119.0,1097.0,1111.0,692060828940,126831611,6913,1066.0,1119.0,1401-05-18
2022-08-10,1138.0,1140.0,1115.0,1123.0,542781015750,98255194,8348,1111.0,1123.0,1401-05-19
2022-08-13,1123.0,1190.0,1119.0,1176.0,864611493990,149535604,9910,1123.0,1182.0,1401-05-22
2022-08-14,1190.0,1190.0,1150.0,1168.0,354087102070,61677930,5739,1176.0,1164.0,1401-05-23
2022-08-15,1164.0,1170.0,1140.0,1154.0,395085094000,69689904,5627,1168.0,1158.0,1401-05-24
2022-08-16,1166.0,1166.0,1121.0,1140.0,303613535090,54168816,5039,1154.0,1138.0,1401-05-25
2022-08-17,1140.0,1150.0,1119.0,1131.0,423917045370,76206181,5200,1140.0,1127.0,1401-05-26
2022-08-21,1103.0,1109.0,1099.0,1103.0,351314262970,64793800,2068,1131.0,1105.0,1401-05-30
2022-08-22,1103.0,1103.0,1066.0,1081.0,621874298380,117052411,8497,1103.0,1077.0,1401-05-31
2022-08-23,1064.0,1087.0,1062.0,1072.0,329122689880,62393229,6703,1081.0,1074.0,1401-06-01
2022-08-24,1085.0,1093.0,1074.0,1085.0,365888068740,68699416,5303,1072.0,1085.0,1401-06-02
2022-08-27,1095.0,1095.0,1079.0,1085.0,275201828410,51647450,5280,1085.0,1083.0,1401-06-05
2022-08-28,1089.0,1089.0,1066.0,1072.0,260408946750,49398850,4191,1085.0,1070.0,1401-06-06
2022-08-29,1072.0,1074.0,1058.0,1064.0,261650169900,50011302,5179,1072.0,1060.0,1401-06-07
2022-08-30,1058.0,1074.0,1044.0,1052.0,234455073430,45326522,5325,1064.0,1044.0,1401-06-08
2022-08-31,1050.0,1056.0,1042.0,1046.0,185444802610,36092715,3911,1052.0,1042.0,1401-06-09
2022-09-03,1042.0,1052.0,1022.0,1036.0,331643846300,65174611,5148,1046.0,1034.0,1401-06-12
2022-09-04,1038.0,1054.0,1032.0,1036.0,215396544090,42292675,3891,1036.0,1036.0,1401-06-13
2022-09-05,1048.0,1048.0,1028.0,1034.0,247383720220,48675596,4011,1036.0,1030.0,1401-06-14
2022-09-06,1034.0,1038.0,1022.0,1030.0,175608551800,34701518,3234,1034.0,1032.0,1401-06-15
2022-09-07,1034.0,1036.0,1022.0,1030.0,215291219330,42583792,3401,1030.0,1026.0,1401-06-16
2022-09-10,1028.0,1032.0,1015.0,1024.0,253873785990,50441468,3581,1030.0,1026.0,1401-06-19
2022-09-11,1026.0,1030.0,1022.0,1024.0,189855163190,37750629,3062,1024.0,1024.0,1401-06-20
2022-09-12,1038.0,1052.0,1028.0,1038.0,275376150730,53997996,5170,1024.0,1044.0,1401-06-21
2022-09-13,1050.0,1064.0,1042.0,1054.0,400648290970,77278407,4958,1038.0,1062.0,1401-06-22
2022-09-14,1068.0,1068.0,1042.0,1052.0,232827879720,45054451,3908,1054.0,1048.0,1401-06-23
2022-09-18,1052.0,1056.0,1034.0,1040.0,178779610790,34970851,3165,1052.0,1040.0,1401-06-27
2022-09-19,1040.0,1042.0,1034.0,1038.0,210164540620,41222453,2704,1040.0,1036.0,1401-06-28
2022-09-20,1038.0,1040.0,1030.0,1034.0,151667409260,29849060,2366,1038.0,1032.0,1401-06-29
2022-09-21,1028.0,1034.0,1015.0,1022.0,246375980990,49116423,4401,1034.0,1015.0,1401-06-30
2022-09-24,1015.0,1015.0,989.0,999.0,232389135810,47330516,4780,1022.0,993.0,1401-07-02
2022-09-26,993.0,1022.0,991.0,1007.0,245442683220,49543805,4308,999.0,1001.0,1401-07-04
2022-09-28,1015.0,1040.0,1007.0,1026.0,224675735280,44592048,3552,1007.0,1022.0,1401-07-06
2022-10-01,1030.0,1030.0,997.0,1003.0,209322592000,42451061,3400,1026.0,997.0,1401-07-09
2022-10-02,1001.0,1011.0,991.0,1003.0,173876232690,35283387,2643,1003.0,1005.0,1401-07-10
2022-10-03,1003.0,1013.0,997.0,1003.0,128730444420,26126619,2143,1003.0,999.0,1401-07-11
2022-10-04,999.0,1009.0,997.0,1001.0,108470642630,22066425,2104,1003.0,1001.0,1401-07-12
2022-10-08,1001.0,1013.0,997.0,1000.0,141391370083,28772541,2848,1001.0,998.0,1401-07-16
2022-10-09,1000.0,1001.0,993.0,999.0,270569610422,55112475,2578,1000.0,997.0,1401-07-17
2022-10-10,999.0,1001.0,993.0,997.0,162276887259,33137450,2719,999.0,999.0,1401-07-18
2022-10-11,1001.0,1030.0,998.0,1013.0,185088976799,37174234,2794,997.0,1021.0,1401-07-19
2022-10-12,1029.0,1036.0,1021.0,1029.0,165804890175,32782519,2532,1013.0,1031.0,1401-07-20
2022-10-15,1032.0,1034.0,1005.0,1024.0,147769564460,29365546,2299,1029.0,1026.0,1401-07-23
2022-10-16,1026.0,1026.0,1003.0,1015.0,187280095670,37568225,2303,1024.0,1020.0,1401-07-24
2022-10-17,1017.0,1017.0,999.0,1013.0,148598209630,29816705,2078,1015.0,1017.0,1401-07-25
2022-10-18,1017.0,1020.0,999.0,1007.0,138832419600,28056860,2405,1013.0,1003.0,1401-07-26
2022-10-19,1005.0,1009.0,993.0,999.0,107777591770,21968294,2687,1007.0,995.0,1401-07-27
2022-10-22,997.0,999.0,989.0,994.0,229284145937,46946435,3411,999.0,992.0,1401-07-30
2022-10-23,988.0,988.0,945.0,963.0,370118817921,78221679,6549,994.0,956.0,1401-08-01
2022-10-24,944.0,944.0,899.0,910.0,1403405133900,313694377,17347,963.0,910.0,1401-08-02
2022-10-25,910.0,914.0,891.0,902.0,574775783609,129681942,8398,910.0,893.0,1401-08-03
2022-10-26,900.0,904.0,858.0,877.0,667857561633,154912131,8843,902.0,872.0,1401-08-04
2022-10-29,889.0,896.0,879.0,887.0,758034735976,173822689,6457,877.0,884.0,1401-08-07
2022-10-30,894.0,926.0,888.0,913.0,857329089916,191063150,6832,887.0,926.0,1401-08-08
2022-10-31,926.0,934.0,919.0,926.0,534376504795,117473603,5381,913.0,932.0,1401-08-09
2022-11-01,932.0,945.0,928.0,938.0,419710974654,91024869,4478,926.0,932.0,1401-08-10
2022-11-02,938.0,950.0,920.0,938.0,525215981446,113926621,4848,938.0,950.0,1401-08-11
2022-11-05,948.0,1004.0,948.0,1000.0,1238879152487,252089157,7470,938.0,1004.0,1401-08-14
2022-11-06,1006.0,1028.0,987.0,1007.0,761510439861,153882871,8739,1000.0,1014.0,1401-08-15
2022-11-07,1014.0,1068.0,1007.0,1044.0,954036565584,186032836,10364,1007.0,1061.0,1401-08-16
2022-11-08,1062.0,1088.0,1024.0,1051.0,925203619945,179079767,10808,1044.0,1049.0,1401-08-17
2022-11-09,1048.0,1070.0,1022.0,1049.0,680771015779,132021163,7188,1051.0,1050.0,1401-08-18
2022-11-12,1050.0,1087.0,1038.0,1060.0,565638299160,108555719,7146,1049.0,1040.0,1401-08-21
2022-11-13,1040.0,1050.0,1022.0,1034.0,461236437200,90819243,6412,1060.0,1034.0,1401-08-22
2022-11-14,1034.0,1040.0,1001.0,1024.0,416324833280,82687906,4976,1034.0,1034.0,1401-08-23
2022-11-15,1024.0,1038.0,1017.0,1026.0,366174324130,72657034,3830,1024.0,1032.0,1401-08-24
2022-11-16,1034.0,1040.0,1020.0,1030.0,243801306180,48226617,3079,1026.0,1026.0,1401-08-25
2022-11-19,1026.0,1026.0,981.0,997.0,523601572860,106945198,5745,1030.0,1001.0,1401-08-28
2022-11-20,989.0,1028.0,987.0,1013.0,251140080480,50420114,3135,997.0,1009.0,1401-08-29
2022-11-21,1015.0,1020.0,1001.0,1013.0,311526832330,62515328,3290,1013.0,1007.0,1401-08-30
2022-11-22,1007.0,1015.0,999.0,1007.0,158310638970,31997103,2560,1013.0,1003.0,1401-09-01
2022-11-23,1007.0,1011.0,997.0,1003.0,230020810690,46624018,3450,1007.0,1001.0,1401-09-02
2022-11-26,1015.0,1017.0,993.0,1000.0,200478624168,40813436,3099,1003.0,997.0,1401-09-05
2022-11-27,997.0,1011.0,991.0,1001.0,312633356598,63563986,3372,1000.0,1007.0,1401-09-06
2022-11-28,1003.0,1006.0,999.0,1002.0,325225129077,66075060,3900,1001.0,1001.0,1401-09-07
2022-12-03,1011.0,1026.0,1007.0,1014.0,191634806729,38451481,2198,1002.0,1015.0,1401-09-12
2022-12-04,1007.0,1022.0,1004.0,1015.0,370304089737,74246594,4110,1014.0,1014.0,1401-09-13
2022-12-05,1017.0,1017.0,1003.0,1009.0,370762515248,74759233,3729,1015.0,1015.0,1401-09-14
2022-12-06,1010.0,1010.0,1001.0,1005.0,262695442028,53175287,3228,1009.0,1002.0,1401-09-15
2022-12-07,1000.0,1001.0,980.0,990.0,256559863198,52737862,5099,1005.0,980.0,1401-09-16
2022-12-10,981.0,981.0,958.0,968.0,345762181236,72699016,4638,990.0,965.0,1401-09-19
2022-12-11,968.0,993.0,968.0,976.0,337452117742,70375438,4971,968.0,978.0,1401-09-20
2022-12-12,977.0,1024.0,977.0,1010.0,469991376180,94668209,5576,976.0,1022.0,1401-09-21
2022-12-13,1028.0,1081.0,1028.0,1076.0,1841278845326,348239330,11985,1010.0,1081.0,1401-09-22
2022-12-14,1095.0,1149.0,1091.0,1113.0,1130962784485,206867820,10860,1076.0,1107.0,1401-09-23
2022-12-17,1109.0,1111.0,1083.0,1097.0,528401436320,97960083,6174,1113.0,1101.0,1401-09-26
2022-12-18,1113.0,1164.0,1113.0,1144.0,939687870320,167058795,7676,1097.0,1146.0,1401-09-27
2022-12-19,1160.0,1168.0,1119.0,1146.0,786143009800,139743574,6804,1144.0,1136.0,1401-09-28
2022-12-20,1146.0,1150.0,1117.0,1129.0,439309298680,79175063,4437,1146.0,1125.0,1401-09-29
2022-12-21,1117.0,1142.0,1109.0,1125.0,362671842750,65637455,4222,1129.0,1127.0,1401-09-30
2022-12-24,1140.0,1203.0,1133.0,1186.0,1127137514960,193191975,10551,1125.0,1203.0,1401-10-03
2022-12-25,1221.0,1231.0,1186.0,1207.0,835853304270,140889964,9149,1186.0,1197.0,1401-10-04
2022-12-26,1199.0,1209.0,1172.0,1197.0,708241517020,120347075,8243,1207.0,1197.0,1401-10-05
2022-12-28,1241.0,1280.0,1241.0,1278.0,2584212227560,411315121,12332,1197.0,1280.0,1401-10-07
2022-12-31,1195.0,1272.0,1190.0,1215.0,2074518348440,347343782,18877,1278.0,1203.0,1401-10-10
2023-01-01,1195.0,1239.0,1160.0,1188.0,1234269617780,211337374,11497,1215.0,1205.0,1401-10-11
2023-01-02,1221.0,1227.0,1209.0,1217.0,762209973230,127510359,7775,1188.0,1213.0,1401-10-12
2023-01-03,1225.0,1231.0,1190.0,1209.0,896675120360,150830117,8137,1217.0,1201.0,1401-10-13
2023-01-04,1207.0,1207.0,1172.0,1180.0,499673095060,86151879,6707,1209.0,1197.0,1401-10-14
2023-01-07,1197.0,1219.0,1180.0,1201.0,615325795490,104310491,7624,1180.0,1207.0,1401-10-17
2023-01-08,1231.0,1266.0,1213.0,1237.0,1291643168700,212355054,11173,1201.0,1223.0,1401-10-18
2023-01-09,1231.0,1280.0,1223.0,1247.0,1085120802290,176884698,9445,1237.0,1264.0,1401-10-19
2023-01-10,1304.0,1333.0,1298.0,1323.0,2692696671570,414261588,18219,1247.0,1315.0,1401-10-20
2023-01-11,1319.0,1329.0,1282.0,1306.0,869126197930,135329474,10207,1323.0,1292.0,1401-10-21
2023-01-14,1270.0,1317.0,1233.0,1282.0,1018707640060,161647166,9167,1306.0,1308.0,1401-10-24
2023-01-16,1308.0,1335.0,1298.0,1315.0,761003309590,117797090,8144,1282.0,1317.0,1401-10-26
2023-01-17,1325.0,1335.0,1294.0,1311.0,946843758930,147135689,9549,1315.0,1300.0,1401-10-27
2023-01-18,1304.0,1315.0,1292.0,1302.0,637187728960,99567404,7617,1311.0,1298.0,1401-10-28
2023-01-21,1260.0,1284.0,1241.0,1249.0,1583039003060,257670035,14448,1302.0,1247.0,1401-11-01
2023-01-22,1247.0,1280.0,1243.0,1258.0,814437533830,131724234,7806,1249.0,1270.0,1401-11-02
2023-01-23,1270.0,1298.0,1243.0,1268.0,852041899700,136778785,7263,1258.0,1274.0,1401-11-03
2023-01-24,1266.0,1276.0,1249.0,1264.0,455517365500,73351074,5084,1268.0,1264.0,1401-11-04
2023-01-25,1262.0,1262.0,1227.0,1237.0,719736194500,118382059,6761,1264.0,1241.0,1401-11-05
2023-01-28,1249.0,1258.0,1225.0,1237.0,765625435350,125951557,6878,1237.0,1227.0,1401-11-08
2023-01-29,1223.0,1225.0,1178.0,1195.0,1112787029200,189522032,9240,1237.0,1215.0,1401-11-09
2023-01-30,1180.0,1223.0,1156.0,1195.0,813328770150,138509344,7765,1195.0,1215.0,1401-11-10
2023-01-31,1215.0,1241.0,1203.0,1219.0,540280991020,90202536,5095,1195.0,1219.0,1401-11-11
2023-02-01,1221.0,1227.0,1213.0,1219.0,589616040120,98408845,4478,1219.0,1217.0,1401-11-12
2023-02-05,1217.0,1221.0,1199.0,1211.0,936777854100,157450063,5581,1219.0,1211.0,1401-11-16
2023-02-06,1211.0,1237.0,1209.0,1221.0,547903510110,91392166,4885,1211.0,1231.0,1401-11-17
2023-02-07,1231.0,1276.0,1231.0,1258.0,648202833750,104857562,5796,1221.0,1272.0,1401-11-18
2023-02-08,1266.0,1298.0,1262.0,1276.0,644619084580,102835863,5958,1258.0,1264.0,1401-11-19
2023-02-12,1266.0,1282.0,1262.0,1274.0,537581611410,85916203,4999,1276.0,1278.0,1401-11-23
2023-02-13,1280.0,1304.0,1274.0,1286.0,666607514800,105500295,5363,1274.0,1280.0,1401-11-24
2023-02-14,1284.0,1292.0,1270.0,1282.0,640598665600,101760189,5002,1286.0,1274.0,1401-11-25
2023-02-15,1274.0,1288.0,1264.0,1276.0,445507459850,71012495,4058,1282.0,1276.0,1401-11-26
2023-02-19,1282.0,1339.0,1280.0,1306.0,1331841386560,207471282,10562,1276.0,1333.0,1401-11-30
2023-02-20,1390.0,1396.0,1363.0,1396.0,2505567764270,365385476,8715,1306.0,1396.0,1401-12-01
2023-02-21,1494.0,1494.0,1481.0,1494.0,5502494011290,749737326,19217,1396.0,1494.0,1401-12-02
2023-02-22,1502.0,1567.0,1475.0,1514.0,3247614786220,436560018,24118,1494.0,1555.0,1401-12-03
2023-02-25,1620.0,1620.0,1620.0,1620.0,2116680494600,265914635,6964,1514.0,1620.0,1401-12-06
2023-02-26,1732.0,1732.0,1673.0,1726.0,7304527404450,861116981,36474,1620.0,1732.0,1401-12-07
2023-02-27,1703.0,1781.0,1642.0,1720.0,4432543800570,524418093,29988,1726.0,1720.0,1401-12-08
2023-02-28,1740.0,1770.0,1683.0,1744.0,2360615169270,275533774,17938,1720.0,1726.0,1401-12-09
2023-03-01,1728.0,1742.0,1669.0,1699.0,3171957615060,379717791,18891,1744.0,1673.0,1401-12-10
2023-03-04,1671.0,1675.0,1632.0,1650.0,1733561550510,213687956,14240,1699.0,1638.0,1401-12-13
2023-03-05,1638.0,1699.0,1628.0,1644.0,1190305085530,147265490,10816,1650.0,1642.0,1401-12-14
2023-03-06,1642.0,1642.0,1579.0,1616.0,1643957876640,206946906,11062,1644.0,1620.0,1401-12-15
2023-03-07,1630.0,1728.0,1630.0,1718.0,4636956055790,549719790,20825,1616.0,1728.0,1401-12-16
2023-03-11,1718.0,1728.0,1648.0,1681.0,2430862780590,294411392,20572,1718.0,1652.0,1401-12-20
2023-03-12,1628.0,1640.0,1583.0,1612.0,1738974076590,219466342,13905,1681.0,1608.0,1401-12-21
2023-03-13,1612.0,1648.0,1604.0,1616.0,1874264149280,235952241,15895,1612.0,1614.0,1401-12-22
2023-03-19,1772.0,1862.0,1772.0,1809.0,5248841901830,891831928,25825,1616.0,1843.0,1401-12-28
2023-03-25,1889.0,1935.0,1815.0,1914.0,2845098629170,456619517,25586,1809.0,1935.0,1402-01-05
2023-03-26,1960.0,2018.0,1877.0,1941.0,2293861386440,362716933,29399,1914.0,1898.0,1402-01-06
2023-03-28,1969.0,1978.0,1902.0,1932.0,2013357236110,319285689,25730,1941.0,1935.0,1402-01-08
2023-03-29,1938.0,1960.0,1914.0,1932.0,1651511976380,261767907,21753,1932.0,1935.0,1402-01-09
2023-04-03,1911.0,1929.0,1837.0,1902.0,2013119001210,324399386,24873,1932.0,1929.0,1402-01-14
2023-04-04,1929.0,1963.0,1886.0,1920.0,1685141103880,268808210,20456,1902.0,1892.0,1402-01-15
2023-04-05,1908.0,1923.0,1868.0,1902.0,2089704801620,336729315,20790,1920.0,1908.0,1402-01-16
2023-04-08,1905.0,2030.0,1892.0,1975.0,3499509067480,542465282,29235,1902.0,1969.0,1402-01-19
2023-04-09,2012.0,2012.0,1944.0,1966.0,2029892784170,316354456,21988,1975.0,1951.0,1402-01-20
2023-04-10,1960.0,1987.0,1871.0,1917.0,2187607400190,349421340,25972,1966.0,1889.0,1402-01-21
2023-04-11,1905.0,1935.0,1877.0,1899.0,1377931966390,222345202,14217,1917.0,1908.0,1402-01-22
2023-04-15,1929.0,1963.0,1917.0,1938.0,2213780467540,349695944,22662,1899.0,1926.0,1402-01-26
2023-04-16,1960.0,1966.0,1914.0,1935.0,1935944442670,306540311,18765,1938.0,1926.0,1402-01-27
2023-04-17,1938.0,1978.0,1920.0,1941.0,2219063608240,350123370,19831,1935.0,1935.0,1402-01-28
2023-04-18,1932.0,1990.0,1917.0,1951.0,2566986246960,403022157,24710,1941.0,1929.0,1402-01-29
2023-04-19,1951.0,1963.0,1908.0,1932.0,1583916262900,250828258,16527,1951.0,1929.0,1402-01-30
2023-04-24,1932.0,1941.0,1902.0,1923.0,1510387193840,240649139,14505,1932.0,1935.0,1402-02-04
2023-04-25,1911.0,1987.0,1911.0,1957.0,2123572147670,332099309,16769,1923.0,1941.0,1402-02-05
2023-04-26,1938.0,1990.0,1914.0,1960.0,2233264838470,349071534,17351,1957.0,1987.0,1402-02-06
2023-04-29,2042.0,2094.0,2042.0,2094.0,7012763736540,1025644709,28194,1960.0,2094.0,1402-02-09
2023-04-30,2162.0,2232.0,2107.0,2159.0,4477107510650,634600863,30140,2094.0,2177.0,1402-02-10
2023-05-01,2189.0,2196.0,2110.0,2165.0,3050000331340,431638871,22946,2159.0,2180.0,1402-02-11
2023-05-02,2199.0,2257.0,2180.0,2229.0,2705467767180,371862610,18811,2165.0,2251.0,1402-02-12
2023-05-03,2248.0,2248.0,2186.0,2217.0,2298557054950,317542345,18767,2229.0,2208.0,1402-02-13
2023-05-06,2223.0,2254.0,2171.0,2214.0,2234693932710,308938513,19750,2217.0,2217.0,1402-02-16
2023-05-07,2214.0,2220.0,2061.0,2107.0,3997894227690,580962258,30154,2214.0,2061.0,1402-02-17
2023-05-08,2003.0,2104.0,1960.0,1984.0,2776594816510,428610795,20532,2107.0,1960.0,1402-02-18
2023-05-09,1889.0,2082.0,1889.0,2015.0,1890052079370,287446777,20856,1984.0,2061.0,1402-02-19
2023-05-10,2088.0,2088.0,1966.0,2009.0,2096274772860,319702220,16084,2015.0,2027.0,1402-02-20
2023-05-13,2009.0,2024.0,1899.0,1966.0,2717886991480,423664181,19008,2009.0,1997.0,1402-02-23
2023-05-14,1978.0,2079.0,1978.0,2042.0,1523085572110,228292468,13592,1966.0,2052.0,1402-02-24
2023-05-15,2067.0,2070.0,2018.0,2046.0,1261697714760,188982290,10152,2042.0,2061.0,1402-02-25
2023-05-20,1990.0,1997.0,1954.0,1972.0,1272714440960,197492942,11166,2046.0,1981.0,1402-02-30
2023-05-21,1954.0,2012.0,1935.0,1972.0,1905657025340,295904651,12351,1972.0,2000.0,1402-02-31
2023-05-22,2000.0,2015.0,1948.0,1963.0,1235376975570,192852613,12317,1972.0,1954.0,1402-03-01
2023-05-23,1972.0,1975.0,1932.0,1951.0,1152876798980,181098784,11495,1963.0,1941.0,1402-03-02
2023-05-24,1975.0,1978.0,1935.0,1948.0,927961435990,145969153,9183,1951.0,1938.0,1402-03-03
2023-05-27,1929.0,1951.0,1889.0,1914.0,1137412879310,181880942,11296,1948.0,1929.0,1402-03-06
2023-05-28,1905.0,1914.0,1859.0,1877.0,1045888233340,170660998,10058,1914.0,1902.0,1402-03-07
2023-05-29,1902.0,1908.0,1871.0,1880.0,752948297630,122716152,7651,1877.0,1874.0,1402-03-08
2023-05-30,1899.0,1902.0,1874.0,1880.0,903794608510,147161500,7310,1880.0,1883.0,1402-03-09
2023-05-31,1883.0,1883.0,1843.0,1868.0,811105276080,132886502,6705,1880.0,1880.0,1402-03-10
2023-06-03,1880.0,1886.0,1865.0,1874.0,414735237480,67822579,5756,1868.0,1868.0,1402-03-13
2023-06-06,1883.0,1883.0,1868.0,1877.0,702581765230,114689026,6008,1874.0,1877.0,1402-03-16
2023-06-07,1877.0,1899.0,1865.0,1877.0,746408573560,121742996,6172,1877.0,1880.0,1402-03-17
2023-06-10,1856.0,1868.0,1782.0,1804.0,1228038798250,208352537,10322,1877.0,1797.0,1402-03-20
2023-06-11,1794.0,1794.0,1758.0,1782.0,785385098990,134906296,9300,1804.0,1779.0,1402-03-21
2023-06-12,1745.0,1745.0,1672.0,1690.0,1397220009370,253173030,15366,1782.0,1687.0,1402-03-22
2023-06-13,1684.0,1745.0,1684.0,1712.0,535405416970,95755494,6673,1690.0,1724.0,1402-03-23
2023-06-14,1755.0,1810.0,1739.0,1782.0,365445544530,62838935,6240,1712.0,1776.0,1402-03-24
2023-06-17,1782.0,1810.0,1761.0,1779.0,366496391920,63127519,5687,1782.0,1761.0,1402-03-27
2023-06-18,1773.0,1782.0,1712.0,1767.0,700113177290,121290120,5627,1779.0,1770.0,1402-03-28
2023-06-19,1782.0,1782.0,1739.0,1748.0,566527478590,99238817,5748,1767.0,1742.0,1402-03-29
2023-06-20,1748.0,1767.0,1727.0,1739.0,262440230040,46171020,4077,1748.0,1745.0,1402-03-30
2023-06-21,1745.0,1761.0,1706.0,1733.0,420564575410,74345505,6119,1739.0,1727.0,1402-03-31
2023-06-24,1715.0,1733.0,1696.0,1709.0,458262281810,82124904,7530,1733.0,1721.0,1402-04-03
2023-06-25,1721.0,1770.0,1709.0,1730.0,375208908800,66455705,5943,1709.0,1715.0,1402-04-04
2023-06-26,1715.0,1755.0,1703.0,1742.0,516200388690,90734114,5471,1730.0,1742.0,1402-04-05
2023-06-27,1745.0,1761.0,1706.0,1721.0,326438966470,58122823,4637,1742.0,1721.0,1402-04-06
2023-06-28,1721.0,1727.0,1696.0,1709.0,242127726360,43415863,4089,1721.0,1706.0,1402-04-07
2023-07-01,1703.0,1709.0,1681.0,1690.0,294346431610,53327532,6061,1709.0,1684.0,1402-04-10
2023-07-02,1684.0,1733.0,1681.0,1709.0,263771620220,47231036,4386,1690.0,1715.0,1402-04-11
2023-07-03,1727.0,1801.0,1712.0,1758.0,605475180490,105465938,6428,1709.0,1785.0,1402-04-12
2023-07-04,1797.0,1846.0,1788.0,1816.0,773796643330,130524700,8122,1758.0,1807.0,1402-04-13
2023-07-05,1797.0,1831.0,1791.0,1810.0,393681573340,66622061,4641,1816.0,1804.0,1402-04-14
2023-07-08,1807.0,1816.0,1764.0,1785.0,379839246810,65120779,5495,1810.0,1767.0,1402-04-17
2023-07-09,1767.0,1791.0,1755.0,1776.0,412802169770,71151549,4266,1785.0,1776.0,1402-04-18
2023-07-10,1776.0,1801.0,1761.0,1767.0,437017503480,75699210,4154,1776.0,1761.0,1402-04-19
2023-07-11,1752.0,1770.0,1706.0,1736.0,850373519530,149920504,6515,1767.0,1709.0,1402-04-20
2023-07-12,1706.0,1715.0,1644.0,1675.0,580084861150,106044406,7687,1736.0,1690.0,1402-04-21
2023-07-15,1693.0,1715.0,1675.0,1693.0,414984014580,75064706,5105,1675.0,1687.0,1402-04-24
2023-07-16,1690.0,1690.0,1614.0,1635.0,529456947970,99060289,6711,1693.0,1635.0,1402-04-25
2023-07-17,1617.0,1635.0,1531.0,1574.0,907932231800,176626718,9791,1635.0,1611.0,1402-04-26
2023-07-18,1611.0,1681.0,1611.0,1672.0,1223447932340,224243595,9760,1574.0,1681.0,1402-04-27
2023-07-24,1689.0,1702.0,1682.0,1692.0,286859922500,57109828,3685,1672.0,1702.0,1402-05-02
2023-07-25,1709.0,1733.0,1679.0,1696.0,357380335300,71003596,6135,1692.0,1689.0,1402-05-03
2023-07-26,1685.0,1696.0,1658.0,1685.0,278767916960,55747071,4389,1696.0,1685.0,1402-05-04
2023-07-29,1685.0,1696.0,1675.0,1682.0,328165918750,65750231,4100,1685.0,1682.0,1402-05-07
2023-07-30,1682.0,1692.0,1652.0,1665.0,648448927660,131186888,5611,1682.0,1658.0,1402-05-08
2023-07-31,1652.0,1699.0,1648.0,1675.0,323903370810,65185000,3457,1665.0,1672.0,1402-05-09
2023-08-01,1699.0,1739.0,1672.0,1689.0,568271495760,113361598,5019,1675.0,1739.0,1402-05-10
2023-08-05,1733.0,1807.0,1733.0,1787.0,729924724230,137682646,7365,1689.0,1807.0,1402-05-14
2023-08-06,1813.0,1820.0,1770.0,1800.0,461207779340,86390288,4993,1787.0,1817.0,1402-05-15
2023-08-07,1830.0,1830.0,1790.0,1810.0,451874959030,84210683,3384,1800.0,1803.0,1402-05-16
2023-08-08,1800.0,1817.0,1760.0,1803.0,458090474400,85572351,3271,1810.0,1800.0,1402-05-17
2023-08-09,1803.0,1820.0,1776.0,1793.0,313332478140,58903565,3338,1803.0,1793.0,1402-05-18
2023-08-12,1753.0,1790.0,1722.0,1739.0,554045895380,107356345,4451,1793.0,1729.0,1402-05-21
2023-08-13,1726.0,1760.0,1719.0,1743.0,303011290920,58579340,3139,1739.0,1746.0,1402-05-22
2023-08-14,1746.0,1770.0,1726.0,1743.0,359684109890,69543411,3425,1743.0,1739.0,1402-05-23
2023-08-15,1726.0,1746.0,1712.0,1726.0,332716507350,64986507,2926,1743.0,1719.0,1402-05-24
2023-08-16,1716.0,1733.0,1712.0,1722.0,318954306680,62458561,3092,1726.0,1719.0,1402-05-25
2023-08-19,1709.0,1722.0,1689.0,1702.0,379251242390,75146488,4036,1722.0,1702.0,1402-05-28
2023-08-20,1702.0,1712.0,1699.0,1702.0,373197419020,73867748,3473,1702.0,1702.0,1402-05-29
2023-08-21,1706.0,1722.0,1699.0,1706.0,263109900620,52038276,2807,1702.0,1709.0,1402-05-30
2023-08-22,1709.0,1709.0,1675.0,1685.0,385567565300,77110559,3725,1706.0,1682.0,1402-05-31
2023-08-23,1672.0,1702.0,1669.0,1685.0,348934801190,69737133,3823,1685.0,1699.0,1402-06-01
2023-08-26,1722.0,1790.0,1702.0,1760.0,801176126890,153494477,5931,1685.0,1773.0,1402-06-04
2023-08-27,1800.0,1881.0,1776.0,1854.0,1282123166740,233151626,9017,1760.0,1861.0,1402-06-05
2023-08-28,1884.0,1918.0,1847.0,1881.0,929474239300,166512551,7310,1854.0,1871.0,1402-06-06
2023-08-29,1898.0,1931.0,1861.0,1891.0,739763385740,131877599,5665,1881.0,1864.0,1402-06-07
2023-08-30,1857.0,1931.0,1857.0,1894.0,708472236280,125955299,5462,1891.0,1891.0,1402-06-08
2023-09-02,1908.0,1928.0,1851.0,1884.0,750707152930,134370385,5570,1894.0,1884.0,1402-06-11
2023-09-03,1884.0,1908.0,1861.0,1888.0,359584676330,64217517,3701,1884.0,1888.0,1402-06-12
2023-09-04,1871.0,1935.0,1864.0,1911.0,569980974380,100566866,4414,1888.0,1908.0,1402-06-13
2023-09-05,1918.0,1955.0,1884.0,1915.0,686716882640,120871716,5165,1911.0,1894.0,1402-06-14
2023-09-09,1884.0,1942.0,1871.0,1891.0,440403930660,78512848,4207,1915.0,1871.0,1402-06-18
2023-09-10,1861.0,1888.0,1844.0,1878.0,615543299200,110475841,3824,1891.0,1871.0,1402-06-19
2023-09-11,1864.0,1888.0,1854.0,1871.0,412089056980,74309985,3419,1878.0,1884.0,1402-06-20
2023-09-12,1888.0,1888.0,1864.0,1874.0,400713351140,72110806,2838,1871.0,1871.0,1402-06-21
2023-09-13,1874.0,1888.0,1864.0,1874.0,576948771280,103681013,5175,1874.0,1874.0,1402-06-22
2023-09-17,1874.0,1908.0,1864.0,1878.0,462779827120,83045619,4871,1874.0,1874.0,1402-06-26
2023-09-18,1871.0,1891.0,1864.0,1878.0,841007473450,151092451,4354,1878.0,1874.0,1402-06-27
2023-09-19,1878.0,1894.0,1871.0,1888.0,694572642810,124079974,3278,1878.0,1891.0,1402-06-28
2023-09-20,1891.0,1905.0,1864.0,1884.0,714668257920,127810415,3542,1888.0,1888.0,1402-06-29
2023-09-23,1871.0,1891.0,1871.0,1884.0,384804733880,68876272,3201,1884.0,1881.0,1402-07-01
2023-09-25,1881.0,1891.0,1851.0,1867.0,625239052600,112842856,4224,1884.0,1867.0,1402-07-03
2023-09-26,1874.0,1874.0,1854.0,1861.0,455205434330,82486265,4196,1867.0,1857.0,1402-07-04
2023-09-27,1854.0,1867.0,1840.0,1854.0,493620180690,89692328,3700,1861.0,1857.0,1402-07-05
2023-09-30,1857.0,1871.0,1800.0,1824.0,570334130350,105515003,6119,1854.0,1803.0,1402-07-08
2023-10-01,1824.0,1830.0,1780.0,1790.0,570268323740,107429619,4875,1824.0,1787.0,1402-07-09
2023-10-02,1780.0,1803.0,1770.0,1787.0,576615417190,108710565,4104,1790.0,1787.0,1402-07-10
2023-10-04,1790.0,1807.0,1783.0,1787.0,457959894210,86346374,3694,1787.0,1790.0,1402-07-12
2023-10-07,1787.0,1803.0,1773.0,1783.0,536383135250,101466441,3916,1787.0,1783.0,1402-07-15
2023-10-08,1773.0,1776.0,1712.0,1729.0,694376466380,135307065,6297,1783.0,1736.0,1402-07-16
2023-10-09,1712.0,1820.0,1712.0,1763.0,360610966990,68912694,4532,1729.0,1746.0,1402-07-17
2023-10-10,1763.0,1783.0,1749.0,1766.0,304420550580,58044386,3111,1763.0,1773.0,1402-07-18
2023-10-11,1787.0,1787.0,1749.0,1760.0,254034855800,48623209,3041,1766.0,1763.0,1402-07-19
2023-10-14,1760.0,1763.0,1702.0,1733.0,357513300850,69556400,3455,1760.0,1736.0,1402-07-22
2023-10-15,1726.0,1770.0,1722.0,1746.0,376248755790,72600489,3218,1733.0,1766.0,1402-07-23
2023-10-16,1753.0,1783.0,1753.0,1766.0,254318726760,48551498,3016,1746.0,1780.0,1402-07-24
2023-10-18,1766.0,1780.0,1749.0,1763.0,463799376820,88764855,2908,1766.0,1773.0,1402-07-26
2023-10-21,1756.0,1766.0,1746.0,1756.0,462595759440,88739679,3320,1763.0,1749.0,1402-07-29
2023-10-22,1787.0,1834.0,1787.0,1810.0,514261021560,95757133,5329,1756.0,1813.0,1402-07-30
2023-10-23,1813.0,1840.0,1803.0,1817.0,463064870970,85893078,4015,1810.0,1817.0,1402-08-01
2023-10-24,1807.0,1820.0,1780.0,1793.0,519055203910,97500089,3586,1817.0,1787.0,1402-08-02
2023-10-25,1797.0,1817.0,1793.0,1803.0,329141791540,61496230,2980,1793.0,1803.0,1402-08-03
2023-10-28,1797.0,1797.0,1739.0,1753.0,634709280980,122006100,5596,1803.0,1739.0,1402-08-06
2023-10-29,1743.0,1776.0,1739.0,1763.0,298969240230,57169267,3255,1753.0,1773.0,1402-08-07
2023-10-30,1770.0,1820.0,1770.0,1803.0,322140648670,60200487,3317,1763.0,1817.0,1402-08-08
2023-10-31,1820.0,1827.0,1797.0,1807.0,457528960280,85290364,3689,1803.0,1810.0,1402-08-09
2023-11-01,1797.0,1824.0,1760.0,1803.0,431903022110,80699528,3521,1807.0,1817.0,1402-08-10
2023-11-04,1834.0,1898.0,1834.0,1857.0,648678032760,117686304,4911,1803.0,1854.0,1402-08-13
2023-11-05,1881.0,1888.0,1857.0,1864.0,481131304090,86997345,3855,1857.0,1871.0,1402-08-14
2023-11-06,1878.0,1881.0,1854.0,1867.0,398758116190,71995985,3821,1864.0,1867.0,1402-08-15
2023-11-07,1861.0,1962.0,1861.0,1908.0,662535144710,117065433,5807,1867.0,1928.0,1402-08-16
2023-11-08,1948.0,1948.0,1888.0,1908.0,582585749420,102966683,4525,1908.0,1898.0,1402-08-17
2023-11-11,1888.0,1918.0,1888.0,1901.0,297273997000,52665345,3387,1908.0,1901.0,1402-08-20
2023-11-12,1894.0,1905.0,1878.0,1894.0,368392376120,65526288,3061,1901.0,1888.0,1402-08-21
2023-11-13,1908.0,1908.0,1874.0,1888.0,524151242290,93677090,3756,1894.0,1881.0,1402-08-22
2023-11-14,1888.0,1891.0,1854.0,1867.0,283574463940,51152018,2790,1888.0,1867.0,1402-08-23
2023-11-15,1864.0,1867.0,1827.0,1851.0,341105648300,62185182,3588,1867.0,1851.0,1402-08-24
2023-11-18,1834.0,1851.0,1810.0,1824.0,300027017790,55412956,3714,1851.0,1827.0,1402-08-27
2023-11-19,1820.0,1827.0,1803.0,1813.0,556748833810,103415167,3661,1824.0,1813.0,1402-08-28
2023-11-20,1803.0,1820.0,1790.0,1803.0,334029511660,62435692,3173,1813.0,1790.0,1402-08-29
2023-11-21,1803.0,1807.0,1787.0,1797.0,335285989050,62888319,3521,1803.0,1790.0,1402-08-30
2023-11-22,1787.0,1817.0,1783.0,1800.0,470867411890,88214879,3378,1797.0,1793.0,1402-09-01
2023-11-25,1793.0,1807.0,1783.0,1793.0,323305470280,60727272,3511,1800.0,1787.0,1402-09-04
2023-11-26,1793.0,1803.0,1783.0,1790.0,230714850580,43468629,3112,1793.0,1793.0,1402-09-05
2023-11-27,1803.0,1807.0,1783.0,1790.0,294804347440,55531768,3188,1790.0,1790.0,1402-09-06
2023-11-28,1790.0,1810.0,1780.0,1793.0,310101486940,58268193,3183,1790.0,1807.0,1402-09-07
2023-11-29,1820.0,1878.0,1813.0,1847.0,897344085390,163757573,6352,1793.0,1854.0,1402-09-08
2023-12-02,1874.0,1921.0,1867.0,1891.0,1057221262910,188412697,7381,1847.0,1874.0,1402-09-11
2023-12-03,1888.0,2022.0,1867.0,1992.0,3308544093640,560194269,16579,1891.0,2022.0,1402-09-12
2023-12-04,2130.0,2130.0,2073.0,2110.0,4086786702170,653013205,24614,1992.0,2103.0,1402-09-13
2023-12-05,2103.0,2140.0,2070.0,2100.0,1605023947130,257715593,12522,2110.0,2090.0,1402-09-14
2023-12-06,2087.0,2100.0,2063.0,2080.0,629741503270,102142632,5891,2100.0,2073.0,1402-09-15
2023-12-09,2070.0,2087.0,2033.0,2053.0,1097368512390,180278913,7530,2080.0,2033.0,1402-09-18
2023-12-10,2039.0,2080.0,2026.0,2056.0,635303843850,104171513,5341,2053.0,2053.0,1402-09-19
2023-12-11,2056.0,2073.0,2046.0,2053.0,674740233810,110779742,4487,2056.0,2049.0,1402-09-20
2023-12-12,2046.0,2056.0,2036.0,2049.0,719296475570,118383637,4391,2053.0,2046.0,1402-09-21
2023-12-13,2043.0,2056.0,2033.0,2046.0,445641488610,73469939,3286,2049.0,2046.0,1402-09-22
2023-12-16,2056.0,2087.0,2046.0,2070.0,535942341330,87352283,4729,2046.0,2073.0,1402-09-25
2023-12-18,2080.0,2161.0,2080.0,2127.0,1200106530850,190143256,9752,2070.0,2127.0,1402-09-27
2023-12-19,2140.0,2218.0,2117.0,2154.0,1294093914360,202528370,7525,2127.0,2140.0,1402-09-28
2023-12-20,2140.0,2184.0,2124.0,2147.0,980725153050,153877890,5259,2154.0,2137.0,1402-09-29
2023-12-23,2147.0,2151.0,2124.0,2140.0,941287376220,148221279,4916,2147.0,2137.0,1402-10-02
2023-12-24,2137.0,2147.0,2107.0,2124.0,883284123080,140109578,5589,2140.0,2117.0,1402-10-03
2023-12-25,2120.0,2140.0,2090.0,2113.0,662003973830,105551246,4492,2124.0,2103.0,1402-10-04
2023-12-26,2100.0,2113.0,2080.0,2093.0,476493645930,76730771,3980,2113.0,2090.0,1402-10-05
2023-12-27,2113.0,2113.0,2087.0,2097.0,768386352510,123557080,4970,2093.0,2097.0,1402-10-06
2023-12-30,2117.0,2134.0,2107.0,2117.0,413007029830,65778615,3774,2097.0,2117.0,1402-10-09
2023-12-31,2124.0,2124.0,2083.0,2100.0,498910921170,80066614,3884,2117.0,2087.0,1402-10-10
2024-01-01,2100.0,2100.0,2073.0,2090.0,417831898480,67436187,3320,2100.0,2083.0,1402-10-11
2024-01-02,2083.0,2097.0,2056.0,2076.0,446092828520,72415054,3753,2090.0,2073.0,1402-10-12
2024-01-03,2083.0,2100.0,2056.0,2076.0,510237384690,82800015,3654,2076.0,2087.0,1402-10-13
2024-01-06,2083.0,2100.0,2070.0,2083.0,412010001770,66717283,3445,2076.0,2090.0,1402-10-16
2024-01-07,2066.0,2097.0,2066.0,2090.0,279873553090,45124110,3056,2083.0,2090.0,1402-10-17
2024-01-08,2087.0,2097.0,2076.0,2087.0,479904849470,77523673,3612,2090.0,2080.0,1402-10-18
2024-01-09,2080.0,2124.0,2073.0,2100.0,532235215560,85498692,3976,2087.0,2090.0,1402-10-19
2024-01-10,2103.0,2120.0,2103.0,2110.0,481666026740,76889340,3570,2100.0,2110.0,1402-10-20
2024-01-13,2110.0,2151.0,2100.0,2127.0,736421610760,116692973,5231,2110.0,2117.0,1402-10-23
2024-01-14,2127.0,2151.0,2124.0,2137.0,695842408130,109819493,5116,2127.0,2144.0,1402-10-24
2024-01-15,2137.0,2144.0,2113.0,2130.0,598168081220,94699573,3483,2137.0,2124.0,1402-10-25
2024-01-16,2113.0,2134.0,2093.0,2113.0,728649735130,116133373,3743,2130.0,2110.0,1402-10-26
2024-01-17,2107.0,2117.0,2093.0,2103.0,314644339790,50417391,2739,2113.0,2107.0,1402-10-27
2024-01-20,2107.0,2127.0,2083.0,2103.0,632437891640,101403368,4387,2103.0,2087.0,1402-10-30
2024-01-21,2080.0,2107.0,2066.0,2100.0,844313812030,135632320,4969,2103.0,2107.0,1402-11-01
2024-01-22,2107.0,2110.0,2080.0,2097.0,770439114340,123935142,4412,2100.0,2090.0,1402-11-02
2024-01-23,2087.0,2100.0,2049.0,2073.0,876521206620,142462396,5373,2097.0,2087.0,1402-11-03
2024-01-24,2073.0,2100.0,2073.0,2083.0,276792968980,44754505,2855,2073.0,2090.0,1402-11-04
2024-01-27,2097.0,2107.0,2073.0,2087.0,482056297820,77880140,3453,2083.0,2093.0,1402-11-07
2024-01-28,2090.0,2100.0,2076.0,2087.0,627040536870,101305577,4424,2087.0,2090.0,1402-11-08
2024-01-29,2087.0,2087.0,2063.0,2073.0,489988050450,79686813,3980,2087.0,2076.0,1402-11-09
2024-01-30,2060.0,2083.0,2060.0,2070.0,526567574850,85702902,6275,2073.0,2063.0,1402-11-10
2024-01-31,2070.0,2073.0,2049.0,2060.0,495797020190,81097347,3966,2070.0,2060.0,1402-11-11
2024-02-03,2056.0,2080.0,2049.0,2063.0,687313926660,112289458,4916,2060.0,2056.0,1402-11-14
2024-02-04,2066.0,2080.0,2019.0,2039.0,525813035240,86951296,6068,2063.0,2022.0,1402-11-15
2024-02-05,2029.0,2049.0,2012.0,2022.0,630079381730,104949166,5836,2039.0,2029.0,1402-11-16
2024-02-06,2012.0,2033.0,2002.0,2019.0,532025403110,88840127,4258,2022.0,2022.0,1402-11-17
2024-02-13,2036.0,2036.0,2012.0,2022.0,528729083590,88077560,3353,2019.0,2022.0,1402-11-24
2024-02-14,2026.0,2029.0,2002.0,2012.0,486126085530,81472457,4777,2022.0,2002.0,1402-11-25
2024-02-17,2019.0,2019.0,1965.0,1982.0,777774071690,132344831,6377,2012.0,1982.0,1402-11-28
2024-02-18,1982.0,2009.0,1962.0,1992.0,475446797670,80442772,4599,1982.0,1992.0,1402-11-29
2024-02-19,1996.0,2016.0,1985.0,1999.0,797003921280,134372791,7361,1992.0,1996.0,1402-11-30
2024-02-28,2029.0,2048.0,2012.0,2032.0,311274776162,69702325,3862,1999.0,2027.0,1402-12-09
2024-03-02,2029.0,2174.0,2025.0,2124.0,1310384875267,280794749,10217,2032.0,2174.0,1402-12-12
2024-03-03,2225.0,2267.0,2189.0,2225.0,1100158892268,224987668,10818,2124.0,2206.0,1402-12-13
2024-03-04,2211.0,2230.0,2172.0,2193.0,727076382641,150857921,7126,2225.0,2173.0,1402-12-14
2024-03-05,2153.0,2293.0,2153.0,2251.0,894183344684,180765641,7396,2193.0,2231.0,1402-12-15
2024-03-06,2252.0,2279.0,2207.0,2227.0,626042756975,127890770,6493,2251.0,2225.0,1402-12-16
2024-03-09,2256.0,2258.0,2193.0,2210.0,541245005191,111423540,6113,2227.0,2193.0,1402-12-19
2024-03-10,2189.0,2229.0,2174.0,2193.0,879555043282,182483986,6715,2210.0,2184.0,1402-12-20
2024-03-11,2184.0,2207.0,2164.0,2180.0,836030111581,174553063,7108,2193.0,2184.0,1402-12-21
2024-03-12,2174.0,2206.0,2161.0,2181.0,358730776952,74826050,5158,2180.0,2164.0,1402-12-22
2024-03-13,2163.0,2189.0,2129.0,2154.0,455656272064,96253614,5467,2181.0,2134.0,1402-12-23
2024-03-16,2161.0,2161.0,2108.0,2131.0,429215977284,91663566,5175,2154.0,2148.0,1402-12-26
2024-03-17,2147.0,2230.0,2147.0,2196.0,386562063770,80105704,4347,2131.0,2224.0,1402-12-27
2024-03-18,2225.0,2293.0,2216.0,2264.0,913387725068,183573778,8412,2196.0,2291.0,1402-12-28
2024-03-24,2321.0,2375.0,2321.0,2352.0,732116540730,141665658,9020,2264.0,2366.0,1403-01-05
2024-03-25,2406.0,2406.0,2325.0,2351.0,618173307489,119670589,9449,2352.0,2329.0,1403-01-06
2024-03-26,2343.0,2343.0,2318.0,2325.0,399635600296,78201793,5777,2351.0,2338.0,1403-01-07
2024-03-27,2338.0,2344.0,2320.0,2325.0,438397952560,85790293,6114,2325.0,2326.0,1403-01-08
2024-03-30,2330.0,2330.0,2302.0,2316.0,365440037590,71784993,4739,2325.0,2325.0,1403-01-11
2024-04-02,2302.0,2334.0,2252.0,2298.0,790540057970,156509693,7199,2316.0,2316.0,1403-01-14
2024-04-03,2298.0,2334.0,2293.0,2311.0,336417595660,66251986,4811,2298.0,2307.0,1403-01-15
2024-04-06,2311.0,2362.0,2266.0,2307.0,1118587672520,220590452,8864,2311.0,2289.0,1403-01-18
2024-04-07,2293.0,2339.0,2289.0,2307.0,608031056590,119916819,4917,2307.0,2311.0,1403-01-19
2024-04-08,2307.0,2334.0,2302.0,2316.0,558698658650,109694903,5019,2307.0,2316.0,1403-01-20
2024-04-09,2316.0,2380.0,2316.0,2348.0,837639193230,162454953,6120,2316.0,2375.0,1403-01-21
2024-04-13,2348.0,2348.0,2257.0,2289.0,1255962291820,249799475,9784,2348.0,2266.0,1403-01-25
2024-04-14,2266.0,2266.0,2266.0,2266.0,225772493160,45335842,1614,2289.0,2266.0,1403-01-26
2024-04-15,2257.0,2284.0,2257.0,2275.0,440489462620,88091704,2347,2266.0,2284.0,1403-01-27
2024-04-16,2284.0,2298.0,2252.0,2284.0,1086985724930,216367168,6226,2275.0,2298.0,1403-01-28
2024-04-17,2307.0,2307.0,2307.0,2307.0,266730717630,52609609,1158,2284.0,2307.0,1403-01-29
2024-04-20,2434.0,2466.0,2389.0,2462.0,1655859090710,305940802,7878,2307.0,2466.0,1403-02-01
2024-04-21,2553.0,2580.0,2480.0,2539.0,1936554021470,347115433,15208,2462.0,2516.0,1403-02-02
2024-04-22,2521.0,2562.0,2489.0,2525.0,1152280583050,207769889,9772,2539.0,2498.0,1403-02-03
2024-04-23,2507.0,2525.0,2443.0,2471.0,787485384200,145152634,8224,2525.0,2480.0,1403-02-04
2024-04-24,2475.0,2498.0,2425.0,2462.0,793777016330,146650782,6936,2471.0,2480.0,1403-02-05
2024-04-27,2480.0,2498.0,2439.0,2462.0,619337851850,114478780,5510,2462.0,2457.0,1403-02-08
2024-04-28,2443.0,2480.0,2398.0,2425.0,684554751930,128506701,6843,2462.0,2416.0,1403-02-09
2024-04-29,2430.0,2434.0,2380.0,2398.0,557669665370,105735482,6119,2425.0,2384.0,1403-02-10
2024-04-30,2389.0,2398.0,2352.0,2371.0,603473603250,115886933,5503,2398.0,2362.0,1403-02-11
2024-05-01,2371.0,2380.0,2343.0,2362.0,364071286170,70192844,4566,2371.0,2371.0,1403-02-12
2024-05-05,2371.0,2375.0,2343.0,2352.0,317942866860,61442257,4357,2362.0,2343.0,1403-02-16
2024-05-06,2334.0,2334.0,2302.0,2316.0,447413489830,87871170,5280,2352.0,2311.0,1403-02-17
2024-05-07,2316.0,2334.0,2307.0,2316.0,314458405140,61780593,3832,2316.0,2321.0,1403-02-18
2024-05-08,2321.0,2325.0,2280.0,2298.0,362367617590,71733163,4850,2316.0,2298.0,1403-02-19
2024-05-11,2302.0,2311.0,2271.0,2280.0,527346192760,105190601,5300,2298.0,2280.0,1403-02-22
2024-05-12,2275.0,2325.0,2252.0,2280.0,573423039170,114511404,7046,2280.0,2266.0,1403-02-23
2024-05-13,2252.0,2271.0,2234.0,2248.0,796864854000,161323152,7197,2280.0,2261.0,1403-02-24
2024-05-14,2248.0,2325.0,2248.0,2280.0,559701296780,111614869,5004,2248.0,2266.0,1403-02-25
2024-05-15,2280.0,2321.0,2234.0,2280.0,531930776860,106080462,4725,2280.0,2307.0,1403-02-26
2024-05-18,2311.0,2325.0,2266.0,2284.0,481171789860,95827819,4798,2280.0,2266.0,1403-02-29
2024-05-19,2266.0,2266.0,2166.0,2202.0,1264448082360,261324436,10184,2284.0,2198.0,1403-02-30
2024-05-21,2202.0,2243.0,2189.0,2225.0,477990184410,97794909,4548,2202.0,2239.0,1403-03-01
2024-05-25,2230.0,2230.0,2181.0,2185.0,604180197415,125824414,7119,2225.0,2182.0,1403-03-05
2024-05-26,2181.0,2184.0,2141.0,2144.0,756405348427,160502143,5954,2185.0,2141.0,1403-03-06
2024-05-27,2133.0,2139.0,2102.0,2108.0,871981848575,188228947,6803,2144.0,2138.0,1403-03-07
2024-05-28,2149.0,2150.0,2138.0,2149.0,170886365043,36172895,1278,2108.0,2150.0,1403-03-08
2024-05-29,2192.0,2192.0,2192.0,2185.0,99335081274,20617493,706,2149.0,2192.0,1403-03-09
2024-06-01,2229.0,2229.0,2207.0,2227.0,722200916882,147554564,5565,2185.0,2229.0,1403-03-12
2024-06-02,2255.0,2255.0,2205.0,2225.0,310591044662,63522526,3405,2227.0,2230.0,1403-03-13
2024-06-05,2224.0,2248.0,2204.0,2218.0,309669020719,63531980,3205,2225.0,2225.0,1403-03-16
2024-06-08,2225.0,2225.0,2174.0,2175.0,382950141459,80125306,3295,2218.0,2174.0,1403-03-19
2024-06-09,2167.0,2218.0,2157.0,2195.0,410940861464,85180576,4350,2175.0,2217.0,1403-03-20
2024-06-10,2239.0,2239.0,2212.0,2238.0,446009397576,90678531,3088,2195.0,2239.0,1403-03-21
2024-06-11,2239.0,2268.0,2216.0,2232.0,402213337484,81983014,3388,2238.0,2239.0,1403-03-22
2024-06-12,2241.0,2266.0,2199.0,2220.0,503007695975,103122327,5049,2232.0,2233.0,1403-03-23
2024-06-15,2229.0,2229.0,2175.0,2182.0,343297864709,71583842,3938,2220.0,2175.0,1403-03-26
2024-06-16,2149.0,2157.0,2139.0,2139.0,664325523028,141285927,4127,2182.0,2139.0,1403-03-27
2024-06-18,2139.0,2139.0,2097.0,2104.0,506429794982,109536357,5307,2139.0,2098.0,1403-03-29
2024-06-19,2093.0,2145.0,2093.0,2138.0,406615862522,86552563,3618,2104.0,2145.0,1403-03-30
2024-06-22,2179.0,2179.0,2134.0,2144.0,358297938879,76046689,3713,2138.0,2145.0,1403-04-02
2024-06-23,2161.0,2164.0,2144.0,2149.0,247890644290,52474243,2785,2144.0,2146.0,1403-04-03
2024-06-24,2166.0,2192.0,2156.0,2175.0,535694559028,112051212,4428,2149.0,2192.0,1403-04-04
2024-06-26,2219.0,2219.0,2207.0,2218.0,480639579232,98586455,2578,2175.0,2219.0,1403-04-06
2024-06-29,2248.0,2248.0,2195.0,2219.0,455316244691,93372361,4712,2218.0,2199.0,1403-04-09
2024-06-30,2213.0,2239.0,2161.0,2193.0,810246055623,168110820,5040,2219.0,2199.0,1403-04-10
2024-07-01,2207.0,2225.0,2184.0,2198.0,343358310915,71069254,2967,2193.0,2205.0,1403-04-11
2024-07-02,2193.0,2238.0,2193.0,2227.0,460138722361,94028165,3299,2198.0,2230.0,1403-04-12
2024-07-03,2235.0,2302.0,2230.0,2266.0,768245149969,154247179,6158,2227.0,2293.0,1403-04-13
2024-07-06,2402.0,2402.0,2402.0,2402.0,702502217614,133074866,1816,2266.0,2402.0,1403-04-16
2024-07-07,2516.0,2516.0,2403.0,2435.0,1835103237202,342928008,9493,2402.0,2410.0,1403-04-17
2024-07-08,2429.0,2457.0,2382.0,2414.0,1251246968558,235859639,7761,2435.0,2437.0,1403-04-18
2024-07-09,2430.0,2439.0,2392.0,2405.0,593553336790,112303564,3866,2414.0,2395.0,1403-04-19
2024-07-10,2395.0,2412.0,2365.0,2387.0,942389073284,179660233,6349,2405.0,2411.0,1403-04-20
2024-07-13,2402.0,2402.0,2362.0,2375.0,777335152960,148804815,4484,2387.0,2362.0,1403-04-23
2024-07-14,2393.0,2393.0,2348.0,2366.0,757708602780,145796778,5240,2375.0,2362.0,1403-04-24
2024-07-22,2350.0,2380.0,2302.0,2336.0,678344836591,143171023,5613,2366.0,2353.0,1403-05-01
2024-07-23,2354.0,2371.0,2300.0,2322.0,635928867496,134981576,6836,2336.0,2302.0,1403-05-02
2024-07-24,2320.0,2335.0,2289.0,2307.0,807393132925,172523541,7774,2322.0,2298.0,1403-05-03
2024-07-27,2296.0,2306.0,2236.0,2262.0,418499908645,91193323,6502,2307.0,2254.0,1403-05-06
2024-07-29,2264.0,2264.0,2202.0,2224.0,798551904153,177022978,6710,2262.0,2206.0,1403-05-08
2024-07-30,2223.0,2233.0,2196.0,2208.0,619193415443,138228953,5613,2224.0,2208.0,1403-05-09
2024-07-31,2108.0,2194.0,2100.0,2130.0,935952777893,216601625,7167,2208.0,2159.0,1403-05-10
2024-08-03,2107.0,2128.0,2023.0,2058.0,984283327968,235772723,7872,2130.0,2023.0,1403-05-13
2024-08-04,2038.0,2070.0,2038.0,2053.0,324392277245,77910790,3728,2058.0,2065.0,1403-05-14
2024-08-05,2060.0,2070.0,2048.0,2058.0,590798859994,141494820,3582,2053.0,2048.0,1403-05-15
2024-08-06,2056.0,2068.0,2047.0,2055.0,501121402802,120207555,3991,2058.0,2058.0,1403-05-16
2024-08-10,2056.0,2070.0,2045.0,2054.0,237945571749,57100806,2937,2055.0,2046.0,1403-05-20
2024-08-11,2062.0,2070.0,2048.0,2053.0,317164457911,76157804,2778,2054.0,2064.0,1403-05-21
2024-08-12,2058.0,2058.0,2033.0,2042.0,634456882416,153179931,5184,2053.0,2033.0,1403-05-22
2024-08-13,2022.0,2042.0,2022.0,2024.0,647105686265,157604551,3747,2042.0,2022.0,1403-05-23
2024-08-14,2044.0,2044.0,2044.0,2044.0,311254246160,75055280,1466,2024.0,2044.0,1403-05-24
2024-08-17,2085.0,2085.0,2085.0,2085.0,382293129313,90397997,1259,2044.0,2085.0,1403-05-27
2024-08-18,2126.0,2126.0,2126.0,2126.0,404175116013,93710901,1257,2085.0,2126.0,1403-05-28
2024-08-19,2168.0,2168.0,2114.0,2149.0,987717256069,226562176,5477,2126.0,2120.0,1403-05-29
2024-08-20,2152.0,2164.0,2112.0,2136.0,302535009048,69819162,2389,2149.0,2132.0,1403-05-30
2024-08-21,2149.0,2177.0,2127.0,2142.0,540089366988,124274324,3625,2136.0,2143.0,1403-05-31
2024-08-24,2166.0,2185.0,2164.0,2176.0,463359298138,104951259,3463,2142.0,2185.0,1403-06-03
2024-08-26,2213.0,2218.0,2178.0,2192.0,646165928487,145344773,5295,2176.0,2178.0,1403-06-05
2024-08-27,2184.0,2228.0,2174.0,2197.0,432185406719,96985528,3960,2192.0,2189.0,1403-06-06
2024-08-28,2231.0,2231.0,2191.0,2204.0,400363256352,89548041,3937,2197.0,2205.0,1403-06-07
2024-08-31,2231.0,2248.0,2224.0,2245.0,1287282708007,282592096,4002,2204.0,2248.0,1403-06-10
2024-09-01,2278.0,2280.0,2224.0,2251.0,737602957839,161547591,6639,2245.0,2239.0,1403-06-11
2024-09-03,2264.0,2264.0,2206.0,2215.0,553181289200,123127204,5222,2251.0,2206.0,1403-06-13
2024-09-07,2200.0,2238.0,2149.0,2162.0,847914735858,193315269,6439,2215.0,2149.0,1403-06-17
2024-09-08,2159.0,2163.0,2097.0,2120.0,938593805323,218225663,7740,2162.0,2129.0,1403-06-18
2024-09-09,2139.0,2168.0,2117.0,2136.0,538196098304,124215646,4895,2120.0,2119.0,1403-06-19
2024-09-10,2139.0,2144.0,2096.0,2111.0,713203782816,166555374,5510,2136.0,2097.0,1403-06-20
2024-09-11,2115.0,2116.0,2073.0,2091.0,614373813989,144843351,6697,2111.0,2075.0,1403-06-21
2024-09-14,2090.0,2095.0,2043.0,2060.0,675855020135,161737152,7078,2091.0,2043.0,1403-06-24
2024-09-15,2048.0,2060.0,2023.0,2039.0,607117948299,146800569,5573,2060.0,2041.0,1403-06-25
2024-09-16,2041.0,2056.0,2025.0,2037.0,810690520990,196144834,6242,2039.0,2039.0,1403-06-26
2024-09-17,2037.0,2084.0,2034.0,2057.0,1081895982060,259353622,7310,2037.0,2081.0,1403-06-27
2024-09-18,2068.0,2089.0,2049.0,2059.0,987823628483,236510473,8062,2057.0,2072.0,1403-06-28
2024-09-22,2077.0,2077.0,2051.0,2058.0,557830517628,133591017,4491,2059.0,2051.0,1403-07-01
2024-09-23,2053.0,2110.0,2048.0,2078.0,1046205936007,248234773,6400,2058.0,2094.0,1403-07-02
2024-09-24,2109.0,2140.0,2090.0,2135.0,2356580479222,544049813,10332,2078.0,2140.0,1403-07-03
2024-09-25,2154.0,2166.0,2105.0,2126.0,1146148445381,265796396,7047,2135.0,2105.0,1403-07-04
2024-09-28,2104.0,2104.0,2104.0,2104.0,212452330431,49766299,1699,2126.0,2104.0,1403-07-07
2024-09-29,2084.0,2092.0,2084.0,2084.0,1398204953412,330772454,6061,2104.0,2084.0,1403-07-08
2024-09-30,2066.0,2093.0,2063.0,2067.0,811354000208,193504237,6476,2084.0,2063.0,1403-07-09
2024-10-01,2051.0,2052.0,2047.0,2048.0,482503699857,116152307,2984,2067.0,2047.0,1403-07-10
2024-10-02,2027.0,2032.0,2027.0,2027.0,827044924799,201080066,4981,2048.0,2027.0,1403-07-11
2024-10-05,2007.0,2016.0,2007.0,2007.0,1054628712858,258973062,6267,2027.0,2007.0,1403-07-14
2024-10-06,1993.0,1994.0,1988.0,1989.0,244870441615,60681888,2501,2007.0,1988.0,1403-07-15
2024-10-07,1969.0,2006.0,1969.0,1981.0,1111427402081,276540748,7761,1989.0,1992.0,1403-07-16
2024-10-08,1998.0,2001.0,1995.0,2001.0,679076256675,167321519,4571,1981.0,2000.0,1403-07-17
2024-10-12,2043.0,2060.0,2021.0,2056.0,681502975384,163448790,3525,2001.0,2060.0,1403-07-21
2024-10-13,2104.0,2109.0,2037.0,2069.0,885238459713,210944204,8733,2056.0,2079.0,1403-07-22
2024-10-14,2065.0,2079.0,2007.0,2028.0,674778363554,163994110,6262,2069.0,2007.0,1403-07-23
2024-10-15,1982.0,2026.0,1969.0,1986.0,578713164434,143640256,5836,2028.0,1977.0,1403-07-24
2024-10-16,2009.0,2021.0,1988.0,2002.0,353400462078,86993787,3521,1986.0,1994.0,1403-07-25
2024-10-19,1994.0,2015.0,1943.0,1948.0,603194043139,152650185,6803,2002.0,1943.0,1403-07-28
2024-10-20,1928.0,1928.0,1889.0,1892.0,898873297310,234217009,6835,1948.0,1900.0,1403-07-29
2024-10-21,1874.0,1922.0,1868.0,1897.0,552889992744,143653320,4952,1892.0,1893.0,1403-07-30
2024-10-22,1913.0,1949.0,1884.0,1901.0,649106338004,168350739,4692,1897.0,1897.0,1403-08-01
2024-10-23,1868.0,1897.0,1859.0,1869.0,510886916128,134750554,5094,1901.0,1873.0,1403-08-02
2024-10-26,1924.0,1924.0,1924.0,1918.0,109474792896,28041699,685,1869.0,1924.0,1403-08-05
2024-10-27,1975.0,1975.0,1975.0,1975.0,430520013860,107441980,976,1918.0,1975.0,1403-08-06
2024-10-28,2034.0,2034.0,2034.0,2034.0,474233095395,114909885,1644,1975.0,2034.0,1403-08-07
2024-10-29,2034.0,2057.0,1986.0,2033.0,1777297376155,430816001,9865,2034.0,1994.0,1403-08-08
2024-10-30,2021.0,2094.0,1999.0,2070.0,1305748794736,310944379,8123,2033.0,2094.0,1403-08-09
2024-11-02,2083.0,2131.0,2071.0,2116.0,1240418176572,289025822,6567,2070.0,2085.0,1403-08-12
2024-11-03,2070.0,2070.0,2053.0,2054.0,883831267936,212142328,7711,2116.0,2053.0,1403-08-13
2024-11-04,2028.0,2068.0,2014.0,2043.0,424933408509,102547957,3868,2054.0,2056.0,1403-08-14
2024-11-05,2068.0,2100.0,2047.0,2072.0,317619025131,75549465,2961,2043.0,2080.0,1403-08-15
2024-11-06,2057.0,2107.0,2023.0,2059.0,772436478828,184882653,5385,2072.0,2082.0,1403-08-16
2024-11-09,2080.0,2121.0,2080.0,2120.0,659303749349,153332821,2262,2059.0,2121.0,1403-08-19
2024-11-11,2231.0,2232.0,2182.0,2206.0,2418492237969,540351588,12560,2120.0,2193.0,1403-08-21
2024-11-12,2209.0,2233.0,2180.0,2204.0,1263177164076,282506106,8087,2206.0,2192.0,1403-08-22
2024-11-13,2197.0,2239.0,2181.0,2222.0,929587030135,206241045,6637,2204.0,2238.0,1403-08-23
2024-11-16,2267.0,2288.0,2266.0,2287.0,716207172210,154385692,2899,2222.0,2288.0,1403-08-26
2024-11-17,2351.0,2353.0,2266.0,2307.0,1580531254027,337643393,10050,2287.0,2282.0,1403-08-27
2024-11-18,2304.0,2376.0,2290.0,2366.0,2230157203194,464719408,10056,2307.0,2376.0,1403-08-28
2024-11-19,2401.0,2409.0,2302.0,2346.0,1306672296804,274540205,9928,2366.0,2306.0,1403-08-29
2024-11-20,2323.0,2341.0,2282.0,2304.0,1175101961308,251427364,8159,2346.0,2302.0,1403-08-30
2024-11-23,2291.0,2341.0,2278.0,2319.0,766153051981,162874404,6731,2304.0,2325.0,1403-09-03
2024-11-24,2341.0,2388.0,2327.0,2381.0,1392567765371,288283205,6058,2319.0,2388.0,1403-09-04
2024-11-25,2435.0,2452.0,2406.0,2449.0,1052253303962,211755059,4239,2381.0,2452.0,1403-09-05
2024-11-26,2523.0,2523.0,2418.0,2490.0,3678415761052,728121631,15502,2449.0,2428.0,1403-09-06
2024-11-27,2477.0,2527.0,2445.0,2492.0,1693284883743,334904157,9851,2490.0,2523.0,1403-09-07
2024-11-30,2504.0,2563.0,2420.0,2465.0,1835262630720,366711772,10628,2492.0,2435.0,1403-09-10
2024-12-01,2450.0,2479.0,2406.0,2425.0,1209067983490,245884422,5581,2465.0,2415.0,1403-09-11
2024-12-02,2494.0,2494.0,2475.0,2494.0,894452694940,176818973,3200,2425.0,2494.0,1403-09-12
2024-12-03,2568.0,2568.0,2504.0,2553.0,2601606953280,502169638,10661,2494.0,2534.0,1403-09-13
2024-12-04,2544.0,2583.0,2519.0,2553.0,1527690010020,295065814,8491,2553.0,2539.0,1403-09-14
2024-12-07,2539.0,2548.0,2479.0,2484.0,2323128535770,460636872,9153,2553.0,2484.0,1403-09-17
2024-12-08,2465.0,2494.0,2415.0,2445.0,1367565687140,275695761,7441,2484.0,2484.0,1403-09-18
2024-12-09,2489.0,2514.0,2470.0,2514.0,1257888974110,246791361,4008,2445.0,2514.0,1403-09-19
2024-12-10,2588.0,2588.0,2509.0,2548.0,1552258068410,300049729,8695,2514.0,2519.0,1403-09-20
2024-12-11,2548.0,2622.0,2514.0,2588.0,2559374636970,487774081,9969,2548.0,2622.0,1403-09-21
2024-12-14,2662.0,2662.0,2662.0,2662.0,442129719600,81875874,1968,2588.0,2662.0,1403-09-24
2024-12-15,2741.0,2741.0,2741.0,2741.0,1669168183800,300210105,3354,2662.0,2741.0,1403-09-25
2024-12-16,2820.0,2820.0,2780.0,2815.0,6499460751180,1137332540,17917,2741.0,2815.0,1403-09-26
2024-12-17,2815.0,2894.0,2731.0,2785.0,4686074518510,829363375,18884,2815.0,2736.0,1403-09-27
2024-12-18,2756.0,2864.0,2706.0,2820.0,3856071921540,673823446,16422,2785.0,2854.0,1403-09-28
2024-12-21,2903.0,2903.0,2869.0,2903.0,1397273445910,237235861,5525,2820.0,2903.0,1403-10-01
2024-12-22,2982.0,2987.0,2889.0,2958.0,2992260487020,498989988,16841,2903.0,2933.0,1403-10-02
2024-12-23,2933.0,3046.0,2908.0,3007.0,2107712502510,345580700,12073,2958.0,3046.0,1403-10-03
2024-12-24,3096.0,3096.0,3027.0,3086.0,2480277977640,396486641,13701,3007.0,3096.0,1403-10-04
2024-12-25,3130.0,3135.0,2997.0,3017.0,2877266873440,469959809,20244,3086.0,3002.0,1403-10-05
2024-12-28,3002.0,3007.0,2928.0,2938.0,2029780951990,340480735,11704,3017.0,2928.0,1403-10-08
2024-12-29,2874.0,2933.0,2854.0,2859.0,3170454417570,546547092,14201,2938.0,2854.0,1403-10-09
2024-12-30,2815.0,2839.0,2775.0,2785.0,2205111376200,389949856,14047,2859.0,2775.0,1403-10-10
2024-12-31,2800.0,2864.0,2785.0,2849.0,1732170602180,299910843,11033,2785.0,2854.0,1403-10-11
2025-01-01,2894.0,2918.0,2849.0,2884.0,1069343055640,182687907,9984,2849.0,2908.0,1403-10-12
2025-01-04,2967.0,2967.0,2967.0,2967.0,1250010817860,207642993,3907,2884.0,2967.0,1403-10-15
2025-01-05,3022.0,3046.0,2933.0,2982.0,2314086580310,382460143,14441,2967.0,2953.0,1403-10-16
2025-01-06,2963.0,2987.0,2933.0,2953.0,1399155415880,233682750,8785,2982.0,2948.0,1403-10-17
2025-01-07,2963.0,3036.0,2963.0,3007.0,1947840975790,319395217,11014,2953.0,3032.0,1403-10-18
2025-01-08,3036.0,3051.0,2967.0,3002.0,1319717126040,216741850,10326,3007.0,2992.0,1403-10-19
2025-01-11,2992.0,3017.0,2913.0,2928.0,2135673088040,359801372,14067,3002.0,2913.0,1403-10-22
2025-01-12,2913.0,2913.0,2844.0,2854.0,1961555465720,338538547,12248,2928.0,2844.0,1403-10-23
2025-01-13,2834.0,2938.0,2834.0,2889.0,1608829958210,274647887,10415,2854.0,2884.0,1403-10-24
2025-01-15,2908.0,2948.0,2834.0,2874.0,1034211539250,177394846,8218,2889.0,2854.0,1403-10-26
2025-01-18,2859.0,2874.0,2790.0,2805.0,1421637670700,250028468,9125,2874.0,2795.0,1403-10-29
2025-01-19,2795.0,2844.0,2765.0,2795.0,778586674340,137314779,6550,2805.0,2805.0,1403-10-30
2025-01-20,2775.0,2785.0,2711.0,2721.0,2205206368180,399145970,10367,2795.0,2711.0,1403-11-01
2025-01-21,2726.0,2785.0,2677.0,2726.0,1049246500100,189657707,7862,2721.0,2765.0,1403-11-02
2025-01-22,2805.0,2805.0,2805.0,2805.0,957586373400,168292860,3576,2726.0,2805.0,1403-11-03
2025-01-25,2889.0,2889.0,2849.0,2884.0,3643852416080,622506316,17093,2805.0,2889.0,1403-11-06
2025-01-26,2913.0,2918.0,2805.0,2844.0,1950400472720,338184233,10921,2884.0,2820.0,1403-11-07
2025-01-27,2834.0,2839.0,2775.0,2790.0,1291131158690,227957397,8733,2844.0,2780.0,1403-11-08
2025-01-29,2790.0,2820.0,2756.0,2775.0,605035098620,107427281,5771,2790.0,2770.0,1403-11-10
2025-02-01,2805.0,2805.0,2696.0,2731.0,1381732267530,249544346,9513,2775.0,2756.0,1403-11-13
2025-02-02,2756.0,2785.0,2711.0,2736.0,1119216051800,201544001,7061,2731.0,2736.0,1403-11-14
2025-02-03,2760.0,2795.0,2721.0,2741.0,968699035490,174287088,6023,2736.0,2746.0,1403-11-15
2025-02-04,2760.0,2785.0,2741.0,2760.0,863340434060,154238307,6218,2741.0,2751.0,1403-11-16
2025-02-05,2751.0,2810.0,2706.0,2760.0,1563250350240,279099354,8670,2760.0,2795.0,1403-11-17
2025-02-09,2741.0,2839.0,2741.0,2815.0,2980855567750,521750179,15667,2760.0,2780.0,1403-11-21
2025-02-11,2800.0,2864.0,2731.0,2765.0,2495513189350,444920016,13501,2815.0,2731.0,1403-11-23
2025-02-15,2736.0,2736.0,2686.0,2691.0,1461007036080,267672236,6418,2765.0,2686.0,1403-11-27
2025-02-16,2652.0,2667.0,2613.0,2622.0,1899905668950,357058647,12684,2691.0,2657.0,1403-11-28
2025-02-17,2662.0,2691.0,2627.0,2662.0,789926444300,146176556,6655,2622.0,2642.0,1403-11-29
2025-02-18,2657.0,2711.0,2642.0,2672.0,640876726090,118322454,6176,2662.0,2662.0,1403-11-30
2025-02-19,2682.0,2701.0,2647.0,2667.0,882695249930,163059347,5708,2672.0,2677.0,1403-12-01
2025-02-22,2701.0,2701.0,2617.0,2642.0,1335379309640,249200179,8098,2667.0,2617.0,1403-12-04
2025-02-23,2696.0,2721.0,2652.0,2701.0,1401028288690,255458459,8495,2642.0,2721.0,1403-12-05
2025-02-24,2746.0,2780.0,2741.0,2780.0,1783741186780,316409369,5825,2701.0,2780.0,1403-12-06
2025-02-25,2859.0,2859.0,2795.0,2849.0,3198357581850,553712902,14063,2780.0,2815.0,1403-12-07
2025-02-26,2844.0,2894.0,2790.0,2839.0,1581299872460,274452321,9840,2849.0,2829.0,1403-12-08
2025-03-01,2829.0,2903.0,2815.0,2854.0,1172883256720,202739707,8086,2839.0,2815.0,1403-12-11
2025-03-02,2849.0,2898.0,2829.0,2869.0,1288587756850,221316885,8635,2854.0,2864.0,1403-12-12
2025-03-03,2785.0,2785.0,2785.0,2785.0,1396311071950,247134703,4609,2869.0,2785.0,1403-12-13
2025-03-04,2746.0,2805.0,2711.0,2746.0,2220136804400,398476783,13107,2785.0,2716.0,1403-12-14
2025-03-05,2691.0,2760.0,2667.0,2726.0,1557581806610,281756060,10082,2746.0,2741.0,1403-12-15
2025-03-12,2726.0,2726.0,2653.0,2685.0,940512933940,239818558,5849,2726.0,2656.0,1403-12-22
2025-03-15,2718.0,2765.0,2711.0,2764.0,2568900505259,636287455,12360,2685.0,2765.0,1403-12-25
2025-03-16,2793.0,2793.0,2728.0,2755.0,1297882423939,322477158,10655,2764.0,2749.0,1403-12-26
2025-03-17,2749.0,2779.0,2691.0,2720.0,1000239970239,251768905,9365,2755.0,2693.0,1403-12-27
2025-03-18,2638.0,2704.0,2638.0,2647.0,2139247730368,553385492,12628,2720.0,2704.0,1403-12-28
2025-03-29,2725.0,2725.0,2725.0,2725.0,372249675075,93506575,1617,2647.0,2725.0,1404-01-09
2025-03-30,2745.0,2807.0,2735.0,2797.0,893437486133,218633472,5299,2725.0,2807.0,1404-01-10
2025-04-05,2807.0,2838.0,2736.0,2762.0,1207884220402,299347780,11243,2797.0,2742.0,1404-01-16
2025-04-06,2755.0,2755.0,2679.0,2705.0,1179602447310,298463781,9393,2762.0,2699.0,1404-01-17
2025-04-07,2699.0,2699.0,2625.0,2655.0,1148335863803,296110035,8808,2705.0,2683.0,1404-01-18
2025-04-08,2734.0,2734.0,2734.0,2734.0,802173528106,200844649,1983,2655.0,2734.0,1404-01-19
2025-04-09,2814.0,2814.0,2727.0,2771.0,1521873428004,375992788,8318,2734.0,2745.0,1404-01-20
2025-04-12,2786.0,2793.0,2751.0,2771.0,1150787248025,284291026,8342,2771.0,2766.0,1404-01-23
2025-04-13,2854.0,2854.0,2854.0,2854.0,1821053827714,436808306,4864,2771.0,2854.0,1404-01-24
2025-04-14,2940.0,2940.0,2875.0,2924.0,3989498745366,933921715,20726,2854.0,2916.0,1404-01-25
2025-04-15,2907.0,2907.0,2837.0,2842.0,2977239770021,717006083,13913,2924.0,2837.0,1404-01-26
2025-04-16,2833.0,2874.0,2802.0,2828.0,1773892327972,429406051,12310,2842.0,2815.0,1404-01-27
2025-04-19,2855.0,2911.0,2841.0,2892.0,2805083820785,663964759,16102,2828.0,2903.0,1404-01-30
2025-04-20,2979.0,2979.0,2979.0,2979.0,6028362246443,1385511893,13661,2892.0,2979.0,1404-01-31
2025-04-21,3066.0,3068.0,2930.0,3038.0,11138041580712,2509813619,52958,2979.0,2957.0,1404-02-01
2025-04-22,2971.0,2985.0,2947.0,2950.0,4885073044542,1133517816,26178,3038.0,2947.0,1404-02-02
2025-04-23,2964.0,3039.0,2875.0,3005.0,9397860283503,2141175113,36567,2950.0,3039.0,1404-02-03
2025-04-26,3094.0,3094.0,2944.0,3036.0,5455517828619,1229973497,27072,3005.0,3021.0,1404-02-06
2025-04-27,2945.0,2964.0,2945.0,2946.0,3570018125531,829568733,18190,3036.0,2945.0,1404-02-07
2025-04-28,2936.0,3006.0,2857.0,2879.0,5049521874592,1200910375,28551,2946.0,2881.0,1404-02-08
2025-04-29,2894.0,2960.0,2858.0,2912.0,2430352934280,571367300,14925,2879.0,2923.0,1404-02-09
2025-04-30,2909.0,2953.0,2892.0,2924.0,2388555317182,559218234,16006,2912.0,2928.0,1404-02-10
2025-05-03,2836.0,2837.0,2836.0,2836.0,2089554113099,504357359,9256,2924.0,2836.0,1404-02-13
2025-05-04,2751.0,2805.0,2751.0,2762.0,2463887457014,610745794,20474,2836.0,2762.0,1404-02-14
2025-05-05,2772.0,2819.0,2710.0,2751.0,1834531170688,456434400,16551,2762.0,2725.0,1404-02-15
2025-05-06,2762.0,2796.0,2690.0,2731.0,2279819063508,571569344,17138,2751.0,2751.0,1404-02-16
2025-05-07,2805.0,2812.0,2757.0,2794.0,3083940271614,755752116,17264,2731.0,2779.0,1404-02-17
2025-05-10,2714.0,2762.0,2710.0,2711.0,1824184437410,460638534,12311,2794.0,2710.0,1404-02-20
2025-05-11,2670.0,2717.0,2647.0,2673.0,1560245505065,399515837,14154,2711.0,2662.0,1404-02-21
2025-05-12,2753.0,2753.0,2751.0,2753.0,5158929784181,1282682469,13886,2673.0,2753.0,1404-02-22
2025-05-13,2786.0,2829.0,2714.0,2776.0,2585128337973,637495318,16508,2753.0,2781.0,1404-02-23
2025-05-14,2776.0,2802.0,2727.0,2769.0,2527950164584,624907638,15681,2776.0,2786.0,1404-02-24
2025-05-17,2738.0,2759.0,2686.0,2703.0,3878288173846,982120475,25888,2769.0,2692.0,1404-02-27
2025-05-18,2703.0,2738.0,2692.0,2714.0,1953170861052,492666837,14293,2703.0,2718.0,1404-02-28
2025-05-19,2712.0,2725.0,2651.0,2674.0,1475541956752,377752537,15171,2714.0,2656.0,1404-02-29
2025-05-20,2651.0,2677.0,2594.0,2614.0,2698399382999,706489656,22458,2674.0,2594.0,1404-02-30
2025-05-21,2538.0,2587.0,2538.0,2555.0,1828185860440,489686303,15817,2614.0,2580.0,1404-02-31
2025-05-24,2581.0,2631.0,2523.0,2619.0,3437109934719,898279970,13518,2555.0,2631.0,1404-03-03
2025-05-25,2631.0,2664.0,2600.0,2627.0,2310659698921,602017691,16728,2619.0,2608.0,1404-03-04
2025-05-26,2690.0,2699.0,2623.0,2655.0,2145322590013,553223232,12926,2627.0,2673.0,1404-03-05
2025-05-27,2683.0,2696.0,2634.0,2652.0,1664384709035,429619055,13625,2655.0,2635.0,1404-03-06
2025-05-28,2649.0,2651.0,2610.0,2624.0,1363847368342,355861133,11390,2652.0,2622.0,1404-03-07
2025-05-31,2670.0,2671.0,2592.0,2628.0,1445841088087,376636414,12036,2624.0,2597.0,1404-03-10
2025-06-01,2621.0,2621.0,2552.0,2573.0,1426647063265,379638187,12537,2628.0,2577.0,1404-03-11
2025-06-02,2573.0,2612.0,2552.0,2568.0,1070277549343,285253540,11696,2573.0,2553.0,1404-03-12
2025-06-03,2560.0,2567.0,2492.0,2513.0,1625725433044,442898219,16624,2568.0,2494.0,1404-03-13
2025-06-07,2480.0,2503.0,2438.0,2445.0,1955138599101,547285520,13087,2513.0,2438.0,1404-03-17
2025-06-08,2423.0,2501.0,2419.0,2448.0,1166551449390,326248760,11716,2445.0,2437.0,1404-03-18
2025-06-09,2447.0,2471.0,2375.0,2383.0,2228042526116,640103196,17285,2448.0,2376.0,1404-03-19
2025-06-10,2382.0,2423.0,2362.0,2385.0,1042154635690,299150378,9805,2383.0,2406.0,1404-03-20
2025-06-11,2417.0,2422.0,2384.0,2395.0,782987358378,223819973,7826,2385.0,2396.0,1404-03-21
2025-06-28,2323.0,2323.0,2323.0,2323.0,176118956804,51891266,774,2395.0,2323.0,1404-04-07
2025-06-29,2254.0,2254.0,2254.0,2254.0,182247686624,55343968,1156,2323.0,2254.0,1404-04-08
2025-06-30,2187.0,2187.0,2187.0,2187.0,4389945371145,1374004811,9549,2254.0,2187.0,1404-04-09
2025-07-01,2122.0,2122.0,2122.0,2122.0,5503445472100,1775304991,15736,2187.0,2122.0,1404-04-10
2025-07-02,2058.0,2166.0,2058.0,2102.0,2770870206978,902488855,17386,2122.0,2145.0,1404-04-11
2025-07-07,2165.0,2165.0,2094.0,2140.0,1724057889809,551505681,12305,2102.0,2102.0,1404-04-16
2025-07-08,2121.0,2121.0,2076.0,2078.0,996665279392,328355325,5071,2140.0,2076.0,1404-04-17
2025-07-09,2025.0,2087.0,2018.0,2052.0,1464792205107,488692789,9650,2078.0,2074.0,1404-04-18
2025-07-12,2113.0,2113.0,2086.0,2109.0,1325277087007,430154343,7749,2052.0,2113.0,1404-04-21
2025-07-15,2157.0,2172.0,2145.0,2153.0,952054559446,302744835,5064,2109.0,2147.0,1404-04-24
2025-07-16,2164.0,2189.0,2162.0,2168.0,1042398374830,329128355,6655,2153.0,2167.0,1404-04-25
2025-07-19,2185.0,2185.0,2169.0,2172.0,1370745680723,432007684,6674,2168.0,2170.0,1404-04-28
2025-07-20,2193.0,2216.0,2183.0,2195.0,3102293331638,967631733,10625,2172.0,2192.0,1404-04-29
2025-07-21,2210.0,2211.0,2185.0,2193.0,1620645105765,505986911,9010,2195.0,2189.0,1404-04-30
2025-07-22,2174.0,2194.0,2144.0,2158.0,7416784182766,2352029765,27029,2193.0,2145.0,1404-04-31
2025-07-23,2158.0,2169.0,2141.0,2152.0,6311171161878,2008068299,17325,2158.0,2149.0,1404-05-01
2025-07-26,2152.0,2152.0,2131.0,2142.0,3531837076902,1128627528,11349,2152.0,2132.0,1404-05-04
2025-07-27,2131.0,2163.0,2111.0,2128.0,3795489150325,1220679235,13156,2142.0,2116.0,1404-05-05
2025-07-28,2126.0,2126.0,2065.0,2086.0,2354106029314,772717044,9392,2128.0,2065.0,1404-05-06
2025-07-29,0.0,2032.0,2024.0,2024.0,307359980880,103977646,2841,2086.0,2024.0,1404-05-07
2025-07-30,1963.0,1974.0,1963.0,1963.0,1746212385046,608833714,9187,2024.0,1963.0,1404-05-08
2025-08-02,1965.0,1985.0,1944.0,1958.0,2448939908203,856391638,11827,1963.0,1985.0,1404-05-11
2025-08-06,1848.0,1849.0,1839.0,1844.0,767179854617,315771032,5469,1958.0,1840.0,1404-05-15
2025-08-09,1859.0,1881.0,1814.0,1836.0,1119417936936,462592592,10637,1844.0,1818.0,1404-05-18
2025-08-10,1836.0,1839.0,1790.0,1811.0,1386545751615,581203228,8075,1836.0,1808.0,1404-05-19
2025-08-11,1806.0,1811.0,1757.0,1767.0,1110141222164,476630183,7625,1811.0,1757.0,1404-05-20
2025-08-12,1758.0,1760.0,1715.0,1729.0,982470235171,431334834,6666,1767.0,1715.0,1404-05-21
2025-08-13,1677.0,1685.0,1677.0,1677.0,198274418621,89712378,2599,1729.0,1677.0,1404-05-22
2025-08-16,1670.0,1682.0,1627.0,1651.0,1031705287283,474299120,9368,1677.0,1682.0,1404-05-25
2025-08-17,1692.0,1700.0,1669.0,1697.0,598504875302,267715643,3337,1651.0,1700.0,1404-05-26
2025-08-18,1745.0,1745.0,1668.0,1704.0,692643583865,308408580,8548,1697.0,1680.0,1404-05-27
2025-08-19,1660.0,1700.0,1654.0,1663.0,746241383750,340440168,7106,1704.0,1654.0,1404-05-28
2025-08-20,1669.0,1669.0,1615.0,1629.0,578124635504,269346030,5987,1663.0,1616.0,1404-05-29
2025-08-23,1622.0,1644.0,1596.0,1613.0,476009817741,223907782,5339,1629.0,1617.0,1404-06-01
2025-08-25,1597.0,1616.0,1566.0,1571.0,284873833081,137605834,4548,1613.0,1566.0,1404-06-03
2025-08-26,1525.0,1608.0,1525.0,1566.0,474974280744,230162024,5921,1571.0,1599.0,1404-06-04
2025-08-27,1556.0,1613.0,1556.0,1608.0,638247482966,301137789,5203,1566.0,1597.0,1404-06-05
2025-08-30,1586.0,1656.0,1586.0,1644.0,694948754154,320769866,4739,1608.0,1656.0,1404-06-08
2025-08-31,1685.0,1694.0,1672.0,1693.0,594299242682,266441546,2425,1644.0,1694.0,1404-06-09
2025-09-02,1743.0,1743.0,1743.0,1743.0,482898057330,210229890,1717,1693.0,1743.0,1404-06-11
2025-09-03,1795.0,1795.0,1783.0,1795.0,2515148246673,1063556441,9958,1743.0,1795.0,1404-06-12
2025-09-06,1813.0,1815.0,1745.0,1776.0,1469992947874,627957719,11476,1795.0,1758.0,1404-06-15
2025-09-07,1745.0,1829.0,1736.0,1799.0,846040620810,356894368,6892,1776.0,1795.0,1404-06-16
2025-09-08,1836.0,1853.0,1821.0,1852.0,1332166533342,545926913,6032,1799.0,1853.0,1404-06-17
2025-09-09,1890.0,1890.0,1816.0,1834.0,1103403765666,456539640,8720,1852.0,1816.0,1404-06-18
2025-09-13,1833.0,1855.0,1809.0,1820.0,497544510669,207390461,4887,1834.0,1810.0,1404-06-22
2025-09-14,1814.0,1874.0,1802.0,1867.0,1493964192872,607206778,6698,1820.0,1874.0,1404-06-23
2025-09-15,1905.0,1905.0,1811.0,1839.0,1121898422094,462860699,8896,1867.0,1817.0,1404-06-24
2025-09-16,1785.0,1791.0,1785.0,1785.0,884748487872,376157690,3698,1839.0,1785.0,1404-06-25
2025-09-17,1752.0,1768.0,1732.0,1739.0,946445871624,412987132,6858,1785.0,1736.0,1404-06-26
2025-09-20,1688.0,1688.0,1688.0,1688.0,641477471760,288434115,2654,1739.0,1688.0,1404-06-29
2025-09-21,1638.0,1657.0,1638.0,1644.0,1096379702070,506113439,8502,1688.0,1647.0,1404-06-30
2025-09-22,1685.0,1692.0,1650.0,1691.0,1103979107845,495472183,6890,1644.0,1692.0,1404-06-31
2025-09-23,1710.0,1710.0,1645.0,1673.0,631374938627,286495757,5645,1691.0,1658.0,1404-07-01
2025-09-24,1663.0,1663.0,1635.0,1646.0,871365891326,401786824,7100,1673.0,1662.0,1404-07-02
2025-09-27,1654.0,1695.0,1654.0,1694.0,1103279964355,494355894,3951,1646.0,1695.0,1404-07-05
2025-09-28,1744.0,1744.0,1744.0,1744.0,324752592468,141319666,1372,1694.0,1744.0,1404-07-06
2025-09-29,1795.0,1795.0,1795.0,1795.0,1388878803130,587015555,3875,1744.0,1795.0,1404-07-07
2025-09-30,1849.0,1849.0,1798.0,1839.0,3717103989262,1534295911,17297,1795.0,1827.0,1404-07-08
2025-10-01,1823.0,1871.0,1788.0,1824.0,1526697470602,635330990,10710,1839.0,1827.0,1404-07-09
2025-10-04,1878.0,1878.0,1878.0,1878.0,462142815750,186724370,1786,1824.0,1878.0,1404-07-12
2025-10-05,1934.0,1934.0,1921.0,1934.0,3111544308841,1220875392,11186,1878.0,1934.0,1404-07-13
2025-10-06,1992.0,1992.0,1967.0,1991.0,6034956806498,2299625920,18824,1934.0,1992.0,1404-07-14
2025-10-07,2003.0,2050.0,1992.0,2041.0,1744371760195,648476853,6318,1991.0,2050.0,1404-07-15
2025-10-08,2087.0,2093.0,1992.0,2046.0,3408204962331,1264243317,18428,2041.0,2031.0,1404-07-16
2025-10-11,2046.0,2107.0,2003.0,2072.0,2495939151778,914191915,14319,2046.0,2071.0,1404-07-19
2025-10-12,2097.0,2133.0,2079.0,2130.0,2378865580858,847435114,9384,2072.0,2133.0,1404-07-20
2025-10-13,2167.0,2186.0,2104.0,2143.0,3230262244481,1143847647,16164,2130.0,2132.0,1404-07-21
2025-10-14,2139.0,2147.0,2079.0,2100.0,2283395679286,825145383,13884,2143.0,2079.0,1404-07-22
2025-10-15,2069.0,2085.0,2041.0,2057.0,1309240388759,483086062,8217,2100.0,2075.0,1404-07-23
2025-10-18,2118.0,2118.0,2090.0,2118.0,1267860369456,454281655,4224,2057.0,2118.0,1404-07-26
2025-10-19,2171.0,2181.0,2056.0,2137.0,2375422858927,843674097,14187,2118.0,2079.0,1404-07-27
2025-10-20,2078.0,2123.0,2073.0,2090.0,1257583586728,456646606,9083,2137.0,2073.0,1404-07-28
2025-10-21,2041.0,2122.0,2028.0,2058.0,1134926906653,418482212,8035,2090.0,2081.0,1404-07-29
2025-10-22,2094.0,2106.0,2050.0,2079.0,1080821715278,394567877,6860,2058.0,2104.0,1404-07-30
2025-10-25,2016.0,2025.0,2016.0,2016.0,2656275352619,999654976,10931,2079.0,2018.0,1404-08-03
2025-10-26,2003.0,2072.0,2003.0,2033.0,1352384878559,504729901,8369,2016.0,2038.0,1404-08-04
2025-10-27,2075.0,2094.0,2038.0,2082.0,1473760023542,537206167,7622,2033.0,2094.0,1404-08-05
2025-10-28,2144.0,2144.0,2085.0,2132.0,2102531173236,748362633,9451,2082.0,2144.0,1404-08-06
2025-10-29,2196.0,2196.0,2196.0,2196.0,1335059781918,461319897,4258,2132.0,2196.0,1404-08-07
2025-11-01,2261.0,2261.0,2239.0,2260.0,7782715704886,2613563964,22964,2196.0,2261.0,1404-08-10
2025-11-02,2269.0,2327.0,2258.0,2311.0,4539394221174,1490354001,18562,2260.0,2327.0,1404-08-11
2025-11-03,2368.0,2381.0,2328.0,2376.0,3918242453432,1251287042,17127,2311.0,2377.0,1404-08-12
2025-11-04,2365.0,2368.0,2305.0,2318.0,3772894149478,1234808338,17911,2376.0,2305.0,1404-08-13
2025-11-05,2268.0,2343.0,2256.0,2293.0,1818847646278,601905813,12440,2318.0,2336.0,1404-08-14
2025-11-08,2360.0,2362.0,2305.0,2348.0,2421004302277,782444663,11180,2293.0,2312.0,1404-08-17
2025-11-09,2278.0,2278.0,2278.0,2278.0,2513913714926,837412963,6630,2348.0,2278.0,1404-08-18
2025-11-10,2277.0,2346.0,2262.0,2316.0,3515773471091,1152098918,15520,2278.0,2343.0,1404-08-19
2025-11-11,2353.0,2385.0,2316.0,2359.0,2073585019170,666998063,10825,2316.0,2327.0,1404-08-20
2025-11-12,2339.0,2359.0,2301.0,2328.0,1140904652788,371877013,7584,2359.0,2334.0,1404-08-21
2025-11-15,2307.0,2343.0,2290.0,2313.0,1214789998653,398490241,6998,2328.0,2305.0,1404-08-24
2025-11-16,2315.0,2352.0,2281.0,2324.0,1294601803284,422694649,8912,2313.0,2345.0,1404-08-25
2025-11-17,2356.0,2379.0,2293.0,2334.0,2075369214339,674770932,12308,2324.0,2306.0,1404-08-26
2025-11-18,2309.0,2348.0,2288.0,2313.0,1245704061688,408740848,7489,2334.0,2311.0,1404-08-27
2025-11-19,2337.0,2349.0,2305.0,2323.0,1201111166486,392426863,7247,2313.0,2330.0,1404-08-28
2025-11-22,2337.0,2389.0,2333.0,2360.0,1264241085098,406478294,7984,2323.0,2342.0,1404-09-01
2025-11-23,2390.0,2431.0,2362.0,2426.0,2870503906102,897811176,7874,2360.0,2431.0,1404-09-02
2025-11-25,2498.0,2498.0,2469.0,2496.0,5124593053015,1557878042,13039,2426.0,2498.0,1404-09-04
2025-11-26,2496.0,2496.0,2422.0,2443.0,2618489995806,813378391,16047,2496.0,2440.0,1404-09-05
2025-11-29,2406.0,2475.0,2390.0,2426.0,1664964421044,520814102,9623,2443.0,2406.0,1404-09-08
2025-11-30,2426.0,2443.0,2354.0,2406.0,2560308504781,807447342,15593,2426.0,2438.0,1404-09-09
2025-12-01,2459.0,2478.0,2435.0,2464.0,2348752501868,723304384,11321,2406.0,2463.0,1404-09-10
2025-12-02,2478.0,2487.0,2449.0,2462.0,1452344550773,447553530,9195,2464.0,2450.0,1404-09-11
2025-12-03,2477.0,2536.0,2477.0,2516.0,2185205926791,659091131,10390,2462.0,2517.0,1404-09-12
2025-12-06,2572.0,2588.0,2520.0,2558.0,2497738095248,741051545,12157,2516.0,2546.0,1404-09-15
2025-12-07,2580.0,2580.0,2481.0,2512.0,3619489575374,1093456567,19000,2558.0,2481.0,1404-09-16
2025-12-08,2496.0,2587.0,2477.0,2537.0,2527009799128,755900834,13103,2512.0,2565.0,1404-09-17
2025-12-09,2569.0,2608.0,2547.0,2576.0,2340836153093,689523242,9211,2537.0,2576.0,1404-09-18
2025-12-10,2588.0,2653.0,2588.0,2648.0,2852359853494,817209723,7893,2576.0,2653.0,1404-09-19
2025-12-13,2724.0,2727.0,2694.0,2727.0,5089653844899,1416566101,14716,2648.0,2727.0,1404-09-22
2025-12-14,2770.0,2808.0,2664.0,2784.0,3724423872942,1015222956,15398,2727.0,2806.0,1404-09-23
2025-12-15,2812.0,2868.0,2812.0,2864.0,3061300294980,811060641,10807,2784.0,2868.0,1404-09-24
2025-12-16,2910.0,2950.0,2795.0,2900.0,4218130176787,1103531167,18263,2864.0,2823.0,1404-09-25
2025-12-17,2823.0,2903.0,2823.0,2871.0,2211625559935,584627147,10882,2900.0,2872.0,1404-09-26
2025-12-20,2941.0,2957.0,2917.0,2952.0,3002981479977,771884534,12001,2871.0,2957.0,1404-09-29
2025-12-21,2977.0,2993.0,2903.0,2948.0,3515745115182,905067519,16609,2952.0,2940.0,1404-09-30
2025-12-22,2940.0,2971.0,2869.0,2913.0,3124493479642,813877549,18174,2948.0,2903.0,1404-10-01
2025-12-23,2909.0,2979.0,2889.0,2935.0,1810567280299,468088800,10627,2913.0,2950.0,1404-10-02
2025-12-24,2990.0,3023.0,2986.0,3017.0,4004145494478,1007102689,16191,2935.0,3023.0,1404-10-03
2025-12-27,3108.0,3108.0,3013.0,3067.0,4811371538079,1190602987,21846,3017.0,3048.0,1404-10-06
2025-12-28,3073.0,3158.0,3043.0,3145.0,6661290075234,1607209950,22051,3067.0,3158.0,1404-10-07
2025-12-29,3206.0,3240.0,3051.0,3138.0,5464586013505,1321597918,25717,3145.0,3122.0,1404-10-08
2025-12-30,3044.0,3051.0,3044.0,3044.0,6664856615209,1661625018,16494,3138.0,3044.0,1404-10-09
2025-12-31,3005.0,3135.0,3004.0,3077.0,4588185228072,1131445398,18242,3044.0,3135.0,1404-10-10
2026-01-04,3082.0,3164.0,2985.0,3027.0,4948211025846,1240606287,20672,3077.0,3043.0,1404-10-14
2026-01-05,3117.0,3117.0,3074.0,3117.0,2705816315325,658684785,5761,3027.0,3117.0,1404-10-15
2026-01-06,3211.0,3211.0,3211.0,3211.0,2173371402219,513677949,4055,3117.0,3211.0,1404-10-16
2026-01-07,3306.0,3306.0,3224.0,3305.0,11124866889902,2554475478,26777,3211.0,3306.0,1404-10-17
2026-01-10,3206.0,3346.0,3206.0,3243.0,7263013864952,1699472042,23058,3305.0,3206.0,1404-10-20
2026-01-11,3228.0,3340.0,3228.0,3300.0,4928861028271,1133217155,18619,3243.0,3322.0,1404-10-21
2026-01-12,3362.0,3399.0,3325.0,3371.0,4545160807544,1023316822,18959,3300.0,3362.0,1404-10-22
2026-01-13,3407.0,3407.0,3270.0,3296.0,2803341071995,645498283,14056,3371.0,3270.0,1404-10-23
2026-01-14,3197.0,3197.0,3197.0,3197.0,1918575145289,455394053,4855,3296.0,3197.0,1404-10-24
2026-01-18,3128.0,3284.0,3128.0,3174.0,4201035870682,1004425857,22565,3197.0,3166.0,1404-10-28
2026-01-19,3199.0,3227.0,3079.0,3103.0,7098681262628,1736189974,27243,3174.0,3079.0,1404-10-29
2026-01-20,3022.0,3079.0,3010.0,3029.0,4723886052868,1183367126,20006,3103.0,3011.0,1404-10-30
2026-01-21,3026.0,3029.0,2939.0,2965.0,4050657384322,1036820265,23685,3029.0,2963.0,1404-11-01
2026-01-24,2876.0,2906.0,2876.0,2876.0,1445196740270,381282881,5622,2965.0,2876.0,1404-11-04
2026-01-25,2790.0,2790.0,2790.0,2790.0,2415479139210,656915730,5858,2876.0,2790.0,1404-11-05
2026-01-26,2707.0,2707.0,2707.0,2707.0,314557047141,88185323,1585,2790.0,2707.0,1404-11-06
2026-01-27,2626.0,2626.0,2626.0,2626.0,701481434540,202740299,2748,2707.0,2626.0,1404-11-07
2026-01-28,2547.0,2591.0,2547.0,2551.0,6513455316768,1938034526,29976,2626.0,2551.0,1404-11-08
2026-01-31,2519.0,2602.0,2475.0,2492.0,2820955714042,859114669,11933,2551.0,2475.0,1404-11-11
2026-02-01,2474.0,2566.0,2474.0,2538.0,1732743495598,518211091,9654,2492.0,2566.0,1404-11-12
2026-02-02,2603.0,2614.0,2557.0,2611.0,2031372695795,590310629,7937,2538.0,2614.0,1404-11-13
2026-02-03,2633.0,2657.0,2562.0,2608.0,2000036026400,581832880,10926,2611.0,2639.0,1404-11-14
2026-02-09,2530.0,2542.0,2530.0,2530.0,1360204699434,407933909,4993,2608.0,2530.0,1404-11-20
2026-02-10,2512.0,2606.0,2512.0,2601.0,2333701653793,680775202,7249,2530.0,2606.0,1404-11-21
2026-02-14,2679.0,2679.0,2588.0,2652.0,3265371559700,934198655,12332,2601.0,2620.0,1404-11-25
2026-02-15,2586.0,2610.0,2573.0,2574.0,1226475559436,361589013,6148,2652.0,2573.0,1404-11-26
2026-02-16,2498.0,2610.0,2498.0,2563.0,1018254937359,301518611,6005,2574.0,2593.0,1404-11-27
2026-02-17,2595.0,2639.0,2554.0,2609.0,1021150060449,297042819,5804,2563.0,2639.0,1404-11-28
2026-02-18,2642.0,2650.0,2540.0,2576.0,1049748491746,309278432,5860,2609.0,2557.0,1404-11-29
2026-02-21,2499.0,2499.0,2499.0,2499.0,506282992995,153745215,2193,2576.0,2499.0,1404-12-02
2026-02-22,2425.0,2507.0,2425.0,2439.0,2477768884014,770927930,11608,2499.0,2497.0,1404-12-03
2026-02-23,2481.0,2512.0,2459.0,2491.0,1105008006034,336687235,6090,2439.0,2512.0,1404-12-04
2026-02-24,2503.0,2504.0,2440.0,2481.0,921388471289,281883619,4939,2491.0,2490.0,1404-12-05
2026-02-25,2469.0,2555.0,2469.0,2549.0,1520373836259,452674550,6785,2481.0,2555.0,1404-12-06
2026-08-08,2305.0,2374.0,2305.0,2332.0,20408390792461,8751481850,26111,2549.0,2360.0,1405-05-17
2026-08-09,2401.0,2401.0,2263.0,2316.0,29986921413871,12950170918,91574,2332.0,2291.0,1405-05-18
2026-08-10,2296.0,2370.0,2271.0,2333.0,12461036364198,5342065284,42860,2316.0,2354.0,1405-05-19
2026-08-11,2350.0,2375.0,2264.0,2286.0,13424763944578,5873194745,46698,2333.0,2278.0,1405-05-20
2026-08-15,2265.0,2283.0,2218.0,2219.0,11321168664031,5101242061,29033,2286.0,2218.0,1405-05-24
2026-08-16,2188.0,2285.0,2182.0,2274.0,8209431045219,3610329576,21901,2219.0,2285.0,1405-05-25
2026-08-17,2342.0,2342.0,2342.0,2342.0,2614663155478,1116423209,3392,2274.0,2342.0,1405-05-26
2026-08-18,2412.0,2412.0,2370.0,2411.0,23871580880027,9902592486,44433,2342.0,2412.0,1405-05-27
2026-08-19,2398.0,2483.0,2370.0,2460.0,8639110908204,3512085050,28860,2411.0,2455.0,1405-05-28
2026-08-22,2533.0,2533.0,2497.0,2533.0,7535291710467,2975001335,14682,2460.0,2533.0,1405-05-31
2026-08-23,2608.0,2608.0,2540.0,2601.0,13740663451477,5282932229,29571,2533.0,2608.0,1405-06-01
2026-08-24,2601.0,2670.0,2527.0,2599.0,8987210691722,3458572867,35247,2601.0,2554.0,1405-06-02
2026-08-25,2590.0,2670.0,2563.0,2620.0,9093449124179,3470385961,29272,2599.0,2631.0,1405-06-03
2026-08-26,2677.0,2698.0,2677.0,2697.0,5134335773252,1903641165,8454,2620.0,2698.0,1405-06-04
2026-08-29,2777.0,2777.0,2740.0,2776.0,4604490012429,1658402344,10123,2697.0,2777.0,1405-06-07
2026-08-31,2728.0,2849.0,2703.0,2772.0,8633967345265,3114358037,34381,2776.0,2732.0,1405-06-09
2026-09-01,2820.0,2855.0,2689.0,2751.0,10406558173572,3782729420,34384,2772.0,2689.0,1405-06-10
2026-09-02,2669.0,2669.0,2669.0,2669.0,4451110220541,1667707089,11486,2751.0,2669.0,1405-06-11
2026-09-05,2691.0,2741.0,2589.0,2634.0,9651299241659,3663448383,32679,2669.0,2635.0,1405-06-14
2026-09-06,2634.0,2693.0,2573.0,2643.0,5949207736691,2251157499,24734,2634.0,2666.0,1405-06-15
2026-09-07,2722.0,2722.0,2700.0,2722.0,2286178973142,839991791,4259,2643.0,2722.0,1405-06-16
2026-09-08,2803.0,2803.0,2803.0,2803.0,3554979455556,1268276652,4568,2722.0,2803.0,1405-06-17
2026-09-09,2880.0,2887.0,2820.0,2881.0,9982417051844,3464453616,15381,2803.0,2887.0,1405-06-18
2026-09-12,2967.0,2967.0,2967.0,2967.0,4331502967149,1459893147,4834,2881.0,2967.0,1405-06-21
2026-09-13,3056.0,3056.0,3008.0,3055.0,20070908586827,6569385965,21728,2967.0,3056.0,1405-06-22
2026-09-14,3146.0,3146.0,3090.0,3145.0,24178475931629,7686967037,29950,3055.0,3128.0,1405-06-23
2026-09-15,3144.0,3239.0,3087.0,3223.0,18965562492498,5883974736,25653,3145.0,3239.0,1405-06-24
2026-09-16,3319.0,3319.0,3251.0,3317.0,30079743590364,9069143306,36087,3223.0,3319.0,1405-06-25
2026-09-19,3410.0,3410.0,3220.0,3300.0,21452682420710,6500953527,78299,3317.0,3280.0,1405-06-28
2026-09-20,3210.0,3280.0,3210.0,3210.0,17883948678370,5563296448,56546,3300.0,3220.0,1405-06-29
2026-09-21,3280.0,3300.0,3200.0,3290.0,11785928323720,3581143472,38289,3210.0,3300.0,1405-06-30
2026-09-22,3380.0,3380.0,3200.0,3260.0,12095800625600,3705610251,45559,3290.0,3230.0,1405-06-31
2026-09-23,3350.0,3350.0,3280.0,3350.0,7398241941410,2210827100,21174,3260.0,3350.0,1405-07-01
2026-09-26,3390.0,3390.0,3250.0,3260.0,8195077042750,2512505604,31636,3350.0,3250.0,1405-07-04
